T,P,rho,h,cp,mu,k
500.0,23.0,848.9643820815191,981029.3023811925,4511.490181629314,0.00012306411371066516,0.6582310866318172
501.0,23.0,847.7365673496233,985543.5437619248,4517.004387307566,0.00012251570918402012,0.6574035904156398
502.0,23.0,846.5031829566684,990063.3349620199,4522.590012598709,0.00012197193510425515,0.6565678107877304
503.0,23.0,845.2641808600443,994588.7479826962,4528.248225602685,0.0001214327112662263,0.6557237531133253
504.0,23.0,844.01951201927,999119.8560081129,4533.980224286793,0.00012089795865419864,0.6548714220688557
505.0,23.0,842.7691263733182,1003656.7334357413,4539.787237455333,0.00012036759941371081,0.6540108216376888
506.0,23.0,841.5129728171723,1008199.4559077029,4545.670525757699,0.00011984155682398153,0.6531419551051594
507.0,23.0,840.2509991775743,1012748.1003431067,4551.6313827369395,0.00011931975527083834,0.6522648250529047
508.0,23.0,838.9831521879124,1017302.7449715212,4557.671135920619,0.0001188021202201415,0.6513794333524653
509.0,23.0,837.7093774622598,1021863.4693674957,4563.7911479557915,0.00011828857819169758,0.650485781158234
510.0,23.0,836.429619468481,1026430.3544862838,4569.992817790631,0.00011777905673363173,0.6495838688996816
511.0,23.0,835.1438215003942,1031003.4827007387,4576.277581904566,0.00011727348439720412,0.6486736962728994
512.0,23.0,833.8519256489544,1035582.9378395008,4582.646915589493,0.000116771790712058,0.6477552622314596
513.0,23.0,832.5538727723912,1040168.8052264587,4589.102334284517,0.00011627390616186911,0.6468285649765418
514.0,23.0,831.2496024652925,1044761.1717215851,4595.645394967071,0.00011577976216039382,0.6458936019463853
515.0,23.0,829.9390530265524,1049360.1257632184,4602.2776976025125,0.0001152892910278825,0.6449503698049932
516.0,23.0,828.6221614261771,1053965.7574117535,4609.000886656142,0.00011480242596785696,0.6439988644301258
517.0,23.0,827.2988632708466,1058578.1583949882,4615.816652669951,0.00011431910104421714,0.6430390809005159
518.0,23.0,825.9690927682416,1063197.422154955,4622.726733907706,0.00011383925115867789,0.6420710134823553
519.0,23.0,824.6327826900268,1067823.6438965404,4629.732918071801,0.00011336281202850363,0.6410946556149602
520.0,23.0,823.28986433346,1072456.9206377948,4636.837044095723,0.00011288972016453164,0.6401099998956582
521.0,23.0,821.9402674815677,1077097.3512620854,4644.041004015509,0.00011241991284946714,0.6391170380638352
522.0,23.0,820.5839203618069,1081745.0365721865,4651.346744925077,0.00011195332811642791,0.6381157609841132
523.0,23.0,819.2207496031647,1086400.0793463378,4658.756271019081,0.00011148990472772739,0.6371061586286789
524.0,23.0,817.8506801916111,1091062.5843964138,4666.271645728573,0.00011102958215387499,0.6360882200586697
525.0,23.0,816.47363542384,1095732.6586282582,4673.894993953483,0.0001105723005527788,0.6350619334046318
526.0,23.0,815.0895368592052,1100410.411104324,4681.628504398368,0.0001101180007491294,0.6340272858459951
527.0,23.0,813.6983042697933,1105095.9531086835,4689.474432015653,0.00010966662421395432,0.6329842635895345
528.0,23.0,812.2998555885238,1109789.3982145377,4697.43510056334,0.0001092181130443181,0.6319328518467839
529.0,23.0,810.8941068551927,1114490.8623543766,4705.512905282551,0.00010877240994315373,0.6308730348103428
530.0,23.0,809.4809721603715,1119200.463892812,4713.710315702147,0.00010832945819920838,0.6298047956290657
531.0,23.0,808.0603635870368,1123918.3237023712,4722.029878577068,0.00010788920166708013,0.6287281163820472
532.0,23.0,806.632191149851,1128644.5652422116,4730.474220968074,0.00010745158474733306,0.6276429780513835
533.0,23.0,805.1963627319647,1133379.3146400468,4739.046053470958,0.00010701655236666785,0.6265493604936531
534.0,23.0,803.7527840192015,1138122.7007773593,4747.748173603461,0.00010658404995812434,0.6254472424100351
535.0,23.0,802.3013584315634,1142874.85537808,4756.583469358805,0.0001061540234413113,0.6243366013150711
536.0,23.0,800.841987051811,1147635.9131009271,4765.554922936512,0.0001057264192026149,0.6232174135039003
537.0,23.0,799.3745685511157,1152406.0116355338,4774.665614659038,0.00010530118407540065,0.62208965401804
538.0,23.0,797.8989991115055,1157185.2918026296,4783.918727087029,0.00010487826532015373,0.6209532966095155
539.0,23.0,796.4151723450207,1161973.8976584156,4793.317549343364,0.00010445761060455458,0.6198083137033412
540.0,23.0,794.9229792093904,1166771.9766033825,4802.865481660016,0.00010403916798346198,0.6186546763582561
541.0,23.0,793.4223079200483,1171579.6794957868,4812.566040159375,0.00010362288587877724,0.6174923542256204
542.0,23.0,791.9130438582944,1176397.1607700419,4822.42286188603,0.00010320871305916516,0.616321315506401
543.0,23.0,790.395069475411,1181224.5785602578,4832.4397101032555,0.00010279659861960782,0.6151415269061427
544.0,23.0,788.868264192511,1186062.0948292369,4842.620479871069,0.00010238649196076076,0.6139529535878308
545.0,23.0,787.3325042959068,1190909.8755031629,4852.96920392283,0.00010197834276808851,0.6127555591225575
546.0,23.0,785.7876628277246,1195768.0906123696,4863.490058860546,0.00010157210099074074,0.6115493054378367
547.0,23.0,784.2336094715481,1200636.9144384316,4874.187371687524,0.00010116771682014835,0.6103341527635068
548.0,23.0,782.670210432796,1205516.525667982,4885.065626701147,0.00010076514066830083,0.6091100595750687
549.0,23.0,781.097328313552,1210407.1075536078,4896.129472768405,0.00010036432314567395,0.6078769825343223
550.0,23.0,779.5148219815135,1215308.8480822404,4907.38373101064,9.996521503876506e-05,0.6066348764271693
551.0,23.0,777.9225464327712,1220221.94015142,4918.833402922041,9.95677672872092e-05,0.605383694098446
552.0,23.0,776.3203526480537,1225146.5817539254,4930.483678953485,9.917193096043129e-05,0.6041233863836251
553.0,23.0,774.7080874420209,1230082.9761712207,4942.339947591555,9.877765723378455e-05,0.6028539020371868
554.0,23.0,773.0855933052763,1235031.332176266,4954.4078049668715,9.838489736414562e-05,0.6015751876575408
555.0,23.0,771.4527082386174,1239991.864246178,4966.693065028197,9.799360266490707e-05,0.6002871876082536
556.0,23.0,769.8092655790937,1244964.7927854008,4979.201770321708,9.760372448032463e-05,0.5989898439354242
557.0,23.0,768.1550938173679,1249950.344359957,4991.94020341802,9.721521415916101e-05,0.5976830962809556
558.0,23.0,766.490016405879,1254948.7519434642,5004.9148990325875,9.682802302757574e-05,0.5963668817915337
559.0,23.0,764.8138515572141,1259960.255175675,5018.132656889917,9.644210236119356e-05,0.5950411350230235
560.0,23.0,763.126412032133,1264985.1006342024,5031.6005553851755,9.60574033562976e-05,0.5937057878400807
561.0,23.0,761.4275049165515,1270023.542120425,5045.325966101991,9.567387710006771e-05,0.5923607693106394
562.0,23.0,759.7169313868336,1275075.8409602751,5059.316569249948,9.52914745398003e-05,0.5910060055950297
563.0,23.0,757.9944864626364,1280142.2663210148,5073.580370090802,9.49101464510291e-05,0.5896414198293876
564.0,23.0,756.259958746484,1285223.0955449443,5088.1257164291,9.452984340445853e-05,0.5882669320030107
565.0,23.0,754.5131301492711,1290318.614501136,5102.961317248427,9.415051573163132e-05,0.5868824588293299
566.0,23.0,752.7537756006844,1295429.1179564802,5118.096262583357,9.37721134892182e-05,0.5854879136100553
567.0,23.0,750.9816627436295,1300554.9099671878,5133.540044723995,9.339458642184386e-05,0.5840832060921461
568.0,23.0,749.1965516115355,1305696.304292269,5149.3025808596685,9.30178839233259e-05,0.5826682423171127
569.0,23.0,747.3981942873779,1310853.624830389,5165.394237278637,9.264195499620986e-05,0.5812429244621857
570.0,23.0,745.5863345431804,1316027.2060817615,5181.825855251089,9.226674820947387e-05,0.579807150672849
571.0,23.0,743.7607074586257,1321217.3936368178,5198.608778735329,9.189221165426156e-05,0.5783608148861783
572.0,23.0,741.9210390172766,1326424.5446935813,5215.75488406133,9.151829289748697e-05,0.5769038066443798
573.0,23.0,740.0670456788646,1331649.0286057529,5233.276611759309,9.114493893315974e-05,0.5754360108979322
574.0,23.0,738.1984339258405,1336891.2274638005,5251.187000720952,9.077209613123836e-05,0.5739573077975905
575.0,23.0,736.3148997823464,1342151.5367114427,5269.499724896957,9.039971018382924e-05,0.5724675724745591
576.0,23.0,734.4161283035398,1347430.3658001963,5288.229132758091,9.002772604851703e-05,0.5709666748080132
577.0,23.0,732.501793033025,1352728.1388848715,5307.39028976961,8.96560878885973e-05,0.5694544791791121
578.0,23.0,730.5715554259473,1358045.2955631742,5326.999024157143,8.92847390099627e-05,0.5679308442105804
579.0,23.0,728.625064235101,1363382.2916628218,5347.071976270444,8.891362179437094e-05,0.5663956224908485
580.0,23.0,726.661954857087,1368739.6000799655,5367.62665188866,8.85426776287907e-05,0.5648486602816538
581.0,23.0,724.6818486353608,1374117.7116730998,5388.681479846172,8.817184683050461e-05,0.563289797207949
582.0,23.0,722.6843521166493,1379517.1362168335,5410.255874404826,8.78010685676073e-05,0.561718865928834
583.0,23.0,720.6690562568358,1384938.4034206981,5432.370302846637,8.74302807744972e-05,0.560135691788094
584.0,23.0,718.6355355721254,1390382.064018312,5455.046358818009,8.705942006193585e-05,0.5585400924429046
585.0,23.0,716.5833472307369,1395848.690933056,5478.306842022552,8.668842162118236e-05,0.5569318774690037
586.0,23.0,714.5120300799983,1401338.8805268537,5502.175844931213,8.63172191216805e-05,0.5553108479406011
587.0,23.0,712.4211036030654,1406853.2539395147,5526.678847266647,8.594574460169744e-05,0.553676795983061
588.0,23.0,710.3100667989492,1412392.4585267627,5551.842819112787,8.557392835126853e-05,0.5520295042962801
589.0,23.0,708.1783969787316,1417957.1694061265,5577.6963336165045,8.520169878670499e-05,0.5503687456464058
590.0,23.0,706.0255484701709,1423548.091120743,5604.269690374711,8.482898231586344e-05,0.5486942823234497
591.0,23.0,703.8509512218392,1429165.959432428,5631.595050753325,8.445570319325078e-05,0.5470058655619745
592.0,23.0,701.6540092970833,1434811.5432565904,5659.706586556279,8.408178336396289e-05,0.54530323492194
593.0,23.0,699.4340992466628,1440485.6467531738,5688.640643668393,8.370714229528446e-05,0.5435861176262865
594.0,23.0,697.1905683478533,1446189.111589493,5718.435922528925,8.333169679468443e-05,0.541854227851786
595.0,23.0,694.9227326959643,1451922.8193928294,5749.13367757305,8.295536081272739e-05,0.5401072659690678
596.0,23.0,692.6298751326348,1457687.6944129507,5780.777938098806,8.257804522926457e-05,0.5383449177275447
597.0,23.0,690.3112429930522,1463484.706417408,5813.415753401573,8.219965762102314e-05,0.5365668533804006
598.0,23.0,687.9660456519134,1469314.8738454212,5847.097465464381,8.182010200846713e-05,0.534772726744372
599.0,23.0,685.5934518451274,1475179.2672498156,5881.877013023812,8.143927857950016e-05,0.5329621741885142
600.0,23.0,683.1925867410044,1481079.013060519,5917.812271459696,8.105708338722813e-05,0.5311348135455147
601.0,23.0,680.7625287308659,1487015.297708014,5954.965433702198,8.067340801859304e-05,0.5292902429384725
602.0,23.0,678.3023059046097,1492989.37215068,5993.403438236992,8.0288139230215e-05,0.5274280395153229
603.0,23.0,675.8108921714851,1499002.5568566357,6033.19845135105,7.990115854721123e-05,0.5255477580822434
604.0,23.0,673.2872029802417,1505056.2472983485,6074.428412027431,7.95123418201052e-05,0.5236489296264845
605.0,23.0,670.7300905854943,1511151.9200275876,6117.177649421341,7.91215587341519e-05,0.5217310597180242
606.0,23.0,668.1383387986078,1517291.139408939,6161.5375846794,7.87286722644885e-05,0.5197936267783622
607.0,23.0,665.5106571512106,1523475.565102978,6207.607531072358,7.833353806942681e-05,0.5178360802035444
608.0,23.0,662.8456743871461,1529706.9604056457,6255.495609087163,7.793600381287796e-05,0.5158578383270699
609.0,23.0,660.141931184455,1535987.2015681996,6305.319796360061,7.753590840539414e-05,0.513858286207081
610.0,23.0,657.3978719912067,1542318.2882444076,6357.209136286952,7.713308115139543e-05,0.5118367732204002
611.0,23.0,654.6118358385331,1548702.3552372605,6411.305133955682,7.672734078799e-05,0.5097926104446423
612.0,23.0,651.7820459687113,1555141.6857494968,6467.763373953213,7.63184943980718e-05,0.5077250678076662
613.0,23.0,648.9065980859635,1561638.726379878,6526.755401849652,7.590633617719454e-05,0.5056333709821633
614.0,23.0,645.9834470006907,1568196.1041535686,6588.470920111362,7.54906460298175e-05,0.5035166980015033
615.0,23.0,643.0103913930512,1574816.645930827,6653.120360282584,7.507118796581121e-05,0.5013741755717664
616.0,23.0,639.9850563670253,1581503.400606895,6720.937907066989,7.464770826237092e-05,0.49920487505406175
617.0,23.0,636.9048733990783,1588259.6645997872,6792.1850671793445,7.421993334949734e-05,0.4970078080913813
618.0,23.0,633.7670572030048,1595089.011225956,6867.154897494111,7.378756736862741e-05,0.4947819218557561
619.0,23.0,630.5685789305776,1601995.3246916286,6946.177034368107,7.335028934344956e-05,0.49252609389514074
620.0,23.0,627.3061350013223,1608982.83958584,7029.623700758912,7.290774988893628e-05,0.49023912656667873
621.0,23.0,623.9761106967363,1616056.186959513,7117.916912191834,7.245956736841038e-05,0.48791974105496966
622.0,23.0,620.5745374569165,1623220.4483229723,7211.537159809847,7.20053233883273e-05,0.4855665709940094
623.0,23.0,617.0970425680624,1630481.219208224,7311.033922925086,7.154455749508371e-05,0.48317815574253137
624.0,23.0,613.5387896132959,1637844.6843408907,7417.038460474815,7.107676090618459e-05,0.4807529334107904
625.0,23.0,609.8944076553885,1645317.7069770356,7530.279458728449,7.060136906740292e-05,0.478289233810412
626.0,23.0,606.1579066003525,1652907.9356185566,7651.6022830021075,7.011775277541638e-05,0.4757852716103261
627.0,23.0,602.3225755169962,1660623.9321771436,7781.992810510871,6.962520753806022e-05,0.4732391401502814
628.0,23.0,598.3808598054868,1668475.3267818086,7922.607133888009,6.912294075651878e-05,0.4706471820934397
629.0,23.0,594.3242119421013,1676473.0059175736,8074.8088559619455,6.861005619812892e-05,0.46801053751539107
630.0,23.0,590.1429089694346,1684629.3425869464,8240.21630004391,6.8085535074459e-05,0.46532513562412015
631.0,23.0,585.8258277930275,1692958.4799117146,8420.762819775257,6.754821283152017e-05,0.462588566624372
632.0,23.0,581.3601664511231,1701476.6833569042,8618.77464135277,6.69967504743778e-05,0.459798321367971
633.0,23.0,576.7310954846475,1710202.7820473313,8837.07252643164,6.642959885187358e-05,0.4569518274849264
634.0,23.0,571.9213177833631,1719158.7272305894,9079.106375422485,6.584495376291255e-05,0.454046512276413
635.0,23.0,566.9105069015876,1728370.3070778132,9349.13634804995,6.524069892267485e-05,0.45107990810173243
636.0,23.0,561.6745812672619,1737868.0738433092,9652.481351440214,6.461433258981071e-05,0.4480498260102711
637.0,23.0,556.1847522041726,1747688.5657098514,9995.86811160691,6.396287172733694e-05,0.4449546408955684
638.0,23.0,550.4062521678377,1757875.9484241344,10387.936048855136,6.328272443424954e-05,0.4417937632768517
639.0,23.0,544.2965961819235,1768484.2746465823,10839.99432604611,6.256951603043369e-05,0.4385684331150278
640.0,23.0,537.8031339479395,1779580.68944642,11367.208542125967,6.181784452478648e-05,0.4352830907889164
641.0,23.0,530.859468958101,1791250.157831969,11990.56341098705,6.102092275448163e-05,0.43194783030405576
642.0,23.0,523.3799553440981,1803602.7885568512,12740.319965873208,6.017002706141703e-05,0.4285829898037491
643.0,23.0,515.2506962039455,1816785.8977869889,13662.55691265168,5.9253591630740814e-05,0.42522821081659024
644.0,23.0,506.31365620946934,1831005.4102380595,14832.56326005104,5.825560209488451e-05,0.42196141798439546
645.0,23.0,496.3360253635745,1846567.2585213857,16384.7310948045,5.71524860238929e-05,0.4189411829317845
646.0,23.0,484.94495782122686,1863965.780898158,18586.119665045993,5.590648618669814e-05,0.41650739042645457
647.0,23.0,471.4720801541308,1884095.2573346053,22040.09309099799,5.44499518367193e-05,0.4154333604607663
648.0,23.0,454.5315376116054,1908830.430242851,28337.81817476774,5.264327261406829e-05,0.41756035034792477
649.0,23.0,430.6927154277145,1942906.3431097632,42508.79366424063,5.014625941437467e-05,0.42713347474872776
650.0,23.0,388.40715714740526,2003138.5686158636,93579.3468886558,4.58566924284337e-05,0.4614048550358585
651.0,23.0,271.1400639076476,2204305.6702636816,170134.7855724959,3.520106249489667e-05,0.4626999789456799
652.0,23.0,229.2690217004257,2306410.9575038357,67065.04752174442,3.2044083618702464e-05,0.32765353456195034
653.0,23.0,210.76901606629573,2360001.7820689115,44005.30629316074,3.081081204214901e-05,0.27587997011302184
654.0,23.0,198.7918536329573,2398311.4829015755,33762.50142781389,3.007885915637929e-05,0.24592572083349892
655.0,23.0,189.9132993516559,2428895.138604865,27893.35489454021,2.957553479422284e-05,0.22554987031396445
656.0,23.0,182.85215786644173,2454739.920592919,24048.897934143875,2.9202156073900514e-05,0.21044327366814572
657.0,23.0,176.9886573989396,2477347.23284379,21313.494687398015,2.891216927563382e-05,0.1986278599489968
658.0,23.0,171.9753634888794,2497584.3328238977,19254.746252130353,2.868001356591491e-05,0.1890434618132877
659.0,23.0,167.5976965083975,2516000.4201309504,17641.102395944938,2.8490184804012347e-05,0.18106044265041105
660.0,23.0,163.7136837194446,2532966.860011106,16336.981836773979,2.833258973210527e-05,0.17427641800822125
661.0,23.0,160.22442287415996,2548747.443704039,15257.500817682174,2.8200300580850636e-05,0.16841968579243805
662.0,23.0,157.05819960347029,2563536.8770497185,14346.673507244055,2.8088362737920077e-05,0.16329875390355186
663.0,23.0,154.1613204743846,2577483.3582073785,13566.00001188844,2.7993114335588412e-05,0.15877395342231176
664.0,23.0,151.49251700406657,2590702.561305954,12888.083870096838,2.7911775191027255e-05,0.15474051580171913
665.0,23.0,149.01937027925007,2603286.6889641527,12292.865402561463,2.784218669852296e-05,0.15111799432380751
666.0,23.0,146.71593855001387,2615310.551895389,11765.297495468747,2.7782640795035733e-05,0.14784338565784233
667.0,23.0,144.56113203279514,2626835.780588668,11293.856487329336,2.773176379418111e-05,0.1448665060573441
668.0,23.0,142.5375688053481,2637913.821494791,10869.556918410326,2.7688435271799906e-05,0.14214679344259146
669.0,23.0,140.63075015555413,2648588.118087546,10485.281254671447,2.765173005429029e-05,0.13965104051905342
670.0,23.0,138.82845381038976,2658895.7308006384,10135.312661905735,2.76208758528196e-05,0.13735175292824214
671.0,23.0,137.1202792972762,2668868.5617231424,9815.002257234308,2.7595221748292525e-05,0.1352259373410596
672.0,23.0,135.49730175721467,2678534.295186898,9520.527573223906,2.7574214361314436e-05,0.13325419173086045
673.0,23.0,133.95180451234233,2687917.130403308,9248.714217751658,2.755737956776364e-05,0.13142001213936633
674.0,23.0,132.4770697772341,2697038.3594035385,8996.902160313926,2.7544308283779858e-05,0.12970925723287677
675.0,23.0,131.06721294259057,2705916.8282028367,8762.844077668777,2.7534645282361715e-05,0.12810972965721829
676.0,23.0,129.71704995606436,2714569.3086377443,8544.627091925797,2.752808029953984e-05,0.12661084506919498
677.0,23.0,128.42199015456296,2723010.8010431645,8340.61182078866,2.752434089137846e-05,0.12520336782822122
678.0,23.0,127.17794888993885,2731254.782788791,8149.3844071809945,2.7523186645149156e-05,0.12387919796342618
679.0,23.0,125.98127570747018,2739313.4140010313,7969.718396293322,2.7524404448876563e-05,0.12263119800583054
680.0,23.0,124.82869486176041,2747197.7091095247,7800.544166155487,2.7527804596060112e-05,0.12145305112063073
681.0,23.0,123.71725570570001,2754917.680877912,7640.924211152487,2.7533217555323673e-05,0.12033914403885007
682.0,23.0,122.64429104493638,2762482.462102749,7490.0330035397,2.7540491273824387e-05,0.11928446980361718
683.0,23.0,121.6073819675866,2769900.409052832,7347.140467108842,2.7549488912415934e-05,0.11828454647227642
684.0,23.0,120.60432797496678,2777179.18987461,7211.598324199122,2.7560086932552696e-05,0.11733534876071326
685.0,23.0,119.63312148065125,2784325.8605393847,7082.828745781326,2.7572173471661636e-05,0.11643325025683364
686.0,23.0,118.69192593152286,2791346.930403877,6960.3148607018,2.758564695656952e-05,0.11557497432016231
687.0,23.0,117.77905694935504,2798248.419061998,6843.592775780285,2.7600414914532497e-05,0.11475755216252619
688.0,23.0,116.89296600506897,2805035.9058554615,6732.244831437151,2.761639294919415e-05,0.11397828689879277
689.0,23.0,116.03222622745906,2811714.57316499,6625.89387368123,2.7633503854912265e-05,0.11323472258696322
690.0,23.0,115.19552001948674,2818289.2444073097,6524.198366840755,2.7651676847740697e-05,0.11252461745870075
691.0,23.0,114.38162821229272,2824764.417505325,6426.8482054369315,2.7670846895213152e-05,0.11184592068577857
692.0,23.0,113.58942053300815,2831144.294471117,6333.5611103528345,2.7690954130174582e-05,0.11119675214335947
693.0,23.0,112.81784719963095,2837432.8076376747,6244.079515627096,2.7711943336404067e-05,0.11057538472384615
694.0,23.0,112.06593148655239,2843633.6429902026,6158.167869072143,2.7733763495802612e-05,0.10998022883013805
695.0,23.0,111.33276312907965,2849750.2609782373,6075.610283426233,2.775636738857171e-05,0.10940981873814691
696.0,23.0,110.61749245572126,2855785.9151320006,5996.208485636363,2.777971123916603e-05,0.1088628005683296
697.0,23.0,109.91932515385008,2861743.6687586955,5919.780020683753,2.7803754401919028e-05,0.10833792164694951
698.0,23.0,109.23751758835418,2867626.4099545088,5846.1566735380175,2.7828459081165283e-05,0.10783402107157385
699.0,23.0,108.57137260456473,2873436.8651347337,5775.183078694994,2.7853790081450804e-05,0.10735002132331829
700.0,23.0,107.92023575651426,2879177.6112563326,5706.715491572759,2.787971458406331e-05,0.10688492079164374
701.0,23.0,107.28349190979317,2884851.086883672,5640.620700018596,2.7906201946651276e-05,0.10643778709697357
702.0,23.0,106.66056217520718,2890459.6022280073,5576.77505747603,2.793322352315194e-05,0.10600775111272366
703.0,23.0,106.05090113529539,2896005.3482743376,5515.063622102386,2.7960752501629046e-05,0.10559400160206606
704.0,23.0,105.45399433076528,2901490.4050946957,5455.379388418363,2.7988763757944442e-05,0.1051957803963585
705.0,23.0,104.8693559781414,2906916.7494344884,5397.622599989805,2.8017233723460595e-05,0.104812378051993
706.0,23.0,104.29652689355865,2912286.2616478777,5341.700133256902,2.8046140265205743e-05,0.1044431299307802
707.0,23.0,103.73507260075769,2917600.7320489506,5287.524943989401,2.8075462577132673e-05,0.10408741265611564
708.0,23.0,103.18458160400584,2922861.866737574,5235.015568999655,2.8105181081273473e-05,0.10374464090326409
709.0,23.0,102.6446638089924,2928071.2929518735,5184.095676726434,2.8135277337739875e-05,0.10341426448733212
710.0,23.0,102.11494907674209,2933230.5639934,5134.693661137645,2.8165733962646152e-05,0.10309576571699676
711.0,23.0,101.59508589732634,2938341.163765821,5086.74227411374,2.8196534553140748e-05,0.10278865698593409
712.0,23.0,101.08474017166223,2943404.5109634493,5040.178292085687,2.8227663618828884e-05,0.10249247857724965
713.0,23.0,100.58359409100089,2948421.962941981,4994.942213226732,2.8259106518950143e-05,0.1022067966591147
714.0,23.0,100.09134510486047,2953394.8193003237,4950.977981950421,2.8290849404748054e-05,0.1019312014523435
715.0,23.0,99.60770496915852,2958324.3251993866,4908.232737858133,2.8322879166530667e-05,0.10166823951082805
716.0,23.0,99.13239886718823,2963211.674440961,4866.656586618524,2.835518338497717e-05,0.10141158300847568
717.0,23.0,98.66516459685127,2968058.01232754,4826.202390554792,2.838775028629265e-05,0.1011639227767101
718.0,23.0,98.20575181825237,2972864.4383217157,4786.825576971861,2.842056870085673e-05,0.10092492898307096
719.0,23.0,97.75392135635686,2977632.008522061,4748.483962478095,2.845362802504811e-05,0.10069428879106358
720.0,23.0,97.30944455395301,2982361.7379706684,4711.137591751354,2.8486918185960882e-05,0.10047170525560639
721.0,23.0,96.87210267062801,2987054.602806105,4674.748589369267,2.8520429608756435e-05,0.10025689630426791
722.0,23.0,96.44168632389466,2991711.5422741952,4639.281023473866,2.8554153186422085e-05,0.10004959379658539
723.0,23.0,96.01799496897188,2996333.460607939,4604.700780171576,2.858808025172864e-05,0.09984954265453021
724.0,23.0,95.60083641406108,3000921.228786771,4570.975447685896,2.8622202551201087e-05,0.09965650005789309
725.0,23.0,95.19002636825323,3005475.6861844994,4538.07420938197,2.8656512220933262e-05,0.09947023469897102
726.0,23.0,94.78538801947329,3009997.642114332,4505.96774487296,2.8691001764094527e-05,0.0992905260914983
727.0,23.0,94.38675164009746,3014487.877278805,4474.628138497595,2.872566402999014e-05,0.09911716392924144
728.0,23.0,93.99395421810348,3018947.145131552,4444.028794529881,2.876049219455029e-05,0.09894994749012831
729.0,23.0,93.60683911179362,3023376.1731574526,4414.144358544345,2.8795479742134017e-05,0.09878868508216053
730.0,23.0,93.22525572631403,3027775.6640769616,4384.950644416828,2.883062044854471e-05,0.09863319352771607
731.0,23.0,92.84905921033776,3032146.296980104,4356.42456649036,2.8865908365163184e-05,0.0984832976831556
732.0,23.0,92.47811017143017,3036488.7283949987,4328.544076480765,2.8901337804112455e-05,0.09833882999093332
733.0,23.0,92.11227440873107,3040803.593295521,4301.288104736055,2.8936903324376087e-05,0.09819963006165856
734.0,23.0,91.7514226617101,3045091.5060522505,4274.6365054997195,2.8972599718798646e-05,0.09806554428378714
735.0,23.0,91.39543037385137,3049353.0613305327,4248.570005859983,2.9008422001902916e-05,0.09793642545882261
736.0,23.0,91.04417747021604,3053588.834939241,4223.070158095565,2.9044365398463933e-05,0.0978121324600918
737.0,23.0,90.69754814792223,3057799.384633444,4198.119295154837,2.9080425332785376e-05,0.09769252991332897
738.0,23.0,90.35543067865092,3061985.250874034,4173.700489027969,2.9116597418627498e-05,0.09757748789744795
739.0,23.0,90.01771722236279,3066146.9575470844,4149.797511792984,2.9152877449740987e-05,0.09746688166402254
740.0,23.0,89.68430365147383,3070285.0126454826,4126.394799135453,2.9189261390963898e-05,0.09736059137411683
741.0,23.0,89.35508938479197,3074399.908915276,4103.4774161585365,2.922574536984282e-05,0.09725850185121789
742.0,23.0,89.02997723057726,3078492.1244688737,4081.0310253158004,2.9262325668742267e-05,0.09716050234912833
743.0,23.0,88.70887323812798,3082562.123367198,4059.0418563127973,2.9298998717409188e-05,0.09706648633376395
744.0,23.0,88.39168655734898,3086610.3561726473,4037.496677836674,2.9335761085961997e-05,0.09697635127789067
745.0,23.0,88.07832930579013,3090637.260474663,4016.382770983979,2.937260947827588e-05,0.09688999846790694
746.0,23.0,87.7687164426877,3094643.2613895074,3995.6879042677942,2.9409540725738347e-05,0.0968073328218516
747.0,23.0,87.46276564956942,3098628.772035806,3975.400310094482,2.9446551781350915e-05,0.09672826271787681
748.0,23.0,87.16039721702064,3102594.1939872494,3955.5086626092625,2.9483639714154454e-05,0.09665269983248864
749.0,23.0,86.86153393723359,3106539.917703798,3936.002056817553,2.952080170395782e-05,0.09658055898790602
750.0,23.0,86.56610100199072,3110466.3229425927,3916.8699888962983,2.9558035036350063e-05,0.09651175800794128
751.0,23.0,86.27402590575743,3114373.7791497493,3898.102337616126,2.959533709797918e-05,0.09644621758184863
752.0,23.0,85.98523835357932,3118262.645834109,3879.6893468009794,2.9632705372080105e-05,0.096383861135627
753.0,23.0,85.69967017350493,3122133.272923912,3861.621608757762,2.9670137434237143e-05,0.09632461471030329
754.0,23.0,85.41725523326708,3125986.00110739,3843.8900486130856,2.970763094836641e-05,0.09626840684675401
755.0,23.0,85.13792936098103,3129821.1621581046,3826.4859094992794,2.9745183662904808e-05,0.09621516847665697
756.0,23.0,84.861630269628,3133639.079245876,3809.400738535754,2.9782793407193508e-05,0.09616483281919266
757.0,23.0,84.58829748511097,3137440.067234081,3792.6263735558373,2.9820458088044225e-05,0.0961173352831426
758.0,23.0,84.31787227768238,3141224.4329640176,3776.154930532738,2.9858175686477493e-05,0.09607261337405498
759.0,23.0,84.05029759655736,3144992.4755270313,3759.978791661637,2.9895944254623118e-05,0.09603060660617325
760.0,23.0,83.78551800753549,3148744.4865250504,3744.090594057751,2.9933761912773266e-05,0.09599125641884158
761.0,23.0,83.5234796334695,3152480.7503200737,3728.483219033318,2.997162684657952e-05,0.09595450609712242
762.0,23.0,83.26413009742535,3156201.544273261,3713.1497819186843,3.0009537304385785e-05,0.09592030069637875
763.0,23.0,83.00741846839037,3159907.1389740524,3698.0836223952965,3.0047491594689346e-05,0.09588858697058975
764.0,23.0,82.75329520939374,3163597.798459904,3683.2782953104174,3.0085488083722897e-05,0.09585931330418382
765.0,23.0,82.50171212791287,3167273.780427046,3668.7275619455386,3.0123525193150968e-05,0.09583242964718885
766.0,23.0,82.25262232844653,3170935.336432727,3654.4253817122913,3.016160139787434e-05,0.09580788745350977
767.0,23.0,82.00598016714139,3174582.7120893635,3640.3659042512713,3.019971522393664e-05,0.09578563962215815
768.0,23.0,81.76174120836858,3178216.1472509843,3626.5434619110383,3.023786524652765e-05,0.09576564044126928
769.0,23.0,81.51986218314948,3181835.876192317,3612.9525625857796,3.0276050088077996e-05,0.0957478455347513
770.0,23.0,81.2803009493383,3185442.127780899,3599.5878828916784,3.031426841644059e-05,0.09573221181142262
771.0,23.0,81.04301645347321,3189035.1256425227,3586.4442616632355,3.0352518943154013e-05,0.09571869741650188
772.0,23.0,80.80796869421334,3192615.08832033,3573.51669375196,3.0390800421783746e-05,0.09570726168532322
773.0,23.0,80.57511868728372,3196182.2294278448,3560.8003241110337,3.0429111646337093e-05,0.09569786509915712
774.0,23.0,80.34442843185391,3199736.7577962335,3548.2904421504213,3.0467451449748083e-05,0.09569046924302564
775.0,23.0,80.11586087828195,3203278.877616044,3535.9824763480715,3.0505818702428693e-05,0.0956850367654063
776.0,23.0,79.88937989715686,3206808.7885736837,3523.871989103494,3.0544212310883105e-05,0.09568153133972533
777.0,23.0,79.66495024957865,3210326.6859828583,3511.9546718210404,3.058263121638181e-05,0.09567991762754835
778.0,23.0,79.44253755861654,3213832.7609112174,3500.226340210821,3.062107439369243e-05,0.09568016124337982
779.0,23.0,79.22210828189066,3217327.200302395,3488.682929796022,3.065954084986483e-05,0.09568222872098969
780.0,23.0,79.00362968522464,3220810.187093651,3477.3204916159957,3.069802962306731e-05,0.09568608748118937
781.0,23.0,78.78706981731952,3224281.9003293263,3466.135188115119,3.073653978147174e-05,0.09569170580098427
782.0,23.0,78.57239748540202,3227742.5152702597,3455.123289208045,3.0775070422185345e-05,0.0956990527840336
783.0,23.0,78.35958223180305,3231192.203499367,3444.28116851246,3.0813620670226475e-05,0.09570809833235319
784.0,23.0,78.148594311424,3234631.1330235205,3433.6052997410075,3.085218967754269e-05,0.09571881311919885
785.0,23.0,77.93940467005186,3238059.4683719035,3423.0922532445325,3.0890776622068864e-05,0.09573116856307444
786.0,23.0,77.73198492348334,3241477.370690991,3412.7386926991185,3.092938070682363e-05,0.09574513680280819
787.0,23.0,77.52630733742507,3244884.9978362597,3402.5413719300645,3.09680011590422e-05,0.09576069067364656
788.0,23.0,77.32234480813274,3248282.504460818,3392.4971318660146,3.1006637229343864e-05,0.09577780368431724
789.0,23.0,77.12007084375989,3251670.0421010274,3382.6028976171233,3.1045288190932806e-05,0.09579644999501458
790.0,23.0,76.91945954638273,3255047.7592592784,3372.8556756712514,3.108395333883039e-05,0.09581660439626417
791.0,23.0,76.7204855946743,3258415.801484016,3363.2525512026527,3.112263198913771e-05,0.0958382422886258
792.0,23.0,76.52312422719913,3261774.3114471165,3353.790685487871,3.1161323478326884e-05,0.09586133966319504
793.0,23.0,76.3273512263016,3265123.4290187503,3344.467313423805,3.120002716255991e-05,0.09588587308286682
794.0,23.0,76.1331429025645,3268463.2913397932,3335.2797411432703,3.123874241703382e-05,0.09591181966432694
795.0,23.0,75.94047607981236,3271794.032891916,3326.2253437235004,3.127746863535091e-05,0.09593915706073643
796.0,23.0,75.74932808063787,3275115.785565416,3317.301562983423,3.1316205228912975e-05,0.09596786344507946
797.0,23.0,75.55967671242935,3278428.678724896,3308.505905365612,3.135495162633858e-05,0.09599791749414338
798.0,23.0,75.37150025387929,3281732.839272858,3299.8359398991706,3.139370727290218e-05,0.09602929837310392
799.0,23.0,75.18477744195346,3285028.391711309,3291.289296239853,3.143247162999429e-05,0.09606198572068746
800.0,23.0,74.99948745930249,3288315.458201438,3282.8636627840488,3.14712441746018e-05,0.09609595963488621
801.0,23.0,74.81560992209882,3291594.1586214397,3274.5567848533765,3.151002439880745e-05,0.09613120065920107
802.0,23.0,74.63312486828008,3294864.61062256,3266.3664629467185,3.154881180930779e-05,0.09616768976938991
803.0,23.0,74.45201274618522,3298126.9296834287,3258.2905510568607,3.158760592694871e-05,0.096205408360699
804.0,23.0,74.27225440356578,3301381.229162741,3250.3269550488617,3.1626406286278063e-05,0.09624433823555734
805.0,23.0,74.09383107695898,3304627.620350337,3242.4736310975486,3.166521243511416e-05,0.09628446159171347
806.0,23.0,73.91672438140776,3307866.212516756,3234.728584181598,3.170402393413011e-05,0.09632576101079669
807.0,23.0,73.74091630051508,3311097.1129613123,3227.089866631797,3.174284035645286e-05,0.09636821944728453
808.0,23.0,73.56638917681877,3314320.4270587396,3219.5555767312235,3.17816612872766e-05,0.09641182021785943
809.0,23.0,73.3931257024749,3317536.258304471,3212.1238573651303,3.182048632348976e-05,0.09645654699113843
810.0,23.0,73.22110891023914,3320744.7083585765,3204.7928947185424,3.1859315073315265e-05,0.09650238377776092
811.0,23.0,73.05032216473266,3323945.8770884383,3197.5609170194934,3.1898147155963296e-05,0.09654931492081885
812.0,23.0,72.88074915398411,3327139.8626101776,3190.426193326122,3.1936982201296235e-05,0.09659732508661656
813.0,23.0,72.71237388123546,3330326.7613289026,3183.387032355771,3.197581984950513e-05,0.09664639925574582
814.0,23.0,72.54518065700394,3333506.6679777945,3176.441781354436,3.201465975079746e-05,0.09669652271446416
815.0,23.0,72.37915409138837,3336679.67565609,3169.588825004886,3.2053501565095466e-05,0.0967476810463639
816.0,23.0,72.21427908661298,3339845.8758659842,3162.826584371958,3.2092344961744855e-05,0.09679986012432039
817.0,23.0,72.05054082979893,3343005.3585485006,3156.1535158835086,3.213118961923345e-05,0.09685304610270866
818.0,23.0,71.88792478595535,3346158.212118364,3149.568110345632,3.217003522491927e-05,0.0969072254098775
819.0,23.0,71.72641669118238,3349304.523497892,3143.068891990777,3.220888147476778e-05,0.09696238474087138
820.0,23.0,71.56600254607848,3352444.3781499686,3136.654417557509,3.224772807309791e-05,0.09701851105039005
821.0,23.0,71.4066686093447,3355577.860110091,3130.3232754006485,3.228657473233668e-05,0.09707559154597725
822.0,23.0,71.24840139157865,3358705.052017566,3124.0740846306385,3.232542117278176e-05,0.0971336136814292
823.0,23.0,71.09118764925253,3361826.0351458355,3117.905494281013,3.236426712237197e-05,0.09719256515041473
824.0,23.0,70.935014378867,3364940.8894320033,3111.816182502883,3.2403112316465266e-05,0.09725243388029887
825.0,23.0,70.77986881127667,3368049.6935055545,3105.8048557854336,3.244195649762415e-05,0.09731320802616247
826.0,23.0,70.62573840618019,3371152.52471632,3099.8702482014273,3.2480799415407766e-05,0.09737487596501036
827.0,23.0,70.47261084676929,3374249.4591616876,3094.0111206767997,3.2519640826171016e-05,0.09743742629016076
828.0,23.0,70.32047403453183,3377340.5717131025,3088.2262602834203,3.2558480492869955e-05,0.09750084780580959
829.0,23.0,70.16931608420326,3380425.9360418674,3082.514479554191,3.2597318184873556e-05,0.09756512952176322
830.0,23.0,70.01912531886128,3383505.624644273,3076.8746158196245,3.263615367778137e-05,0.09763026064833277
831.0,23.0,69.86989026515987,3386579.7088660714,3071.305530565147,3.2674986753247165e-05,0.09769623059138557
832.0,23.0,69.7215996486964,3389648.258926315,3065.806108808348,3.2713817198807935e-05,0.09776302894754596
833.0,23.0,69.57424238950897,3392711.343940588,3060.3752584954495,3.275264480771844e-05,0.09783064549954236
834.0,23.0,69.42780759769879,3395769.0319436416,3055.0119099163294,3.279146937879091e-05,0.09789907021169304
835.0,23.0,69.28228456917354,3398821.3899114514,3049.7150151373944,3.2830290716239767e-05,0.09796829322552784
836.0,23.0,69.13766278150821,3401868.483782716,3044.483547451705,3.286910862953112e-05,0.09803830485553927
837.0,23.0,68.99393188991884,3404910.378479824,3039.3165008456995,3.2907922933237e-05,0.09810909558505924
838.0,23.0,68.8510817233465,3407947.137929272,3034.212889481976,3.2946733446894066e-05,0.09818065606225698
839.0,23.0,68.7091022806467,3410978.825081601,3029.171747197521,3.2985539994866635e-05,0.09825297709625369
840.0,23.0,68.56798372688229,3414005.5019308254,3024.192127016884,3.302434240621393e-05,0.09832604965334982
841.0,23.0,68.4277163897151,3417027.2295333804,3019.2731006797585,3.306314051456137e-05,0.09839986485336158
842.0,23.0,68.28829075589442,3420044.0680266013,3014.413758182474,3.3101934157975706e-05,0.0984744139660619
843.0,23.0,68.14969746783828,3423056.0766467666,3009.613207332927,3.314072317884408e-05,0.09854968840772352
844.0,23.0,68.01192732030529,3426063.3137466903,3004.8705733184784,3.317950742375659e-05,0.09862567973775963
845.0,23.0,67.87497125715406,3429065.8368128818,3000.1849982864037,3.321828674339238e-05,0.09870237965545946
846.0,23.0,67.73882036818706,3432063.7024823106,2995.555640936427,3.325706099240925e-05,0.09877977999681514
847.0,23.0,67.60346588607685,3435056.9665587586,2990.9816761249717,3.32958300293364e-05,0.09885787273143704
848.0,23.0,67.4688991833718,3438045.684028778,2986.462294480722,3.3334593716470494e-05,0.09893664995955448
849.0,23.0,67.3351117695791,3441029.909077285,2981.9967020311046,3.3373351919774714e-05,0.09901610390909917
850.0,23.0,67.20209528832248,3444009.6951027643,2977.5841198393537,3.3412104508780784e-05,0.09909622693286813
851.0,23.0,67.06984151457247,3446985.094732139,2973.223783651787,3.34508513564939e-05,0.09917701150576412
852.0,23.0,66.9383423519469,3449956.1598352753,2968.9149435549657,3.348959233930041e-05,0.0992584502221105
853.0,23.0,66.80758983008002,3452922.941539159,2964.6568636424226,3.352832733687819e-05,0.0993405357930383
854.0,23.0,66.67757610205726,3455885.4902417324,2960.4488216906407,3.3567056232109646e-05,0.09942326104394295
855.0,23.0,66.54829344191465,3458843.8556254287,2956.290108843973,3.3605778910997144e-05,0.09950661891200895
856.0,23.0,66.41973424220004,3461798.0866703824,2952.180029308232,3.364449526258102e-05,0.09959060244379936
857.0,23.0,66.29189101159575,3464748.2316673337,2948.117900052676,3.368320517885975e-05,0.09967520479290863
858.0,23.0,66.16475637259849,3467694.338230259,2944.1030505200824,3.3721908554712616e-05,0.09976041921767699
859.0,23.0,66.03832305925773,3470636.4533086945,2940.1348223447153,3.3760605287824354e-05,0.09984623907896338
860.0,23.0,65.91258391496824,3473574.623199788,2936.2125690778835,3.3799295278612135e-05,0.09993265783797602
861.0,23.0,65.78753189031707,3476508.893560093,2932.3356559208755,3.383797843015451e-05,0.10001966905415854
862.0,23.0,65.66316004098233,3479439.3094170736,2928.5034594650374,3.3876654648122345e-05,0.10010726638312945
863.0,23.0,65.53946152568278,3482365.9151803795,2924.715367438769,3.391532384071176e-05,0.10019544357467366
864.0,23.0,65.4164296041765,3485288.754652849,2920.9707784612233,3.39539859185789e-05,0.10028419447078446
865.0,23.0,65.29405763530778,3488207.871041291,2917.269101802506,3.399264079477654e-05,0.10037351300375393
866.0,23.0,65.17233907509988,3491123.3069670093,2913.60975715017,3.403128838469245e-05,0.1004633931943107
867.0,23.0,65.05126747489344,3494035.1044761105,2909.992174381818,3.406992860598951e-05,0.10055382914980296
868.0,23.0,64.93083647952857,3496943.3050495754,2906.415793343618,3.410856137854736e-05,0.10064481506242617
869.0,23.0,64.81103982556962,3499847.9496131334,2902.880063634566,3.4147186624405854e-05,0.100736345207493
870.0,23.0,64.69187133957159,3502749.0785468966,2899.3844443963135,3.418580426770985e-05,0.10082841394174508
871.0,23.0,64.57332493638648,3505646.7316948073,2895.92840410839,3.422441423465566e-05,0.10092101570170423
872.0,23.0,64.45539461750934,3508540.948373872,2892.5114203886706,3.4263016453438926e-05,0.10101414500206335
873.0,23.0,64.33807446946217,3511431.7673831987,2889.132979798918,3.4301610854203926e-05,0.10110779643411384
874.0,23.0,64.22135866221494,3514319.2270128555,2885.79257765526,3.434019736899413e-05,0.10120196466420996
875.0,23.0,64.1052414476429,3517203.365052526,2882.48971784346,3.437877593170432e-05,0.10129664443226805
876.0,23.0,63.98971715801868,3520084.2187999887,2879.223912638813,3.4417346478033865e-05,0.1013918305502998
877.0,23.0,63.87478020453893,3522961.8250694135,2875.9946825305756,3.445590894544111e-05,0.10148751790097822
878.0,23.0,63.7604250758839,3525836.220199504,2872.8015560507506,3.449446327309942e-05,0.10158370143623562
879.0,23.0,63.646646336809525,3528707.4400614416,2869.644069607146,3.4533009401853844e-05,0.10168037617589176
880.0,23.0,63.533438626770945,3531575.5200666864,2866.5217673205393,3.4571547274179416e-05,0.10177753720631215
881.0,23.0,63.4207966585769,3534440.4951746115,2863.4342008658678,3.461007683414024e-05,0.10187517967909474
882.0,23.0,63.30871521707358,3537302.3998999726,2860.380929317306,3.464859802734987e-05,0.10197329880978392
883.0,23.0,63.197189157858006,3540161.268320241,2857.3615189971306,3.468711080093252e-05,0.10207188987661148
884.0,23.0,63.086213406019276,3543017.1340827732,2854.37554332826,3.472561510348563e-05,0.10217094821926327
885.0,23.0,62.975782954907864,3545870.0304118344,2851.422582690367,3.476411088504297e-05,0.1022704692376699
886.0,23.0,62.86589286493121,3548719.9901154884,2848.5022242794566,3.480259809703915e-05,0.10237044839082184
887.0,23.0,62.75653826237605,3551567.0455923537,2845.6140619708317,3.484107669227474e-05,0.10247088119560688
888.0,23.0,62.64771433825565,3554411.2288381997,2842.757696185326,3.4879546624882466e-05,0.10257176322566985
889.0,23.0,62.53941634718264,3557252.57145244,2839.932733758738,3.491800785029425e-05,0.10267309011029281
890.0,23.0,62.43163960626503,3560091.1046444764,2837.1387878143464,3.495646032520906e-05,0.10277485753329528
891.0,23.0,62.32437949402674,3562926.859239926,2834.3754776384662,3.499490400756166e-05,0.10287706123195425
892.0,23.0,62.21763144935069,3565759.8656867207,2831.6424285589155,3.503333885649209e-05,0.1029796969959412
893.0,23.0,62.111390970444276,3568590.154061094,2828.9392718263457,3.5071764832315994e-05,0.10308276066627758
894.0,23.0,62.00565361382674,3571417.7540734448,2826.2656444983413,3.511018189649573e-05,0.10318624813430559
895.0,23.0,61.90041499333804,3574242.695074081,2823.6211893262225,3.5148590011612114e-05,0.10329015534067507
896.0,23.0,61.795670779168006,3577065.006058867,2821.0055546444682,3.518698914133699e-05,0.10339447827434409
897.0,23.0,61.69141669690641,3579884.7156747435,2818.418394262701,3.522537925040642e-05,0.10349921297159387
898.0,23.0,61.58764852661204,3582701.8522251584,2815.859367360149,3.526376030459469e-05,0.10360435551505509
899.0,23.0,61.48436210190174,3585516.4436753816,2813.328138382542,3.5302132270688795e-05,0.10370990203274652
900.0,23.0,61.381553309057736,3588328.5176577126,2810.824376941351,3.534049511646366e-05,0.10381584869712303
901.0,23.0,61.279218086153534,3591138.1014766134,2808.3477577153253,3.537884881065808e-05,0.10392219172413396
902.0,23.0,61.17735242219771,3593945.222113712,2805.8979603542657,3.5417193322951e-05,0.10402892737228835
903.0,23.0,61.075952356294785,3596749.9062327347,2803.4746693849615,3.545552862393875e-05,0.104136051941728
904.0,23.0,60.975013976823895,3599552.180184331,2801.0775741192633,3.549385468511251e-05,0.10424356177330557
905.0,23.0,60.87453342063326,3602352.0700108246,2798.706368564195,3.5532171478836635e-05,0.10435145324766741
906.0,23.0,60.77450687225131,3605149.6014508507,2796.360751334087,3.557047897832722e-05,0.1044597227843386
907.0,23.0,60.67493056311362,3607944.799943929,2794.0404255646704,3.560877715763152e-05,0.1045683668408103
908.0,23.0,60.575800770805145,3610737.6906349417,2791.7450988290593,3.5647065991607584e-05,0.10467738191162593
909.0,23.0,60.47711381831773,3613528.298378528,2789.474483055603,3.568534545590462e-05,0.10478676452746599
910.0,23.0,60.37886607332233,3616316.6477433965,2787.2282944475487,3.572361552694371e-05,0.10489651125422914
911.0,23.0,60.28105394745522,3619102.763016566,2785.0062534044564,3.576187618189905e-05,0.10500661869210698
912.0,23.0,60.18367389561901,3621886.6682075206,2782.8080844453375,3.580012739867973e-05,0.1051170834746516
913.0,23.0,60.086722415296684,3624668.387052294,2780.6335161334705,3.5838369155911756e-05,0.10522790226783206
914.0,23.0,59.990196045879344,3627447.943017471,2778.4822810028427,3.5876601432920725e-05,0.10533907176907853
915.0,23.0,59.89409136800713,3630225.359304129,2776.3541154861887,3.5914824209714844e-05,0.10545058870631059
916.0,23.0,59.798405002922756,3633000.6588516943,2774.248759844575,3.59530374669683e-05,0.1055624498369463
917.0,23.0,59.703133611837465,3635773.8643417414,2772.165958098498,3.599124118600521e-05,0.10567465194688976
918.0,23.0,59.60827389530957,3638544.9982017204,2770.1054579604615,3.6029435348783705e-05,0.10578719184949124
919.0,23.0,59.51382259263445,3641314.082608606,2768.067010768984,3.606761993788069e-05,0.1059000663844784
920.0,23.0,59.41977648124663,3644081.1394925015,2766.050371424018,3.6105794936476746e-05,0.10601327241685093
921.0,23.0,59.326132376132904,3646846.1905401647,2764.055298323727,3.614396032834149e-05,0.10612680683573579
922.0,23.0,59.232887129256866,3649609.25719847,2762.0815533026075,3.618211609781933e-05,0.10624066655319507
923.0,23.0,59.140037628994044,3652370.3606778295,2760.1289015709003,3.622026222981546e-05,0.1063548485029808
924.0,23.0,59.04758079957806,3655129.5219555157,2758.197111655289,3.625839870978234e-05,0.1064693496392294
925.0,23.0,58.955513600556806,3657886.761778971,2756.2859553408166,3.6296525523706284e-05,0.10658416693508524
926.0,23.0,58.863833026258995,3660642.100669025,2754.395207614032,3.6334642658094596e-05,0.10669929738124571
927.0,23.0,58.77253610527074,3663395.558923072,2752.5246466073027,3.637275009996293e-05,0.10681473798441515
928.0,23.0,58.68161989992152,3666147.1566181863,2750.6740535442814,3.6410847836822814e-05,0.10693048576565423
929.0,23.0,58.591081505780046,3668896.9136141962,2748.8432126865036,3.644893585666985e-05,0.10704653775861181
930.0,23.0,58.50091805115922,3671644.849556679,2747.0319112810716,3.6487014147971604e-05,0.10716289100761936
931.0,23.0,58.41112669663025,3674390.983879936,2745.239939509426,3.652508269965644e-05,0.10727954256563084
932.0,23.0,58.32170463454549,3677135.335809899,2743.467090437136,3.656314150110214e-05,0.1073964894919821
933.0,23.0,58.232649088570504,3679877.9243669803,2741.7131599647455,3.660119054212499e-05,0.10751372884994514
934.0,23.0,58.1439573132239,3682618.7683688933,2739.9779467795843,3.663922981296909e-05,0.10763125770404315
935.0,23.0,58.05562659342602,3685357.8864334123,2738.2612523085713,3.6677259304296014e-05,0.10774907311709152
936.0,23.0,57.96765424405584,3688095.296981092,2736.5628806719674,3.6715279007174504e-05,0.10786717214691754
937.0,23.0,57.88003760951541,3690831.01823793,2734.8826386380474,3.6753288913070604e-05,0.10798555184270947
938.0,23.0,57.79277406330252,3693565.068237998,2733.2203355786864,3.67912890138379e-05,0.10810420924092982
939.0,23.0,57.70586100759072,3696297.464826028,2731.575783425833,3.682927930170811e-05,0.10822314136071888
940.0,23.0,57.619295872817034,3699028.225659941,2729.9487966288434,3.6867259769281773e-05,0.10834234519869812
941.0,23.0,57.533076117276956,3701757.368213353,2728.3391921126645,3.690523040951926e-05,0.10846181772306228
942.0,23.0,57.447199226726426,3704484.9097780203,2726.7467892368404,3.694319121573191e-05,0.10858155586682822
943.0,23.0,57.36166271399113,3707210.8674662635,2725.1714097553295,3.698114218157341e-05,0.10870155652007374
944.0,23.0,57.276464118582346,3709935.2582133384,2723.6128777771096,3.7019083301031464e-05,0.10882181652096548
945.0,23.0,57.191601006319786,3712658.09877977,2722.0710197275507,3.7057014568419416e-05,0.10894233264532077
946.0,23.0,57.10707096896101,3715379.4057536474,2720.545664310549,3.7094935978368427e-05,0.1090631015943891
947.0,23.0,57.022871623836934,3718099.195552891,2719.0366424713857,3.7132847525819446e-05,0.10918411998044956
948.0,23.0,56.93900061349421,3720817.484427475,2717.5437873603178,3.7170749206015666e-05,0.10930538430971547
949.0,23.0,56.855455605343344,3723534.288461603,2716.0669342968663,3.7208641014495065e-05,0.10942689096188712
950.0,23.0,56.77223429131303,3726249.6235758793,2714.605920734789,3.7246522947083026e-05,0.10954863616549748
951.0,23.0,56.68933438751055,3728963.505529403,2713.160586227739,3.7284394999885235e-05,0.1096706159679249
952.0,23.0,56.606753633887756,3731675.9499218697,2711.7307723955655,3.732225716928076e-05,0.10979282619857617
953.0,23.0,56.52448979391297,3734386.972195614,2710.316322891267,3.7360109451915164e-05,0.10991526242321897
954.0,23.0,56.44254065424823,3737096.587637625,2708.9170833685744,3.739795184469393e-05,0.110037919886701
955.0,23.0,56.36090402443228,3739804.811381532,2707.532901450139,3.743578434477598e-05,0.11016079344021193
956.0,23.0,56.27957773656857,3742511.6584095582,2706.163626696335,3.7473606949567244e-05,0.11028387744765202
957.0,23.0,56.198559645019,3745217.143554447,2704.8091105746453,3.751141965671453e-05,0.11040716566325752
958.0,23.0,56.11784762610227,3747921.2815013453,2703.4692064296187,3.7549222464099485e-05,0.11053065106890182
959.0,23.0,56.037439577797656,3750624.086789675,2702.1437694533956,3.758701536983266e-05,0.11065432565354608
960.0,23.0,55.957333419453555,3753325.5738149593,2700.832656656782,3.7624798372247725e-05,0.11077818010755092
961.0,23.0,55.877527091500944,3756025.7568306304,2699.535726840865,3.766257146989582e-05,0.11090220338793204
962.0,23.0,55.79801855517155,3758724.6499498026,2698.2528405691537,3.7700334661540127e-05,0.1110263820811139
963.0,23.0,55.71880579222073,3761422.2671470293,2696.9838601402344,3.773808794615035e-05,0.11115069943463632
964.0,23.0,55.63988680465485,3764118.6222600155,2695.7286495609355,3.7775831322897575e-05,0.11127513382019623
965.0,23.0,55.561259614463125,3766813.7289913115,2694.4870745199823,3.781356479114906e-05,0.11139965615828666
966.0,23.0,55.48292226335402,3769507.6009099972,2693.2590023621374,3.785128835046326e-05,0.11152422529378943
967.0,23.0,55.40487281249569,3772200.2514533047,2692.044302062814,3.788900200058486e-05,0.11164877889342888
968.0,23.0,55.327109342260904,3774891.693928252,2690.842844203153,3.792670574144008e-05,0.11177321306389175
969.0,23.0,55.249629951975805,3777581.94151323,2689.6545009455554,3.7964399573131877e-05,0.11189732675441685
970.0,23.0,55.17243275967316,3780271.007259567,2688.479146009651,3.800208349593545e-05,0.11202060482709199
971.0,23.0,55.0955159018491,3782958.9040930904,2687.316654648716,3.803975751029376e-05,0.11213864701049837
972.0,23.0,55.018877533224085,3785645.6448156275,2686.1669036265002,3.807742161681313e-05,0.11226609204987746
973.0,23.0,54.94251582650767,3788331.2421065243,2685.0297711944822,3.811507581625903e-05,0.11239485029809296
974.0,23.0,54.86642897216691,3791015.708524103,2683.9051370695292,3.815272010955183e-05,0.11252381636389854
975.0,23.0,54.79061517819844,3793699.0565071353,2682.7928824119545,3.819035449776279e-05,0.11265298866198416
976.0,23.0,54.715072669904494,3796381.2983762617,2681.692889803971,3.8227978982110105e-05,0.11278236562101222
977.0,23.0,54.63979968967191,3799062.4463354046,2680.605043228521,3.8265593563954864e-05,0.11291194568345274
978.0,23.0,54.564794496755106,3801742.512473169,2679.5292280484887,3.830319824479752e-05,0.11304172730542189
979.0,23.0,54.490055367062325,3804421.5087641925,2678.465330986275,3.834079302627385e-05,0.11317170895652195
980.0,23.0,54.41558059294512,3807099.447070519,2677.4132401037386,3.8378377910151595e-05,0.11330188911968493
981.0,23.0,54.34136848299113,3809776.339142907,2676.3728447824797,3.8415952898326784e-05,0.1134322662910174
982.0,23.0,54.26741736182038,3812452.196622152,2675.344035704479,3.845351799282032e-05,0.11356283897964843
983.0,23.0,54.19372556988442,3815127.0310403705,2674.3267048330754,3.849107319577454e-05,0.11369360570757946
984.0,23.0,54.12029146326858,3817800.8538222807,2673.320745394263,3.852861850944993e-05,0.1138245650095365
985.0,23.0,54.04711341349757,3820473.676286448,2672.326051858332,3.8566153936221974e-05,0.1139557154328248
986.0,23.0,53.97418980734385,3823145.509646517,2671.3425199218095,3.8603679478577885e-05,0.11408705553718503
987.0,23.0,53.90151904663884,3825816.3650124446,2670.37004648973,3.8641195139113545e-05,0.11421858389465232
988.0,23.0,53.829099548087356,3828486.253391683,2669.408529658195,3.867870092053055e-05,0.11435029908941698
989.0,23.0,53.756929743084626,3831155.185690373,2668.457868697247,3.871619682563321e-05,0.1144821997176872
990.0,23.0,53.68500807753602,3833823.1727144984,2667.517964034025,3.8753682857325663e-05,0.11461428438755422
991.0,23.0,53.61333301167991,3836490.225171049,2666.5887172362195,3.879115901860913e-05,0.11474655171885899
992.0,23.0,53.54190301991274,3839156.353669143,2665.6700309958023,3.882862531257907e-05,0.11487900034306099
993.0,23.0,53.470716590616945,3841821.5687211487,2664.7618091130325,3.8866081742422615e-05,0.11501162890310887
994.0,23.0,53.39977222599169,3844485.8807437755,2663.863956480739,3.8903528311415804e-05,0.11514443605331337
995.0,23.0,53.32906844188557,3847149.3000591723,2662.9763790688658,3.894096502292115e-05,0.11527742045922108
996.0,23.0,53.258603767632444,3849811.8368959865,2662.098983909279,3.89783918803851e-05,0.11541058079749152
997.0,23.0,53.188376745889386,3852473.5013904227,2661.231679080828,3.9015808887335475e-05,0.11554391575577427
998.0,23.0,53.11838593247689,3855134.3035872835,2660.37437369466,3.90532160473793e-05,0.11567742403258953
999.0,23.0,53.04862989622199,3857794.2534409906,2659.526977879777,3.909061336420025e-05,0.11581110433720902
1000.0,23.0,52.97910721880297,3860453.3608165993,2658.6894027688368,3.912800084155652e-05,0.11594495538953928
500.0,23.5,849.3648857017951,981193.891870112,4508.360056233328,0.00012318477279677837,0.6586759946387641
501.0,23.5,848.1399790191762,985704.9809466943,4513.829750677606,0.00012263654223326995,0.6578507189606344
502.0,23.5,846.9095444002488,990221.5748661957,4519.369930247222,0.00012209294862318388,0.6570171824371788
503.0,23.5,845.6735346165448,994743.7446829871,4524.981738184172,0.0001215539118475958,0.6561753908843645
504.0,23.5,844.4319014636975,999271.5626091092,4530.666346749889,0.00012101935297943033,0.6553253494387538
505.0,23.5,843.1845957395005,1003805.1020437572,4536.4249581605245,0.00012048919425540911,0.6544670625537017
506.0,23.5,841.9315672212381,1008344.4376037378,4542.258805558038,0.00011996335904854926,0.6536005339948635
507.0,23.5,840.6727646422307,1012889.6451548627,4548.169154020586,0.00011944177184118238,0.6527257668349918
508.0,23.5,839.4081356675636,1017440.8018444438,4554.157301612931,0.00011892435819847728,0.651842763448039
509.0,23.5,838.1376268689877,1021997.9861347921,4560.22458047947,0.0001184110447424522,0.6509515255025827
510.0,23.5,836.8611836989392,1026561.2778378768,4566.37235798106,0.00011790175912645115,0.6500520539545644
511.0,23.5,835.5787504636446,1031130.7581511326,4572.602037878918,0.00011739643001006976,0.6491443490393496
512.0,23.5,834.2902702952889,1035706.5096944658,4578.915061566743,0.00011689498703451449,0.6482284102631146
513.0,23.5,832.9956851231854,1040288.6165485189,4585.312909354202,0.00011639736079837186,0.6473042363935322
514.0,23.5,831.6949356439326,1044877.1642942622,4591.797101803614,0.00011590348283377638,0.6463718254497822
515.0,23.5,830.387961290481,1049472.2400539368,4598.369201123229,0.00011541328558295319,0.6454311746918452
516.0,23.5,829.0747002001101,1054073.9325334074,4605.030812619056,0.00011492670237512719,0.6444822806090927
517.0,23.5,827.7550891812188,1058682.3320660277,4611.783586208921,0.00011444366740377042,0.643525138908143
518.0,23.5,826.4290636789208,1063297.5306580302,4618.629218001218,0.00011396411570418103,0.642559744499983
519.0,23.5,825.0965577393712,1067919.6220355276,4625.569451942292,0.00011348798313137086,0.6415860914863252
520.0,23.5,823.7575039727644,1072548.701693226,4632.606081535013,0.0001130152063382449,0.6406041731451768
521.0,23.5,822.4118335149813,1077184.866944843,4639.740951633399,0.00011254572275406347,0.6396139819156322
522.0,23.5,821.059475987765,1081828.2169754074,4646.975960315977,0.00011207947056315551,0.6386155093818053
523.0,23.5,819.7003594574301,1086478.8528954536,4654.313060842858,0.00011161638868388518,0.6376087462559447
524.0,23.5,818.3344103919868,1091136.8777972104,4661.754263700273,0.00011115641674783845,0.63659368236065
525.0,23.5,816.9615536166323,1095802.396812897,4669.3016387378575,0.00011069949507922317,0.6355703066101913
526.0,23.5,815.5817122675217,1100475.5171751857,4676.95731740281,0.00011024556467445829,0.6345386069908684
527.0,23.5,814.1948077437769,1105156.3482799698,4684.72349507668,0.00010979456718194662,0.6334985705404328
528.0,23.5,812.8007596575906,1109845.0017514953,4692.602433519885,0.00010934644488199765,0.6324501833264607
529.0,23.5,811.399485782394,1114541.5915100353,4700.596463430259,0.00010890114066689807,0.6313934304236984
530.0,23.5,809.9909019989718,1119246.233842123,4708.707987121312,0.00010845859802110526,0.6303282958903083
531.0,23.5,808.5749222394259,1123959.0474735901,4716.93948132739,0.00010801876100154445,0.6292547627429889
532.0,23.5,807.1514584288979,1128680.1536454216,4725.293500141898,0.00010758157421799619,0.6281728129309033
533.0,23.5,805.7204204249404,1133409.6761926573,4733.772678097059,0.00010714698281355472,0.6270824273083905
534.0,23.5,804.2817159544132,1138147.74162643,4742.379733392169,0.00010671493244513294,0.6259835856063812
535.0,23.5,802.8352505478008,1142894.4792192986,4751.117471279611,0.00010628536926400323,0.6248762664024897
536.0,23.5,801.3809274708066,1147650.0210940894,4759.988787617077,0.00010585823989634525,0.6237604470896925
537.0,23.5,799.9186476531153,1152414.5023163224,4768.99667259565,0.00010543349142379018,0.6226361038435723
538.0,23.5,798.4483096141639,1157188.060990503,4778.144214654263,0.00010501107136393392,0.6215032115880282
539.0,23.5,796.9698093857594,1161970.8383604062,4787.434604591114,0.0001045909276507955,0.6203617439593837
540.0,23.5,795.4830404314317,1166762.9789135696,4796.871139883937,0.00010417300861520949,0.6192116732688526
541.0,23.5,793.9878935622902,1171564.630490235,4806.4572292311495,0.00010375726296511498,0.6180529704632401
542.0,23.5,792.4842568492743,1176375.9443969384,4816.196397327738,0.0001033436397657321,0.616885605083842
543.0,23.5,790.9720155315513,1181197.0755249772,4826.092289889566,0.0001029320884195889,0.6157095452234148
544.0,23.5,789.4510519208857,1186028.1824740819,4836.148678941713,0.00010252255864637815,0.6145247574811401
545.0,23.5,787.9212453018004,1190869.427681462,4846.36946838665,0.0001021150004626238,0.6133312069155255
546.0,23.5,786.3824718272318,1195720.9775566026,4856.75869987025,0.00010170936416111508,0.6121288569950496
547.0,23.5,784.8346044095084,1200583.002622067,4867.320558963953,0.00010130560029009104,0.6109176695465345
548.0,23.5,783.2775126063673,1205455.6776606585,4878.0593816829505,0.00010090365963214172,0.609697604701078
549.0,23.5,781.7110625017467,1210339.1818692598,4888.979661362317,0.00010050349318279354,0.6084686208374387
550.0,23.5,780.1351165810493,1215233.6990197587,4900.086055914545,0.00010010505212874142,0.6072306745227262
551.0,23.5,778.5495336006026,1220139.4176274282,4911.383395491893,9.970828782570106e-05,0.6059837204502947
552.0,23.5,776.9541684509786,1225056.53112715,4922.876690581839,9.931315177584034e-05,0.6047277113746685
553.0,23.5,775.3488720137947,1229985.2380580234,4934.5711405636885,9.891959560474465e-05,0.6034625980433229
554.0,23.5,773.733491011681,1234925.74225671,4946.472142757137,9.852757103788695e-05,0.602188329125214
555.0,23.5,772.1078678509742,1239878.253060133,4958.585301996814,9.813702987654842e-05,0.6009048511358238
556.0,23.5,770.4718404567305,1244842.9855180106,4970.916440768169,9.774792397314898e-05,0.5996121083585579
557.0,23.5,768.8252420996218,1249820.16061581,4983.471609944046,9.736020520593872e-05,0.5983100427623108
558.0,23.5,767.1679012142062,1254810.0055087826,4996.257100163855,9.697382545299547e-05,0.5969985939149538
559.0,23.5,765.4996412080721,1259812.7537677037,5009.279453900995,9.65887365654755e-05,0.5956776988925445
560.0,23.5,763.8202802613172,1264828.6456370375,5022.545478267133,9.620489034006062e-05,0.5943472921840244
561.0,23.5,762.1296311157256,1269857.9283063118,5036.062258607728,9.582223849053131e-05,0.5930073055910996
562.0,23.5,760.4275008530685,1274900.8561954983,5049.837172945505,9.544073261841066e-05,0.5916576681231018
563.0,23.5,758.7136906617989,1279957.6912552828,5063.877907335542,9.506032418259852e-05,0.5902983058864792
564.0,23.5,756.9879955914315,1285028.7032831975,5078.192472199754,9.46809644679229e-05,0.5889291419686322
565.0,23.5,755.250204293818,1290114.1702565656,5092.789219714857,9.43026045525289e-05,0.587550096315756
566.0,23.5,753.5000987504627,1295214.3786834397,5107.676862335138,9.392519527401242e-05,0.5861610856043192
567.0,23.5,751.7374539849967,1300329.6239726434,5122.864492537026,9.354868719421404e-05,0.5847620231058345
568.0,23.5,749.9620377597769,1305460.2108241918,5138.361603883032,9.317303056255947e-05,0.5833528185444526
569.0,23.5,748.1736102556014,1310606.4536415283,5154.178113508256,9.279817527784819e-05,0.5819333779469925
570.0,23.5,746.3719237333806,1315768.6769669573,5170.32438614538,9.242407084837119e-05,0.5805036034849216
571.0,23.5,744.5567221765156,1320947.2159419341,5186.8112598133275,9.205066635022733e-05,0.5790633933077629
572.0,23.5,742.7277409126564,1326142.4167939695,5203.65007330721,9.167791038370521e-05,0.5776126413674094
573.0,23.5,740.8847062134075,1331354.6373519239,5220.852695640796,9.130575102758509e-05,0.5761512372327572
574.0,23.5,739.0273348703811,1336584.2475918478,5238.431557607578,9.093413579119541e-05,0.5746790658940203
575.0,23.5,737.1553337459247,1341831.6302154774,5256.39968564308,9.05630115640573e-05,0.5731960075560669
576.0,23.5,735.2683992966381,1347097.1812638503,5274.770738190763,9.019232456292111e-05,0.5717019374200321
577.0,23.5,733.3662170677135,1352381.310768623,5293.559044792117,8.982202027600072e-05,0.5701967254524513
578.0,23.5,731.4484611558432,1357684.4434439307,5312.779648149332,8.945204340417064e-05,0.5686802361410283
579.0,23.5,729.5147936383688,1363007.019421933,5332.4483494306105,8.908233779889373e-05,0.5671523282361725
580.0,23.5,727.5648639660017,1368349.4950353776,5352.581757121631,8.871284639660714e-05,0.5656128544772813
581.0,23.5,725.5983083162828,1373712.3436509734,5373.197339758149,8.834351114927633e-05,0.5640616613027108
582.0,23.5,723.6147489046665,1379096.0565575336,5394.313482913139,8.797427295080427e-05,0.5624985885423032
583.0,23.5,721.6137932497523,1384501.143913453,5415.9495508553355,8.76050715589381e-05,0.5609234690911794
584.0,23.5,719.595033388919,1389928.135758348,5438.125953344649,8.723584551229223e-05,0.5593361285634709
585.0,23.5,717.558045040218,1395377.583094273,5460.864218084196,8.686653204206758e-05,0.5577363849245164
586.0,23.5,715.5023867059119,1400850.0590424745,5484.187069414662,8.649706697799155e-05,0.5561240480999059
587.0,23.5,713.4275987126342,1406346.1600822192,5508.118513906826,8.612738464796669e-05,0.5544989195596501
588.0,23.5,711.3332021825712,1411866.507378953,5532.683933591712,8.57574177708548e-05,0.5528607918755851
589.0,23.5,709.2186979294278,1417411.748209896,5557.910187664575,8.538709734175141e-05,0.5512094482499207
590.0,23.5,707.0835652723555,1422982.5574959212,5583.8257236057525,8.501635250905511e-05,0.5495446620127311
591.0,23.5,704.9272607601081,1428579.6394497277,5610.4606987921625,8.464511044252722e-05,0.5478661960858857
592.0,23.5,702.7492167969251,1434203.7293513608,5637.8471138152645,8.427329619146911e-05,0.546173802410777
593.0,23.5,700.548840160533,1439855.5954635027,5666.018958896099,8.390083253201684e-05,0.5444672213368724
594.0,23.5,698.3255104016082,1445536.04110031,5695.012374981163,8.352763980245193e-05,0.5427461809679207
595.0,23.5,696.0785781125956,1451245.9068655313,5724.86583133739,8.315363572526209e-05,0.5410103964622337
596.0,23.5,693.8073630524225,1456986.0730772347,5755.620321730094,8.27787352145555e-05,0.5392595692832403
597.0,23.5,691.511152111733,1462757.4623990431,5787.319581586517,8.240285016721403e-05,0.5374933863960115
598.0,23.5,689.1891971013955,1468561.0427001524,5820.010328914608,8.202588923598328e-05,0.5357115194051143
599.0,23.5,686.8407123446094,1474397.8301694684,5853.742532185399,8.164775758242955e-05,0.5339136236286395
600.0,23.5,684.4648720503357,1480268.8927125863,5888.56970889875,8.126835660742251e-05,0.5320993371027675
601.0,23.5,682.0608074424671,1486175.3536645474,5924.549259162748,8.088758365644006e-05,0.5302682795105551
602.0,23.5,679.6276036157042,1492118.3958556626,5961.742839336541,8.050533169663308e-05,0.5284200510281346
603.0,23.5,677.1642960846107,1498099.266073476,6000.21678164299,8.01214889620958e-05,0.5265542310806284
604.0,23.5,674.6698669874254,1504119.2799701532,6040.04256667956,7.973593856327027e-05,0.5246703769994128
605.0,23.5,672.143240900213,1510179.8274721794,6081.297356973342,7.934855805576905e-05,0.5227680225713713
606.0,23.5,669.5832802099993,1516282.3787580596,6124.064601186147,7.89592189631555e-05,0.5208466764698609
607.0,23.5,666.9887799873195,1522428.4908801839,6168.434720325331,7.85677862473499e-05,0.5189058205560059
608.0,23.5,664.3584622887157,1528619.8151194593,6214.505889424812,7.817411771926309e-05,0.5169449080376667
609.0,23.5,661.6909698083078,1534858.1051758388,6262.384930698622,7.777806338105546e-05,0.5149633614722378
610.0,23.5,658.9848587834772,1541145.2263156495,6312.188337246742,7.737946468990799e-05,0.5129605705978112
611.0,23.5,656.2385910435019,1547483.1656171023,6364.043450111926,7.697815373149243e-05,0.5109358899759481
612.0,23.5,653.4505250698235,1553874.0434808135,6418.089816028809,7.657395228917419e-05,0.5088886364273516
613.0,23.5,650.61890591319,1560320.1266017926,6474.480758725934,7.616667079253139e-05,0.5068180862403097
614.0,23.5,647.7418537840617,1566823.8426357494,6533.385203414338,7.575610712572894e-05,0.5047234721298626
615.0,23.5,644.8173510982655,1573387.7968360158,6594.989802402822,7.534204527269718e-05,0.5026039799241245
616.0,23.5,641.8432277178435,1580014.790990433,6659.501420024949,7.492425377167474e-05,0.5004587449526435
617.0,23.5,638.8171440762707,1586707.8450517342,6727.150047735654,7.450248394641706e-05,0.4982868481107456
618.0,23.5,635.7365718150428,1593470.2219334347,6798.192235991137,7.407646787494315e-05,0.49608731157340263
619.0,23.5,632.5987714827047,1600305.4560393675,6872.9151491924895,7.364591604889114e-05,0.49385909413305057
620.0,23.5,629.4007667541815,1607217.3862129978,6951.641374653891,7.321051466702177e-05,0.4916010861385273
621.0,23.5,626.1393145129491,1614210.1939388344,7034.734647706274,7.276992249465909e-05,0.4893121040176852
622.0,23.5,622.8108699962954,1621288.4478090277,7122.6066945673965,7.232376720645866e-05,0.4869908843762251
623.0,23.5,619.4115460262599,1628457.1554943146,7215.725445114007,7.187164111198216e-05,0.4846360776814129
624.0,23.5,615.9370651268669,1635721.824741569,7314.624932653886,7.141309614130292e-05,0.48224624156520524
625.0,23.5,612.3827030489746,1643088.5352775436,7419.91728200734,7.094763794000986e-05,0.47981983382136084
626.0,23.5,608.7432218701782,1650564.0239523074,7532.307297303878,7.047471888784029e-05,0.4773552052320677
627.0,23.5,605.0127903866289,1658155.7860362316,7652.6103061292815,6.999372981067548e-05,0.47485059245211403
628.0,23.5,601.1848889345848,1665872.196333059,7781.774110238731,6.950399009869578e-05,0.4723041113175428
629.0,23.5,597.2521950300195,1673722.6547452544,7920.9061540127195,6.900473587014443e-05,0.4697121353734179
630.0,23.5,593.2064452352931,1681717.7622070939,8071.307378209166,6.849510572471117e-05,0.4670757780743038
631.0,23.5,589.038267368616,1689869.5346004476,8234.514720542213,6.79741235050002e-05,0.4643910233760202
632.0,23.5,584.7369754432851,1698191.6645553987,8412.354921248578,6.744067731725547e-05,0.4616554700138519
633.0,23.5,580.2903173811854,1706699.8441607284,8607.013294274964,6.689349383641352e-05,0.45886660381467836
634.0,23.5,575.6841623148252,1715412.1659506536,8821.122602276306,6.63311066091087e-05,0.4560218246765258
635.0,23.5,570.9021097491664,1724349.6256929822,9057.879413286908,6.575181663012514e-05,0.4531184949819779
636.0,23.5,565.9249963030666,1733536.7594623317,9321.198824711206,6.51536428344611e-05,0.4501540219429742
637.0,23.5,560.7302660147424,1743002.4609033363,9615.924142946209,6.453425920162669e-05,0.4471259942245894
638.0,23.5,555.2911551939615,1752781.0454115388,9948.117770369496,6.389091370133717e-05,0.44403240687095474
639.0,23.5,549.5756186826991,1762913.6615992452,10325.476673231864,6.322032192851552e-05,0.4408720332699677
640.0,23.5,543.5448836816602,1773450.2072918771,10757.947580739074,6.251852421545468e-05,0.4376450493648064
641.0,23.5,537.151444923583,1784452.0083361478,11258.678864555233,6.178068771689174e-05,0.43435410643286804
642.0,23.5,530.3361791229512,1795995.7074865631,11845.571915719056,6.100082116323903e-05,0.43100623508413366
643.0,23.5,523.0239875904931,1808179.1830817799,12543.963089839423,6.0171342507291596e-05,0.42761636004770454
644.0,23.5,515.1168148623125,1821131.0902501282,13391.565468911347,5.928238234694298e-05,0.4242140828099681
645.0,23.5,506.48166195961767,1835027.3066433202,14448.197959835521,5.8320580807799815e-05,0.42085738926640226
646.0,23.5,496.9283853297166,1850121.4566807149,15816.273905398155,5.72668499663298e-05,0.41766158374219575
647.0,23.5,486.1652307476568,1866806.1858119979,17687.04161786341,5.609189220821372e-05,0.4148624364962443
648.0,23.5,473.70260141905027,1885746.5550963264,20452.734466669037,5.4746562235335966e-05,0.41295466955446974
649.0,23.5,458.6295311014486,1908194.7690432202,24996.054945485128,5.313982860372499e-05,0.4129678828043448
650.0,23.5,439.07707721082164,1936776.2592497233,33425.74126736389,5.10876415660486e-05,0.41675522924968506
651.0,23.5,410.9728475935389,1977513.4249622205,51089.98291170954,4.820316105418769e-05,0.42681331205604495
652.0,23.5,361.176857334872,2051863.260699535,115484.17595322047,4.3302149706657464e-05,0.4649472874046204
653.0,23.5,276.5613353542824,2203869.1479127835,126503.97342457988,3.577516180856688e-05,0.4266796322582132
654.0,23.5,238.71072768972076,2293258.390472001,65066.6178617236,3.286752306453995e-05,0.3308330400652261
655.0,23.5,219.44283768867953,2346569.345879633,44537.626874106725,3.153847761230988e-05,0.2829130552615728
656.0,23.5,206.6783239942079,2385601.1451855637,34565.73099795754,3.07272028998264e-05,0.2532686789045688
657.0,23.5,197.16783197149022,2416973.4837229815,28653.691734832202,3.016436619693956e-05,0.23254392207282099
658.0,23.5,189.60223873421728,2443533.4388297647,24720.65097460895,2.9745263866987438e-05,0.2169697334192291
659.0,23.5,183.3280155389097,2466768.366871783,21900.871323973788,2.9419025270304194e-05,0.2046981214253063
660.0,23.5,177.9731045720612,2487555.300810669,19770.550003616092,2.915732868584104e-05,0.1947003962001608
661.0,23.5,173.30588353639791,2506456.244212379,18097.777866183707,2.8942878613909175e-05,0.18635095676936367
662.0,23.5,169.17248052555024,2523853.920316946,16744.889127040864,2.8764380128459005e-05,0.17924367332072852
663.0,23.5,165.4655010115976,2540021.36321313,15624.916777274248,2.8614071510632496e-05,0.17310133118789545
664.0,23.5,162.10702336814796,2555160.630077817,14680.154454832966,2.8486401320751053e-05,0.16772704321565324
665.0,23.5,159.0387132741504,2569425.7532996866,13870.75670630637,2.8377268891160646e-05,0.16297639688199464
666.0,23.5,156.21576047672704,2582937.0637639575,13168.290710861575,2.828356376592532e-05,0.15874061166656453
667.0,23.5,153.60299302514824,2595790.513753846,12551.898890209177,2.820287361963544e-05,0.15493589559384363
668.0,23.5,151.17229396204536,2608063.9629017296,12005.916196756583,2.8133291963948203e-05,0.15149646591400318
669.0,23.5,148.90082965392102,2619821.5453774673,11518.336295446443,2.8073287472734498e-05,0.14836982615483568
670.0,23.5,146.76980186330368,2631116.7832353907,11079.793080493351,2.8021612731233314e-05,0.1455134822221009
671.0,23.5,144.76354811105296,2641994.856214555,10682.865885493855,2.79772389926074e-05,0.1428926045540062
672.0,23.5,142.8688798079724,2652494.289419352,10321.594151910538,2.7939308554570184e-05,0.14047832893744194
673.0,23.5,141.07458649307458,2662648.2301972867,9991.13123218213,2.790709935661455e-05,0.13824649866532882
674.0,23.5,139.37105851110474,2672485.4292988745,9687.49278681786,2.7879998230731726e-05,0.13617671807280715
675.0,23.5,137.74999569572,2682031.0053542336,9407.37084229995,2.785748039424423e-05,0.13425162987232142
676.0,23.5,136.20417953779693,2691307.0480262893,9147.994284562166,2.783909352079348e-05,0.13245635604499512
677.0,23.5,134.72729291348503,2700333.0993139283,8907.022750200147,2.7824445219839115e-05,0.130778060076381
678.0,23.5,133.3137759228596,2709126.5416078614,8682.464908816097,2.781319308862279e-05,0.12920560045904614
679.0,23.5,131.9587094834985,2717702.9135314776,8472.61480926264,2.7805036729840593e-05,0.12772925370125043
680.0,23.5,130.65772049685322,2726076.169240455,8276.001776081077,2.7799711288521767e-05,0.12634049087728044
681.0,23.5,129.40690395548623,2734258.893006357,8091.350590476416,2.7796982175328934e-05,0.12503179585658722
682.0,23.5,128.20275848043175,2742262.478107155,7917.549562312963,2.7796640725332365e-05,0.12379651629243929
683.0,23.5,127.04213259913298,2750097.276981887,7753.624717696884,2.779850060096739e-05,0.1226287405906573
684.0,23.5,125.92217968308478,2757772.728065903,7598.7187704997605,2.7802394791892702e-05,0.12152319565339742
685.0,23.5,124.8403199203659,2765297.4635618557,7452.073868684549,2.7808173097294015e-05,0.1204751613641805
686.0,23.5,123.7942080434967,2772679.4015172333,7313.017343323429,2.7815700000916292e-05,0.11948039866076306
687.0,23.5,122.78170579684189,2779925.8248998136,7180.949864226748,2.7824852867927817e-05,0.11853508871056558
688.0,23.5,121.80085833119118,2787043.449835549,7055.335538129913,2.7835520407170997e-05,0.11763578121505082
689.0,23.5,120.84987387123168,2794038.484761808,6935.693585310403,2.7847601353537526e-05,0.11677935026454733
690.0,23.5,119.92710612549861,2800916.681924648,6821.591306798906,2.7861003333934633e-05,0.11596295647258094
691.0,23.5,119.03103900614019,2807683.382391675,6712.638113066113,2.7875641887167354e-05,0.11518401435995941
692.0,23.5,118.16027330350418,2814343.555546677,6608.480430604604,2.7891439613491898e-05,0.11444016414930923
693.0,23.5,117.31351502267007,2820901.8338672332,6508.797338397397,2.7908325433919936e-05,0.11372924728215704
694.0,23.5,116.4895651390609,2827362.5436529513,6413.296814244445,2.792623394282171e-05,0.11304928509176515
695.0,23.5,115.68731057070582,2833729.7322636293,6321.7124930620375,2.794510484017107e-05,0.112398460162344
696.0,23.5,114.90571619768109,2840007.1923377602,6233.80085691117,2.7964882432043813e-05,0.11177509998413203
697.0,23.5,114.14381778618487,2846198.4833890167,6149.33879063873,2.7985515189827452e-05,0.11117766257794463
698.0,23.5,113.40071569685678,2852306.95111805,6068.121448397063,2.8006955360115602e-05,0.11060472381523427
699.0,23.5,112.6755692752596,2858335.744727038,5989.960385524198,2.8029158618505746e-05,0.1100549662027703
700.0,23.5,111.96759183762103,2864287.8324827086,5914.68191776617,2.8052083761550188e-05,0.10952716893659017
701.0,23.5,111.27604617758684,2870166.0157388174,5842.125675955713,2.8075692431965262e-05,0.1090201990593254
702.0,23.5,110.60024053033662,2875972.941599697,5772.1433292998945,2.8099948872918023e-05,0.10853300357953194
703.0,23.5,109.93952493930462,2881711.1143817944,5704.597454584992,2.812481970780713e-05,0.1080646024321338
704.0,23.5,109.29328797825033,2887382.906009284,5639.360532050347,2.8150273742456877e-05,0.10761408217627232
705.0,23.5,108.66095378777888,2892990.565461942,5576.31405154727,2.8176281787066594e-05,0.10718059034131955
706.0,23.5,108.0419793907966,2898536.227378435,5515.34771499036,2.8202816495616627e-05,0.10676333034403142
707.0,23.5,107.43585225598842,2904021.91990514,5456.358723113247,2.8229852220736384e-05,0.10636155691017336
708.0,23.5,106.84208808232513,2909449.5718695372,5399.251136226085,2.8257364882299316e-05,0.10597457194275725
709.0,23.5,106.26022878097803,2914821.0193476006,5343.935300094791,2.828533184823139e-05,0.10560172078653576
710.0,23.5,105.68984063391491,2920138.0116863926,5290.327329266541,2.8313731826209877e-05,0.10524238884483171
711.0,23.5,105.13051261094051,2925402.217035923,5238.3486411884705,2.8342544765091938e-05,0.10489599851028053
712.0,23.5,104.58185482911571,2930615.22743805,5187.925535338739,2.8371751765054392e-05,0.10456200637582042
713.0,23.5,104.04349714034426,2935778.563514926,5138.988812332529,2.84013349955463e-05,0.10423990069633587
714.0,23.5,103.51508783455708,2940893.678794668,5091.473428604505,2.843127762026279e-05,0.10392919907491312
715.0,23.5,102.99629244733215,2945961.9637078736,5045.318182816605,2.8461563728438967e-05,0.10362944635071936
716.0,23.5,102.48679266202619,2950984.7492849845,5000.465430612225,2.8492178271843357e-05,0.10334021266818602
717.0,23.5,101.98628529757889,2955963.310581336,4956.860824745612,2.8523107006919013e-05,0.10306109170949343
718.0,23.5,101.49448137410097,2960898.8698539045,4914.453077968173,2.855433644158218e-05,0.10279169907438139
719.0,23.5,101.01110524918792,2965792.5995113533,4873.193746359383,2.858585378624079e-05,0.10253167079307517
720.0,23.5,100.53589381864164,2970645.624856769,4833.037031056633,2.861764690864286e-05,0.1022806619596751
721.0,23.5,100.06859577592816,2975459.026640566,4793.939596570214,2.8649704292204803e-05,0.1020383454747142
722.0,23.5,99.60897092527335,2980233.843439313,4755.860404072549,2.8682014997507567e-05,0.10180728071520315
723.0,23.5,99.15678954381139,2984971.0738747353,4718.760558228373,2.871456862667908e-05,0.10158134561491239
724.0,23.5,98.7118317886445,2989671.6786857825,4682.603166288019,2.8747355290411035e-05,0.10136322678653496
725.0,23.5,98.27388714508098,2994336.582665442,4647.353208303015,2.8780365577382472e-05,0.10115265693676771
726.0,23.5,97.84275391267337,2998966.676472885,4612.977417443748,2.8813590525885464e-05,0.1009493816602585
727.0,23.5,97.41823872599366,3003562.818330623,4579.444169504814,2.8847021597467897e-05,0.10075315865450553
728.0,23.5,97.00015610737636,3008125.8356153867,4546.723380778322,2.888065065242608e-05,0.10056375699195488
729.0,23.5,96.58832804910342,3012656.5263507827,4514.78641355776,2.8914469926995708e-05,0.10038095644446668
730.0,23.5,96.18258362274594,3017155.6606089594,4483.605988609542,2.894847201210398e-05,0.10020454685579007
731.0,23.5,95.78275861357129,3021623.981828012,4453.156104014237,2.8982649833558344e-05,0.10003432755809173
732.0,23.5,95.38869517811894,3026062.2080511525,4423.411959838264,2.9016996633558346e-05,0.09987010682895854
733.0,23.5,95.00024152320601,3030471.033093279,4394.349888148392,2.9051505953427815e-05,0.09971170138561807
734.0,23.5,94.61725160477789,3034851.1276400527,4365.947287927913,2.908617161747324e-05,0.09955893591342281
735.0,23.5,94.23958484515431,3039203.140284149,4338.182564494834,2.9120987717882892e-05,0.09941164262590713
736.0,23.5,93.86710586734046,3043527.698503051,4311.03507305933,2.9155948600588265e-05,0.0992696608539652
737.0,23.5,93.4996842451865,3047825.4095823173,4284.4850660910815,2.9191048852016534e-05,0.09913283666191659
738.0,23.5,93.13719426827663,3052096.861487998,4258.5136441969125,2.9226283286668365e-05,0.09900102248841698
739.0,23.5,92.77951472052122,3056342.6236915756,4233.102710235902,2.9261646935461388e-05,0.09887407681035038
740.0,23.5,92.42652867150713,3060563.247950521,4208.234926423346,2.9297135034784082e-05,0.09875186382799621
741.0,23.5,92.07812327973647,3064759.2690473725,4183.8936741966445,2.933274301620979e-05,0.09863425316990816
742.0,23.5,91.7341896069533,3068931.205489951,4160.063016635809,2.9368466496824355e-05,0.09852111961607352
743.0,23.5,91.39462244281701,3073079.5601752186,4136.727663248914,2.9404301270124863e-05,0.09841234283803725
744.0,23.5,91.05932013924414,3077204.8210190055,4113.872936949158,2.944024329745001e-05,0.09830780715478575
745.0,23.5,90.72818445378326,3081307.461553774,4091.484743064174,2.9476288699906135e-05,0.09820740130327835
746.0,23.5,90.40112040144393,3085387.941496309,4069.5495402319402,2.9512433750755336e-05,0.0981110182226076
747.0,23.5,90.07803611443724,3089446.7072872296,4048.0543130491383,2.9548674868235018e-05,0.09801855485084658
748.0,23.5,89.75884270933024,3093484.1926039453,4026.9865463489723,2.958500860878023e-05,0.0979299119337183
749.0,23.5,89.44345416114834,3097500.8188486733,4006.33420099503,2.9621431660622773e-05,0.09784499384428605
750.0,23.5,89.13178718399756,3101496.995612955,3986.0856910870207,2.9657940837742208e-05,0.0977637084129279
751.0,23.5,88.82376111780616,3105473.121120044,3966.2298624821738,2.9694533074146827e-05,0.09768596676691353
752.0,23.5,88.5192978208144,3109429.582646449,3946.7559725437004,2.97312054184632e-05,0.09761168317895193
753.0,23.5,88.21832156746784,3113366.7569237826,3927.653671034439,2.976795502881504e-05,0.09754077492412724
754.0,23.5,87.92075895139146,3117285.0105220666,3908.912982080046,2.9804779167973575e-05,0.0974731621446822
755.0,23.5,87.6265387931473,3121184.7002154877,3890.52428713187,2.984167519876229e-05,0.09740876772214815
756.0,23.5,87.33559205249473,3125066.173331602,3872.478308864731,2.987864057970093e-05,0.09734751715635706
757.0,23.5,87.04785174489416,3128929.7680848734,3854.7660959497002,2.9915672860874037e-05,0.0972893384509051
758.0,23.5,86.76325286201094,3132775.813895397,3837.379008646323,2.9952769680010553e-05,0.09723416200466607
759.0,23.5,86.48173229599338,3136604.6316936053,3820.308705162793,2.9989928758762128e-05,0.097181920508984
760.0,23.5,86.20322876731078,3140416.53421171,3803.547128736148,3.0027147899168233e-05,0.09713254885019719
761.0,23.5,85.9276827559564,3144211.826262536,3787.0864953882055,3.006442498029725e-05,0.097085984017173
762.0,23.5,85.65503643582684,3147990.805006466,3770.9192823158137,3.010175795505339e-05,0.09704216501355219
763.0,23.5,85.38523361210596,3151753.7602070505,3755.0382168770625,3.0139144847139963e-05,0.09700103277442411
764.0,23.5,85.11821966148949,3155500.9744759016,3739.4362661376545,3.017658374816992e-05,0.0969625300871711
765.0,23.5,84.85394147509872,3159232.723507394,3724.106626944178,3.0214072814915602e-05,0.09692660151623984
766.0,23.5,84.59234740393933,3162949.276303689,3709.04271649318,3.0251610266689754e-05,0.09689319333161192
767.0,23.5,84.33338720677102,3166650.8953905674,3694.238163367084,3.028919438285057e-05,0.09686225344076121
768.0,23.5,84.07701200026264,3170337.8370245155,3679.686799009968,3.032682350042403e-05,0.09683373132390044
769.0,23.5,83.82317421131285,3174010.3513914975,3665.3826496179117,3.036449601183692e-05,0.09680757797233114
770.0,23.5,83.57182753142673,3177668.682797821,3651.3199284203683,3.0402210362754876e-05,0.09678374582972335
771.0,23.5,83.32292687304133,3181313.069853457,3637.4930283304607,3.0439965050019458e-05,0.0967621887361623
772.0,23.5,83.07642832770307,3184943.745648205,3623.89651494361,3.0477758619679265e-05,0.0967428618748105
773.0,23.5,82.8322891260041,3188560.937921006,3610.5251198651995,3.051558966510996e-05,0.09672572172104212
774.0,23.5,82.59046759918837,3192164.8692227504,3597.373734349083,3.055345682521867e-05,0.09671072599391521
775.0,23.5,82.35092314234777,3195755.757072862,3584.4374032301525,3.059135878272822e-05,0.09669783360985787
776.0,23.5,82.11361617912705,3199333.8141099717,3571.7113191348817,3.062929426253724e-05,0.09668700463844818
777.0,23.5,81.87850812786773,3202899.248236915,3559.1908169550975,3.066726203015219e-05,0.09667820026017934
778.0,23.5,81.64556136911885,3206452.2627603468,3546.871368570863,3.070526089018757e-05,0.0966713827261043
779.0,23.5,81.41473921445036,3209993.0565251857,3534.7485778093833,3.074328968493114e-05,0.09666651531926301
780.0,23.5,81.18600587650793,3213521.8240441317,3522.8181756275776,3.078134729297048e-05,0.09666356231779975
781.0,23.5,80.95932644024897,3217038.7556224824,3511.0760155066628,3.0819432627878255e-05,0.09666248895968402
782.0,23.5,80.73466683530653,3220544.037478432,3499.51806904788,3.085754463695309e-05,0.09666326140895364
783.0,23.5,80.51199380942745,3224037.8518590806,3488.1404217590443,3.089568230001331e-05,0.0966658467234033
784.0,23.5,80.29127490293595,3227520.377152292,3476.9392690222385,3.093384462824099e-05,0.09667021282364481
785.0,23.5,80.07247842417551,3230991.7879946376,3465.9109122335663,3.097203066307401e-05,0.09667632846347321
786.0,23.5,79.85557342588486,3234452.2553755487,3455.0517551063217,3.101023947514371e-05,0.0966841632014724
787.0,23.5,79.64052968246597,3237901.946737841,3444.3583001295306,3.104847016325595e-05,0.09669368737379984
788.0,23.5,79.42731766810388,3241341.026074792,3433.8271451741566,3.108672185341351e-05,0.0967048720680937
789.0,23.5,79.21590853570139,3244769.6540238746,3423.4549802398287,3.112499369787814e-05,0.0967176890984477
790.0,23.5,79.00627409659131,3248187.9879573253,3413.2385843352185,3.116328487426996e-05,0.09673211098140223
791.0,23.5,78.7983868009939,3251596.1820696387,3403.17482248568,3.120159458470297e-05,0.09674811091290395
792.0,23.5,78.59221971918578,3254994.3874621447,3393.260642862056,3.123992205495459e-05,0.09676566274618782
793.0,23.5,78.38774652335034,3258382.7522247625,3383.4930740249033,3.127826653366798e-05,0.09678474097053792
794.0,23.5,78.18494147008055,3261761.421515058,3373.869222278721,3.131662729158555e-05,0.09680532069088695
795.0,23.5,77.98377938350548,3265130.5376347103,3364.386269131012,3.135500362081207e-05,0.09682737760821442
796.0,23.5,77.78423563901552,3268490.240103493,3355.0414688513474,3.1393394834106466e-05,0.09685088800070801
797.0,23.5,77.58628614756005,3271840.6657308415,3345.832146125795,3.143180026420063e-05,0.09687582870565231
798.0,23.5,77.38990734049473,3275181.9486851455,3336.7556938023868,3.1470219263144217e-05,0.09690217710201282
799.0,23.5,77.19507615495436,3278514.2205608166,3327.809570723428,3.150865120167431e-05,0.09692991109368276
800.0,23.5,77.00177001973076,3281837.6104432354,3318.991299640798,3.154709546860883e-05,0.09695900909336422
801.0,23.5,76.80996684163503,3285152.2449716497,3310.2984652104865,3.158555147026267e-05,0.096989450007055
802.0,23.5,76.6196449923238,3288458.248400106,3301.728712062837,3.1624018629885504e-05,0.09702121321911386
803.0,23.5,76.4307832955712,3291755.742656493,3293.279742945161,3.166249638712054e-05,0.09705427857787988
804.0,23.5,76.24336101496901,3295044.847399758,3284.949316933554,3.170098419748306e-05,0.09708862638182106
805.0,23.5,76.05735784203715,3298325.6800753684,3276.7352477108716,3.173948153185808e-05,0.09712423736618897
806.0,23.5,75.87275388472916,3301598.355969083,3268.6354019080186,3.177798787601635e-05,0.09716109269015905
807.0,23.5,75.68952965631667,3304862.988259098,3260.647697505821,3.18165027301478e-05,0.0971991739244341
808.0,23.5,75.50766606463796,3308119.6880666213,3252.770102294892,3.18550256084118e-05,0.09723846303929262
809.0,23.5,75.3271444016966,3311368.5645049354,3245.0006323910084,3.189355603850346e-05,0.09727894239306249
810.0,23.5,75.14794633359725,3314609.724727003,3237.337350803709,3.193209356123548e-05,0.09732059472100253
811.0,23.5,74.97005389080459,3317843.273971666,3229.778366055802,3.197063773013468e-05,0.09736340312457473
812.0,23.5,74.79344945871425,3321069.3156084865,3222.3218308517467,3.2009188111052815e-05,0.09740735106109144
813.0,23.5,74.61811576852247,3324287.951181287,3214.9659407928057,3.204774428179096e-05,0.09745242233372113
814.0,23.5,74.44403588838523,3327499.2804504237,3207.708933137115,3.2086305831737e-05,0.0974986010818393
815.0,23.5,74.27119321485445,3330703.401433831,3200.5490856027923,3.212487236151574e-05,0.09754587177170969
816.0,23.5,74.09957146458072,3333900.410446919,3193.4847152123157,3.2163443482650895e-05,0.09759421918748246
817.0,23.5,73.929154666275,3337090.402141296,3186.5141771765966,3.2202018817238926e-05,0.09764362842249714
818.0,23.5,73.75992715291683,3340273.4695424307,3179.635863817033,3.224059799763379e-05,0.09769408487087788
819.0,23.5,73.59187355420212,3343449.7040862297,3172.848203524126,3.2279180666142495e-05,0.09774557421940924
820.0,23.5,73.42497878922089,3346619.1956546064,3166.149659751148,3.231776647473086e-05,0.09779808243968152
821.0,23.5,73.25922805935714,3349782.032610052,3159.538730041535,3.235635508473929e-05,0.09785159578049571
822.0,23.5,73.09460684140237,3352938.30182925,3153.0139450886195,3.239494616660792e-05,0.09790610076051716
823.0,23.5,72.93110088087572,3356088.0887357774,3146.5738678265025,3.2433539399610955e-05,0.09796158416116821
824.0,23.5,72.76869618554296,3359231.477331893,3140.2170925508253,3.2472134471599813e-05,0.09801803301975173
825.0,23.5,72.6073790191271,3362368.55022948,3133.942244068299,3.251073107875476e-05,0.0980754346227953
826.0,23.5,72.4471358952051,3365499.388680137,3127.7479768738995,3.2549328925344586e-05,0.09813377649960896
827.0,23.5,72.28795357128237,3368624.072604474,3121.6329743546585,3.258792772349424e-05,0.09819304641604719
828.0,23.5,72.12981904304074,3371742.6806206056,3115.5959480190727,3.262652719295999e-05,0.09825323236846849
829.0,23.5,71.97271953875229,3374855.2900719056,3109.63563675113,3.266512706091173e-05,0.0983143225778845
830.0,23.5,71.81664251385459,3377961.97705402,3103.7508060880664,3.270372706172244e-05,0.09837630548429183
831.0,23.5,71.66157564568145,3381062.8164411653,3097.9402475209613,3.274232693676438e-05,0.09843916974118032
832.0,23.5,71.50750682834325,3384157.8819117425,3092.2027778173124,3.278092643421169e-05,0.09850290421020973
833.0,23.5,71.35442416775288,3387247.2459732844,3086.5372383648005,3.281952530884927e-05,0.09856749795605102
834.0,23.5,71.20231597679181,3390330.9799867547,3080.9424945354704,3.285812332188782e-05,0.09863294024138361
835.0,23.5,71.05117077061158,3393409.154190224,3075.4174350695675,3.2896720240784546e-05,0.09869922052204562
836.0,23.5,70.9009772620663,3396481.8377219373,3069.960971478338,3.293531583906957e-05,0.09876632844232905
837.0,23.5,70.75172435727215,3399549.0986427995,3064.5720374650987,3.297390989617772e-05,0.09883425383041679
838.0,23.5,70.60340115128902,3402611.003958272,3059.249588363938,3.301250219728559e-05,0.09890298669395499
839.0,23.5,70.45599692392105,3405667.6196397436,3053.992600595401,3.3051092533153516e-05,0.09897251721575691
840.0,23.5,70.30950113563173,3408719.010645343,3048.8000711385776,3.308968069997257e-05,0.09904283574963274
841.0,23.5,70.16390342356985,3411765.240940249,3043.6710170190017,3.3128266499216194e-05,0.0991139328163421
842.0,23.5,70.01919359770329,3414806.3735164744,3038.6044748118184,3.3166849737496215e-05,0.09918579909966359
843.0,23.5,69.87536163705617,3417842.4704121836,3033.5995001596802,3.3205430226423536e-05,0.0992584254425786
844.0,23.5,69.73239768604714,3420873.592730524,3028.655167304862,3.324400778247274e-05,0.09933180284356435
845.0,23.5,69.59029205092513,3423899.800657992,3023.7705686351283,3.3282582226850924e-05,0.09940592245299336
846.0,23.5,69.44903519629923,3426921.1534823617,3018.944814242832,3.332115338537053e-05,0.09948077556963486
847.0,23.5,69.30861774176027,3429937.709610173,3014.177031496848,3.3359721088325807e-05,0.09955635363725512
848.0,23.5,69.16903045859075,3432949.526583797,3009.4663646268696,3.339828517037308e-05,0.0996326482413135
849.0,23.5,69.03026426656083,3435956.661098102,3004.8119743196658,3.3436845470414575e-05,0.0997096511057502
850.0,23.5,68.89231023080762,3438959.169016702,3000.213037326899,3.34754018314856e-05,0.09978735408986374
851.0,23.5,68.75515955879457,3441957.1053878353,2995.668746084104,3.3513954100645084e-05,0.09986574918527413
852.0,23.5,68.61880359734957,3444950.5244598687,2991.178308340475,3.355250212886932e-05,0.09994482851296965
853.0,23.5,68.48323382977868,3447939.4796964223,2986.7409467990906,3.3591045770948884e-05,0.10002458432043392
854.0,23.5,68.34844187305322,3450924.023791145,2982.35589876724,3.3629584885388385e-05,0.10010500897885051
855.0,23.5,68.21441947506821,3453904.2086821618,2978.022415816514,3.3668119334309304e-05,0.10018609498038375
856.0,23.5,68.08115851196989,3456880.0855661565,2973.7397634523413,3.3706648983355546e-05,0.1002678349355311
857.0,23.5,67.94865098555066,3459851.7049121535,2969.50722079269,3.374517370160165e-05,0.1003502215705467
858.0,23.5,67.81688902070842,3462819.1164749707,2965.3240802555824,3.378369336146385e-05,0.10043324772493303
859.0,23.5,67.68586486296971,3465782.3693083697,2961.1896472552025,3.382220783861333e-05,0.10051690634899782
860.0,23.5,67.55557087607379,3468741.5117778936,2957.103239906284,3.386071701189233e-05,0.10060119050147526
861.0,23.5,67.42599953961638,3471696.59157344,2953.06418873653,3.3899220763232336e-05,0.1006860933472088
862.0,23.5,67.29714344675105,3474647.655721516,2949.0718364067884,3.3937718977574725e-05,0.10077160815489318
863.0,23.5,67.16899530194668,3477594.750597246,2945.1255374387847,3.3976211542793626e-05,0.1008577282948747
864.0,23.5,67.04154791879944,3480537.9219360934,2941.2246579501157,3.401469834962091e-05,0.10094444723700714
865.0,23.5,66.91479421789779,3483477.2148453337,2937.3685753963346,3.405317929157327e-05,0.10103175854856149
866.0,23.5,66.78872722473872,3486412.673815258,2933.5566783198624,3.409165426488144e-05,0.10111965589218871
867.0,23.5,66.66334006769374,3489344.342730144,2929.78836610554,3.413012316842122e-05,0.10120813302393218
868.0,23.5,66.5386259760238,3492272.2648789715,2926.0630487426124,3.4168585903646545e-05,0.10129718379128996
869.0,23.5,66.4145782779409,3495196.48296592,2922.3801465929373,3.420704237452432e-05,0.10138680213132414
870.0,23.5,66.29119039871595,3498117.039120621,2918.739090165249,3.424549248747107e-05,0.1014769820688159
871.0,23.5,66.16845585883061,3501033.9749081954,2915.139319895262,3.428393615129131e-05,0.10156771771446532
872.0,23.5,66.04636827217284,3503947.3313390766,2911.5802859314717,3.432237327711767e-05,0.10165900326313415
873.0,23.5,65.92492134427457,3506857.148878608,2908.06144792647,3.436080377835259e-05,0.10175083299212977
874.0,23.5,65.80410887058987,3509763.467456463,2904.5822748335836,3.439922757061149e-05,0.10184320125952978
875.0,23.5,65.68392473481333,3512666.326475831,2901.1422447087257,3.443764457166778e-05,0.10193610250254535
876.0,23.5,65.56436290723697,3515565.76482243,2897.7408445172646,3.4476054701399e-05,0.10202953123592212
877.0,23.5,65.44541744314462,3518461.8208733113,2894.377569945777,3.4514457881734605e-05,0.1021234820503773
878.0,23.5,65.3270824812435,3521354.5325055085,2891.0519252185454,3.455285403660525e-05,0.10221794961107261
879.0,23.5,65.20935224213075,3524243.9371044673,2887.7634229186615,3.4591243091893066e-05,0.10231292865612009
880.0,23.5,65.09222102679497,3527130.071572322,2884.511583813581,3.462962497538369e-05,0.1024084139951217
881.0,23.5,64.97568321515159,3530012.9723359994,2881.2959366850305,3.466799961671925e-05,0.1025044005077398
882.0,23.5,64.8597332646111,3532892.675355142,2878.1160181631226,3.47063669473528e-05,0.10260088314229907
883.0,23.5,64.74436570867879,3535769.2161298813,2874.9713725645524,3.474472690050374e-05,0.10269785691441642
884.0,23.5,64.62957515558621,3538642.6297084456,2871.8615517347844,3.4783079411114744e-05,0.10279531690566113
885.0,23.5,64.51535628695281,3541512.950694602,2868.7861148940856,3.482142441580936e-05,0.10289325826224056
886.0,23.5,64.40170385647669,3544380.213254967,2865.7446284873076,3.4859761852851225e-05,0.10299167619371333
887.0,23.5,64.28861268865462,3547244.4511261513,2862.736666037324,3.489809166210389e-05,0.103090565971727
888.0,23.5,64.17607767752969,3550105.69762177,2859.761808002,3.493641378499203e-05,0.1031899229287805
889.0,23.5,64.06409378546647,3552963.9856393035,2856.8196416346073,3.4974728164463474e-05,0.10328974245700935
890.0,23.5,63.95265604195261,3555819.3476668275,2853.909760847581,3.501303474495225e-05,0.10339002000699313
891.0,23.5,63.84175954242619,3558671.8157896013,2851.0317660795304,3.5051333472342656e-05,0.10349075108658456
892.0,23.5,63.731399447128666,3561521.4216965367,2848.1852641654136,3.5089624293934096e-05,0.10359193125975799
893.0,23.5,63.62157097998207,3564368.1966865156,2845.36986820979,3.512790715840706e-05,0.10369355614547768
894.0,23.5,63.51226942749027,3567212.171674623,2842.585197463048,3.516618201578975e-05,0.10379562141658412
895.0,23.5,63.40349013766358,3570053.377198206,2839.830877200563,3.5204448817425686e-05,0.10389812279869705
896.0,23.5,63.295228518966155,3572891.8434228506,2837.1065386046603,3.524270751594203e-05,0.1040010560691351
897.0,23.5,63.18748003928545,3575727.6001482327,2834.411818649352,3.528095806521886e-05,0.10410441705585001
898.0,23.5,63.080240224923564,3578560.67681385,2831.7463599877374,3.531920042035915e-05,0.10420820163637506
899.0,23.5,62.9735046596094,3581391.1025046525,2829.109810842009,3.535743453765941e-05,0.10431240573678603
900.0,23.5,62.86726898353162,3584218.905956541,2826.501824896002,3.539566037458125e-05,0.10441702533067398
901.0,23.5,62.7615288923915,3587044.1155617987,2823.9220611902037,3.543387788972355e-05,0.10452205643812851
902.0,23.5,62.65628013647551,3589866.759374377,2821.3701840191675,3.547208704279527e-05,0.10462749512472991
903.0,23.5,62.55151851974674,3592686.8651151103,2818.84586283126,3.551028779458912e-05,0.10473333750054976
904.0,23.5,62.447239898955424,3595504.4601768125,2816.348772130698,3.554848010695573e-05,0.10483957971915782
905.0,23.5,62.343440182767004,3598319.5716292993,2813.878591381778,3.558666394277852e-05,0.1049462179766339
906.0,23.5,62.24011533090847,3601132.2262242846,2811.4350049152863,3.562483926594919e-05,0.10505324851058354
907.0,23.5,62.13726135333172,3603942.450400207,2809.017701836999,3.566300604134383e-05,0.10516066759915607
908.0,23.5,62.034874309393956,3606750.270286966,2806.6263759382323,3.5701164234799604e-05,0.10526847156006228
909.0,23.5,61.93295030705435,3609555.7117105573,2804.2607256083757,3.573931381309199e-05,0.10537665674959101
910.0,23.5,61.831485502087226,3612358.800197626,2801.920453749391,3.577745474391263e-05,0.10548521956162238
911.0,23.5,61.73047609731026,3615159.5609799414,2799.605267692176,3.5815586995847676e-05,0.10559415642663506
912.0,23.5,61.62991834182887,3617958.018998789,2797.3148791147887,3.585371053835674e-05,0.10570346381070597
913.0,23.5,61.52980853029492,3620754.1989092655,2795.049003962466,3.589182534175224e-05,0.1058131382144993
914.0,23.5,61.43014300218023,3623548.125084521,2792.807362369382,3.592993137717932e-05,0.10592317617224223
915.0,23.5,61.33091814106463,3626339.8216198958,2790.5896785821324,3.5968028616596335e-05,0.10603357425068492
916.0,23.5,61.232130373937586,3629129.312337004,2788.395680884856,3.60061170327556e-05,0.10614432904804055
917.0,23.5,61.13377617051366,3631916.620787734,2786.2251015260017,3.6044196599184905e-05,0.1062554371929024
918.0,23.5,61.03585204256128,3634701.770258174,2784.0776766466597,3.60822672901691e-05,0.10636689534313322
919.0,23.5,60.93835454324443,3637484.783772468,2781.9531462104424,3.612032908073255e-05,0.10647870018472365
920.0,23.5,60.84128026647715,3640265.6840966083,2779.8512539348612,3.6158381946621644e-05,0.10659084843061271
921.0,23.5,60.744625846290326,3643044.493742152,2777.7717472241725,3.6196425864287896e-05,0.1067033368194667
922.0,23.5,60.648387956210726,3645821.234969879,2775.714377103653,3.6234460810871495e-05,0.10681616211440863
923.0,23.5,60.55256330865182,3648595.9297933783,2773.6788981552654,3.6272486764185106e-05,0.10692932110169165
924.0,23.5,60.45714865431619,3651368.599982569,2771.6650684546853,3.631050370269824e-05,0.10704281058930842
925.0,23.5,60.3621407816094,3654139.2670671684,2769.6726495096536,3.634851160552178e-05,0.10715662740552699
926.0,23.5,60.267536516064624,3656907.9523400953,2767.701406199626,3.6386510452393035e-05,0.10727076839734255
927.0,23.5,60.173332719778564,3659674.676860808,2765.751106716678,3.642450022366116e-05,0.10738523042883362
928.0,23.5,60.079526290857395,3662439.461458584,2763.821522507646,3.646248090027274e-05,0.10750001037940785
929.0,23.5,59.98611416287356,3665202.326735761,2761.9124282174726,3.6500452463758036e-05,0.10761510514192325
930.0,23.5,59.89309330433236,3667963.2930708867,2760.0236016337158,3.653841489621709e-05,0.10773051162066453
931.0,23.5,59.8004607181486,3670722.380621854,2758.154823632216,3.6576368180306694e-05,0.10784622672915539
932.0,23.5,59.70821344113288,3673479.60932895,2756.3058781238688,3.661431229922725e-05,0.10796224738778055
933.0,23.5,59.61634854348714,3676234.9989178665,2754.476552002499,3.665224723671011e-05,0.10807857052118959
934.0,23.5,59.52486312830993,3678988.56890266,2752.6666350937835,3.669017297700519e-05,0.10819519305544835
935.0,23.5,59.43375433111027,3681740.3385886606,2750.875920105237,3.6728089504868996e-05,0.10831211191489955
936.0,23.5,59.34301931933056,3684490.3270753263,2749.1042025771935,3.676599680555261e-05,0.10842932401868301
937.0,23.5,59.252655291878185,3687238.5532590477,2747.351280834786,3.680389486479031e-05,0.10854682627686243
938.0,23.5,59.16265947866566,3689985.0358359152,2745.616955940896,3.6841783668788217e-05,0.10866461558609096
939.0,23.5,59.07302914015871,3692729.7933044345,2743.901031650048,3.687966320421336e-05,0.10878268882473507
940.0,23.5,58.983761566933026,3695472.8439681875,2742.2033143632266,3.6917533458182886e-05,0.10890104284736193
941.0,23.5,58.89485407923854,3698214.205938468,2740.5236130835933,3.6955394418253565e-05,0.10901967447847198
942.0,23.5,58.806304026571645,3700953.8971368507,2738.861739373089,3.699324607241157e-05,0.10913858050533533
943.0,23.5,58.71810878725497,3703691.9352977355,2737.2175073098974,3.7031088409062384e-05,0.10925775766975579
944.0,23.5,58.63026576802472,3706428.3379708426,2735.5907334467424,3.706892141702113e-05,0.10937720265854814
945.0,23.5,58.54277240362509,3709163.1225236654,2733.9812367700188,3.710674508550287e-05,0.10949691209245638
946.0,23.5,58.45562615641015,3711896.306143879,2732.3888386597164,3.714455940411342e-05,0.10961688251317914
947.0,23.5,58.368824515952404,3714627.905841725,2730.8133628501346,3.718236436284007e-05,0.10973711036807125
948.0,23.5,58.28236499865837,3717357.938452338,2729.2546353913626,3.722015995204275e-05,0.10985759199197888
949.0,23.5,58.196245147390854,3720086.4206380425,2727.712484611507,3.725794616244537e-05,0.1099783235855058
950.0,23.5,58.110462531097646,3722813.3688906194,2726.1867410796567,3.729572298512721e-05,0.11009930118879656
951.0,23.5,58.02501474444694,3725538.799533518,2724.677237569561,3.733349041151464e-05,0.11022052064963513
952.0,23.5,57.93989940746877,3728262.7287240564,2723.1838090240094,3.737124843337303e-05,0.11034197758425779
953.0,23.5,57.85511416520269,3730985.1724555567,2721.7062925198966,3.740899704279873e-05,0.11046366732871964
954.0,23.5,57.77065668735166,3733706.146559479,2720.2445272339546,3.74467362322114e-05,0.1105855848778556
955.0,23.5,57.68652466794158,3736425.66670749,2718.7983544091426,3.748446599434639e-05,0.11070772480771772
956.0,23.5,57.602715824986845,3739143.7484135204,2717.367617321675,3.7522186322247294e-05,0.11083008117565646
957.0,23.5,57.519227900161525,3741860.4070357815,2715.9521612486774,3.755989720925873e-05,0.11095264738961734
958.0,23.5,57.436058658475964,3744575.6577787492,2714.5518334364506,3.759759864901933e-05,0.11107541603419921
959.0,23.5,57.353205887959234,3747289.515695116,2713.166483069344,3.763529063545471e-05,0.11119837863460251
960.0,23.5,57.27066739934632,3750001.995687713,2711.795961239196,3.767297316277079e-05,0.1113215253290353
961.0,23.5,57.188441025771205,3752713.1125114085,2710.4401209153702,3.7710646225447126e-05,0.11144484440211944
962.0,23.5,57.10652462246452,3755422.8807749646,2709.0988169153347,3.774830981823055e-05,0.11156832159975322
963.0,23.5,57.024916066456726,3758131.3149428717,2707.7719058757993,3.778596393612872e-05,0.11169193908584253
964.0,23.5,56.94361325628585,3760838.4293371607,2706.4592462243822,3.782360857440409e-05,0.11181567378203745
965.0,23.5,56.86261411171014,3763544.2381391614,2705.160698151813,3.786124372856773e-05,0.11193949457668437
966.0,23.5,56.781916573425754,3766248.755391279,2703.876123584638,3.7898869394373606e-05,0.11206335729188789
967.0,23.5,56.70151860278862,3768951.994998692,2702.6053861584305,3.793648556781264e-05,0.1121871947197354
968.0,23.5,56.62141818154127,3771653.9707310647,2701.3483511915024,3.797409224510722e-05,0.11231089412492168
969.0,23.5,56.541613311543834,3774354.696224203,2700.1048856590864,3.80116894227056e-05,0.11243423503755211
970.0,23.5,56.462102014509725,3777054.184981711,2698.874858167996,3.8049277097276535e-05,0.11255663958979711
971.0,23.5,56.3828823317453,3779752.450376607,2697.6581389317435,3.808685526570409e-05,0.11267278464051057
972.0,23.5,56.30395232389396,3782449.505652908,2696.4545997461146,3.812442392508235e-05,0.11280082084687948
973.0,23.5,56.22531007068428,3785145.3639272177,2695.2641139651796,3.816198307271059e-05,0.11292907285105495
974.0,23.5,56.146953670682386,3787840.0381902526,2694.086556477741,3.819953270608813e-05,0.11305753899198433
975.0,23.5,56.068881241047805,3790533.5413083867,2692.9218036842053,3.8237072822909697e-05,0.11318621762346297
976.0,23.5,55.991090917293974,3793225.886025133,2691.7697334738705,3.827460342106069e-05,0.11331510711395734
977.0,23.5,55.913580853051826,3795917.08496263,2690.6302252026144,3.83121244986125e-05,0.1134442058464296
978.0,23.5,55.83634921983764,3798607.1506231036,2689.50315967099,3.834963605381818e-05,0.11357351221816638
979.0,23.5,55.75939420682442,3801296.0953902784,2688.388419102704,3.838713808510783e-05,0.11370302464060858
980.0,23.5,55.68271402061678,3803983.931530823,2687.285887123482,3.842463059108452e-05,0.11383274153918543
981.0,23.5,55.606306885029454,3806670.671195709,2686.1954487403004,3.846211357051997e-05,0.11396266135314956
982.0,23.5,55.530171040869405,3809356.3264216096,2685.116990320995,3.849958702235045e-05,0.1140927825354156
983.0,23.5,55.45430474572125,3812040.909132227,2684.050399574223,3.8537050945672825e-05,0.11422310355240098
984.0,23.5,55.37870627373576,3814724.431139643,2682.99556552977,3.8574505339740506e-05,0.11435362288386881
985.0,23.5,55.30337391542231,3817406.9041456184,2681.952378519216,3.8611950203959834e-05,0.11448433902277382
986.0,23.5,55.22830597744391,3820088.339742883,2680.92073015693,3.8649385537886056e-05,0.11461525047510963
987.0,23.5,55.153500782415705,3822768.7494164263,2679.9005133213923,3.868681134121985e-05,0.11474635575975949
988.0,23.5,55.07895666870657,3825448.14454473,2678.891622136848,3.8724227613803684e-05,0.11487765340834809
989.0,23.5,55.004671990243764,3828126.5364010218,2677.8939519552746,3.8761634355618256e-05,0.11500914196509644
990.0,23.5,54.93064511632043,3830803.936154483,2676.907399338663,3.879903156677913e-05,0.11514081998667854
991.0,23.5,54.856874431406226,3833480.3548714574,2675.9318620415975,3.8836419247533376e-05,0.11527268604208016
992.0,23.5,54.78335833496087,3836155.803516636,2674.9672389941456,3.887379739825621e-05,0.11540473871245974
993.0,23.5,54.71009524125021,3838830.2929542135,2674.013430285027,3.8911166019447905e-05,0.11553697659101134
994.0,23.5,54.637083579165484,3841503.8339490504,2673.0703371450804,3.894852511173055e-05,0.1156693982828299
995.0,23.5,54.56432179204501,3844176.4371678,2672.137861931009,3.898587467584505e-05,0.11580200240477759
996.0,23.5,54.49180833749875,3846848.113180031,2671.215908109399,3.902321471264813e-05,0.1159347875853534
997.0,23.5,54.41954168723547,3849518.8724593236,2670.304380241016,3.906054522310927e-05,0.11606775246456322
998.0,23.5,54.3475203268923,3852188.725384366,2669.403183965353,3.909786620830809e-05,0.11620089569379317
999.0,23.5,54.27574275586725,3854857.682240009,2668.512225985455,3.913517766943127e-05,0.11633421593568348
1000.0,23.5,54.20420748715371,3857525.75321834,2667.631414052985,3.917247960777001e-05,0.1164677118640051
500.0,24.0,849.7640154422461,981359.5995173565,4505.253265711371,0.00012330517600059727,0.6591201731749334
501.0,24.0,848.5419930345095,985867.5599077004,4510.679017838413,0.0001227571157560127,0.6582971061757464
502.0,24.0,847.3144838564943,990380.9807420471,4516.17433792045,0.00012221369889425055,0.6574658006114024
503.0,24.0,846.0814414773362,994899.9321455541,4521.740344976678,0.00012167484538044042,0.6566262627410929
504.0,24.0,844.8428185116386,999424.4853764054,4527.378186226024,0.00012114047637392262,0.6557784981536838
505.0,24.0,843.5985665982541,1003954.712854508,4533.089037988432,0.00012061051420028321,0.6549225117643728
506.0,24.0,842.3486363783479,1008490.6881910003,4538.874106621158,0.00012008488232393357,0.6540583078106482
507.0,24.0,841.0929774727194,1013032.4862188064,4544.734629492362,0.0001195635053212219,0.6531858898475587
508.0,24.0,839.8315384583359,1017580.1830241604,4550.671875992651,0.00011904630885404703,0.6523052607422722
509.0,24.0,838.5642668440736,1022133.8559791115,4556.687148587735,0.00011853321964396775,0.6514164226679966
510.0,24.0,837.2911090456021,1026693.5837751853,4562.781783912815,0.0001180241654467774,0.6505193770972013
511.0,24.0,836.0120103594141,1031259.4464580928,4568.9571539118315,0.00011751907502753686,0.649614124794186
512.0,24.0,834.7269149359296,1035831.5254636266,4575.214667022524,0.0001170178781360388,0.6487006658069787
513.0,24.0,833.4357657516674,1040409.9036547934,4581.555769410923,0.00011652050548269214,0.6477789994585628
514.0,24.0,832.1385045804236,1044994.6653601505,4587.981946256459,0.00011602688871480494,0.6468491243374257
515.0,24.0,830.8350719634274,1049585.8964135053,4594.494723090485,0.00011553696039325184,0.6459110382874249
516.0,24.0,829.5254071784393,1054183.6841949422,4601.095667191297,0.00011505065396950934,0.6449647383969689
517.0,24.0,828.2094482077123,1058788.1176733074,4607.78638903808,0.0001145679037630349,0.6440102209874641
518.0,24.0,826.8871317048252,1063399.287450153,4614.568543826211,0.0001140886449389872,0.6430474816010845
519.0,24.0,825.5583929602768,1068017.2858052372,4621.443833048191,0.0001136128134862549,0.6420765149877586
520.0,24.0,824.223165865844,1072642.2067436553,4628.414006142338,0.00011314034619579088,0.6410973150914404
521.0,24.0,822.8813828776044,1077274.1460446112,4635.480862213293,0.00011267118063922665,0.6401098750355739
522.0,24.0,821.5329749776072,1081913.2013120013,4642.646251827885,0.00011220525514775723,0.6391141871077947
523.0,24.0,820.1778716340903,1086559.4720268005,4649.912078890028,0.00011174250879127285,0.6381102427437729
524.0,24.0,818.8160007602237,1091213.0596013605,4657.280302599098,0.00011128288135773005,0.6370980325102472
525.0,24.0,817.4472886712745,1095874.0674357319,4664.752939495733,0.00011082631333273786,0.6360775460871586
526.0,24.0,816.0716600401361,1100542.6009760706,4672.332065600035,0.000110372745879343,0.6350487722488796
527.0,24.0,814.6890378511805,1105218.7677752038,4680.019818646649,0.00010992212081800963,0.6340116988445296
528.0,24.0,813.299343352295,1109902.6775555338,4687.818400422141,0.0001094743806067584,0.6329663127773015
529.0,24.0,811.9024960050707,1114594.4422742839,4695.730079210174,0.0001090294683214612,0.6319125999827777
530.0,24.0,810.4984134330383,1119294.1761912757,4703.757192350086,0.0001085873276362708,0.6308505454062151
531.0,24.0,809.0870113678623,1124001.995939297,4711.902148915129,0.00010814790280416806,0.629780132978733
532.0,24.0,807.6682035933958,1128718.020597257,4720.167432517069,0.00010771113863760775,0.6287013455923703
533.0,24.0,806.2419018875038,1133442.3717661437,4728.555604243895,0.00010727698048924902,0.6276141650739737
534.0,24.0,804.8080159615336,1138175.1736480724,4737.069305738222,0.00010684537423274735,0.6265185721578456
535.0,24.0,803.3664533973473,1142916.5531283848,4745.711262423967,0.00010641626624359716,0.625414546457142
536.0,24.0,801.9171195817416,1147666.6398611686,4754.484286890306,0.00010598960337999085,0.6243020664338844
537.0,24.0,800.4599176382225,1152425.5663581484,4763.39128244104,0.00010556533296370054,0.6231811093676549
538.0,24.0,798.9947483559001,1157193.4680812352,4772.435246819445,0.00010514340276093416,0.622051651322771
539.0,24.0,797.5215101154248,1161970.4835389527,4781.619276118723,0.00010472376096316192,0.6209136671139767
540.0,24.0,796.0400988118226,1166756.7543867764,4790.94656888866,0.00010430635616789521,0.6197671302705507
541.0,24.0,794.5504077740243,1171552.4255317554,4800.420430449945,0.00010389113735938072,0.6186120129987348
542.0,24.0,793.0523276809724,1176357.645241525,4810.044277428981,0.00010347805388920306,0.61744828614245
543.0,24.0,791.5457464740938,1181172.5652579768,4819.821642525953,0.00010306705545676052,0.6162759191421705
544.0,24.0,790.030549265978,1185997.3409158133,4829.756179530296,0.0001026580920895997,0.6150948799919188
545.0,24.0,788.506618245052,1190832.1312662594,4839.851668598701,0.00010225111412357687,0.613905135194252
546.0,24.0,786.9738325760312,1195677.0992061924,4850.112021811831,0.00010184607218282175,0.6127066497131572
547.0,24.0,785.4320682959466,1200532.4116129505,4860.541289026911,0.00010144291715947813,0.6114993869247589
548.0,24.0,783.8811982054953,1205398.2394851767,4871.143664044843,0.00010104160019319099,0.6102833085657192
549.0,24.0,782.3210917554784,1210274.7580899748,4881.9234911115855,0.00010064207265031314,0.6090583746792425
550.0,24.0,780.7516149280251,1215162.1471167682,4892.885271775178,0.00010024428610279176,0.6078245435584981
551.0,24.0,779.1726301123689,1220060.5908381757,4904.033672121064,9.984819230671471e-05,0.6065817716874236
552.0,24.0,777.5839959748417,1224970.2782783255,4915.373530411013,9.945374318047355e-05,0.6053300136787017
553.0,24.0,775.9855673227614,1229891.4033890506,4926.909865150834,9.906089078250623e-05,0.6040692222087877
554.0,24.0,774.3771949618862,1234824.1652343373,4938.647883616729,9.866958728858709e-05,0.6027993479498397
555.0,24.0,772.7587255470643,1239768.7681835762,4950.592990869967,9.827978496861848e-05,0.6015203394983809
556.0,24.0,771.1300014256876,1244725.4221140516,4962.75079929305,9.789143616288542e-05,0.6002321433005228
557.0,24.0,769.4908604735307,1249694.342623284,4975.127138683474,9.750449325772388e-05,0.5989347035735597
558.0,24.0,767.8411359225323,1254675.7512517173,4987.728066942949,9.711890866055766e-05,0.5976279622237388
559.0,24.0,766.180656180051,1259669.8757164457,5000.5598814038485,9.673463477425326e-05,0.5963118587600056
560.0,24.0,764.5092446390804,1264676.950156583,5013.629130837907,9.635162397073778e-05,0.5949863302034919
561.0,24.0,762.8267194788648,1269697.2153910112,5026.9426281955475,9.59698285638195e-05,0.5936513109925006
562.0,24.0,761.1328934553667,1274730.9191892562,5040.507464128572,9.558920078115686e-05,0.5923067328827559
563.0,24.0,759.4275736809361,1279778.3165562835,5054.331021353196,9.52096927353054e-05,0.5909525248426342
564.0,24.0,757.7105613925007,1284839.6700321473,5068.420989915577,9.48312563937711e-05,0.5895886129430791
565.0,24.0,755.9816517076058,1289915.2500073113,5082.785383426621,9.445384354800509e-05,0.5882149202419245
566.0,24.0,754.2406333674568,1295005.3350548109,5097.432556339586,9.407740578124526e-05,0.5868313666622411
567.0,24.0,752.4872884662122,1300110.2122801528,5112.371222350006,9.370189443513565e-05,0.5854378688644186
568.0,24.0,750.721392165567,1305230.1776902827,5127.6104740043265,9.33272605750191e-05,0.5840343401115607
569.0,24.0,748.942712393693,1310365.5365827894,5143.159803612152,9.295345495380869e-05,0.5826206901277937
570.0,24.0,747.1510095275072,1315516.60395667,5159.029125564965,9.258042797433827e-05,0.581196824949097
571.0,24.0,745.3460360571019,1320683.704946235,5175.228800174795,9.220812965006508e-05,0.5797626467661207
572.0,24.0,743.5275362311731,1325867.1752796064,5191.769659155556,9.183650956401348e-05,0.5783180537585674
573.0,24.0,741.6952456821139,1331067.361763601,5208.663032883009,9.146551682582166e-05,0.5768629399205574
574.0,24.0,739.8488910293357,1336284.6227968195,5225.920779581845,9.109510002674505e-05,0.5753971948764104
575.0,24.0,737.9881894593127,1341519.3289129555,5243.555316602752,9.072520719246548e-05,0.5739207036862456
576.0,24.0,736.1128482806631,1346771.8633564913,5261.579653969575,9.035578573353665e-05,0.5724333466407163
577.0,24.0,734.2225644524561,1352042.622693167,5280.007430393628,8.998678239328078e-05,0.5709349990441873
578.0,24.0,732.3170240837533,1357332.01745779,5298.852951974977,8.96181431929351e-05,0.5694255309855429
579.0,24.0,730.3959019022946,1362640.472842174,5318.1312338301495,8.924981337384085e-05,0.5679048070958638
580.0,24.0,728.4588606899124,1367968.4294262882,5337.858044915049,8.888173733642594e-05,0.5663726862920035
581.0,24.0,726.5055506821788,1373316.3439559618,5358.049956338535,8.851385857573187e-05,0.5648290215051501
582.0,24.0,724.535608929458,1378684.6901707654,5378.724393496256,8.814611961319856e-05,0.5632736593933023
583.0,24.0,722.5486586163362,1384073.9596860805,5399.899692389711,8.77784619244016e-05,0.5617064400365467
584.0,24.0,720.5443083360162,1389484.6629337776,5421.5951605408945,8.7410825862392e-05,0.5601271966138731
585.0,24.0,718.5221513160778,1394917.330166268,5443.831142955956,8.704315057628037e-05,0.5585357550602612
586.0,24.0,716.4817645914628,1400372.5125292693,5466.629093650264,8.667537392463868e-05,0.5569319337025305
587.0,24.0,714.4227081202916,1405850.78320911,5490.011653305386,8.630743238327718e-05,0.5553155428724534
588.0,24.0,712.3445238375316,1411352.738660997,5514.002733702118,8.593926094688701e-05,0.5536863844953783
589.0,24.0,710.2467346410781,1416878.9999254525,5538.627609652641,8.557079302399323e-05,0.552044251652541
590.0,24.0,708.1288433042173,1422430.2140407197,5563.913019249887,8.52019603246044e-05,0.5503889281150531
591.0,24.0,705.9903313077367,1428007.055559995,5589.887273357631,8.483269273986446e-05,0.5487201878473509
592.0,24.0,703.8306575842499,1433610.2281831638,5616.580375389278,8.44629182129498e-05,0.5470377944777395
593.0,24.0,701.6492571663642,1439240.4665139772,5644.0241525673555,8.409256260034266e-05,0.545341500733382
594.0,24.0,699.4455397294325,1444898.537954784,5672.25240001887,8.372154952253312e-05,0.5436310478369011
595.0,24.0,697.218888018425,1450585.2447524013,5701.301039257384,8.334980020306191e-05,0.541906164861435
596.0,24.0,694.9686561472632,1456301.4262103946,5731.208292823882,8.297723329470068e-05,0.5401665680407418
597.0,24.0,692.6941677574094,1462047.9610849111,5762.0148771233235,8.260376469139433e-05,0.5384119600305707
598.0,24.0,690.3947140208669,1467825.7701834217,5793.764215797857,8.222930732442078e-05,0.5366420291171553
599.0,24.0,688.0695514707769,1473635.8191882037,5826.502676338516,8.185377094101233e-05,0.5348564483683002
600.0,24.0,685.7178996405994,1479479.1217293185,5860.279833058245,8.147706186345256e-05,0.5330548747220751
601.0,24.0,683.3389384900916,1485356.742735272,5895.148760049758,8.109908272635753e-05,0.5312369480075342
602.0,24.0,680.9318055935098,1491269.802093316,5931.166358335103,8.071973218956675e-05,0.5294022898914637
603.0,24.0,678.4955930616826,1497219.4786560165,5968.393722114449,8.033890462365455e-05,0.5275505027444014
604.0,24.0,676.0293441656128,1503207.0146359757,6006.896549843351,7.995648976465206e-05,0.5256811684185209
605.0,24.0,673.5320496243929,1509233.7204367854,6046.7456068499105,7.957237233405183e-05,0.5237938469292063
606.0,24.0,671.0026435144603,1515300.9799756238,6088.017247374314,7.918643161954686e-05,0.5218880750312102
607.0,24.0,668.4399987506818,1521410.2565613464,6130.79400530445,7.879854101127049e-05,0.5199633646794405
608.0,24.0,665.8429220816573,1527563.099402228,6175.165264557822,7.84085674874291e-05,0.5180192013631838
609.0,24.0,663.2101485325012,1533761.1508291129,6221.228022058646,7.801637104226398e-05,0.516055042301572
610.0,24.0,660.5403352171181,1540006.1543342287,6269.087758671507,7.76218040480772e-05,0.5140703144866483
611.0,24.0,657.8320544289546,1546299.9635423042,6318.859436355214,7.72247105416877e-05,0.5120644125590809
612.0,24.0,655.0837859034916,1552644.5522509068,6370.66864330786,7.682492542402408e-05,0.5100366964999749
613.0,24.0,652.2939081270114,1559042.025700526,6424.65291312519,7.642227355959604e-05,0.5079864891206064
614.0,24.0,649.4606885438205,1565494.6332636287,6480.963249152807,7.601656876024966e-05,0.5059130733301791
615.0,24.0,646.5822724872395,1572004.7827759068,6539.765891501172,7.560761263481358e-05,0.5038156891599579
616.0,24.0,643.6566706273187,1578575.0567743776,6601.244371873284,7.519519328288835e-05,0.5016935305203665
617.0,24.0,640.681744689247,1585208.2309564783,6665.60191077465,7.477908380700589e-05,0.4995457416660388
618.0,24.0,637.6551911493154,1591907.2952345663,6733.064223261781,7.43590406125511e-05,0.4973714133425732
619.0,24.0,634.574522557952,1598675.4778333653,6803.882813704245,7.393480145897303e-05,0.49516957858792604
620.0,24.0,631.4370460699664,1605516.2729666056,6878.3388577890755,7.350608321877395e-05,0.4929392081617934
621.0,24.0,628.2398386767752,1612433.4727385438,6956.747792137316,7.307257929211956e-05,0.4906792055778465
622.0,24.0,624.9797185315539,1619431.2040491444,7039.46475961853,7.263395661449718e-05,0.4883884017180424
623.0,24.0,621.6532116298852,1626513.9714470182,7126.891093373469,7.21898521820116e-05,0.486065549015781
624.0,24.0,618.2565129501996,1633686.707078257,7219.48206679791,7.173986900318792e-05,0.4837093152077402
625.0,24.0,614.7854409619151,1640954.8291335437,7317.756193168496,7.128357136676212e-05,0.48131827667529803
626.0,24.0,611.2353841639258,1648324.3105144852,7422.306431085581,7.082047929085481e-05,0.478890911429074
627.0,24.0,607.6012380088674,1655801.7598408922,7533.813745768614,7.035006198894462e-05,0.47642559184033456
628.0,24.0,603.8773301806291,1663394.517429295,7653.063598854102,6.987173015040613e-05,0.47392057729869863
629.0,24.0,600.0573316997643,1671110.7695225033,7780.966101122733,6.938482678581762e-05,0.47137400708930516
630.0,24.0,596.1341507006954,1678959.684886721,7918.580778430216,6.888861632669937e-05,0.46878227860411203
631.0,24.0,592.0998049100083,1686951.5789805169,8067.147192932458,6.838227159153627e-05,0.46614649738273783
632.0,24.0,587.9452677926239,1695098.1123304288,8228.12306225436,6.786485812888989e-05,0.4634626961528284
633.0,24.0,583.6602819305558,1703412.531651468,8403.2320791604,6.733531531553992e-05,0.46072848615087014
634.0,24.0,579.2331313215078,1711909.9648239785,8594.52443399471,6.679243341006103e-05,0.45794135435089817
635.0,24.0,574.6503617270463,1720607.7843778776,8804.454214053028,6.623482552052945e-05,0.45509868271248965
636.0,24.0,569.896434639408,1729526.0591121186,9035.97962390284,6.566089310789098e-05,0.45219778449751963
637.0,24.0,564.9532953443337,1738688.1206598966,9292.694737839907,6.506878316210806e-05,0.44923596761043577
638.0,24.0,559.7998280335603,1748121.2825053742,9579.005992516431,6.445633446674063e-05,0.44621064113027475
639.0,24.0,554.4111593609236,1757857.765475246,9900.374244236811,6.382100924715171e-05,0.44311949200773826
640.0,24.0,548.7577532629272,1767935.9103150987,10263.656675952969,6.315980467416958e-05,0.43996077835444763
641.0,24.0,542.8042085409611,1778401.802715656,10677.607644611278,6.246913557931858e-05,0.4367338220564682
642.0,24.0,536.5076151873811,1789311.515073027,11153.645126124844,6.174467415115846e-05,0.4334398536345149
643.0,24.0,529.8152222213276,1800734.3149640993,11707.084046311706,6.0981121907265076e-05,0.43008350252530075
644.0,24.0,522.6609693067535,1812757.4712604547,12359.232496721945,6.017186880514567e-05,0.4266755143250184
645.0,24.0,514.9600296998551,1825493.852737591,13141.160113359321,5.930845314510127e-05,0.42323788225041353
646.0,24.0,506.5996677295121,1839094.6883478106,14100.851451552417,5.837965045981385e-05,0.41981386478879584
647.0,24.0,497.42290289403707,1853772.388222592,15317.49131537995,5.736983839162252e-05,0.4164880534811154
648.0,24.0,487.19750112492477,1869843.9502735073,16931.33161510142,5.625589447045638e-05,0.41342693159153204
649.0,24.0,475.5540368548536,1887818.2922988099,19208.48858660763,5.5001046619478905e-05,0.410958134664611
650.0,24.0,461.85838916541326,1908579.565321897,22682.191972843157,5.354244320832098e-05,0.409700002587356
651.0,24.0,444.9577860862732,1933770.7233774345,28423.5999099687,5.176737843686948e-05,0.410613589603515
652.0,24.0,422.7723784616387,1966507.195285319,38372.68115940476,4.947927053116635e-05,0.41440762682457355
653.0,24.0,391.486805646144,2013109.6365733158,57854.010940257605,4.6339180413782795e-05,0.4231050599837206
654.0,24.0,340.61429265113975,2093459.2341451435,109049.53362947873,4.1476592307884476e-05,0.4467285603682053
655.0,24.0,279.691636270123,2207861.941998831,97821.16738039728,3.616323360140013e-05,0.3989013013628788
656.0,24.0,246.49187536369618,2284831.1305034677,60835.40098430012,3.358358737013817e-05,0.32946682703457103
657.0,24.0,227.2544272287657,2336186.259576471,43880.17851910723,3.2222089311906155e-05,0.2870300562991612
658.0,24.0,214.04660096258786,2375063.0564861,34723.45607358504,3.1355678366415016e-05,0.2587685869242609
659.0,24.0,204.07609072649154,2406725.047571298,29027.085436571928,3.0744176018638496e-05,0.23830320295979865
660.0,24.0,196.10291126008804,2433688.061528716,25139.97029467933,3.028482815771007e-05,0.22262289759479859
661.0,24.0,189.47767066765795,2457340.0434984933,22312.288376331046,2.9925343754593505e-05,0.21012316589508617
662.0,24.0,183.82054405612482,2478526.15176755,20157.206938769923,2.963585358578804e-05,0.19986389599230417
663.0,24.0,178.8911884740015,2497799.0804041135,18455.738400599203,2.9397837755203042e-05,0.19125364347736928
664.0,24.0,174.52829693569913,2515540.2980925688,17074.859626379643,2.9199088107767192e-05,0.18389933274821516
665.0,24.0,170.61854336175787,2532024.445667587,15929.167838269184,2.9031165981791483e-05,0.1775281080148409
666.0,24.0,167.0793509700898,2547456.0720241982,14961.33147267645,2.888801337947667e-05,0.17194376158872496
667.0,24.0,163.84872951656797,2561991.8184512467,14131.423866493948,2.8765145116136067e-05,0.16700102879170317
668.0,24.0,160.87897674915877,2575754.45417042,13410.771574300623,2.8659154345347295e-05,0.16258969870914172
669.0,24.0,158.1326107533401,2588842.1078883274,12778.238447154929,2.8567396841644533e-05,0.1586243996121887
670.0,24.0,155.57965023908363,2601334.5425833063,12217.891305444535,2.8487782117000078e-05,0.15503780924939967
671.0,24.0,153.19574132305902,2613297.5425332133,11717.483353129555,2.8418630956837377e-05,0.15177600976630487
672.0,24.0,150.96083381451302,2624786.056439353,11267.439683548273,2.8358575672060912e-05,0.14879522912948273
673.0,24.0,148.85822462484902,2635846.4980611396,10860.161076018723,2.8306488641851208e-05,0.14605950429884962
674.0,24.0,146.8738527163473,2646518.462289704,10489.535311787175,2.8261430081727877e-05,0.1435389724467824
675.0,24.0,144.9957702789983,2656836.0268567326,10150.587195687764,2.8222609176537588e-05,0.14120859956372508
676.0,24.0,143.21373984515344,2666828.7546671764,9839.223368289255,2.818935469403823e-05,0.13904721968043124
677.0,24.0,141.51892301554815,2676522.4761022553,9552.043199898857,2.8161092446413995e-05,0.13703679858827633
678.0,24.0,139.9036369009351,2685939.9070942714,9286.196587840073,2.8137327779311128e-05,0.13516186241117573
679.0,24.0,138.3611613464831,2695101.1428959244,9039.275591448026,2.8117631806691473e-05,0.1334090489865066
680.0,24.0,136.88558474510393,2704024.056555535,8809.230843902966,2.8101630474184413e-05,0.1317667519439511
681.0,24.0,135.47167952858464,2712724.623482672,8594.306354312763,2.8088995784537167e-05,0.1302248355997319
682.0,24.0,134.11480073623142,2721217.1880737417,8392.988130915235,2.807943869439306e-05,0.12877440454946787
683.0,24.0,132.8108027115631,2729514.684467213,8203.963311464211,2.807270331641144e-05,0.12740761594239922
684.0,24.0,131.55597017306278,2737628.8206519834,8026.087366685029,2.8068562150628906e-05,0.1261175253740927
685.0,24.0,130.34696078156972,2745570.233050106,7858.357567889348,2.8066812134536377e-05,0.12489795949046892
686.0,24.0,129.18075697720923,2753348.6171241696,7699.891359798199,2.8067271349752422e-05,0.12374340998733638
687.0,24.0,128.05462534633605,2760972.838373948,7549.90860728426,2.806977625929328e-05,0.12264894487692206
688.0,24.0,126.96608214832197,2768451.027182678,7407.716926002239,2.8074179376673484e-05,0.12161013378776087
689.0,24.0,125.91286391435595,2775790.660277789,7272.6994863349855,2.8080347288792747e-05,0.12062298474502729
690.0,24.0,124.8929022481768,2782998.6310311803,7144.304814865899,2.8088158970477264e-05,0.1196838904007958
691.0,24.0,123.90430212800943,2790081.3104018266,7022.038219737345,2.809750434086243e-05,0.11878958208795982
692.0,24.0,122.94532314163293,2797044.5999908037,6905.454544321383,2.810828302141531e-05,0.11793709038670548
693.0,24.0,122.01436319123628,2803893.978414729,6794.152013775605,2.812040326294971e-05,0.1171237111400041
694.0,24.0,121.10994428796224,2810634.5419924348,6687.766985746089,2.8133781014966767e-05,0.11634697605038685
695.0,24.0,120.23070012256262,2817271.0405701706,6585.969452973454,2.8148339115415052e-05,0.11560462714606792
696.0,24.0,119.3753651521978,2823807.909173164,6488.459174287745,2.8164006582784407e-05,0.11489459452932482
697.0,24.0,118.54276498673167,2830249.296059854,6394.962333226871,2.818071799552306e-05,0.1142149769205449
698.0,24.0,117.73180789317121,2836599.0876636608,6305.228641645395,2.819841294626472e-05,0.11356402459279072
699.0,24.0,116.94147726576475,2842860.9308321127,6219.028820211671,2.821703556038512e-05,0.11294012435803324
700.0,24.0,116.17082493299583,2849038.252711099,6136.152399400345,2.8236534070073548e-05,0.11234178632044868
701.0,24.0,115.41896519230544,2855134.2785705747,6056.405794072482,2.825686043647506e-05,0.11176763215677016
702.0,24.0,114.68506947964786,2861152.0478250976,5979.610612458446,2.8277970013592972e-05,0.11121638472052807
703.0,24.0,113.96836159452494,2867094.4284666823,5905.602166673739,2.829982124858161e-05,0.11068685879755134
704.0,24.0,113.26811341248505,2872964.1300972495,5834.2281570882005,2.8322375413844147e-05,0.11017795286555057
705.0,24.0,112.58364102659944,2878763.7157225064,5765.347507151715,2.8345596367006577e-05,0.10968864173187379
706.0,24.0,111.91430126744409,2884495.6124474937,5698.829328827362,2.8369450335390773e-05,0.10921796994137173
707.0,24.0,111.25948855792511,2890162.12119576,5634.552001736731,2.839390572207478e-05,0.10876504586135426
708.0,24.0,110.61863206503902,2895765.425558435,5572.402351586425,2.841893293102205e-05,0.10832903636331996
709.0,24.0,109.99119311557891,2901307.599866161,5512.274915512024,2.8444504209095463e-05,0.10790916203191796
710.0,24.0,109.37666284699526,2906790.616565335,5454.071283713958,2.8470593503056966e-05,0.10750469284076945
711.0,24.0,108.77456006821424,2912216.352970299,5397.69950822634,2.849717632989613e-05,0.10711494424259314
712.0,24.0,108.1844293083185,2917586.5974544827,5343.073570902922,2.8524229659040347e-05,0.10673927362777788
713.0,24.0,107.60583903365007,2922903.0551362922,5290.11290375808,2.8551731805177303e-05,0.10637707711128185
714.0,24.0,107.03838001621274,2928167.3531089677,5238.741955700862,2.8579662330575736e-05,0.1060277866126881
715.0,24.0,106.48166383823819,2933381.045258206,5188.889800467166,2.8608001955922797e-05,0.10569086719850251
716.0,24.0,105.93532151952574,2938545.616706383,5140.4897812137415,2.863673247881281e-05,0.10536581465947811
717.0,24.0,105.3990022556671,2943662.4879180496,5093.479187802474,2.866583669912142e-05,0.10505215329893555
718.0,24.0,104.87237225660031,2948733.0184975625,5047.798963291132,2.8695298350587463e-05,0.10474943391084407
719.0,24.0,104.35511367607718,2953758.51070654,5003.393436566288,2.8725102037999944e-05,0.10445723192883186
720.0,24.0,103.84692362365652,2958740.2127258643,4960.210078419145,2.875523317945527e-05,0.10417514572942459
721.0,24.0,103.34751325171248,2963679.3216844997,4918.199278680071,2.8785677953206747e-05,0.10390279507464588
722.0,24.0,102.85660691074055,2968576.9864750667,4877.3141423029,2.8816423248681125e-05,0.10363981968074516
723.0,24.0,102.37394136693216,2973434.310374189,4837.510302529296,2.884745662128072e-05,0.1033858779012368
724.0,24.0,101.89926507659678,2978252.3534838627,4798.74574947248,2.887876625063014e-05,0.10314064551368826
725.0,24.0,101.43233751255991,2983032.1350084785,4760.980672643158,2.8910340901961387e-05,0.10290381460080171
726.0,24.0,100.97292853813961,2987774.635380787,4724.177316100627,2.8942169890362248e-05,0.10267509251731002
727.0,24.0,100.5208178247319,2992480.7982488517,4688.299845053263,2.8974243047640337e-05,0.10245420093506705
728.0,24.0,100.07579430942243,2997151.5323348553,4653.314222857276,2.9006550691579685e-05,0.10224087495948678
729.0,24.0,99.63765568936904,3001787.7131757406,4619.188097471334,2.9039083597388297e-05,0.10203767635816763
730.0,24.0,99.20620795001815,3006390.1847546417,4585.890696522664,2.907183297115458e-05,0.10183865392908689
731.0,24.0,98.78126492447436,3010959.7610314023,4553.392730224875,2.910479042514809e-05,0.10164648369952392
732.0,24.0,98.36264788159696,3015497.227379626,4521.666301464618,2.9137947954814657e-05,0.10146094629973149
733.0,24.0,97.95018514060878,3020003.3419371466,4490.684822441285,2.9171297917330873e-05,0.101281832290754
734.0,24.0,97.54371171020169,3024478.8368761884,4460.422937304155,2.9204833011594264e-05,0.10110894159544064
735.0,24.0,97.14306895029863,3028924.4195989366,4430.856450284969,2.9238546259537384e-05,0.10094208296847126
736.0,24.0,96.74810425479089,3033340.773863806,4401.962258871612,2.9272430988663456e-05,0.10078107350229765
737.0,24.0,96.35867075371436,3037728.560847228,4373.718291611338,2.9306480815710695e-05,0.10062573816618067
738.0,24.0,95.97462703345519,3042088.4201454027,4346.103450170138,2.9340689631360024e-05,0.1004759093757539
739.0,24.0,95.59583687369641,3046420.9707200956,4319.097555309119,2.9375051585908643e-05,0.10033142659077175
740.0,24.0,95.22216899992125,3050726.8117922232,4292.6812964695755,2.940956107583839e-05,0.10019213593890414
741.0,24.0,94.85349685038366,3055006.52368674,4266.836184685816,2.944421273121358e-05,0.10005788986361967
742.0,24.0,94.48969835654893,3059260.6686319644,4241.544508570018,2.9479001403848666e-05,0.09992854679437238
743.0,24.0,94.13065573608093,3063489.79151635,4216.789293135421,2.9513922156191123e-05,0.0998039708374515
744.0,24.0,93.77625529753163,3067694.420605395,4192.554261244738,2.9548970250868823e-05,0.099684031485994
745.0,24.0,93.42638725594666,3071875.0682212403,4168.823797488464,2.9584141140855934e-05,0.0995686033477809
746.0,24.0,93.08094555866907,3076032.231387277,4145.582914314799,2.9619430460214473e-05,0.0994575658895533
747.0,24.0,92.73982772067127,3080166.392439947,4122.817220247294,2.9654834015372465e-05,0.09935080319668257
748.0,24.0,92.40293466880142,3084278.019609744,4100.512890040385,2.969034777690218e-05,0.09924820374712731
749.0,24.0,92.07017059437143,3088367.5675732754,4078.6566366348193,2.972596787176552e-05,0.09914966019868815
750.0,24.0,91.74144281355915,3092435.477978124,4057.235684786469,2.9761690575994953e-05,0.09905506918865399
751.0,24.0,91.4166616351346,3096482.1799421352,4036.2377462520067,2.9797512307782317e-05,0.09896433114500054
752.0,24.0,91.09574023505569,3100508.0905286246,4015.650996424176,2.983342962094835e-05,0.09887735010836796
753.0,24.0,90.77859453751194,3104513.6151988823,3995.464052317932,2.986943919876886e-05,0.09879403356410187
754.0,24.0,90.46514310202228,3108499.148243336,3975.6659518161205,2.9905537848134884e-05,0.09871429228369707
755.0,24.0,90.15530701622487,3112465.0731925215,3956.246134090793,2.9941722494025555e-05,0.0986380401750326
756.0,24.0,89.84900979401783,3116411.763209045,3937.1944211222435,2.997799017427449e-05,0.0985651941408302
757.0,24.0,89.54617727873475,3120339.5814615875,3918.501000243969,3.001433803461134e-05,0.09849567394481243
758.0,24.0,89.24673755106184,3124248.8814819255,3900.1564076470736,3.0050763323961763e-05,0.09842940208507271
759.0,24.0,88.95062084142137,3128140.0075059202,3882.151512782519,3.0087263389990193e-05,0.09836630367420517
760.0,24.0,88.65775944656374,3132013.294799336,3864.4775036040555,3.012383567487067e-05,0.09830630632577456
761.0,24.0,88.36808765013198,3135869.069969284,3847.125872599068,3.01604777112723e-05,0.09824934004673623
762.0,24.0,88.08154164697142,3139707.6512620924,3830.088403558019,3.0197187118546602e-05,0.09819533713544255
763.0,24.0,87.79805947097843,3143529.3488482754,3813.357159036995,3.0233961599105023e-05,0.09814423208489927
764.0,24.0,87.51758092629059,3147334.465095312,3796.9244684708447,3.0270798934975434e-05,0.09809596149095537
765.0,24.0,87.24004752163592,3151123.2948288284,3780.7829168974718,3.0307696984527496e-05,0.0980504639651353
766.0,24.0,86.96540240766998,3154896.12558281,3764.925334256627,3.0344653679357238e-05,0.09800768005183876
767.0,24.0,86.69359031713824,3158653.237839378,3749.344785228829,3.0381667021321704e-05,0.0979675521496534
768.0,24.0,86.4245575077156,3162394.905258663,3734.0345595827494,3.04187350797155e-05,0.09793002443654313
769.0,24.0,86.1582517073785,3166121.3948992635,3718.988163001126,3.0455855988581166e-05,0.0978950427986881
770.0,24.0,85.89462206217902,3169832.9674297688,3704.1993083575912,3.0493027944146116e-05,0.0978625547627699
771.0,24.0,85.63361908629527,3173529.8773317593,3689.661907418464,3.053024920237921e-05,0.09783250943150673
772.0,24.0,85.37519461423945,3177212.3730947236,3675.370062945254,3.0567518076660437e-05,0.09780485742225693
773.0,24.0,85.11930175511594,3180880.697403258,3661.318061175342,3.060483293555759e-05,0.09777955080852012
774.0,24.0,84.86589484882225,3184535.0873169424,3647.5003646595214,3.0642192200704465e-05,0.09775654306417669
775.0,24.0,84.6149294240981,3188175.7744431975,3633.9116054367732,3.067959434477489e-05,0.09773578901031658
776.0,24.0,84.36636215832745,3191802.9851035126,3620.546578527476,3.071703788954776e-05,0.09771724476451527
777.0,24.0,84.12015083900991,3195416.9404932805,3607.4002357279023,3.075452140405831e-05,0.09770086769242786
778.0,24.0,83.87625432681641,3199017.8568356074,3594.467679689494,3.07920435028311e-05,0.09768661636157544
779.0,24.0,83.63463252015443,3202605.9455293124,3581.7441582677416,3.082960284419066e-05,0.09767445049720913
780.0,24.0,83.39524632116844,3206181.4132914077,3569.225059126239,3.086719812864566e-05,0.0976643309401419
781.0,24.0,83.15805760310707,3209744.462294323,3556.905904582476,3.0904828097343e-05,0.09765621960644606
782.0,24.0,82.92302917899245,3213295.2902980647,3544.78234668266,3.09424915305884e-05,0.09765007944891994
783.0,24.0,82.6901247715295,3216834.090777586,3532.850162493681,3.0980187246429995e-05,0.09764587442023291
784.0,24.0,82.4593089841974,3220361.053045528,3521.105249600999,3.1017914099301885e-05,0.09764356943766267
785.0,24.0,82.23054727346882,3223876.3623705744,3509.5436218019395,3.1055670978724825e-05,0.09764313034934578
786.0,24.0,82.00380592210355,3227380.20009159,3498.1614049844216,3.109345680806117e-05,0.0976445239019643
787.0,24.0,81.77905201346876,3230872.7437277213,3486.9548331818346,3.113127054332132e-05,0.0976477177097968
788.0,24.0,81.5562534068382,3234354.167084641,3475.920244795196,3.116911117201955e-05,0.0976526802250681
789.0,24.0,81.33537871362675,3237824.640357087,3465.0540789743386,3.120697771207646e-05,0.09765938070953163
790.0,24.0,81.116397274518,3241284.3302278775,3454.3528721502403,3.1244869210766176e-05,0.09766778920722627
791.0,24.0,80.89927913744536,3244733.3999635065,3443.813254711138,3.1282784743705994e-05,0.09767787651834983
792.0,24.0,80.68399503638899,3248172.009506506,3433.4319478154553,3.1320723413886545e-05,0.09768961417419611
793.0,24.0,80.47051637095268,3251600.3155646683,3423.2057603349153,3.1358684350740614e-05,0.09770297441310416
794.0,24.0,80.25881518668697,3255018.471697288,3413.131585921652,3.1396666709248914e-05,0.097717930157373
795.0,24.0,80.04886415612572,3258426.628398526,3403.2064001933954,3.143466966908088e-05,0.09773445499109473
796.0,24.0,79.84063656050616,3261824.933178012,3393.427258031209,3.1472692433769204e-05,0.09775252313886532
797.0,24.0,79.63410627214255,3265213.5306388033,3383.791290984458,3.151073422991634e-05,0.09777210944532976
798.0,24.0,79.42924773742723,3268592.562552797,3374.2957047781,3.1548794306431755e-05,0.0977931893555262
799.0,24.0,79.22603596042993,3271962.1679337015,3364.937776917466,3.158687193379822e-05,0.0978157388959895
800.0,24.0,79.02444648707338,3275322.48310766,3355.714854386196,3.1624966403366424e-05,0.09783973465658222
801.0,24.0,78.82445538985971,3278673.6417816104,3346.6243514329844,3.166307702667596e-05,0.09786515377301856
802.0,24.0,78.62603925312484,3282015.7751094806,3337.6637474431827,3.170120313480216e-05,0.09789197391005117
803.0,24.0,78.42917515879981,3285349.0117562963,3328.830584891425,3.173934407772728e-05,0.09792017324529079
804.0,24.0,78.23384067265829,3288673.477960281,3320.122467371676,3.177749922373508e-05,0.09794973045363138
805.0,24.0,78.04001383103058,3291989.297593019,3311.5370577012677,3.181566795882791e-05,0.09798062469225295
806.0,24.0,77.84767312796502,3295296.592217755,3303.0720760956838,3.18538496861651e-05,0.09801283558617842
807.0,24.0,77.65679750281978,3298595.4811459184,3294.725298410983,3.189204382552199e-05,0.09804634321435955
808.0,24.0,77.46736632826742,3301886.081491904,3286.494554450953,3.193024981276871e-05,0.0980811280962689
809.0,24.0,77.27935939869519,3305168.508226204,3278.377726336155,3.196846709936759e-05,0.09811717117897742
810.0,24.0,77.09275691898787,3308442.874226932,3270.372746932293,3.2006695151888884e-05,0.09815445382469552
811.0,24.0,76.9075394936757,3311709.2903298084,3262.4775983352924,3.204493345154365e-05,0.09819295779875907
812.0,24.0,76.72368811643496,3314967.865376646,3254.6903104107596,3.2083181493733336e-05,0.09823266525804154
813.0,24.0,76.54118415992667,3318218.706262429,3247.0089593854905,3.2121438787615264e-05,0.09827355873977375
814.0,24.0,76.36000936596167,3321461.9179809745,3239.431666488902,3.2159704855683404e-05,0.09831562115075543
815.0,24.0,76.1801458359784,3324697.603669285,3231.956596642277,3.21979792333638e-05,0.09835883575694163
816.0,24.0,76.00157602182216,3327925.8646506006,3224.5819571938723,3.223626146862411e-05,0.0984031861733891
817.0,24.0,75.82428271681516,3331146.8004762116,3217.3059966980163,3.227455112159664e-05,0.09844865635454753
818.0,24.0,75.64824904710528,3334360.508966076,3210.1270037363897,3.23128477642144e-05,0.09849523058488219
819.0,24.0,75.47345846328419,3337567.086248268,3203.0433057797936,3.235115097985953e-05,0.09854289346981454
820.0,24.0,75.29989473226456,3340766.6267973166,3196.053268088787,3.238946036302381e-05,0.0985916299269677
821.0,24.0,75.12754192940709,3343959.2234714655,3189.1552926516197,3.242777551898067e-05,0.09864142517770519
822.0,24.0,74.95638443088762,3347144.967548881,3182.347817158001,3.246609606346818e-05,0.0986922647389512
823.0,24.0,74.78640690629692,3350323.948762856,3175.6293140072803,3.2504421622382785e-05,0.09874413441528114
824.0,24.0,74.61759431146298,3353496.2553360295,3168.998289349671,3.254275183148315e-05,0.09879702029127213
825.0,24.0,74.4499318814897,3356661.9740136885,3162.453282159284,3.2581086336104036e-05,0.09885090872410322
826.0,24.0,74.2834051240033,3359821.190096125,3155.9928633376753,3.261942479087936e-05,0.09890578633639605
827.0,24.0,74.11799981259865,3362973.987470138,3149.6156348467657,3.265776685947466e-05,0.09896164000928608
828.0,24.0,73.9537019804802,3366120.448639665,3143.3202288700118,3.269611221432809e-05,0.09901845687571631
829.0,24.0,73.79049791428835,3369260.654755595,3137.1053070007224,3.27344605364e-05,0.09907622431394454
830.0,24.0,73.6283741481071,3372394.685644797,3130.969559456528,3.277281151493051e-05,0.09913492994125617
831.0,24.0,73.46731745764518,3375522.619838343,3124.911704318998,3.281116484720509e-05,0.0991945616078755
832.0,24.0,73.3073148545853,3378644.534599014,3118.9304867974633,3.284952023832747e-05,0.09925510739106685
833.0,24.0,73.14835358109578,3381760.5059480667,3113.0246785161607,3.288787740099996e-05,0.09931655558942003
834.0,24.0,72.99042110449885,3384870.6086912975,3107.1930768238058,3.2926236055310637e-05,0.0993788947173115
835.0,24.0,72.83350511209044,3387974.9164444404,3101.4345041248075,3.296459592852742e-05,0.09944211349953704
836.0,24.0,72.67759350610622,3391073.5016578846,3095.7478072312956,3.300295675489854e-05,0.09950620086610741
837.0,24.0,72.52267439882958,3394166.435640778,3090.1318567352346,3.304131827545924e-05,0.09957114594720272
838.0,24.0,72.3687361078356,3397253.7885844912,3084.5855463998646,3.307968023784465e-05,0.09963693806827899
839.0,24.0,72.21576715136811,3400335.6295855027,3079.107792569812,3.3118042396108336e-05,0.0997035667453215
840.0,24.0,72.06375624384401,3403412.0266676783,3073.6975335991615,3.315640451054659e-05,0.0997710216802401
841.0,24.0,71.91269229148148,3406483.0468040234,3068.353729296879,3.319476634752809e-05,0.09983929275640101
842.0,24.0,71.76256438804822,3409548.7559378445,3063.075360388969,3.323312767932871e-05,0.09990837003429011
843.0,24.0,71.61336181072477,3412609.219003418,3057.861427996746,3.327148828397159e-05,0.09997824374730403
844.0,24.0,71.46507401608042,3415664.499946132,3052.7109531306965,3.3309847945071874e-05,0.10004890429766343
845.0,24.0,71.3176906361579,3418714.661742115,3047.6229761993786,3.334820645168616e-05,0.10012034225244482
846.0,24.0,71.1712014746619,3421759.7664174126,3042.596556532797,3.3386563598166714e-05,0.10019254833972693
847.0,24.0,71.0255965032506,3424799.875066666,3037.630771919817,3.3424919184019796e-05,0.10026551344484687
848.0,24.0,70.88086585792477,3427835.047871341,3032.724718159092,3.346327301376837e-05,0.10033922860676377
849.0,24.0,70.73699983551263,3430865.344117535,3027.877508623053,3.350162489681894e-05,0.10041368501452444
850.0,24.0,70.59398889024705,3433890.8222133177,3023.088273834536,3.353997464733223e-05,0.10048887400382901
851.0,24.0,70.4518236304322,3436911.539705693,3018.356161055581,3.357832208409773e-05,0.10056478705369237
852.0,24.0,70.31049481519685,3439927.5532971215,3013.68033388804,3.361666703041201e-05,0.10064141578319855
853.0,24.0,70.16999335133202,3442938.9188616835,3009.059971885553,3.3655009313960514e-05,0.10071875194834477
854.0,24.0,70.0303102902099,3445945.691460822,3004.4942701765613,3.36933487667028e-05,0.10079678743897183
855.0,24.0,69.8914368247817,3448947.925358747,2999.982439097944,3.3731685224761236e-05,0.1008755142757789
856.0,24.0,69.75336428665234,3451945.6740374635,2995.523703838967,3.377001852831281e-05,0.10095492460741884
857.0,24.0,69.61608414322947,3454938.9902114407,2991.11730409519,3.380834852148409e-05,0.1010350107076716
858.0,24.0,69.47958799494414,3457927.925841959,2986.762493731994,3.384667505224925e-05,0.10111576497269423
859.0,24.0,69.34386757254171,3460912.532151117,2982.4585404574495,3.388499797233094e-05,0.10119717991834308
860.0,24.0,69.20891473444064,3463892.8596355016,2978.2047255041907,3.392331713710409e-05,0.10127924817756738
861.0,24.0,69.07472146415678,3466868.9580795714,2974.000343320029,3.3961632405502384e-05,0.10136196249787124
862.0,24.0,68.941279867792,3469840.8765687123,2969.844701267011,3.399994363992736e-05,0.10144531573884188
863.0,24.0,68.80858217158409,3472808.663502007,2965.7371193286604,3.403825070616018e-05,0.1015293008697418
864.0,24.0,68.67662071951756,3475772.366604714,2961.676929825146,3.4076553473275766e-05,0.10161391096716295
865.0,24.0,68.54538797099264,3478732.0329404636,2957.66347713612,3.41148518135594e-05,0.10169913921274135
866.0,24.0,68.41487649855074,3481687.7089231852,2953.696117430985,3.4153145602425675e-05,0.10178497889092901
867.0,24.0,68.28507898565536,3484639.4403287624,2949.7742184063663,3.4191434718339666e-05,0.10187142338682241
868.0,24.0,68.15598822452641,3487587.272306426,2945.8971590305564,3.422971904274029e-05,0.1019584661840455
869.0,24.0,68.02759711402656,3490531.2493899153,2942.0643292947225,3.426799845996581e-05,0.10204610086268448
870.0,24.0,67.89989865759786,3493471.415508368,2938.27512997066,3.430627285718136e-05,0.10213432109727448
871.0,24.0,67.77288596124797,3496407.8139969846,2934.5289723749056,3.43445421243085e-05,0.10222312065483437
872.0,24.0,67.64655223158336,3499340.4876074605,2930.825278138994,3.4382806153956616e-05,0.1023124933929502
873.0,24.0,67.52089077388969,3502269.478518181,2927.1634789857003,3.4421064841356346e-05,0.10240243325790353
874.0,24.0,67.39589499025658,3505194.8283442156,2923.543016511055,3.445931808429459e-05,0.10249293428284528
875.0,24.0,67.27155837774663,3508116.5781470756,2919.9633419719903,3.449756578305153e-05,0.10258399058601204
876.0,24.0,67.14787452660687,3511034.768444273,2916.423916079419,3.453580784033917e-05,0.1026755963689841
877.0,24.0,67.02483711852152,3513949.439218671,2912.9242087966013,3.457404416124153e-05,0.1027677459149837
878.0,24.0,66.90243992490535,3516860.629927645,2909.4636991426396,3.461227465315666e-05,0.10286043358721256
879.0,24.0,66.78067680523614,3519768.379512031,2906.041875000954,3.4650499225739885e-05,0.10295365382722599
880.0,24.0,66.65954170542483,3522672.7264049095,2902.6582329325693,3.46887177908488e-05,0.1030474011533443
881.0,24.0,66.53902865622346,3525573.7085401816,2899.3122779941095,3.4726930262489645e-05,0.10314167015909861
882.0,24.0,66.41913177166894,3528471.363360975,2896.0035235603245,3.4765136556765126e-05,0.10323645551171057
883.0,24.0,66.29984524756154,3531365.7278278857,2892.731491151047,3.480333659182349e-05,0.10333175195060443
884.0,24.0,66.18116335997814,3534256.838427031,2889.4957102624307,3.4841530287809236e-05,0.10342755428595106
885.0,24.0,66.06308046381864,3537144.7311779372,2886.2957182023624,3.487971756681469e-05,0.10352385739724149
886.0,24.0,65.94559099138431,3540029.441641281,2883.1310599299104,3.4917898352833276e-05,0.1036206562318897
887.0,24.0,65.82868945098832,3542911.0049264617,2880.0012878987113,3.4956072571713716e-05,0.10371794580386358
888.0,24.0,65.71237042559649,3545789.455699011,2876.905961904173,3.499424015111556e-05,0.10381572119234246
889.0,24.0,65.59662857149837,3548664.828187866,2873.844648934394,3.5032401020465756e-05,0.10391397754040041
890.0,24.0,65.48145861700688,3551537.156192489,2870.816923024673,3.5070555110916525e-05,0.10401271005371361
891.0,24.0,65.36685536118695,3554406.4730898403,2867.8223651155404,3.5108702355304155e-05,0.10411191399929239
892.0,24.0,65.25281367261134,3557272.811841217,2864.860562914186,3.514684268810882e-05,0.10421158470423394
893.0,24.0,65.1393284881436,3560136.204998946,2861.9311107592025,3.5184976045415674e-05,0.10431171755449802
894.0,24.0,65.02639481174727,3562996.684712959,2859.033609488544,3.5223102364876725e-05,0.10441230799370137
895.0,24.0,64.9140077133205,3565854.2827372183,2856.167666310621,3.526122158567367e-05,0.10451335152193203
896.0,24.0,64.80216232755565,3568709.0304360283,2853.3328946784327,3.529933364848184e-05,0.10461484369458111
897.0,24.0,64.6908538528233,3571560.9587902157,2850.5289141666644,3.533743849543485e-05,0.10471678012119169
898.0,24.0,64.58007755007971,3574410.098403194,2847.7553503516615,3.5375536070090423e-05,0.10481915646432279
899.0,24.0,64.46982874179758,3577256.4795069075,2845.0118346942095,3.541362631739675e-05,0.1049219684384279
900.0,24.0,64.3601028109192,3580100.1319676484,2842.2980044250353,3.545170918365991e-05,0.10502521180874669
901.0,24.0,64.25089519983139,3582941.085291788,2839.613502432961,3.548978461651209e-05,0.10512888239020854
902.0,24.0,64.1422014093622,3585779.3686313606,2836.9579771556387,3.5527852564880416e-05,0.10523297604634627
903.0,24.0,64.03401699779806,3588615.010789572,2834.331082472797,3.556591297895693e-05,0.10533748868821931
904.0,24.0,63.92633757992157,3591448.0402261843,2831.7324776019295,3.5603965810168865e-05,0.10544241627334427
905.0,24.0,63.81915882606908,3594278.485062806,2829.161826996368,3.564201101115002e-05,0.10554775480463191
906.0,24.0,63.71247646120745,3597106.373088073,2826.618800245666,3.5680048535712664e-05,0.10565350032932794
907.0,24.0,63.606286264030125,3599931.7317627375,2824.10307197824,3.571807833882015e-05,0.10575964893795771
908.0,24.0,63.50058406607104,3602754.588224659,2821.6143217662097,3.575610037656027e-05,0.1058661967632706
909.0,24.0,63.395365750837094,3605574.96929371,2819.152234032367,3.579411460611917e-05,0.10597313997918423
910.0,24.0,63.29062725295787,3608392.9014765606,2816.7164979592426,3.583212098575597e-05,0.10608047479972545
911.0,24.0,63.18636455735249,3611208.410971415,2814.306807400191,3.587011947477805e-05,0.10618819747796568
912.0,24.0,63.08257369841332,3614021.5236726273,2811.922860792445,3.590811003351679e-05,0.10629630430494848
913.0,24.0,62.979250759205996,3616832.265175246,2809.56436107212,3.5946092623304044e-05,0.1064047916086069
914.0,24.0,62.87639187068518,3619640.66077947,2807.2310155910627,3.59840672064491e-05,0.10651365575266693
915.0,24.0,62.77399321092622,3622446.7354950244,2804.922536035555,3.602203374621623e-05,0.10662289313553464
916.0,24.0,62.672051004371745,3625250.514045451,2802.638638346777,3.605999220680279e-05,0.10673250018916304
917.0,24.0,62.57056152109314,3628052.020872332,2800.3790426430223,3.609794255331789e-05,0.10684247337789508
918.0,24.0,62.469521076066634,3630851.2801394253,2798.143473143596,3.6135884751761355e-05,0.10695280919727734
919.0,24.0,62.36892602846343,3633648.315736727,2795.9316580943637,3.6173818769003586e-05,0.10706350417284205
920.0,24.0,62.26877278095382,3636443.1512844553,2793.7433296949143,3.62117445727655e-05,0.10717455485884894
921.0,24.0,62.1690577790245,3639235.8101369846,2791.5782240272756,3.6249662131599195e-05,0.10728595783698369
922.0,24.0,62.0697775103094,3642026.315386676,2789.4360809861782,3.628757141486902e-05,0.10739770971500433
923.0,24.0,61.970928503933365,3644814.6898676716,2787.3166442107904,3.6325472392733026e-05,0.10750980712532901
924.0,24.0,61.87250732986822,3647600.956159587,2785.2196610179253,3.6363365036125016e-05,0.10762224672355608
925.0,24.0,61.77451059830139,3650385.1365911714,2783.1448823366422,3.640124931673677e-05,0.10773502518690678
926.0,24.0,61.67693495901636,3653167.2532438836,2781.092062644259,3.643912520700097e-05,0.10784813921257941
927.0,24.0,61.57977710078522,3655947.327955407,2779.0609599036907,3.6476992680074325e-05,0.10796158551600264
928.0,24.0,61.48303375077225,3658725.3823230998,2777.0513355021126,3.651485170982115e-05,0.10807536082897218
929.0,24.0,61.38670167394909,3661501.4377074046,2775.062954190907,3.655270227079749e-05,0.10818946189765598
930.0,24.0,61.2907776725208,3664275.515235161,2773.095584026863,3.659054433823519e-05,0.10830388548044625
931.0,24.0,61.195258585362645,3667047.635802905,2771.148996314598,3.662837788802691e-05,0.10841862834563822
932.0,24.0,61.10014128746744,3669817.8200800726,2769.2229655501724,3.666620289671101e-05,0.10853368726890725
933.0,24.0,61.00542268940308,3672586.0885121664,2767.3172693658676,3.6704019341457045e-05,0.10864905903055572
934.0,24.0,60.91109973678015,3675352.461323868,2765.431688476102,3.674182720005149e-05,0.10876474041249222
935.0,24.0,60.81716940972944,3678116.958522096,2763.5660066244545,3.677962645088392e-05,0.10888072819490281
936.0,24.0,60.72362872238901,3680879.5998990037,2761.7200105317756,3.6817417072933336e-05,0.10899701915256216
937.0,24.0,60.63047472240058,3683640.40503493,2759.89348984535,3.6855199045754887e-05,0.10911361005072752
938.0,24.0,60.537704490415294,3686399.3933013068,2758.0862370890927,3.689297234946697e-05,0.10923049764054374
939.0,24.0,60.44531513960828,3689156.583863505,2756.2980476147604,3.6930736964738543e-05,0.10934767865387435
940.0,24.0,60.353303815202224,3691911.995683643,2754.528719554136,3.6968492872776726e-05,0.1094651497974572
941.0,24.0,60.26166769399935,3694665.647523344,2752.7780537721833,3.7006240055314715e-05,0.10958290774625933
942.0,24.0,60.17040398392203,3697417.5579464356,2751.045853821139,3.7043978494600034e-05,0.10970094913588102
943.0,24.0,60.0795099235614,3700167.7453216305,2749.331925895518,3.7081708173382856e-05,0.10981927055382094
944.0,24.0,59.988982781734386,3702916.227825138,2747.63607878802,3.711942907490491e-05,0.1099378685293748
945.0,24.0,59.898819857048196,3705663.0234432346,2745.9581238463093,3.7157141182888246e-05,0.1100567395218776
946.0,24.0,59.80901847747312,3708408.1499748128,2744.2978749306485,3.7194844481524683e-05,0.11017587990693387
947.0,24.0,59.71957599992216,3711151.625033855,2742.6551483723697,3.7232538955465074e-05,0.11029528596017642
948.0,24.0,59.63048980983888,3713893.466051902,2741.0297629331644,3.727022458980917e-05,0.11041495383797618
949.0,24.0,59.54175732079188,3716633.690280452,2739.421539765165,3.730790137009553e-05,0.11053487955435279
950.0,24.0,59.45337597407663,3719372.314793333,2737.8303023718136,3.734556928229166e-05,0.11065505895311051
951.0,24.0,59.36534323832434,3722109.356489035,2736.2558765694866,3.73832283127844e-05,0.1107754876739175
952.0,24.0,59.27765660911754,3724844.8320930074,2734.6980904498705,3.7420878448370615e-05,0.11089616111061572
953.0,24.0,59.19031360861227,3727578.7581599127,2733.1567743430614,3.745851967624793e-05,0.11101707435945173
954.0,24.0,59.1033117851669,3730311.151075851,2731.6317607813785,3.7496151984005806e-05,0.11113822215406062
955.0,24.0,59.01664871297741,3733042.0270605343,2730.122884463872,3.753377535961677e-05,0.11125959878279104
956.0,24.0,58.930321991718706,3735771.402169447,2728.6299822215155,3.7571389791427824e-05,0.11138119798211586
957.0,24.0,58.8443292461925,3738499.292295955,2727.152892983061,3.760899526815206e-05,0.11150301279707772
958.0,24.0,58.75866812598059,3741225.7131733894,2725.6914577415414,3.7646591778860525e-05,0.11162503539538003
959.0,24.0,58.67333630510472,3743950.68037709,2724.245519521418,3.768417931297412e-05,0.11174725681480178
960.0,24.0,58.58833148169163,3746674.209326426,2722.8149233463437,3.772175786025583e-05,0.11186966661218949
961.0,24.0,58.503651377644246,3749396.3152867737,2721.3995162075335,3.775932741080304e-05,0.11199225236273402
962.0,24.0,58.419293738317904,3752117.013371475,2719.9991470327423,3.779688795504011e-05,0.11211499892336149
963.0,24.0,58.33525633220264,3754836.31854375,2718.6136666558073,3.783443948371093e-05,0.11223788730859875
964.0,24.0,58.25153695061022,3757554.2456186023,2717.242927786775,3.787198198787189e-05,0.11236089289675048
965.0,24.0,58.16813340736668,3760270.809264658,2715.88678498258,3.7909515458884796e-05,0.11248398240399453
966.0,24.0,58.085043538510064,3762986.024006026,2714.545094618269,3.794703988841005e-05,0.11260710840359585
967.0,24.0,58.002265201992834,3765699.9042240772,2713.217714858759,3.798455526839998e-05,0.11273019840949804
968.0,24.0,57.91979627738962,3768412.464159235,2711.9045056311165,3.8022061591092296e-05,0.1128531300086928
969.0,24.0,57.837634665609514,3771123.717912719,2710.6053285973558,3.805955884900359e-05,0.11297566109383149
970.0,24.0,57.755778288613165,3773833.679448265,2709.320047127723,3.8097047034923195e-05,0.1130971410832872
971.0,24.0,57.67422508913446,3776542.3625938287,2708.0485262744814,3.813452614190704e-05,0.11321250623182003
972.0,24.0,57.59297303040694,3779249.781043238,2706.790632746176,3.817199616327159e-05,0.11334000725178302
973.0,24.0,57.512020095894336,3781955.948357858,2705.546234882354,3.82094570925881e-05,0.11346773062549308
974.0,24.0,57.43136428902588,3784660.877968189,2704.3152026287635,3.824690892367674e-05,0.11359567462823918
975.0,24.0,57.35100363293554,3787364.5831754766,2703.0974075129852,3.828435165060114e-05,0.11372383755089881
976.0,24.0,57.2709361702057,3790067.077153273,2701.892722620517,3.8321785267662827e-05,0.11385221769974958
977.0,24.0,57.19115996261479,3792768.3729489814,2700.701022571277,3.835920976939583e-05,0.11398081339628331
978.0,24.0,57.11167309088914,3795468.4834853904,2699.522183496542,3.839662515056162e-05,0.114109622977024
979.0,24.0,57.03247365445867,3798167.4215621566,2698.356083016284,3.843403140614367e-05,0.11423864479334722
980.0,24.0,56.95355977121654,3800865.1998573006,2697.20260021693,3.847142853134272e-05,0.11436787721130373
981.0,24.0,56.87492957728243,3803561.830928646,2696.0616156294936,3.850881652157176e-05,0.11449731861144485
982.0,24.0,56.79658122676996,3806257.327215265,2694.933011208122,3.854619537245121e-05,0.11462696738865083
983.0,24.0,56.718512891557474,3808951.701038887,2693.8166703090046,3.858356507980423e-05,0.1147568219519619
984.0,24.0,56.640722761062364,3811644.964605288,2692.7124776696537,3.862092563965213e-05,0.11488688072441204
985.0,24.0,56.563209042019274,3814337.1300056647,2691.6203193885603,3.8658277048209937e-05,0.11501714214286492
986.0,24.0,56.48596995826145,3817028.2092179833,2690.540082905205,3.869561930188187e-05,0.1151476046578525
987.0,24.0,56.40900375050571,3819718.2141083134,2689.471656980408,3.873295239725714e-05,0.11527826673341623
988.0,24.0,56.332308676140656,3822407.156432136,2688.4149316770367,3.877027633110571e-05,0.11540912684695055
989.0,24.0,56.255883009018184,3825095.047835644,2687.369798341039,3.880759110037415e-05,0.11554018348904851
990.0,24.0,56.17972503924816,3827781.8998569977,2686.336149582811,3.884489670218163e-05,0.11567143516335003
991.0,24.0,56.10383307299653,3830467.723927606,2685.3138792588834,3.888219313381603e-05,0.11580288038639237
992.0,24.0,56.02820543228613,3833152.5313733406,2684.30288245393,3.8919480392729934e-05,0.11593451768746264
993.0,24.0,55.95284045480081,3835836.333415772,2683.303055463081,3.895675847653703e-05,0.11606634560845265
994.0,24.0,55.877736493692574,3838519.1411733557,2682.314295774538,3.899402738300829e-05,0.11619836270371603
995.0,24.0,55.80289191739142,3841200.9656626303,2681.3365020524957,3.90312871100684e-05,0.11633056753992686
996.0,24.0,55.728305109418386,3843881.8177993787,2680.3695741203464,3.9068537655792276e-05,0.11646295869594166
997.0,24.0,55.6539744682013,3846561.708399777,2679.413412944176,3.910577901840147e-05,0.11659553476266142
998.0,24.0,55.57989840689293,3849240.648181538,2678.467920616533,3.9143011196260954e-05,0.11672829434289803
999.0,24.0,55.50607535319278,3851918.6477650153,2677.533000340484,3.918023418787566e-05,0.1168612360512404
1000.0,24.0,55.432503749170415,3854595.7176743224,2676.608556413929,3.9217447991887335e-05,0.11699435851392401
500.0,24.5,850.1617834204346,981526.4146603771,4502.169503998271,0.00012342532573842178,0.6595636274992931
501.0,24.5,848.9426218397341,986031.2696711317,4507.55187225369,0.00012287743222210302,0.6587427574682044
502.0,24.5,847.7180141068542,990541.5412938142,4513.002908190025,0.00012233418844249721,0.6579136708706078
503.0,24.5,846.4879145724216,995057.298741569,4518.52370721947,0.00012179551444668269,0.6570763744016147
504.0,24.5,845.2522766533166,999578.6123365771,4524.115392160729,0.0001212613314782382,0.6562308740947785
505.0,24.5,844.011052812147,1004105.5535379015,4529.779114108038,0.00012073156194935769,0.6553771753192092
506.0,24.5,842.7641945360293,1008638.1949702193,4535.516053333809,0.00012020612941351495,0.6545152827759703
507.0,24.5,841.5116523146492,1013176.6104534467,4541.327420226745,0.00011968495853865696,0.6536452004938049
508.0,24.5,840.2533756175751,1017720.8750333643,4547.214456266519,0.00011916797508091005,0.6527669318241569
509.0,24.5,838.9893128708079,1022271.0650131905,4553.178435037388,0.00011865510585878006,0.6518804794355589
510.0,24.5,837.7194114325085,1026827.2579862172,4559.220663282101,0.00011814627872782484,0.6509858453073335
511.0,24.5,836.443617567897,1031389.5328695175,4565.3424819980855,0.00011764142255578391,0.6500830307226487
512.0,24.5,835.1618764232813,1035957.9699387623,4571.5452675780025,0.00011714046719815044,0.6491720362609219
513.0,24.5,833.8741319991755,1040532.6508641999,4577.830432996854,0.00011664334347416103,0.6482528617895633
514.0,24.5,832.5803271224764,1045113.6587478607,4584.199429047631,0.00011614998314319336,0.6473255064550588
515.0,24.5,831.2804034176519,1049701.0781620212,4590.653745628004,0.00011566031888154873,0.6463899686733766
516.0,24.5,829.9743012769243,1054294.9951889454,4597.194913080673,0.00011517428425961034,0.6454462461197217
517.0,24.5,828.6619598293636,1058895.4974620536,4603.8245035896325,0.00011469181371935102,0.644494335717571
518.0,24.5,827.3433169088921,1063502.6742084746,4610.544132635539,0.00011421284255218354,0.643534233627039
519.0,24.5,826.0183090211242,1068116.6162930864,4617.355460512561,0.00011373730687713065,0.6425659352325149
520.0,24.5,824.6868713089934,1072737.4162641373,4624.260193910757,0.00011326514361930061,0.6415894351295589
521.0,24.5,823.348937517139,1077365.168400443,4631.2600875656535,0.00011279629048865546,0.6406047271110753
522.0,24.5,822.0044399549664,1081999.9687602834,4638.3569459802475,0.00011233068595905078,0.6396118041526938
523.0,24.5,820.6533094583433,1086641.9152320852,4645.552625221717,0.00011186826924753233,0.6386106583973623
524.0,24.5,819.2954753498842,1091291.1075868907,4652.849034797532,0.00011140898029388106,0.6376012811391419
525.0,24.5,817.930865397709,1095947.6475327888,4660.24813961426,0.00011095275974037356,0.6365836628061291
526.0,24.5,816.5594057726793,1100611.6387713193,4667.751962024484,0.00011049954891176224,0.6355577929425301
527.0,24.5,815.1810210039982,1105283.1870559917,4675.362583964916,0.00011004928979544584,0.634523660189836
528.0,24.5,813.7956339330951,1109962.4002529653,4683.082149192183,0.00010960192502181507,0.6334812522670424
529.0,24.5,812.4031656657563,1114649.3884040387,4690.912865620082,0.00010915739784476371,0.6324305559499266
530.0,24.5,811.0035355223905,1119344.26379201,4698.8570077642835,0.0001087156521223442,0.6313715570493146
531.0,24.5,809.5966609863391,1124047.1410085675,4706.916919300808,0.0001082766322975473,0.6303042403882947
532.0,24.5,808.1824576501756,1128758.1370247523,4715.095015743024,0.00010784028337919934,0.6292285897783605
533.0,24.5,806.7608391598665,1133477.3712642111,4723.393787245182,0.00010740655092295046,0.628144587994428
534.0,24.5,805.3317171566907,1138204.9656792774,4731.815801538403,0.00010697538101233712,0.6270522167486644
535.0,24.5,803.8950012168648,1142941.0448300778,4740.363707006933,0.00010654672023991245,0.6259514566631194
536.0,24.5,802.4505987886707,1147685.735966799,4749.040235912437,0.00010612051568840479,0.6248422872410547
537.0,24.5,800.9984151270671,1152439.1691152172,4757.848207774352,0.00010569671491191065,0.6237246868369649
538.0,24.5,799.5383532255995,1157201.477165726,4766.790532915589,0.00010527526591708609,0.6225986326252193
539.0,24.5,798.0703137454723,1161972.7959659947,4775.8702161831025,0.00010485611714431804,0.6214641005672213
540.0,24.5,796.5941949416978,1166753.2644174208,4785.090360852547,0.00010443921744886745,0.6203210653770979
541.0,24.5,795.1098925861228,1171543.0245755804,4794.454172729001,0.0001040245160819503,0.6191695004857825
542.0,24.5,793.6172998871965,1176342.2217549246,4803.964964454237,0.0001036119626717409,0.6180093780034551
543.0,24.5,792.1163074063248,1181151.00463782,4813.626160033053,0.00010320150720427718,0.6168406686802502
544.0,24.5,790.606802970614,1185969.5253883062,4823.441299592166,0.00010279310000423934,0.6156633418651534
545.0,24.5,789.0886715818563,1190797.9397706757,4833.414044384845,0.00010238669171558683,0.6144773654630172
546.0,24.5,787.5617953215059,1195636.4072732346,4843.548182057004,0.00010198223328201701,0.6132827058895632
547.0,24.5,786.026053251501,1200485.0912374132,4853.847632189984,0.0001015796759272324,0.6120793280243336
548.0,24.5,784.4813213106611,1205344.1589926218,4864.3164521379895,0.00010117897113498101,0.6108671951614327
549.0,24.5,782.9274722064666,1210213.7819970488,4874.958843177468,0.00010078007062884698,0.6096462689580114
550.0,24.5,781.3643753019195,1215094.1359848208,4885.779156989362,0.00010038292635175475,0.6084165093803023
551.0,24.5,779.7918964972896,1219985.4011197654,4896.781902494042,9.998749044516795e-05,0.6071778746471752
552.0,24.5,778.209898106414,1224887.7621562507,4907.971753062309,9.95937152279413e-05,0.6059303211710169
553.0,24.5,776.6182387272581,1229801.40860739,4919.353554126933,9.920155317479142e-05,0.6046738034958221
554.0,24.5,775.0167731064531,1234726.5349210843,4930.932331220058,9.881095689436081e-05,0.6034082742323678
555.0,24.5,773.4053519974264,1239663.3406643525,4942.713298465425,9.842187910682444e-05,0.6021336839902885
556.0,24.5,771.7838220118018,1244612.0307163326,4954.701867555373,9.803427262101026e-05,0.6008499813069185
557.0,24.5,770.1520254636579,1249572.815470586,4966.903657244942,9.764809031098342e-05,0.5995571125726976
558.0,24.5,768.5098002062579,1254545.9110471138,4979.324503398887,9.726328509205842e-05,0.5982550219530053
559.0,24.5,766.856979460789,1259531.5395147554,4991.970469629,9.687980989618364e-05,0.5969436513061656
560.0,24.5,765.193391636658,1264529.9291244894,5004.847858563023,9.649761764665386e-05,0.5956229400974735
561.0,24.5,763.5188601428454,1269541.3145543826,5017.963223789216,9.611666123209843e-05,0.5942928253089895
562.0,24.5,761.8332031897622,1274565.937166824,5031.323382524904,9.573689347968441e-05,0.5929532413448723
563.0,24.5,760.1362335810571,1279604.045278795,5044.935429060501,9.535826712747863e-05,0.591604119932004
564.0,24.5,758.4277584947499,1284655.8944460198,5058.806749035412,9.498073479590495e-05,0.5902453900156489
565.0,24.5,756.7075792530394,1289721.747761815,5072.945034606517,9.460424895822779e-05,0.588876977649846
566.0,24.5,754.9754910800432,1294801.8761715938,5087.358300576614,9.422876190998387e-05,0.5874988058822236
567.0,24.5,753.2312828467726,1299896.5588039937,5102.054901552852,9.385422573729616e-05,0.5861107946329501
568.0,24.5,751.474736802469,1305006.0833197336,5117.043550215305,9.348059228397652e-05,0.5847128605674278
569.0,24.5,749.7056282914459,1310130.7462792986,5132.333336780014,9.310781311733005e-05,0.5833049169623898
570.0,24.5,747.9237254544827,1315270.8535307604,5147.933749749885,9.27358394925657e-05,0.5818868735649797
571.0,24.5,746.128788913778,1320426.7206189784,5163.854698054466,9.23646223157148e-05,0.5804586364444234
572.0,24.5,744.3205714402897,1325598.6732177667,5180.106534690628,9.19941121049312e-05,0.5790201078357767
573.0,24.5,742.4988176023807,1330787.0475864026,5196.700081983868,9.162425895007592e-05,0.5775711859753421
574.0,24.5,740.663263394373,1335992.191052343,5213.64665860526,9.125501247043291e-05,0.5761117649271421
575.0,24.5,738.813635843691,1341214.462521855,5230.9581084882275,9.088632177043214e-05,0.5746417343999498
576.0,24.5,736.9496525950843,1346454.2330205836,5248.646831806038,9.051813539322577e-05,0.5731609795542507
577.0,24.5,735.0710214702485,1351711.886266212,5266.7258181866355,9.015040127194632e-05,0.5716693807984722
578.0,24.5,733.1774400011177,1356987.8192755205,5285.208682358641,8.978306667847557e-05,0.5701668135737905
579.0,24.5,731.2685949348908,1362282.4430084124,5304.109702442277,8.94160781695302e-05,0.5686531481267719
580.0,24.5,729.3441617086644,1367596.1830516227,5323.443861123092,8.904938152984834e-05,0.5671282492690041
581.0,24.5,727.4038038914209,1372929.4803451959,5343.226889968859,8.868292171225272e-05,0.5655919761228704
582.0,24.5,725.4471725908512,1378282.7919549302,5363.475317182013,8.83166427743361e-05,0.5640441818524943
583.0,24.5,723.4739058223141,1383656.59189443,5384.20651910733,8.795048781150076e-05,0.5624847133788703
584.0,24.5,721.4836278368866,1389051.3720007176,5405.4387758568955,8.758439888603833e-05,0.5609134110779994
585.0,24.5,719.4759484053019,1394467.6428676655,5427.191331449192,8.721831695193611e-05,0.559330108460916
586.0,24.5,717.4504620541348,1399905.934842029,5449.484458910287,8.68521817750364e-05,0.5577346318342441
587.0,24.5,715.4067472503108,1405366.7990872497,5472.339530836251,8.648593184815597e-05,0.5561267999399203
588.0,24.5,713.3443655295548,1410850.8087207908,5495.779095976605,8.611950430071929e-05,0.5545064235725096
589.0,24.5,711.262860564002,1416358.56003133,5519.82696246777,8.575283480242372e-05,0.5528733051724914
590.0,24.5,709.1617571636552,1421890.6737827926,5544.508288425115,8.538585746039594e-05,0.5512272383936981
591.0,24.5,707.0405602057793,1427447.796613001,5569.849680692071,8.501850470923734e-05,0.5495680076429231
592.0,24.5,704.8987534857494,1433030.602535485,5595.879302650222,8.465070719329956e-05,0.5478953875896013
593.0,24.5,702.735798482036,1438639.7945541118,5622.626992114444,8.428239364043991e-05,0.5462091426431753
594.0,24.5,700.5511330272568,1444276.106401084,5650.124390476831,8.391349072643083e-05,0.5445090263956236
595.0,24.5,698.3441698762406,1449940.3044102718,5678.405084423974,8.354392292909306e-05,0.5427947810263685
596.0,24.5,696.1142951609887,1455633.18953916,5707.50476173994,8.317361237111262e-05,0.5410661366664972
597.0,24.5,693.8608667211354,1461355.599554375,5737.461382925684,8.280247865036244e-05,0.5393228107189714
598.0,24.5,691.5832122971358,1467108.4113975246,5768.315370620115,8.243043865640876e-05,0.5375645071311375
599.0,24.5,689.2806275717436,1472892.5437503168,5800.109819104457,8.205740637170387e-05,0.535790915615532
600.0,24.5,686.9523740435089,1478708.9598202868,5832.890726521208,8.168329265577537e-05,0.5340017108145823
601.0,24.5,684.5976767137221,1484558.670371382,5866.707252847641,8.130800501047077e-05,0.5321965514042608
602.0,24.5,682.2157215658829,1490442.7370268016,5901.612007144765,8.093144732407805e-05,0.5303750791314285
603.0,24.5,679.8056528136972,1496362.2758754329,5937.661368170735,8.055351959180662e-05,0.5285369177788803
604.0,24.5,677.366569890272,1502318.4614175074,5974.915843117088,8.017411760976348e-05,0.5266816720516216
605.0,24.5,674.897524147172,1508312.5308903563,6013.440470020784,7.979313263913396e-05,0.5248089263771407
606.0,24.5,672.3975152273265,1514345.789021069,6053.305270346054,7.941045103677703e-05,0.5229182436116986
607.0,24.5,669.8654870704071,1520419.6132599227,6094.5857593476585,7.902595384788156e-05,0.5210091636438782
608.0,24.5,667.3003235027301,1526535.459556763,6137.363523161898,7.863951635562661e-05,0.5190812018855451
609.0,24.5,664.7008433563756,1532694.868752116,6181.726873158877,7.82510075820198e-05,0.5171338476395064
610.0,24.5,662.0657950531299,1538899.473666433,6227.771589992548,7.786028973311913e-05,0.515166562331825
611.0,24.5,659.393850578499,1545151.006984168,6275.601772060726,7.746721758076563e-05,0.5131787775956211
612.0,24.5,656.6835987583837,1551451.3100457727,6325.33080582403,7.707163777161405e-05,0.5111698931916593
613.0,24.5,653.9335377363368,1557802.3426793255,6377.082478720922,7.667338805272598e-05,0.5091392747495979
614.0,24.5,651.1420665315702,1564206.1942265653,6430.9922593859,7.627229640113445e-05,0.5070862513120679
615.0,24.5,648.3074755369512,1570665.09594479,6487.208774674093,7.586818004262489e-05,0.5050101126620831
616.0,24.5,645.4279357909268,1577181.4349987006,6545.8955188125665,7.546084434235825e-05,0.5029101064123598
617.0,24.5,642.5014868274258,1583757.7702946982,6607.232837061483,7.505008154690503e-05,0.5007854348334733
618.0,24.5,639.5260228713504,1590396.850457023,6671.420234891123,7.463566935352151e-05,0.4986352513958515
619.0,24.5,636.499277103999,1597101.634300948,6738.679074208494,7.421736927811827e-05,0.4964586569992615
620.0,24.5,633.4188036701694,1603875.3142260865,6809.255731103496,7.379492478805397e-05,0.4942546958623046
621.0,24.5,630.2819570350994,1610721.343035164,6883.425305515056,7.336805915950225e-05,0.4920223510440787
622.0,24.5,627.0858682225207,1617643.464783349,6961.495992922249,7.293647301147886e-05,0.4897605395711953
623.0,24.5,623.8274173711991,1624645.7503851429,7043.814252666586,7.249984145930718e-05,0.48746810714610933
624.0,24.5,620.5032019329695,1631732.6388552682,7130.770938100859,7.205781081904783e-05,0.48514382241858117
625.0,24.5,617.1094996948879,1638908.9852435673,7222.808592198802,7.160999478069041e-05,0.48278637081224035
626.0,24.5,613.6422256356193,1646180.1165508549,7320.430160818792,7.11559699511632e-05,0.4803943479150279
627.0,24.5,610.0968814128707,1653551.8971945036,7424.209437606815,7.069527064764626e-05,0.4779662524686641
628.0,24.5,606.4684960138682,1661030.8059444083,7534.803633731183,7.022738279631941e-05,0.47550047903288384
629.0,24.5,602.7515557703135,1668624.026691902,7652.9685680497705,6.97517367602397e-05,0.4729953104616433
630.0,24.5,598.9399215239737,1676339.5559735994,7779.57710702654,6.926769888081058e-05,0.47044722058517363
631.0,24.5,595.0267302040235,1684186.3308848564,7915.641660296467,6.877456146802586e-05,0.4678576932000301
632.0,24.5,591.0042774072142,1692174.381935331,8062.341774189256,6.827153091212432e-05,0.4652227748577663
633.0,24.5,586.8638767100525,1700315.0165917298,8221.058187139566,6.775771350927487e-05,0.4625402309586417
634.0,24.5,582.5956903176655,1708621.040825098,8393.41515722509,6.723209848984045e-05,0.45980768906192604
635.0,24.5,578.1885241678348,1717107.028082173,8581.33350611167,6.669353760051866e-05,0.45702264316125546
636.0,24.5,573.6295786041863,1725789.6479675793,8787.097750265717,6.614072040632546e-05,0.45418246646856114
637.0,24.5,568.9041429659896,1734688.0709240283,9013.442089347338,6.557214422151967e-05,0.4512844377193906
638.0,24.5,563.995218505563,1743824.470940501,9263.66221335243,6.498607720998618e-05,0.4483257889658558
639.0,24.5,558.8830482379852,1753224.6568401488,9541.76346145714,6.438051264524566e-05,0.44530378780061586
640.0,24.5,553.5445233910582,1762918.8758406993,9852.66192461732,6.375311146004493e-05,0.44221587560465336
641.0,24.5,547.9524217165507,1772942.8542084063,10202.465772796799,6.31011288054066e-05,0.4390598989260273
642.0,24.5,542.0744085691582,1783339.1753011183,10598.883634457792,6.242131791762658e-05,0.4358344997893958
643.0,24.5,535.871688583738,1794159.1574375378,11051.843753506459,6.170980025489992e-05,0.4325397852952496
644.0,24.5,529.2971164869706,1805465.5072257281,11574.479198951412,6.096188281878286e-05,0.4291785030417938
645.0,24.5,522.2924247131484,1817336.2373738529,12184.776244149942,6.017178822818241e-05,0.4257581588948999
646.0,24.5,514.7839311181972,1829870.7519555318,12908.46914671123,5.9332233261322517e-05,0.4222949313722637
647.0,24.5,506.6755057538066,1843199.823552356,13784.34903919721,5.8433732855285925e-05,0.41882105848463214
648.0,24.5,497.83640627630984,1857502.8438639066,14874.356188925307,5.746339084424548e-05,0.4153989158906056
649.0,24.5,488.07926348431397,1873039.0987524004,16283.271983381617,5.640271396632414e-05,0.4121475150720597
650.0,24.5,477.11903463762764,1890206.5793657154,18197.478923413033,5.5223572645584654e-05,0.4092891493797014
651.0,24.5,464.4964392679825,1909654.2445508742,20958.28938957314,5.388082386891528e-05,0.40721287090703456
652.0,24.5,449.445664131665,1932487.7183815902,25173.518688074775,5.230015762027349e-05,0.40646676787108477
653.0,24.5,430.7288039817502,1960580.3908296397,31765.655860815375,5.036517638806856e-05,0.40734660551773544
654.0,24.5,406.5411982794502,1996961.825377104,42127.018530019355,4.791731354854148e-05,0.4095782881929007
655.0,24.5,373.7488662053249,2047613.8403893688,61472.760570512066,4.470076297098865e-05,0.41592008666742386
656.0,24.5,327.4367719801973,2124827.537690059,91953.8483221158,4.0386708586770974e-05,0.42163793385029874
657.0,24.5,281.5771393841726,2214069.1611576956,78629.7339367232,3.644834107019708e-05,0.37736283691117917
658.0,24.5,252.72934528670777,2280346.8187120925,55665.4384871196,3.4192055602988557e-05,0.3253858522059514
659.0,24.5,234.11839415148992,2328736.3285811986,42334.35470906852,3.2849790784529794e-05,0.28874579931566674
660.0,24.5,220.79928919027589,2366737.4309409405,34305.59143868343,3.195388246223016e-05,0.26253666094852657
661.0,24.5,210.55544386066225,2398223.653671485,29023.982593644705,3.130690065164154e-05,0.24281539607289848
662.0,24.5,202.28719448964173,2425278.7059404096,25301.653656597166,3.081462589473741e-05,0.22735464138430006
663.0,24.5,195.38326540212412,2449129.9654046874,22539.1561105384,3.0426231833824226e-05,0.21484778418354755
664.0,24.5,189.47299426934802,2470556.0435706875,20406.262143418724,3.0111654302073178e-05,0.2044810792862692
665.0,24.5,184.31630624907316,2490080.1955741527,18707.573692342317,2.985183181508961e-05,0.19572070007899417
666.0,24.5,179.74952712324935,2508070.472966314,17320.636032935487,2.9634010990510844e-05,0.18820108025990892
667.0,24.5,175.65641159123072,2524795.467102254,16165.027356667884,2.9449285951708518e-05,0.1816628003784832
668.0,24.5,171.95160210318053,2540457.2123271814,15185.83973481739,2.9291217475779767e-05,0.1759161858643786
669.0,24.5,168.57066585191353,2555211.5717021767,14344.340354634927,2.9155013848352133e-05,0.17081900052999333
670.0,24.5,165.4638214122289,2569181.3907227507,13612.436042114407,2.9037022067798103e-05,0.1662622448134642
671.0,24.5,162.59183789528763,2582465.282644024,12969.256981525523,2.8934399346121365e-05,0.16216081025602497
672.0,24.5,159.92326709220913,2595143.672941162,12398.973612047615,2.8844893897592117e-05,0.15844714995593376
673.0,24.5,157.4325229417264,2607283.0666546305,11889.358599584688,2.8766694429791613e-05,0.1550668818785547
674.0,24.5,155.09851639711576,2618939.1299880845,11430.814016993992,2.86983242088373e-05,0.15197566571522242
675.0,24.5,152.90366426837747,2630158.9605197688,11015.697531221896,2.8638564854433337e-05,0.1491369398144152
676.0,24.5,150.83315593272587,2640982.789630457,10637.845784757217,2.8586400453129777e-05,0.14652025188777384
677.0,24.5,148.87440165101492,2651445.2795964573,10292.23085353386,2.8540975861585873e-05,0.14410000784087465
678.0,24.5,147.01661122362506,2661576.5260802764,9974.708388613399,2.8501565113720163e-05,0.14185452034928717
679.0,24.5,145.25046779746557,2671402.843005931,9681.830115823614,2.8467547148612134e-05,0.13976527582698933
680.0,24.5,143.56787221357177,2680947.3843094273,9410.702285031772,2.843838692677561e-05,0.13781636287926385
681.0,24.5,141.96174038695648,2690230.6417646213,9158.877437532376,2.8413620569570934e-05,0.13599402178169187
682.0,24.5,140.42584106826618,2699270.847506284,8924.270676894053,2.8392843541826242e-05,0.1342862857914504
683.0,24.5,138.95466471609734,2708084.3024348547,8705.094196452403,2.8375701164045192e-05,0.13268269293580306
684.0,24.5,137.54331659637123,2716685.6463797293,8499.805573111662,2.8361880927570618e-05,0.1311740524588072
685.0,24.5,136.18742893613057,2725088.082058391,8307.066557109052,2.8351106219289522e-05,0.12975225407096316
686.0,24.5,134.88308820153935,2733303.5620554634,8125.709946845727,2.834313115864954e-05,0.12841011102071204
687.0,24.5,133.62677448298464,2741342.9459605394,7954.712751326968,2.8337736320064345e-05,0.12714123011541126
688.0,24.5,132.415310649006,2749216.1332408255,7793.174285988627,2.8334725165777185e-05,0.12593990338371408
689.0,24.5,131.24581944065358,2756932.1762416395,7640.298171588025,2.8333921053103305e-05,0.12480101724355419
690.0,24.5,130.11568706468276,2764499.37680363,7495.3774450685305,2.8335164709302152e-05,0.12371997592693072
691.0,24.5,129.02253214011583,2771925.369288447,7357.782169764323,2.833831208967359e-05,0.12269263658987462
692.0,24.5,127.96417908134293,2779217.192262553,7226.949066678502,2.834323255164567e-05,0.12171525405732582
693.0,24.5,126.93863517889972,2786381.3506642217,7102.372790629259,2.834980729092624e-05,0.1207844335572341
694.0,24.5,125.94407077866826,2793423.869943396,6983.5985532264185,2.8357927996181103e-05,0.11989709011453512
695.0,24.5,124.97880207047909,2800350.3433976965,6870.215854968747,2.836749568687102e-05,0.11905041352468257
696.0,24.5,124.04127608479529,2807165.9737146264,6761.853135664716,2.8378419705350994e-05,0.11824183802384224
697.0,24.5,123.1300575663257,2813875.609558369,6658.173189106488,2.839061683949069e-05,0.11746901593029255
698.0,24.5,122.24381744990583,2820483.777900644,6558.869216872788,2.840401055621005e-05,0.11672979465790695
699.0,24.5,121.38132270975174,2826994.7126818155,6463.661419094802,2.8418530329658485e-05,0.11602219660454659
700.0,24.5,120.54142739042533,2833412.380295893,6372.294038332276,2.8434111050470386e-05,0.11534440150088199
701.0,24.5,119.72306465832922,2839740.502316805,6284.532787400728,2.8450692504733025e-05,0.11469473087259911
702.0,24.5,118.9252397376309,2845982.575820287,6200.16260384467,2.846821891311004e-05,0.1140716343242123
703.0,24.5,118.14702361519808,2852141.891603472,6118.985683358933,2.848663852204812e-05,0.11347367739817368
704.0,24.5,117.38754741634317,2858221.5505605456,6040.819752291771,2.8505903240225648e-05,0.11289953080060075
705.0,24.5,116.64599736747327,2864224.478436339,5965.496545770623,2.852596831441989e-05,0.11234796081615282
706.0,24.5,115.92161027373743,2870153.439148973,5892.860463261117,2.8546792039822228e-05,0.11181782076063305
707.0,24.5,115.21366944983512,2876011.046846716,5822.7673777216705,2.8568335500541724e-05,0.11130804334167863
708.0,24.5,114.52150105062799,2881799.776842276,5755.083578122727,2.8590562336636365e-05,0.11081763381620281
709.0,24.5,113.84447075538897,2887521.9755490194,5689.684828103147,2.861343853451541e-05,0.11034566384868026
710.0,24.5,113.1819807656207,2893179.8695276976,5626.455526045613,2.863693223798374e-05,0.10989126598742385
711.0,24.5,112.53346708156523,2898775.57373867,5565.287953956055,2.8661013577560794e-05,0.1094536286870648
712.0,24.5,111.89839702697518,2904311.0990827987,5506.08160430351,2.8685654516016367e-05,0.10903199181488693
713.0,24.5,111.2762669955142,2909788.3593042567,5448.742575470888,2.8710828708328212e-05,0.10862564258670486
714.0,24.5,110.66660039543449,2915209.177319647,5393.18302773394,2.8736511374493397e-05,0.10823391188487959
715.0,24.5,110.06894577198867,2920575.2910304484,5339.320692760764,2.87626791838184e-05,0.10785617091697099
716.0,24.5,109.48287508948383,2925888.3586691176,5287.078430541721,2.878931014948157e-05,0.10749182817863705
717.0,24.5,108.9079821569843,2931149.963723636,5236.383828442308,2.8816383532304565e-05,0.10714032668877523
718.0,24.5,108.3438811835201,2936361.6194801796,5187.168837744116,2.8843879752796032e-05,0.10680114146872138
719.0,24.5,107.79020545024184,2941524.773219392,5139.369443614817,2.8871780310638216e-05,0.1064737772406121
720.0,24.5,107.24660608837131,2946640.8100978243,5092.925364946411,2.8900067710882987e-05,0.10615776632289906
721.0,24.5,106.71275095300886,2951711.05674284,5047.779780929641,2.8928725396204745e-05,0.10585266670349767
722.0,24.5,106.18832358393414,2956736.7845862885,5003.87908160463,2.895773768463157e-05,0.10555806027324449
723.0,24.5,105.67302224547846,2961719.212959694,4961.172639950545,2.898708971223762e-05,0.10527355120424721
724.0,24.5,105.16655903837002,2966659.511971396,4919.612603357393,2.901676738033613e-05,0.10499876445938947
725.0,24.5,104.66865907719111,2971558.8051840547,4879.153702568242,2.9046757306760995e-05,0.10473334442072772
726.0,24.5,104.17905972772849,2976418.172109096,4839.753076393571,2.9077046780867645e-05,0.10447695362581527
727.0,24.5,103.69750989907085,2981238.6505331513,4801.370110686746,2.9107623721922385e-05,0.10422927160213175
728.0,24.5,103.2237693858187,2986021.238690007,4763.9662902338205,2.9138476640582547e-05,0.10398999379081171
729.0,24.5,102.75760825621452,2990766.8972904184,4727.505062354874,2.9169594603199764e-05,0.1037588305517554
730.0,24.5,102.29880628241683,2995476.551420908,4691.951711141637,2.9200967198705104e-05,0.10353550624300645
731.0,24.5,101.84715240948512,3000151.0923217316,4657.273241367667,2.9232584507858466e-05,0.10331975836797935
732.0,24.5,101.40244425997543,3004791.3790532104,4623.438271206938,2.926443707466526e-05,0.10311133678475261
733.0,24.5,100.9644876713227,3009398.2400588756,4590.416932983881,2.9296515879782244e-05,0.10291000297219693
734.0,24.5,100.53309626345144,3013972.4746330683,4558.180781256187,2.9328812315751256e-05,0.10271552934821279
735.0,24.5,100.10809103427958,3018514.8543000356,4526.7027076003305,2.93613181639143e-05,0.10252769863579123
736.0,24.5,99.68929998099152,3023026.124110921,4495.956861531545,2.939402557287683e-05,0.10234906927508877
737.0,24.5,99.27655774514069,3027507.00386452,4465.918577044471,2.9426927038398228e-05,0.10217383227099341
738.0,24.5,98.86970527981137,3031958.1892572027,4436.564304309903,2.9460015384599254e-05,0.10200465023379895
739.0,24.5,98.4685895372185,3036380.352966924,4407.8715461063375,2.9493283746385848e-05,0.10184134107979818
740.0,24.5,98.07306317526493,3040774.1456758757,4379.818798604534,2.952672555299756e-05,0.10168373048781246
741.0,24.5,97.68298428169444,3045140.197035955,4352.385496157942,2.956033451259669e-05,0.1015316514796098
742.0,24.5,97.29821611459568,3049479.11658089,4325.551959783633,2.9594104597821346e-05,0.10138494402748313
743.0,24.5,96.91862685810987,3053791.4945885795,4299.299349046373,2.9628030032232345e-05,0.10124345468695181
744.0,24.5,96.544089392293,3058077.902896888,4273.609617084201,2.9662105277589243e-05,0.10110703625272327
745.0,24.5,96.17448107615763,3062338.8956759707,4248.46546853633,2.9696325021896555e-05,0.1009755474362053
746.0,24.5,95.80968354300828,3066575.0101598473,4223.850320155437,2.9730684168165763e-05,0.10084885256300785
747.0,24.5,95.44958250724241,3070786.7673398736,4199.748263904611,2.9765177823843253e-05,0.10072682128899409
748.0,24.5,95.09406758186024,3074974.672622465,4176.144032356338,2.979980129085799e-05,0.1006093283335647
749.0,24.5,94.74303210598084,3079139.2164533064,4153.022966226152,2.983455005624699e-05,0.10049625322896047
750.0,24.5,94.39637298171564,3083280.874910083,4130.3709838873965,2.986941978331897e-05,0.10038748008446789
751.0,24.5,94.05399051980045,3087400.1102656736,4108.174552726252,2.9904406303320802e-05,0.10028289736450051
752.0,24.5,93.7157882934271,3091497.371523566,4086.4206622072466,2.993950560757287e-05,0.10018239767960664
753.0,24.5,93.38167299976445,3095573.094927116,4065.0967985304865,2.9974713840043033e-05,0.10008587758953176
754.0,24.5,93.05155432868473,3099627.7044442613,4044.190920770493,3.001002729033053e-05,0.09999323741752633
755.0,24.5,92.72534483825748,3103661.612229018,4023.691438395942,3.0045442387033345e-05,0.09990438107515522
756.0,24.5,92.40295983659365,3107675.2190611926,4003.587190076777,3.0080955691474966e-05,0.09981921589691703
757.0,24.5,92.08431726966111,3111668.9147654804,3983.867423692922,3.0116563891767533e-05,0.09973765248403763
758.0,24.5,91.76933761471071,3115643.0786111597,3964.521777464817,3.0152263797190603e-05,0.09965960455684383
759.0,24.5,91.45794377898477,3119598.079693424,3945.5402621325725,3.018805233286588e-05,0.09958498881517235
760.0,24.5,91.15006100339518,3123534.277297422,3926.9132441154493,3.0223926534709865e-05,0.09951372480630324
761.0,24.5,90.84561677088494,3127452.0212458787,3908.6314295889197,3.0259883544647398e-05,0.09944573479994774
762.0,24.5,90.54454071920271,3131351.652231271,3890.685849420789,3.029592060607062e-05,0.09938094366985255
763.0,24.5,90.24676455783919,3135233.502133309,3873.067844912323,3.0332035059528563e-05,0.09931927878161162
764.0,24.5,89.95222198889076,3139097.8943225695,3855.769054294103,3.036822433863375e-05,0.09926066988630901
765.0,24.5,89.66084863163012,3142945.1439509615,3838.781399929969,3.040448596617318e-05,0.0992050490196383
766.0,24.5,89.37258195057987,3146775.5582297435,3822.097076185675,3.0440817550411745e-05,0.09915235040617214
767.0,24.5,89.0873611868942,3150589.436695719,3805.7085379218815,3.0477216781577098e-05,0.09910251036847396
768.0,24.5,88.80512729287153,3154387.071466233,3789.6084895739905,3.0513681428515513e-05,0.0990554672407685
769.0,24.5,88.52582286942695,3158168.747483505,3773.789874783812,3.055020933550914e-05,0.09901116128690393
770.0,24.5,88.24939210636732,3161934.742748877,3758.2458665504987,3.058679841924565e-05,0.09896953462235714
771.0,24.5,87.9757807253203,3165685.328547447,3742.969857870335,3.062344666593163e-05,0.09893053114005039
772.0,24.5,87.70493592517687,3169420.769663582,3727.9554528370118,3.0660152128542e-05,0.09889409643976245
773.0,24.5,87.43680632991791,3173141.3245877484,3713.1964581759335,3.069691292419781e-05,0.09886017776093008
774.0,24.5,87.17134193870032,3176847.2457150826,3698.6868751877782,3.0733727231665714e-05,0.09882872391865176
775.0,24.5,86.90849407808791,3180538.7795360894,3684.4208920782203,3.077059328897227e-05,0.09879968524271517
776.0,24.5,86.64821535631654,3184216.1668198826,3670.392876652096,3.0807509391127144e-05,0.09877301351948012
777.0,24.5,86.39045961949311,3187879.6427902584,3656.5973693518667,3.084447388794942e-05,0.09874866193646435
778.0,24.5,86.13518190962976,3191529.4372950015,3643.0290766213125,3.088148518199149e-05,0.09872658502948219
779.0,24.5,85.88233842442347,3195165.7749686893,3629.682864576741,3.09185417265557e-05,0.09870673863220114
780.0,24.5,85.63188647869444,3198788.875389325,3616.5537529690164,3.095564202379849e-05,0.09868907982798589
781.0,24.5,85.38378446740315,3202398.9532290665,3603.636909420806,3.0992784622918074e-05,0.09867356690390985
782.0,24.5,85.13799183016866,3205996.2183993263,3590.927643924319,3.102996811842106e-05,0.09866015930681934
783.0,24.5,84.8944690172167,3209580.8761904994,3578.421403585826,3.106719114846405e-05,0.09864881760134404
784.0,24.5,84.6531774566892,3213153.1274065385,3566.1137676039507,3.11044523932666e-05,0.09863950342975249
785.0,24.5,84.41407952325127,3216713.168494628,3554.0004424696417,3.1141750573591864e-05,0.09863217947355866
786.0,24.5,84.17713850793332,3220261.191670175,3542.077257376253,3.1179084449291656e-05,0.0986268094167898
787.0,24.5,83.9423185891527,3223797.3850372937,3530.3401598291266,3.121645281791267e-05,0.09862335791083136
788.0,24.5,83.70958480485915,3227321.932704999,3518.7852114443963,3.1253854513360936e-05,0.0986217905407706
789.0,24.5,83.47890302575253,3230835.0148992925,3507.4085839275576,3.129128840462178e-05,0.09862207379316355
790.0,24.5,83.25023992952421,3234336.808071318,3496.206555222747,3.132875339453242e-05,0.0986241750251551
791.0,24.5,83.02356297607608,3237827.485001739,3485.1755058242816,3.1366248418604885e-05,0.09862806243488587
792.0,24.5,82.79884038367253,3241307.214901509,3474.3119152424524,3.140377244389675e-05,0.09863370503312303
793.0,24.5,82.5760411059848,3244776.1635091836,3463.6123586160097,3.14413244679275e-05,0.09864107261605588
794.0,24.5,82.35513480998735,3248234.4931849083,3453.0735034642344,3.147890351763837e-05,0.09865013573920034
795.0,24.5,82.13609185466913,3251682.36300124,3442.6921065718197,3.15165086483936e-05,0.09866086569235899
796.0,24.5,81.91888327052472,3255119.9288308998,3432.4650110002926,3.1554138943021344e-05,0.09867323447558751
797.0,24.5,81.70348073979022,3258547.343431609,3422.389143219842,3.159179351089221e-05,0.09868721477611893
798.0,24.5,81.489856577394,3261964.7565281116,3412.4615103559995,3.16294714870339e-05,0.09870277994620258
799.0,24.5,81.27798371258896,3265372.314891498,3402.6791975456804,3.166717203128019e-05,0.09871990398181348
800.0,24.5,81.06783567123998,3268770.162415945,3393.039365397568,3.170489432745281e-05,0.09873856150219357
801.0,24.5,80.85938655873775,3272158.4401929434,3383.5392475520207,3.1742637582574704e-05,0.09875872773018589
802.0,24.5,80.65261104351245,3275537.286583165,3374.176148335882,3.178040102611322e-05,0.09878037847332595
803.0,24.5,80.44748434112292,3278906.837286008,3364.9474405079386,3.181818390925215e-05,0.09880349010565592
804.0,24.5,80.24398219889787,3282267.225406938,3355.8505630908835,3.185598550419101e-05,0.09882803955022973
805.0,24.5,80.04208088110573,3285618.5815227036,3346.8830192859277,3.189380510347065e-05,0.09885400426227763
806.0,24.5,79.84175715463141,3288961.033744503,3338.042374466331,3.193164201932395e-05,0.09888136221300109
807.0,24.5,79.64298827514088,3292294.7077791886,3329.326254246405,3.196949558305055e-05,0.09891009187397135
808.0,24.5,79.44575197371262,3295619.7269885656,3320.7323426226535,3.200736514441457e-05,0.09894017220210378
809.0,24.5,79.25002644391697,3298936.2124468847,3312.2583801838427,3.204525007106432e-05,0.09897158262518407
810.0,24.5,79.0557903293276,3302244.282996556,3303.902162387107,3.20831497479732e-05,0.09900430302792222
811.0,24.5,78.86302271144591,3305544.0553021887,3295.661537897153,3.212106357690073e-05,0.09903831373851144
812.0,24.5,78.67170309802297,3308835.6439029877,3287.534406985899,3.215899097587299e-05,0.09907359551567091
813.0,24.5,78.48181141176389,3312119.161263591,3279.518719989965,3.219693137868161e-05,0.09911012953615168
814.0,24.5,78.29332797939955,3315394.7178233857,3271.6124758235956,3.223488423440063e-05,0.0991478973826863
815.0,24.5,78.106233521111,3318662.4220443596,3263.813720544618,3.227284900692036e-05,0.09918688103236353
816.0,24.5,77.92050914029393,3321922.3804575508,3256.120545971292,3.231082517449765e-05,0.09922706284541093
817.0,24.5,77.7361363136499,3325174.697708139,3248.531088347912,3.2348812229321936e-05,0.09926842555436775
818.0,24.5,77.55309688159159,3328419.4765992253,3241.043527057125,3.2386809677096336e-05,0.09931095225363279
819.0,24.5,77.37137303895126,3331656.8181343395,3233.6560833771014,3.242481703663322e-05,0.09935462638937201
820.0,24.5,77.19094732597978,3334886.821558736,3226.3670192816803,3.24628338394637e-05,0.09939943174977031
821.0,24.5,77.01180261962682,3338109.584399508,3219.174636281792,3.250085962946057e-05,0.099445352455615
822.0,24.5,76.83392212509074,3341325.2025045585,3212.0772743064717,3.2538893962473945e-05,0.09949237295119696
823.0,24.5,76.65728936762926,3344533.770080481,3205.0733106218895,3.2576936405979356e-05,0.09954047799551653
824.0,24.5,76.48188818462006,3347735.3797293603,3198.161158786883,3.261498653873763e-05,0.09958965265378279
825.0,24.5,76.30770271786395,3350930.122484571,3191.3392676435615,3.265304395046622e-05,0.09963988228919467
826.0,24.5,76.13471740612039,3354118.0878455574,3184.606120341587,3.2691108241521475e-05,0.09969115255499184
827.0,24.5,75.96291697786799,3357299.3638116783,3177.9602333948283,3.2729179022591454e-05,0.09974344938676648
828.0,24.5,75.79228644428166,3360474.036915104,3171.400155769148,3.2767255914398905e-05,0.09979675899502458
829.0,24.5,75.62281109241809,3363642.1922528273,3164.9244680000725,3.2805338547413975e-05,0.09985106785798767
830.0,24.5,75.454476478604,3366803.913517807,3158.531781339262,3.2843426561576274e-05,0.09990636271462598
831.0,24.5,75.28726842201777,3369959.2830292657,3152.2207369286366,3.288151960602616e-05,0.09996263055791389
832.0,24.5,75.12117299845941,3373108.3817621786,3145.990005001121,3.291961733884451e-05,0.10001985862829932
833.0,24.5,74.95617653430195,3376251.289375974,3139.8382841070297,3.295771942680096e-05,0.10007803440737946
834.0,24.5,74.79226560061733,3379388.0842424785,3133.764300365082,3.299582554511028e-05,0.10013714561177436
835.0,24.5,74.62942700747196,3382518.8434731183,3127.766806737193,3.3033935377196434e-05,0.10019718018719202
836.0,24.5,74.46764779838489,3385643.642945408,3121.8445823260895,3.3072048614464204e-05,0.10025812630267672
837.0,24.5,74.30691524494422,3388762.5573287546,3115.9964316949727,3.3110164956077985e-05,0.10031997234503506
838.0,24.5,74.14721684157585,3391875.6601095786,3110.2211842083793,3.31482841087476e-05,0.10038270691343233
839.0,24.5,73.98854030045935,3394983.0236158012,3104.5176933934918,3.318640578652073e-05,0.10044631881415352
840.0,24.5,73.83087354658659,3398084.7190406895,3098.8848363211396,3.322452971058196e-05,0.10051079705552257
841.0,24.5,73.67420471295752,3401180.8164661136,3093.321513005787,3.326265560905796e-05,0.10057613084297487
842.0,24.5,73.51852213590992,3404271.384885172,3087.8266458238472,3.330078321682866e-05,0.10064230957427651
843.0,24.5,73.363814350577,3407356.492224293,3082.399178949631,3.3338912275344404e-05,0.10070932283488614
844.0,24.5,73.2100700864703,3410436.205364752,3077.038077808333,3.337704253244851e-05,0.10077716039345365
845.0,24.5,73.05727826318294,3413510.5901636453,3071.7423285454656,3.3415173742205326e-05,0.100845812197451
846.0,24.5,72.9054279862092,3416579.7114743674,3066.5109375121115,3.345330566473361e-05,0.10091526836893076
847.0,24.5,72.75450854287756,3419643.6331665525,3061.3429307655115,3.349143806604472e-05,0.1009855192004077
848.0,24.5,72.60450939839235,3422702.4181455444,3056.2373535843913,3.3529570717885884e-05,0.10105655515085905
849.0,24.5,72.45542019198193,3425756.1283713826,3051.1932699985723,3.356770339758811e-05,0.10112836684184007
850.0,24.5,72.30723073314883,3428804.824877317,3046.209762332339,3.3605835887918596e-05,0.1012009450537094
851.0,24.5,72.15993099801932,3431848.5677878857,3041.285930761108,3.364396797693754e-05,0.10127428072196233
852.0,24.5,72.01351112578891,3434887.416336546,3036.42089288094,3.368209945785923e-05,0.10134836493366674
853.0,24.5,71.86796141526159,3437921.428882893,3031.6137832904774,3.372023012891724e-05,0.10142318892399943
854.0,24.5,71.7232723214784,3440950.662929443,3026.863753184859,3.375835979323345e-05,0.10149874407287779
855.0,24.5,71.57943445243428,3443975.175138047,3022.169969961243,3.379648825869115e-05,0.1015750219016862
856.0,24.5,71.43643856587902,3446995.0213458934,3017.5316168355243,3.383461533781157e-05,0.10165201407009092
857.0,24.5,71.29427556620129,3450010.256581137,3012.947892469911,3.387274084763418e-05,0.1017297123729428
858.0,24.5,71.15293650139114,3453020.9350781706,3008.418010610935,3.391086460960038e-05,0.10180810873726413
859.0,24.5,71.01241256008095,3456027.1102925283,3003.941199737649,3.394898644944052e-05,0.1018871952193163
860.0,24.5,70.87269506866042,3459028.8349154415,2999.516702719594,3.39871061970642e-05,0.10196696400174637
861.0,24.5,70.73377548846497,3462026.1608880763,2995.143776484259,3.402522368645375e-05,0.10204740739080968
862.0,24.5,70.59564541303426,3465019.1394154103,2990.8216916937236,3.406333875556057e-05,0.10212851781366585
863.0,24.5,70.45829656543903,3468007.8209798266,2986.549732430178,3.410145124620465e-05,0.10221028781574562
864.0,24.5,70.3217207956747,3470992.255354368,2982.3271958900464,3.4139561003976685e-05,0.10229271005818681
865.0,24.5,70.18591007811942,3473972.4916157126,2978.1533920864326,3.417766787814312e-05,0.10237577731533647
866.0,24.5,70.05085650905438,3476948.5781568317,2974.0276435596224,3.421577172155384e-05,0.10245948247231745
867.0,24.5,69.91655230424513,3479920.562699387,2969.9492850954,3.4253872390552293e-05,0.10254381852265687
868.0,24.5,69.78298979658169,3482888.492305833,2965.917663450918,3.42919697448883e-05,0.10262877856597521
869.0,24.5,69.65016143377625,3485852.413391255,2961.9321370878924,3.433006364763321e-05,0.10271435580573318
870.0,24.5,69.51805977611626,3488812.3717349465,2957.9920759129,3.4368153965097325e-05,0.10280054354703479
871.0,24.5,69.3866774942715,3491768.41249172,2954.0968610245413,3.44062405667497e-05,0.10288733519448506
872.0,24.5,69.25600736715388,3494720.5802029874,2950.245884467276,3.444432332514011e-05,0.10297472425010076
873.0,24.5,69.12604227982825,3497668.9188075666,2946.43854899172,3.448240211582319e-05,0.1030627043112708
874.0,24.5,68.99677522147255,3500613.471652291,2942.674267821189,3.452047681728449e-05,0.10315126906876705
875.0,24.5,68.86819928338637,3503554.2815023554,2938.952464424341,3.455854731086877e-05,0.10324041230480217
876.0,24.5,68.74030765704632,3506491.3905514535,2935.2725722936775,3.459661348071006e-05,0.10333012789113362
877.0,24.5,68.6130936322067,3509424.840431692,2931.6340347297723,3.4634675213663574e-05,0.10342040978721163
878.0,24.5,68.48655059504499,3512354.672223297,2928.036304631036,3.467273239923978e-05,0.1035112520383711
879.0,24.5,68.3606720263496,3515280.926464105,2924.4788442888516,3.471078492953969e-05,0.10360264877406372
880.0,24.5,68.23545149975025,3518203.6431588545,2920.9611251879264,3.4748832699192436e-05,0.10369459420613118
881.0,24.5,68.11088267998856,3521122.8617882906,2917.4826278116993,3.4786875605294076e-05,0.10378708262711639
882.0,24.5,67.98695932122853,3524038.621318055,2914.0428414526614,3.482491354734833e-05,0.10388010840861242
883.0,24.5,67.8636752654053,3526950.960207413,2910.6412640274402,3.486294642720862e-05,0.10397366599964665
884.0,24.5,67.74102444061174,3529859.916417782,2907.2774018965133,3.490097414902198e-05,0.10406774992510084
885.0,24.5,67.61900085952134,3532765.5274210903,2903.9507696884098,3.493899661917393e-05,0.10416235478416311
886.0,24.5,67.49759861784645,3535667.830207953,2900.660890128277,3.497701374623537e-05,0.10425747524881299
887.0,24.5,67.37681189283137,3538566.861295695,2897.407293870675,3.501502544091042e-05,0.1043531060623367
888.0,24.5,67.25663494177894,3541462.6567361844,2894.1895193365017,3.505303161598585e-05,0.10444924203787273
889.0,24.5,67.13706210061001,3544355.2521235356,2891.0071125538975,3.5091032186281696e-05,0.10454587805698505
890.0,24.5,67.01808778245453,3547244.682601622,2887.859627003037,3.512902706860326e-05,0.10464300906826367
891.0,24.5,66.89970647627405,3550130.982871466,2884.7466234647004,3.516701618169431e-05,0.10474063008595183
892.0,24.5,66.78191274551405,3553014.187198458,2881.6676698724973,3.520499944619134e-05,0.10483873618859656
893.0,24.5,66.66470122678632,3555894.329419431,2878.62234116867,3.524297678457928e-05,0.10493732251772447
894.0,24.5,66.5480666285794,3558771.4429496187,2875.610219163342,3.5280948121148135e-05,0.1050363842765384
895.0,24.5,66.43200372999736,3561645.560789432,2872.6308923971433,3.5318913381950745e-05,0.10513591672863601
896.0,24.5,66.31650737952575,3564516.715531132,2869.6839560071076,3.53568724947617e-05,0.10523591519674799
897.0,24.5,66.201572493824,3567384.9393653674,2866.7690115957444,3.539482538903717e-05,0.10533637506149494
898.0,24.5,66.08719405654381,3570250.264087561,2863.8856671032163,3.543277199587598e-05,0.10543729176016153
899.0,24.5,65.9733671171726,3573112.721104197,2861.0335366825125,3.547071224798135e-05,0.10553866078548674
900.0,24.5,65.86008678990181,3575972.341438965,2858.2122405775613,3.550864607962385e-05,0.1056404776844687
901.0,24.5,65.74734825251872,3578829.155738798,2855.4214050041824,3.5546573426605185e-05,0.10574273805718315
902.0,24.5,65.63514674532217,3581683.1942797787,2852.6606620338143,3.558449422622281e-05,0.1058454375556133
903.0,24.5,65.52347757006034,3584534.486972943,2849.9296494799232,3.562240841723563e-05,0.10594857188249039
904.0,24.5,65.4123360888915,3587383.0633699633,2847.228010787063,3.566031593983032e-05,0.10605213679014296
905.0,24.5,65.30171772336593,3590228.9526687316,2844.5553949224495,3.569821673558868e-05,0.10615612807935348
906.0,24.5,65.191617953429,3593072.183718819,2841.911456270054,3.57361107474556e-05,0.10626054159822004
907.0,24.5,65.08203231644511,3595912.7850268506,2839.295854527091,3.577399791970799e-05,0.10636537324102213
908.0,24.5,64.97295640624144,3598750.7847617553,2836.7082546028737,3.581187819792441e-05,0.10647061894708759
909.0,24.5,64.86438587217137,3601586.210759948,2834.1483265199486,3.5849751528955355e-05,0.10657627469965943
910.0,24.5,64.75631641819723,3604419.0905303685,2831.6157453174765,3.58876178608944e-05,0.10668233652476003
911.0,24.5,64.64874380199137,3607249.451259476,2829.1101909567737,3.592547714305e-05,0.10678880049005016
912.0,24.5,64.5416638340558,3610077.319816107,2826.631348228976,3.596332932591795e-05,0.10689566270368002
913.0,24.5,64.43507237685938,3612902.72275627,2824.178906664764,3.600117436115453e-05,0.10700291931313034
914.0,24.5,64.32896534399237,3615725.6863278337,2821.7525604460893,3.603901220155031e-05,0.10711056650403902
915.0,24.5,64.2233386993381,3618546.2364751445,2819.352008319872,3.6076842801004555e-05,0.10721860049901166
916.0,24.5,64.11818845626105,3621364.3988435315,2816.976953513582,3.611466611450027e-05,0.10732701755641023
917.0,24.5,64.01351067681077,3624180.19878377,2814.627103652698,3.6152482098079924e-05,0.10743581396911776
918.0,24.5,63.90930147094251,3626993.6613564193,2812.3021706799686,3.619029070882152e-05,0.10754498606327263
919.0,24.5,63.805556995751864,3629804.811336108,2810.0018707764257,3.622809190481556e-05,0.107654530196969
920.0,24.5,63.70227345472584,3632613.673215732,2807.725924284137,3.626588564514226e-05,0.10776444275891615
921.0,24.5,63.59944709700759,3635420.271210578,2805.47405563062,3.630367188984948e-05,0.10787472016705177
922.0,24.5,63.49707421667591,3638224.6292623742,2803.2459932548904,3.6341450599931143e-05,0.1079853588671011
923.0,24.5,63.3951511520389,3641026.7710432634,2801.0414695351124,3.637922173730616e-05,0.10809635533107391
924.0,24.5,63.29367428494089,3643826.7199597037,2798.8602207177846,3.6416985264797854e-05,0.10820770605569101
925.0,24.5,63.192640040083184,3646624.499156306,2796.7019868484626,3.6454741146113814e-05,0.10831940756072873
926.0,24.5,63.092044884357364,3649420.1315196007,2794.566511703935,3.6492489345826286e-05,0.10843145638727035
927.0,24.5,62.99188532619212,3652213.639681731,2792.453542725857,3.65302298293531e-05,0.1085438490958514
928.0,24.5,62.89215791491156,3655005.0460240827,2790.362830955776,3.656796256293879e-05,0.1086565822644816
929.0,24.5,62.792859240106644,3657794.372680866,2788.294130971536,3.6605687513636536e-05,0.10876965248652821
930.0,24.5,62.69398593101806,3660581.6415426005,2786.2472008250184,3.664340464929001e-05,0.1088830563684379
931.0,24.5,62.59553465593076,3663366.874259577,2784.221801981176,3.668111393851626e-05,0.10899679052727458
932.0,24.5,62.4975021215801,3666150.0922452332,2782.2176992583545,3.6718815350688445e-05,0.10911085158804568
933.0,24.5,62.39988507256887,3668931.316679471,2780.234660769845,3.67565088559193e-05,0.10922523618078349
934.0,24.5,62.30268029079547,3671710.5685119326,2778.2724578666525,3.679419442504481e-05,0.1093399409373442
935.0,24.5,62.205884594892574,3674487.8684652075,2776.330865081446,3.68318720296085e-05,0.109454962487881
936.0,24.5,62.109494839676174,3677263.237037987,2774.4096600736634,3.686954164184569e-05,0.10957029745693567
937.0,24.5,62.01350791560492,3680036.6945081586,2772.50862357574,3.690720323466847e-05,0.1096859424590887
938.0,24.5,61.91792074824957,3682808.260935859,2770.6275393404444,3.694485678165088e-05,0.1098018940940916
939.0,24.5,61.82273029777164,3685577.956166468,2768.7661940892785,3.698250225701441e-05,0.10991814894139067
940.0,24.5,61.7279335584122,3688345.799833548,2766.924377461936,3.702013963561386e-05,0.11003470355393508
941.0,24.5,61.63352755798971,3691111.81136174,2765.101881966773,3.7057768892923534e-05,0.11015155445113617
942.0,24.5,61.53950935740699,3693876.0099696037,2763.298502932292,3.709539000502375e-05,0.11026869811081756
943.0,24.5,61.445876050167136,3696638.4146724264,2761.5140384595907,3.713300294858757e-05,0.11038613095995753
944.0,24.5,61.35262476189813,3699399.044284956,2759.7482893757706,3.717060770086803e-05,0.11050384936398021
945.0,24.5,61.259752649886124,3702157.917424115,2758.0010591882765,3.720820423968533e-05,0.11062184961428836
946.0,24.5,61.16725690261706,3704915.0525116506,2756.2721540401435,3.7245792543414746e-05,0.11074012791365843
947.0,24.5,61.075134739326245,3707670.4677767586,2754.5613826661356,3.7283372590974365e-05,0.11085868035900893
948.0,24.5,60.98338340955633,3710424.1812586407,2752.8685563497506,3.732094436181346e-05,0.11097750292092673
949.0,24.5,60.89200019272276,3713176.210809046,2751.1934888810765,3.735850783590093e-05,0.11109659141915143
950.0,24.5,60.800982397687214,3715926.574094744,2749.535996515473,3.739606299371403e-05,0.11121594149297749
951.0,24.5,60.71032736233835,3718675.288599978,2747.8958979330673,3.743360981622734e-05,0.11133554856520499
952.0,24.5,60.62003245318005,3721422.371628867,2746.2730141990387,3.747114828490211e-05,0.1114554077978103
953.0,24.5,60.53009506492673,3724167.84030777,2744.66716872468,3.750867838167562e-05,0.11157551403686655
954.0,24.5,60.44051262010586,3726911.711587617,2743.0781872292123,3.7546200088951e-05,0.11169586174332502
955.0,24.5,60.35128256866739,3729654.002246194,2741.5058977023427,3.7583713389587105e-05,0.11181644490493094
956.0,24.5,60.26240238759964,3732394.728890395,2739.9501303675406,3.762121826688871e-05,0.111937256922567
957.0,24.5,60.17386958055247,3735133.9079584423,2738.4107176460266,3.7658714704596874e-05,0.11205829046130877
958.0,24.5,60.08568167746611,3737871.555722061,2736.8874941214463,3.7696202686879595e-05,0.11217953725179684
959.0,24.5,59.99783623420717,3740607.688288631,2735.380296505224,3.7733682198322544e-05,0.11230098782004785
960.0,24.5,59.91033083221022,3743342.3216032875,2733.888963602576,3.7771153223920105e-05,0.1124226311114626
961.0,24.5,59.823163078125894,3746075.4714510073,2732.4133362791654,3.780861574906657e-05,0.1125444539535937
962.0,24.5,59.7363306034748,3748807.1534586474,2730.9532574284026,3.784606975954759e-05,0.11266644026431613
963.0,24.5,59.649831064307385,3751537.3830969613,2729.5085719393433,3.788351524153165e-05,0.11278856984063435
964.0,24.5,59.563662140869404,3754266.175682577,2728.0791266652095,3.7920952181561967e-05,0.11291081642046553
965.0,24.5,59.47782153727322,3756993.546379938,2726.6647703924914,3.795838056654831e-05,0.11303314440149262
966.0,24.5,59.392306981174386,3759719.5102032376,2725.265353810634,3.7995800383759274e-05,0.1131555028703729
967.0,24.5,59.30711622345389,3762444.0820182892,2723.8807294822814,3.803321162081445e-05,0.11327781363454681
968.0,24.5,59.2222470379054,3765167.2765444024,2722.5107518140817,3.807061426567699e-05,0.1133999437032725
969.0,24.5,59.137697220927976,3767889.108356194,2721.1552770280364,3.81080083066461e-05,0.11352162688121394
970.0,24.5,59.05346459122392,3770609.5918854014,2719.814163133369,3.814539373234998e-05,0.11364212813905761
971.0,24.5,58.969546989501055,3773328.7414226616,2718.4872698989243,3.818277053173871e-05,0.1137567302665346
972.0,24.5,58.88594227818072,3776046.5711192354,2717.1744588260653,3.82201386940773e-05,0.11388367320743883
973.0,24.5,58.802648341109965,3778763.094988751,2715.875593122076,3.8257498208939046e-05,0.11401084523748256
974.0,24.5,58.71966308327863,3781478.3269088794,2714.5905376740434,3.829484906619878e-05,0.11413824456617618
975.0,24.5,58.63698443054113,3784192.2806230127,2713.31915902322,3.8332191256026524e-05,0.11426586941939118
976.0,24.5,58.55461032934266,3786904.969741897,2712.061325339853,3.8369524768881146e-05,0.11439371803916039
977.0,24.5,58.47253874644977,3789616.4077452538,2710.816906398463,3.840684959550406e-05,0.1145217886834805
978.0,24.5,58.39076766868546,3792326.607983377,2709.5857735535756,3.8444165726913394e-05,0.11465007962611863
979.0,24.5,58.30929510266856,3795035.583678681,2708.3677997158948,3.848147315439777e-05,0.11477858915642107
980.0,24.5,58.22811907455705,3797743.347927274,2707.162859328892,3.8518771869510784e-05,0.11490731557912588
981.0,24.5,58.147237629795605,3800449.9137004567,2705.9708283458194,3.855606186406513e-05,0.1150362572141776
982.0,24.5,58.06664883286737,3803155.2938462314,2704.7915842071434,3.859334313012716e-05,0.1151654123965453
983.0,24.5,57.98635076704956,3805859.501090771,2703.6250058183687,3.8630615660011396e-05,0.11529477947604345
984.0,24.5,57.90634153417255,3808562.5480398843,2702.470973528259,3.8667879446275204e-05,0.11542435681715545
985.0,24.5,57.826619254383516,3811264.447180437,2701.3293691074414,3.870513448171365e-05,0.11555414279885977
986.0,24.5,57.74718206591319,3813965.2108817655,2700.200075727402,3.8742380759354326e-05,0.11568413581445906
987.0,24.5,57.668028124846565,3816664.8513970734,2699.082977939831,3.877961827245238e-05,0.11581433427141155
988.0,24.5,57.58915560489713,3819363.3808647958,2697.9779616563455,3.88168470144857e-05,0.1159447365911653
989.0,24.5,57.51056269718464,3822060.811309958,2696.884914128563,3.885406697915004e-05,0.11607534120899463
990.0,24.5,57.43224761001629,3824757.154645483,2695.8037239285227,3.88912781603544e-05,0.11620614657383947
991.0,24.5,57.35420856867141,3827452.4226735337,2694.734280929443,3.8928480552216466e-05,0.11633715114814676
992.0,24.5,57.27644381518945,3830146.62708678,2693.676476286826,3.896567414905804e-05,0.11646835340771437
993.0,24.5,57.19895160816108,3832839.7794696856,2692.6302024198767,3.900285894540076e-05,0.11659975184153744
994.0,24.5,57.12173022252278,3835531.891299754,2691.595352993248,3.9040034935961715e-05,0.11673134495165692
995.0,24.5,57.04477794935431,3838222.973948769,2690.5718228991,3.9077202115649316e-05,0.11686313125301014
996.0,24.5,56.9680930956796,3840913.038684016,2689.5595082394693,3.911436047955916e-05,0.1169951092732845
997.0,24.5,56.89167398427036,3843602.0966694765,2688.558306308936,3.9151510022969894e-05,0.11712727755277169
998.0,24.5,56.81551895345277,3846290.158967021,2687.56811557759,3.918865074133951e-05,0.1172596346442261
999.0,24.5,56.73962635691733,3848977.2365375627,2686.5888356742867,3.922578263030122e-05,0.11739217911272344
1000.0,24.5,56.66399456353116,3851663.340242223,2685.620367370189,3.926290568565984e-05,0.11752490953552247
500.0,25.0,850.5582015800443,981694.3267901196,4499.108470794372,0.00012354522439129292,0.6600063627989937
501.0,25.0,849.3418776987276,986196.0994225598,4504.448003405879,0.00012299749406502673,0.6591876781708261
502.0,25.0,848.1201477459283,990703.2453912755,4509.855319912024,0.00012245441975544669,0.6583607986978883
503.0,25.0,846.8929668380546,995215.8330141845,4515.3314927151205,0.00012191592158953121,0.6575257315040948
504.0,25.0,845.6602891780034,999733.9316948465,4520.877620856104,0.00012138192089298049,0.6566824830602809
505.0,25.0,844.4220680352861,1004257.6119495345,4526.49483085301,0.00012085234016240596,0.6558310591817393
506.0,25.0,843.1782557255043,1008786.945435137,4532.184277571161,0.00012032710303807479,0.6549714650250719
507.0,25.0,841.9288035891345,1013322.0049779533,4537.947145127134,0.00011980613427718742,0.6541037050843458
508.0,25.0,840.6736619695807,1017862.8646034247,4543.7846478283145,0.00011928935972766674,0.6532277831865742
509.0,25.0,839.412780190511,1022409.5995667952,4549.698031149006,0.00011877670630244965,0.6523437024865567
510.0,25.0,838.1461065323925,1026962.2863847794,4555.688572745328,0.00011826810195425019,0.6514514654610497
511.0,25.0,836.8735882082331,1031521.0028682927,4561.757583510529,0.00011776347565078551,0.6505510739022924
512.0,25.0,835.5951713385004,1036085.8281562058,4567.906408672333,0.0001172627573504494,0.6496425289109133
513.0,25.0,834.3108009251469,1040656.8427502639,4574.136428935235,0.00011676587797840329,0.64872583088816
514.0,25.0,833.020420824747,1045234.1285511433,4580.449061668562,0.00011627276940308308,0.647800979527504
515.0,25.0,831.7239737206902,1049817.7688957457,4586.845762143596,0.00011578336441309548,0.6468679738055851
516.0,25.0,830.4214010943937,1054407.8485957142,4593.328024821599,0.00011529759669449083,0.6459268119725033
517.0,25.0,829.1126431954891,1059004.4539773227,4599.897384695095,0.00011481540080839445,0.644977491541432
518.0,25.0,827.7976390109608,1063607.6729226648,4606.555418685641,0.00011433671216898375,0.6440200092775674
519.0,25.0,826.476326233165,1068217.5949123336,4613.3037471000935,0.00011386146702179056,0.6430543611863668
520.0,25.0,825.1486412266944,1072834.3110695584,4620.144035148715,0.00011338960242231437,0.6420805425010836
521.0,25.0,823.8145189940602,1077457.914205874,4627.077994528096,0.00011292105621493693,0.6410985476695977
522.0,25.0,822.4738931400954,1082088.4988684482,4634.107385071932,0.00011245576701210927,0.6401083703404659
523.0,25.0,821.1266958350677,1086726.1613890633,4641.2340164737125,0.00011199367417380903,0.6391100033482363
524.0,25.0,819.7728577764263,1091370.9999348703,4648.459750083949,0.00011153471778724466,0.6381034386979644
525.0,25.0,818.4123081491222,1096023.11456098,4655.786500786698,0.00011107883864679366,0.6370886675489165
526.0,25.0,817.0449745844421,1100682.6072649609,4663.21623895885,0.00011062597823415646,0.6360656801974341
527.0,25.0,815.6707831173015,1105349.5820433625,4670.750992516771,0.00011017607869871699,0.6350344660589422
528.0,25.0,814.2896581419046,1110024.1449503028,4678.392849054855,0.00010972908283808453,0.6339950136490439
529.0,25.0,812.9015223657175,1114706.4041582544,4686.143958080299,0.00010928493407880804,0.6329473105637027
530.0,25.0,811.5062967616785,1119396.4700211352,4694.006533350139,0.00010884357645724799,0.6318913434584511
531.0,25.0,810.1039005185476,1124094.4551397508,4701.982855314998,0.00010840495460058146,0.630827098026604
532.0,25.0,808.6942509893257,1128800.4744297657,4710.075273675958,0.00010796901370793231,0.629754558976431
533.0,25.0,807.2772636376612,1133514.645192279,4718.286210060252,0.00010753569953160841,0.6286737100072579
534.0,25.0,805.852851982117,1138237.0871871496,4726.618160822453,0.00010710495835842294,0.6275845337844318
535.0,25.0,804.4209275382484,1142967.9227091593,4735.073699978073,0.00010667673699109411,0.6264870119131346
536.0,25.0,802.9813997583212,1147707.2766672212,4743.655482276715,0.0001062509827296896,0.6253811249109505
537.0,25.0,801.5341759686481,1152455.2766666922,4752.366246422568,0.00010582764335311988,0.6242668521792087
538.0,25.0,800.0791613043326,1157212.0530950164,4761.208818450487,0.00010540666710063947,0.6231441719729626
539.0,25.0,798.6162586413566,1161977.739210805,4770.18611526713,0.00010498800265335126,0.622013061369602
540.0,25.0,797.1453685258796,1166752.4712365512,4779.301148365058,0.00010457159911569458,0.6208734962360357
541.0,25.0,795.6663891005767,1171536.3884551476,4788.557027721261,0.00010415740599688948,0.6197254511943515
542.0,25.0,794.1792160279059,1176329.6333104123,4797.956965890093,0.00010374537319232408,0.6185688995859097
543.0,25.0,792.6837424101315,1181132.3515117741,4807.504282301897,0.00010333545096486061,0.6174038134337879
544.0,25.0,791.1798587059534,1185944.692143416,4817.202407779691,0.0001029275899260416,0.6162301634035177
545.0,25.0,789.6674526435535,1190766.8077779955,4827.054889286697,0.00010252174101716845,0.6150479187619976
546.0,25.0,788.1464091298883,1195598.8545952893,4837.065394918773,0.00010211785549023345,0.613857047334534
547.0,25.0,786.616610156042,1200440.9925059022,4847.237719156255,0.00010171588488868164,0.6126575154599063
548.0,25.0,785.0779346984139,1205293.3852804035,4857.575788391217,0.00010131578102797377,0.611449287943359
549.0,25.0,783.5302586155406,1210156.2006841279,4868.083666746837,0.00010091749597592657,0.6102323280074179
550.0,25.0,781.9734545403107,1215029.6106179317,4878.765562207622,0.00010052098203280166,0.6090065972404326
551.0,25.0,780.4073917673379,1219913.7912652679,4889.625833079244,0.00010012619171111588,0.6077720555427288
552.0,25.0,778.8319361352194,1224808.9232458787,4900.668994798944,9.97330777151418e-05,0.6065286610702512
553.0,25.0,777.2469499034121,1229715.1917764905,4911.8997271195885,9.934159292006652e-05,0.6052763701755635
554.0,25.0,775.6522916234319,1234632.7868388705,4923.32288169038,9.89516903507779e-05,0.6040151373460902
555.0,25.0,774.047816004053,1239561.9033557128,4934.943490060771,9.856332316023972e-05,0.6027449151394326
556.0,25.0,772.4333737701872,1244502.741374703,4946.766772135286,9.817644460742334e-05,0.6014656541156314
557.0,25.0,770.8088115150775,1249455.506261318,4958.798145108632,9.779100803475294e-05,0.6001773027661997
558.0,25.0,769.1739715454236,1254420.4089007888,4971.043232914304,9.740696684502561e-05,0.5988798074397581
559.0,25.0,767.5286917190585,1259397.6659097904,4983.507876219898,9.702427447776537e-05,0.5975731122641106
560.0,25.0,765.8728052747101,1264387.4998584096,4996.198143008463,9.66428843849588e-05,0.5962571590645377
561.0,25.0,764.2061406534103,1269390.1395030196,5009.120339784368,9.626275000613e-05,0.5949318872781211
562.0,25.0,762.5285213110476,1274405.8200306857,5022.28102344905,9.588382474269878e-05,0.5935972338638781
563.0,25.0,760.8397655215559,1279434.7833157745,5035.687013892623,9.550606193157287e-05,0.5922531332084848
564.0,25.0,759.1396861701276,1284477.2781895846,5049.345407353355,9.512941481790529e-05,0.5908995170273109
565.0,25.0,757.4280905359253,1289533.5607236826,5063.2635905995185,9.47538365269709e-05,0.5895363142605531
566.0,25.0,755.7047800635424,1294603.8945279254,5077.449255994791,9.437928003507472e-05,0.5881634509641147
567.0,25.0,753.9695501226199,1299688.5510639525,5091.910417511383,9.400569813944222e-05,0.586780850195019
568.0,25.0,752.2221897547921,1304787.8099752297,5106.65542776229,9.36330434269995e-05,0.5853884318909479
569.0,25.0,750.4624814072026,1309901.9594346709,5121.692996129459,9.32612682419696e-05,0.5839861127436339
570.0,25.0,748.6902006517289,1315031.2965109441,5137.032208071942,9.289032465219934e-05,0.5825738060657101
571.0,25.0,746.9051158889511,1320176.127554727,5152.6825457052555,9.252016441411518e-05,0.5811514216506124
572.0,25.0,745.1069880358991,1325336.7686062492,5168.653909751986,9.215073893621448e-05,0.5797188656251441
573.0,25.0,743.2955701965027,1330513.5458254362,5184.956642972086,9.178199924098452e-05,0.5782760402942518
574.0,25.0,741.470607313534,1335706.795946374,5201.601555192937,9.14138959251232e-05,0.5768228439774993
575.0,25.0,739.6318358008399,1340916.8667575738,5218.59995006872,9.104637911794753e-05,0.5753591708367612
576.0,25.0,737.7789831544692,1346144.1176099589,5235.963653713251,9.067939843784563e-05,0.5738849106945721
577.0,25.0,735.9117675412255,1351388.919954493,5253.705045362547,9.031290294662707e-05,0.5723999488425184
578.0,25.0,734.0298973630585,1356651.6579115253,5271.837090240995,8.994684110161378e-05,0.5709041658390618
579.0,25.0,732.1330707955474,1361932.728874222,5290.373374820454,8.958116070529617e-05,0.5693974372960862
580.0,25.0,730.2209752986014,1367232.5441484898,5309.328144683099,8.921580885236743e-05,0.5678796336534379
581.0,25.0,728.2932870973093,1372551.529632221,5328.716345219749,8.885073187392976e-05,0.5663506199406455
582.0,25.0,726.3496706307413,1377890.126536706,5348.553665419741,8.848587527865453e-05,0.5648102555250001
583.0,25.0,724.38977796623,1383248.7921535233,5368.856585037249,8.812118369064724e-05,0.5632583938450177
584.0,25.0,722.413248176472,1388628.0006704228,5389.64242545023,8.775660078375154e-05,0.5616948821283074
585.0,25.0,720.4197066765613,1394028.2440400408,5410.929404561764,8.739206921200464e-05,0.5601195610927598
586.0,25.0,718.4087645177498,1399450.0329057046,5432.7366961361995,8.702753053592316e-05,0.5585322646298919
587.0,25.0,716.3800176344328,1404893.8975889808,5455.084494006574,8.666292514426628e-05,0.5569328194690641
588.0,25.0,714.3330460405033,1410360.3891440376,5477.994081641638,8.62981921708896e-05,0.5553210448211969
589.0,25.0,712.267412970846,1415850.08048453,5501.487907620028,8.593326940626371e-05,0.5536967520005004
590.0,25.0,710.1826639633022,1421363.567589114,5525.589667626948,8.556809320318847e-05,0.5520597440226056
591.0,25.0,708.0783258759033,1426901.4707925443,5550.3243936652225,8.52025983761729e-05,0.5504098151773075
592.0,25.0,705.953905833697,1432464.4361698693,5575.718551261504,8.483671809391099e-05,0.5487467505740414
593.0,25.0,703.808890098757,1438053.137022251,5601.800145550845,8.447038376419824e-05,0.5470703256579703
594.0,25.0,701.6427428563871,1443668.2754736478,5628.598837238676,8.410352491058157e-05,0.5453803056944444
595.0,25.0,699.4549049095455,1449310.5841889423,5656.146069577778,8.373606903992382e-05,0.5436764452192986
596.0,25.0,697.2447922728373,1454980.828225016,5684.475207650752,8.33679415000059e-05,0.5419584874523504
597.0,25.0,695.0117946560854,1460679.8070279118,5713.621691436166,8.299906532613194e-05,0.5402261636710398
598.0,25.0,692.7552738265775,1466408.3565906286,5743.623204342496,8.26293610756262e-05,0.538479192541044
599.0,25.0,690.4745618374715,1472167.3517879818,5774.5198591463095,8.225874664892401e-05,0.5367172794002367
600.0,25.0,688.1689591084448,1477957.708907016,5806.354403555735,8.188713709582335e-05,0.5349401154921344
601.0,25.0,685.8377323427217,1483780.3883938435,5839.172447959514,8.151444440525122e-05,0.5331473771444994
602.0,25.0,683.4801122625629,1489636.3978405476,5873.022718317507,8.114057727668335e-05,0.53133872488836
603.0,25.0,681.0952911429175,1495526.7952389396,5907.957337611541,8.076544087110864e-05,0.5295138025122911
604.0,25.0,678.6824201199862,1501452.692531669,5944.032139824708,8.038893653910822e-05,0.5276722360461518
605.0,25.0,676.2406062483071,1507415.259495484,5981.3070210595515,8.00109615232974e-05,0.5258136326679858
606.0,25.0,673.7689092760116,1513415.7279963929,6019.846333169331,7.963140863195057e-05,0.5239375795270431
607.0,25.0,671.2663381035894,1519455.3966622439,6059.719326175091,7.925016588018173e-05,0.5220436424752322
608.0,25.0,668.731846886065,1525535.6360251668,6101.000646813003,7.886711609447295e-05,0.5201313646983521
609.0,25.0,666.1643307326204,1531657.894194126,6143.770901820368,7.848213647573186e-05,0.5182002652377123
610.0,25.0,663.5626209501878,1537823.703127322,6188.11729608294,7.809509811526e-05,0.5162498373915012
611.0,25.0,660.9254797693857,1544034.6855849784,6234.134357558009,7.770586545717397e-05,0.5142795469843824
612.0,25.0,658.2515944809056,1550292.5628562674,6281.924763039,7.731429569973472e-05,0.5122888304923157
613.0,25.0,655.5395708987764,1556599.1633691913,6331.600281390812,7.69202381268311e-05,0.5102770930083489
614.0,25.0,652.7879260529054,1562956.4323105451,6383.282853961141,7.652353335940815e-05,0.5082437060335642
615.0,25.0,649.9950799967911,1569366.4424043756,6437.105835561307,7.612401251492919e-05,0.506188005075791
616.0,25.0,647.1593465964264,1575831.4060231806,6493.215423854292,7.572149626091046e-05,0.5041092870368177
617.0,25.0,644.2789231431541,1582353.6888362316,6551.772310335757,7.531579374620054e-05,0.5020068073671409
618.0,25.0,641.3518786051926,1588935.8252358872,6612.953592562448,7.490670139082101e-05,0.4998797769653152
619.0,25.0,638.376140299088,1595580.5358262232,6676.95499512167,7.44940015118021e-05,0.49772735879710606
620.0,25.0,635.3494787225869,1602290.74731023,6743.99345634875,7.407746075846812e-05,0.49554866420804494
621.0,25.0,632.2694902421854,1609069.6151747366,6814.310149409721,7.365682832580079e-05,0.49334274890140867
622.0,25.0,629.1335772713173,1615920.549647319,6888.17402054479,7.323183390885518e-05,0.49110860855308114
623.0,25.0,625.9389255054464,1622847.245491048,6965.885944688181,7.280218535434038e-05,0.4888451740347434
624.0,25.0,622.682477696681,1629853.7163131158,7047.783620131866,7.236756595732551e-05,0.4865513062187164
625.0,25.0,619.3609033488513,1636944.334198169,7134.24735047207,7.192763134118956e-05,0.48422579034184055
626.0,25.0,615.9705635907261,1644123.8756410915,7225.70689512771,7.148200584710151e-05,0.48186732991355097
627.0,25.0,612.5074703346911,1651397.5749552401,7322.6496110793105,7.103027834499941e-05,0.4794745401663609
628.0,25.0,608.967238644257,1658771.1865798153,7425.630160558786,7.057199736066144e-05,0.47704594106784753
629.0,25.0,605.3450310080394,1666251.0580162185,7535.282125470564,7.010666539232721e-05,0.47457994994572694
630.0,25.0,601.6354919390342,1673844.215504632,7652.331953814663,6.963373226442194e-05,0.4720748738268708
631.0,25.0,597.8326709723876,1681558.4650289256,7777.615772516937,6.915258733409766e-05,0.4695272248424053
632.0,25.0,593.9299317029307,1689402.5118404184,7912.0997437499,6.866255032680256e-05,0.4669384577793205
633.0,25.0,589.9198439608775,1697386.1024567366,8056.904831052606,6.81628605278124e-05,0.46430468690496307
634.0,25.0,585.7940555333373,1705520.19407834,8213.33709709869,6.765266399427152e-05,0.4616237015381824
635.0,25.0,581.5431389513169,1713817.1576504104,8382.925007639207,6.713099837242025e-05,0.45889314922136953
636.0,25.0,577.1564077001709,1722291.0225014056,8567.465716043442,6.659677480025073e-05,0.45611053652873845
637.0,25.0,572.6216946595003,1730957.7727950376,8769.08303402694,6.604875623585511e-05,0.4532732365114874
638.0,25.0,567.9250834476189,1739835.7092320686,8990.300902395404,6.548553135793924e-05,0.4503785068068273
639.0,25.0,563.0505803182363,1748945.8940182466,9234.137921442212,6.490548290589161e-05,0.44742352483011777
640.0,25.0,557.9797097757225,1758312.7039104297,9504.231361164873,6.430674890608442e-05,0.44440545050819863
641.0,25.0,552.691010133412,1767964.526646316,9805.00393861483,6.368717456564144e-05,0.4413215340267666
642.0,25.0,547.1593939679307,1777934.652954136,10141.89521752765,6.304425151189374e-05,0.4381692985827067
643.0,25.0,541.3553192841274,1788262.4446596082,10521.695009090301,6.237503914954125e-05,0.43494685101586295
644.0,25.0,535.2436834267348,1798994.9086856067,10953.04493268582,6.167605950062004e-05,0.4316534158518534
645.0,25.0,528.782290298723,1810188.8952292062,11447.228557950633,6.094315065129095e-05,0.42829026884175714
646.0,25.0,521.919627116003,1821914.3012750456,12019.473946626193,6.017125231970092e-05,0.4248623987855558
647.0,25.0,514.5914716979048,1834258.9656236009,12691.190199044568,5.9354075333648514e-05,0.42138151299399174
648.0,25.0,506.7154453250515,1847336.518167676,13493.93625674184,5.848356633713979e-05,0.4178715213766029
649.0,25.0,498.18186884257545,1861299.535641699,14476.624478344984,5.754900507842629e-05,0.4143784967128494
650.0,25.0,488.8379130569983,1876362.382919704,15718.711468818005,5.65354425353714e-05,0.41098820013136544
651.0,25.0,478.459781100757,1892841.6971829082,17353.988858744477,5.5420988547138477e-05,0.40785404320104895
652.0,25.0,466.70497631583146,1911227.7385296554,19610.313499228978,5.4172269002874164e-05,0.4052287250557088
653.0,25.0,453.03880330594586,1932302.0182227565,22858.588284833262,5.273781088218957e-05,0.40344348917387907
654.0,25.0,436.65866219865563,1957290.643192123,27605.09498971848,5.104258131062541e-05,0.4026542071589022
655.0,25.0,416.5098159145228,1987972.8318075412,34382.23583102807,4.89943238468715e-05,0.40241275224539724
656.0,25.0,391.2821704935601,2026960.2829914023,44431.43561247014,4.649076266700451e-05,0.4027772016611634
657.0,25.0,358.9048997517535,2079030.6443973863,60813.346678152695,4.338517206543783e-05,0.40494161914341836
658.0,25.0,318.86250169095626,2149121.131229906,76406.61423146768,3.9736777045752335e-05,0.39854116640615267
659.0,25.0,282.7587615104568,2221436.0029255855,65269.770991036,3.667440559858238e-05,0.36022423193906844
660.0,25.0,257.66164349219656,2278944.472893356,50424.47750721512,3.47051241108372e-05,0.3199217706871564
661.0,25.0,240.04095376045936,2323928.0359742343,40235.37719677753,3.341701783493665e-05,0.2886488576348607
662.0,25.0,226.88919017373087,2360540.505906168,33434.87582323127,3.2514864735414324e-05,0.2648021747512905
663.0,25.0,216.55104050499378,2391462.3951355782,28689.87393632244,3.184613686803906e-05,0.24615681297601696
664.0,25.0,208.10427174644778,2418326.81735129,25221.793328023945,3.132926057722634e-05,0.2311766733207553
665.0,25.0,201.00038320832638,2442169.024573761,22585.94854645025,3.091721873301458e-05,0.21885685369923033
666.0,25.0,194.89220797243627,2463677.7330393167,20517.54880483859,3.058101360790224e-05,0.20852645071262385
667.0,25.0,189.54830328830127,2483331.194742108,18851.33844724083,3.0301738511714673e-05,0.19972354376057191
668.0,25.0,184.807656125292,2501473.7924318984,17479.701821707367,3.0066494941403874e-05,0.19212046368852612
669.0,25.0,180.55423184970346,2518361.2259484045,16329.918271848768,2.9866149151119232e-05,0.1854784520117759
670.0,25.0,176.70190755656915,2534188.3514353484,15351.249223145576,2.969402932013319e-05,0.17961936183843594
671.0,25.0,173.1851470660368,2549107.000934105,14507.29642853278,2.9545132650273428e-05,0.1744074671221017
672.0,25.0,169.9530053362717,2563237.7755799238,13771.308509531604,2.9415623136855838e-05,0.16973744077654998
673.0,25.0,166.96514465605443,2576678.08192047,13123.20164280046,2.9302502335232684e-05,0.16552620528674983
674.0,25.0,164.18911073170545,2589507.7508611823,12547.61210502258,2.9203387004546307e-05,0.16170727948819605
675.0,25.0,161.59842289920402,2601793.056887065,12032.589600528212,2.9116354968054557e-05,0.15822677407681318
676.0,25.0,159.17120514018112,2613589.651866727,11568.699782315729,2.903983577989682e-05,0.1550405007181932
677.0,25.0,156.88918525109452,2624944.745745474,11148.394727061117,2.8972531578149554e-05,0.15211184884237378
678.0,25.0,154.73695017479534,2635898.7540855277,10765.562903803107,2.891335873942736e-05,0.14941020164872035
679.0,25.0,152.70138310378434,2646486.5612548194,10415.20187903152,2.8861404161192273e-05,0.14690973738564134
680.0,25.0,150.7712318717306,2656738.5019362257,10093.17653358881,2.8815892019627513e-05,0.1445885102758402
681.0,25.0,148.9367737037304,2666681.1330858255,9796.037883119441,2.877615815434707e-05,0.14242773737076683
682.0,25.0,147.1895517284975,2676337.847850057,9520.885526392138,2.874163008978126e-05,0.14041123908094877
683.0,25.0,145.52216565130902,2685729.3687850507,9265.261955420157,2.871181127976445e-05,0.1385249958045003
684.0,25.0,143.92810380597712,2694874.1478277785,9027.070444563282,2.868626855617603e-05,0.13675679326638684
685.0,25.0,142.40160717757158,2703788.6934555504,8804.510603644787,2.8664622036555757e-05,0.13509593635855868
686.0,25.0,140.93755838402782,2712487.840429115,8596.027314621602,2.8646536938996954e-05,0.1335330163945601
687.0,25.0,139.5313903301579,2720984.9738448146,8400.269915758468,2.86317168909665e-05,0.13205972039496622
688.0,25.0,138.17901050576054,2729292.2165169124,8216.059309229473,2.8619898418965513e-05,0.13066867372746843
689.0,25.0,136.87673782755905,2737420.5866970136,8042.361251288252,2.8610846379467033e-05,0.12935330942653395
690.0,25.0,135.62124961686771,2745380.131620901,7878.264507933956,2.8604350146094298e-05,0.1281077590119091
691.0,25.0,134.40953682627526,2753180.0412207153,7722.962870256234,2.8600220408852066e-05,0.12692676075174525
692.0,25.0,133.23886602518806,2760828.7454562993,7575.740254581594,2.8598286472129773e-05,0.12580558217307247
693.0,25.0,132.10674695831284,2768333.998035912,7435.958285515516,2.8598393961785672e-05,0.12473995427971632
694.0,25.0,131.0109047266067,2775702.9487631153,7303.045890703004,2.860040286978629e-05,0.12372601544613232
695.0,25.0,129.9492558237551,2782942.2063279487,7176.490535752391,2.860418587896911e-05,0.12276026335166189
696.0,25.0,128.91988740547387,2790057.893028928,7055.830804303198,2.860962692151931e-05,0.12183951363051612
697.0,25.0,127.92103928300376,2797055.692648413,6940.65008745409,2.861661993342922e-05,0.12096086415829894
698.0,25.0,126.95108822299008,2803940.8924922715,6830.571192939096,2.862506777408917e-05,0.12012166409105288
699.0,25.0,126.00853420874708,2810718.420434014,6725.251720679664,2.863488128564748e-05,0.11931948692894723
700.0,25.0,125.09198837656027,2817392.8776650853,6624.380079957903,2.864597847118229e-05,0.11855210700230709
701.0,25.0,124.20016238821678,2823968.5677402266,6527.672046197227,2.8658283774282565e-05,0.11781747887925263
702.0,25.0,123.33185903972809,2830449.5224140617,6434.867773514812,2.8671727445522175e-05,0.11711371927683631
703.0,25.0,122.48596393790696,2836839.524688979,6345.729193813606,2.8686244983663214e-05,0.11643909112501916
704.0,25.0,121.6614381026042,2843142.1294311583,6260.037744984372,2.8701776641355216e-05,0.11579198948825804
705.0,25.0,120.85731137397443,2849360.6818592045,6177.592380366605,2.8718266986684034e-05,0.11517092909513982
706.0,25.0,120.07267652208148,2855498.3341659866,6098.20781943433,2.873566451323981e-05,0.1145745332643516
707.0,25.0,119.30668397109635,2861558.060497612,6021.713006078087,2.8753921292464197e-05,0.11400152404673847
708.0,25.0,118.55853706285588,2867542.6704825247,5947.94974612685,2.8772992662948197e-05,0.1134507134294739
709.0,25.0,117.82748779506208,2873454.82147763,5876.771500111822,2.879283695211372e-05,0.11292099547037855
710.0,25.0,117.11283297828476,2879297.0296762013,5808.042310892267,2.8813415226353806e-05,0.11241133924895517
711.0,25.0,116.41391076342444,2885071.68020355,5741.635848775771,2.88346910662459e-05,0.11192078253632026
712.0,25.0,115.7300974976848,2890781.0363102746,5677.434559286925,2.8856630363911178e-05,0.11144842609946252
713.0,25.0,115.06080487252683,2896427.2477592556,5615.328900852183,2.8879201139980267e-05,0.11099342856649141
714.0,25.0,114.40547733173113,2902012.358490663,5555.216661450577,2.890237337795779e-05,0.11055500178912715
715.0,25.0,113.76358971167207,2907538.313639131,5497.002344784185,2.8926118874059922e-05,0.11013240664686683
716.0,25.0,113.13464508933491,2913006.9659683956,5440.596617797932,2.8950411100842427e-05,0.10972494924428404
717.0,25.0,112.51817281655701,2918420.081781171,5385.915812462331,2.8975225083143794e-05,0.1093319774589455
718.0,25.0,111.91372672153149,2923779.3463553125,5332.881475657803,2.9000537285048788e-05,0.10895287780263391
719.0,25.0,111.32088346081993,2929086.368951668,5281.419961789324,2.9026325506731662e-05,0.10858707256304821
720.0,25.0,110.73924100704372,2934342.6874339273,5231.4620634382345,2.90525687901735e-05,0.10823401719704669
721.0,25.0,110.1684172591035,2939549.772536411,5182.942675941186,2.9079247332863778e-05,0.10789319794987323
722.0,25.0,109.60804876323087,2944709.0318118744,5135.800492288027,2.910634240869899e-05,0.10756412967774331
723.0,25.0,109.05778953446149,2949821.8132880423,5089.977725165037,2.913383629537826e-05,0.1072463538537279
724.0,25.0,108.51730996924056,2954889.4088585693,5045.419853345706,2.9161712207674672e-05,0.10693943673911536
725.0,25.0,107.98629584085174,2959913.057431538,5002.075389957562,2.9189954236027734e-05,0.10664296770438464
726.0,25.0,107.46444737024004,2964893.947856219,4959.8956704381135,2.921854728996259e-05,0.10635655768565289
727.0,25.0,106.95147836555216,2969833.221646841,4918.834658239976,2.9247477045893893e-05,0.10607983776396321
728.0,25.0,106.44711542440822,2974731.9755201894,4878.848766562519,2.927672989891807e-05,0.10581245785611894
729.0,25.0,105.95109719350569,2979591.2637623274,4839.896694576103,2.9306292918238907e-05,0.10555408550693904
730.0,25.0,105.4631736807028,2984412.1004381836,4801.93927677224,2.93361538059071e-05,0.10530440477385677
731.0,25.0,104.98310561518728,2989195.461456574,4764.9393442182745,2.9366300858586782e-05,0.10506311519569499
732.0,25.0,104.51066385177076,2993942.2865019375,4728.861596624854,2.939672293208992e-05,0.10482993083827664
733.0,25.0,104.04562881571454,2998653.4808431542,4693.67248424747,2.9427409408445115e-05,0.10460457941024873
734.0,25.0,103.58778998483466,3003329.9170288104,4659.34009874417,2.945835016528968e-05,0.10438680144314538
735.0,25.0,103.1369454059325,3007972.4364774544,4625.834072200447,2.9489535547393892e-05,0.10417634953029317
736.0,25.0,102.69290124286341,3012581.8509706743,4593.125483611005,2.9520956340144224e-05,0.10397298761967073
737.0,25.0,102.2554713538031,3017158.9440561193,4561.186772178577,2.9552603744828597e-05,0.10377649035630042
738.0,25.0,101.8244768954825,3021704.4723669677,4529.991656852007,2.9584469355580697e-05,0.10358664247015391
739.0,25.0,101.39974595236129,3026219.16686386,4499.515061581567,2.96165451378537e-05,0.10340323820592799
740.0,25.0,100.98111318888479,3030703.7340047117,4469.733045819186,2.96488234083051e-05,0.10322608079137512
741.0,25.0,100.56841952312553,3035158.85684751,4440.62273983528,2.968129681598473e-05,0.10305498194116769
742.0,25.0,100.16151182025925,3039585.1960906363,4412.162284464089,2.9713958324727596e-05,0.10288976139355065
743.0,25.0,99.76024260444939,3043983.391055019,4384.330774924513,2.974680119666177e-05,0.10273297168498136
744.0,25.0,99.36446978783653,3048354.0606120043,4357.1082083958145,2.977981897674875e-05,0.10257892179235575
745.0,25.0,98.97405641542997,3052697.8040605676,4330.475435055833,2.981300547828112e-05,0.10243026043388324
746.0,25.0,98.5888704248041,3057015.2019571546,4304.414112315745,2.984635476926841e-05,0.10228683493272434
747.0,25.0,98.2087844195783,3061306.816901292,4278.906662008033,2.987986115964779e-05,0.10214849875835447
748.0,25.0,97.83367545575314,3065573.19427974,4253.93623030606,2.9913519189261187e-05,0.10201511121229334
749.0,25.0,97.46342484003475,3069814.862971854,4229.486650171931,2.9947323616545707e-05,0.10188653713309032
750.0,25.0,97.09791793935634,3074032.3360185823,4205.5424061470285,2.998126940788742e-05,0.10176264661920094
751.0,25.0,96.73704400086137,3078226.111257352,4182.088601314915,3.0015351727593926e-05,0.10164331476849693
752.0,25.0,96.38069598166811,3082396.671924942,4159.110926280243,3.0049565928443197e-05,0.10152842143325068
753.0,25.0,96.02877038778979,3086544.487230272,4136.59563002054,3.008390754277038e-05,0.10141785098953014
754.0,25.0,95.68116712162563,3090670.0128989434,4114.529492478789,3.0118372274056984e-05,0.10131149212001989
755.0,25.0,95.33778933748621,3094773.6916911677,4092.899798775779,3.0152955988989155e-05,0.1012092376093622
756.0,25.0,94.99854330465182,3098855.953894692,4071.694314930518,3.0187654709954925e-05,0.10111098415118054
757.0,25.0,94.66333827749916,3102917.217794147,4050.9012649858623,3.022246460795197e-05,0.10101663216601202
758.0,25.0,94.33208637226569,3106957.890118177,4030.509309444481,3.0257381995879744e-05,0.100926085629432
759.0,25.0,94.00470245005131,3110978.366465635,4010.507524927678,3.029240332219183e-05,0.10083925190971035
760.0,25.0,93.68110400568156,3114979.031712013,3990.8853849759776,3.0327525164885875e-05,0.10075604161438315
761.0,25.0,93.36121106208894,3118960.2603972005,3971.6327419169284,3.0362744225810293e-05,0.1006763684451734
762.0,25.0,93.0449460698852,3122922.4170956337,3952.739809730694,3.0398057325268243e-05,0.1006001490607318
763.0,25.0,92.73223381182454,3126865.856769764,3934.19714784944,3.0433461396900915e-05,0.10052730294670831
764.0,25.0,92.42300131187608,3130790.9251077813,3915.9956458311003,3.046895348283315e-05,0.10045775229269925
765.0,25.0,92.11717774864185,3134697.9588464196,3898.1265088523946,3.050453072906594e-05,0.10039142187564733
766.0,25.0,91.81469437287596,3138587.286079643,3880.5812439700285,3.0540190381100976e-05,0.10032823894930096
767.0,25.0,91.51548442887379,3142459.2265539584,3863.351647102477,3.057592977978388e-05,0.10026813313936699
768.0,25.0,91.21948307951774,3146314.0919510564,3846.4297906882975,3.0611746357353195e-05,0.10021103634401533
769.0,25.0,90.92662733477805,3150152.186158418,3829.8080119799038,3.0647637633683504e-05,0.10015688263941852
770.0,25.0,90.63685598347948,3153973.8055285364,3813.47890193449,3.0683601212711374e-05,0.10010560819002891
771.0,25.0,90.35010952815956,3157779.239127291,3797.435294666663,3.0719634779033985e-05,0.10005715116331748
772.0,25.0,90.06633012284972,3161568.7689720634,3781.670257429434,3.075573609467055e-05,0.10001145164871596
773.0,25.0,89.78546151362761,3165342.6702600657,3766.177081092811,3.079190299597761e-05,0.09996845158052087
774.0,25.0,89.5074489817912,3169101.2115874053,3750.949271090947,3.0828133390709736e-05,0.09992809466453396
775.0,25.0,89.23223928952159,3172844.6551592913,3735.9805388110613,3.086442525521747e-05,0.09989032630822889
776.0,25.0,88.9597806279015,3176573.2569918744,3721.264793398755,3.090077663177528e-05,0.099855093554245
777.0,25.0,88.69002256717299,3180287.267106052,3706.7961339563903,3.093718562603248e-05,0.09982234501702583
778.0,25.0,88.4229160091166,3183986.9297137028,3692.5688421122895,3.097365040458034e-05,0.09979203082242673
779.0,25.0,88.15841314144718,3187672.483396627,3678.5773749403006,3.101016919262964e-05,0.09976410255013139
780.0,25.0,87.89646739412456,3191344.1612785957,3664.816358210336,3.1046740271792366e-05,0.09973851317872325
781.0,25.0,87.6370333974843,3195002.191190804,3651.280579951826,3.1083361977962524e-05,0.09971521703327071
782.0,25.0,87.38006694209827,3198646.7958310354,3637.9649843130983,3.112003269929074e-05,0.0996941697352906
783.0,25.0,87.1255249402813,3202278.1929168315,3624.864665700809,3.1156750874247834e-05,0.0996753281549648
784.0,25.0,86.87336538916327,3205896.5953329233,3611.974863184437,3.1193514989772904e-05,0.09965865036549112
785.0,25.0,86.62354733525251,3209502.211273205,3599.2909551518997,3.12303235795016e-05,0.09964409559945804
786.0,25.0,86.3760308404171,3213095.244377484,3586.808454202981,3.1267175222070534e-05,0.0996316242071374
787.0,25.0,86.13077694922012,3216675.8938632295,3574.523002268359,3.130406853949418e-05,0.0996211976165975
788.0,25.0,85.88774765754184,3220244.3546525547,3562.430365942423,3.1341002195610335e-05,0.0996127782955436
789.0,25.0,85.64690588243145,3223800.817494628,3550.5264320190167,3.137797489459129e-05,0.09960632971479821
790.0,25.0,85.40821543312954,3227345.469083726,3538.807203219757,3.1414985379516956e-05,0.09960181631333878
791.0,25.0,85.17164098320902,3230878.4921730966,3527.268794105206,3.14520324310074e-05,0.09959920346481622
792.0,25.0,84.93714804378185,3234400.0656848345,3515.907427159746,3.1489114865911605e-05,0.09959845744547921
793.0,25.0,84.70470293772516,3237910.3648159076,3504.719429041528,3.152623153605e-05,0.09959954540343668
794.0,25.0,84.47427277487894,3241409.561140529,3493.7012269893307,3.156338132700807e-05,0.09960243532919291
795.0,25.0,84.24582542817396,3244897.822708991,3482.8493453786764,3.160056315697873e-05,0.09960709602739315
796.0,25.0,84.01932951064671,3248375.314143161,3472.1604024199237,3.1637775975651094e-05,0.09961349708972206
797.0,25.0,83.79475435330365,3251842.1967287017,3461.6311069914927,3.1675018763143583e-05,0.09962160886889966
798.0,25.0,83.57206998379813,3255298.628504217,3451.2582556017906,3.171229052897931e-05,0.09963140245372332
799.0,25.0,83.35124710588238,3258744.7643474145,3441.038729473633,3.17495903111016e-05,0.0996428496451055
800.0,25.0,83.13225707960369,3262180.7560584154,3430.9694917454613,3.178691717492832e-05,0.099655922933062
801.0,25.0,82.91507190221193,3265606.7524403096,3421.047584783864,3.182427021244258e-05,0.09967059547460545
802.0,25.0,82.69966418974796,3269022.8993770876,3411.270127602177,3.18616485413188e-05,0.09968684107250332
803.0,25.0,82.48600715928413,3272429.339909037,3401.634313380312,3.189905130408216e-05,0.09970463415485961
804.0,25.0,82.27407461179068,3275826.214305716,3392.1374070811544,3.1936477667300225e-05,0.09972394975548457
805.0,25.0,82.06384091560048,3279213.6601365777,3382.7767431591315,3.197392682080499e-05,0.09974476349501502
806.0,25.0,81.855280990448,3282591.8123393506,3373.5497233567485,3.201139797694446e-05,0.0997670515627523
807.0,25.0,81.64837029205957,3285960.803286267,3364.4538145852057,3.204889036986203e-05,0.09979079069918692
808.0,25.0,81.44308479727121,3289320.762848198,3355.4865468852786,3.2086403254802886e-05,0.0998159581791773
809.0,25.0,81.23940098965322,3292671.8184568044,3346.6455114649348,3.2123935907445826e-05,0.09984253179575597
810.0,25.0,81.03729584562174,3296014.0951647446,3337.9283588103135,3.2161487623259885e-05,0.0998704898445345
811.0,25.0,80.83674682101658,3299347.715704045,3329.332796866838,3.219905771688429e-05,0.09989981110868172
812.0,25.0,80.63773183812756,3302672.8005426666,3320.8565892874253,3.223664552153108e-05,0.09993047484445014
813.0,25.0,80.44022927315169,3305989.467939382,3312.4975537449077,3.2274250388409194e-05,0.09996246076722773
814.0,25.0,80.2442179440636,3309297.8339969595,3304.253560305882,3.231187168616937e-05,0.0999957490380916
815.0,25.0,80.04967709888406,3312598.0127137774,3296.122529863409,3.234950880036879e-05,0.1000303202508437
816.0,25.0,79.85658640433,3315890.1160338908,3288.102432626028,3.238716113295474e-05,0.10006615541950697
817.0,25.0,79.66492593483282,3319174.2538956045,3280.191286660777,3.242482810176658e-05,0.10010323596626353
818.0,25.0,79.47467616190906,3322450.5342786415,3272.3871564878796,3.246250914005518e-05,0.10014154370981637
819.0,25.0,79.28581794387182,3325719.063249898,3264.688151725047,3.250020369601907e-05,0.10018106085415686
820.0,25.0,79.09833251586856,3328979.945007891,3257.092425779262,3.2537911232356807e-05,0.10022176997772134
821.0,25.0,78.91220148023419,3332233.2819259143,3249.5981745841686,3.257563122583481e-05,0.10026365402292167
822.0,25.0,78.72740679714659,3335479.174593944,3242.2036353811495,3.2613363166869984e-05,0.10030669628603385
823.0,25.0,78.54393077557458,3338717.7218593652,3234.9070855423697,3.265110655912665e-05,0.10035088040743007
824.0,25.0,78.36175606450591,3341949.020866519,3227.706841434068,3.2688860919127156e-05,0.1003961903621414
825.0,25.0,78.18086564444671,3345173.167095154,3220.6012573184976,3.2726625775875804e-05,0.10044261045073714
826.0,25.0,78.00124281918117,3348390.2543977867,3213.588724292975,3.2764400670495175e-05,0.10049012529050884
827.0,25.0,77.82287120778268,3351600.375036019,3206.6676692645688,3.2802185155874894e-05,0.10053871980694622
828.0,25.0,77.6457347368677,3354803.619715849,3199.836553959053,3.283997879633195e-05,0.10058837922549474
829.0,25.0,77.46981763308165,3358000.0776220076,3193.0938739627254,3.287778116728229e-05,0.10063908906358261
830.0,25.0,77.29510441581215,3361189.8364513605,3186.438157795899,3.291559185492326e-05,0.1006908351229078
831.0,25.0,77.12157989011772,3364372.9824453816,3179.8679660167636,3.295341045592656e-05,0.10074360348197478
832.0,25.0,76.9492291398665,3367549.6004217635,3173.381890354514,3.299123657714099e-05,0.10079738048887066
833.0,25.0,76.77803752107818,3370719.773805157,3166.9785528705934,3.3029069835305146e-05,0.1008521527542735
834.0,25.0,76.60799065545937,3373883.584657106,3160.656605146992,3.306690985676917e-05,0.10090790714468127
835.0,25.0,76.43907442412896,3377041.1137051657,3154.4147275005967,3.310475627722555e-05,0.10096463077585632
836.0,25.0,76.27127496152411,3380192.440371259,3148.2516282225793,3.31426087414486e-05,0.10102231100647446
837.0,25.0,76.10457864948285,3383337.6427992824,3142.1660428419405,3.3180466903042105e-05,0.10108093543197295
838.0,25.0,75.938972111496,3386476.797881975,3136.156733412271,3.321833042419511e-05,0.10114049187858914
839.0,25.0,75.77444220712262,3389609.9812871064,3130.2224878208913,3.325619897544531e-05,0.10120096839758307
840.0,25.0,75.61097602656457,3392737.2674829727,3124.3621191195466,3.3294072235449905e-05,0.10126235325963696
841.0,25.0,75.44856088539342,3395858.729763233,3118.5744648758787,3.3331949890763726e-05,0.10132463494942587
842.0,25.0,75.28718431942612,3398974.440271104,3112.858386544912,3.3369831635624066e-05,0.1013878021603522
843.0,25.0,75.12683407974272,3402084.4700229517,3107.212768859828,3.3407717171742396e-05,0.10145184378943936
844.0,25.0,74.96749812784324,3405188.8889312674,3101.6365192413564,3.344560620810235e-05,0.10151674893237803
845.0,25.0,74.80916463093817,3408287.7658270625,3096.128567225103,3.348349846076396e-05,0.10158250687871984
846.0,25.0,74.65182195736776,3411381.1684817164,3090.6878639061674,3.352139365267397e-05,0.10164910710721335
847.0,25.0,74.49545867214748,3414469.1636282527,3085.313381400481,3.355929151348174e-05,0.10171653928127707
848.0,25.0,74.34006353263385,3417551.8169821035,3080.0041123222227,3.359719177936091e-05,0.10178479324460507
849.0,25.0,74.18562548430769,3420629.193261358,3074.759069276796,3.363509419283634e-05,0.10185385901689978
850.0,25.0,74.03213365667132,3423701.356206491,3069.5772843688164,3.3672998502616295e-05,0.10192372678972877
851.0,25.0,73.879577359255,3426768.3685996435,3064.457808724569,3.3710904463429635e-05,0.10199438692249987
852.0,25.0,73.72794607773008,3429830.292283389,3059.3997120284685,3.374881183586783e-05,0.10206582993855139
853.0,25.0,73.57722947012547,3432887.188179084,3054.4020820730198,3.3786720386231744e-05,0.10213804652135365
854.0,25.0,73.42741736314316,3435939.1163047454,3049.4640243218373,3.382462988638284e-05,0.10221102751081654
855.0,25.0,73.27849974857143,3438986.1357925106,3044.584661485273,3.3862540113598854e-05,0.10228476389970198
856.0,25.0,73.13046677979055,3442028.3049056875,3039.763133108215,3.390045085043362e-05,0.10235924683013518
857.0,25.0,72.98330876837089,3445065.6810553637,3034.998595169694,3.3938361884581044e-05,0.10243446759021287
858.0,25.0,72.83701618075713,3448098.320816672,3030.290219693831,3.397627300874304e-05,0.10251041761070497
859.0,25.0,72.69157963503943,3451126.2799446327,3025.6371943718314,3.401418402050119e-05,0.10258708846184615
860.0,25.0,72.54698989780631,3454149.6133896317,3021.0387221945953,3.405209472219219e-05,0.10266447185021461
861.0,25.0,72.40323788107814,3457168.3753125523,3016.494021095634,3.4090004920786937e-05,0.10274255961569508
862.0,25.0,72.26031463931848,3460182.619099534,3012.0023236039424,3.412791442777285e-05,0.10282134372852336
863.0,25.0,72.11821136652054,3463192.3973764027,3007.562876506504,3.416582305903982e-05,0.10290081628640943
864.0,25.0,71.9769193933669,3466197.762022766,3003.1749405201053,3.420373063476917e-05,0.10298096951173637
865.0,25.0,71.83643018446082,3469198.764185775,2998.8377899722027,3.424163697932585e-05,0.10306179574883345
866.0,25.0,71.6967353356257,3472195.4542935872,2994.5507124904875,3.427954192115374e-05,0.1031432874613199
867.0,25.0,71.5578265712717,3475187.8820685134,2990.313008700925,3.4317445292673696e-05,0.10322543722951757
868.0,25.0,71.41969574182755,3478176.0965398597,2986.123991933976,3.435534693018464e-05,0.10330823774792997
869.0,25.0,71.28233482123514,3481160.146056502,2981.982987938739,3.4393246673767344e-05,0.10339168182278606
870.0,25.0,71.14573590450527,3484140.0782991596,2977.8893346047807,3.443114436719076e-05,0.10347576236964545
871.0,25.0,71.0098912053329,3487115.940292389,2973.84238169139,3.446903985782113e-05,0.1035604724110645
872.0,25.0,70.87479305377035,3490087.778416345,2969.841490564051,3.450693299653349e-05,0.10364580507432018
873.0,25.0,70.74043389395595,3493055.638418229,2965.8860339378925,3.454482363762562e-05,0.10373175358918996
874.0,25.0,70.60680628189802,3496019.565423537,2961.9753956278996,3.4582711638734305e-05,0.10381831128578647
875.0,25.0,70.47390288331106,3498979.603947029,2958.1089703056978,3.4620596860754e-05,0.10390547159244432
876.0,25.0,70.34171647150373,3501935.797903461,2954.286163262683,3.4658479167757555e-05,0.10399322803365788
877.0,25.0,70.21023992531649,3504888.190618094,2950.506390179315,3.469635842691914e-05,0.10408157422806773
878.0,25.0,70.07946622710841,3507836.824836977,2946.769076900403,3.4734234508439384e-05,0.10417050388649536
879.0,25.0,69.94938846079044,3510781.7427369864,2943.0736592161743,3.4772107285472205e-05,0.10426001081002229
880.0,25.0,69.81999980990521,3513722.985935675,2939.4195826489745,3.480997663405395e-05,0.10435008888811466
881.0,25.0,69.69129355575123,3516660.5955009023,2935.8063022454207,3.484784243303418e-05,0.10444073209678965
882.0,25.0,69.56326307555038,3519594.6119602425,2932.2332823738443,3.4885704564008436e-05,0.10453193449682333
883.0,25.0,69.43590184065795,3522525.075310223,2928.6999965268774,3.4923562911252636e-05,0.10462369023199782
884.0,25.0,69.30920341481333,3525452.0250253486,2925.205927129017,3.496141736165946e-05,0.10471599352738742
885.0,25.0,69.18316145243126,3528375.5000669267,2921.7505653490316,3.4999267804676074e-05,0.10480883868768053
886.0,25.0,69.05776969693123,3531295.538891735,2918.3334109170587,3.5037114132243766e-05,0.10490222009553762
887.0,25.0,68.93302197910528,3534212.1794604897,2914.9539719462705,3.507495623873902e-05,0.10499613220998293
888.0,25.0,68.80891221552235,3537125.459246134,2911.611764758959,3.5112794020916195e-05,0.10509056956482922
889.0,25.0,68.68543440696854,3540035.415241968,2908.3063137169243,3.515062737785159e-05,0.10518552676713329
890.0,25.0,68.56258263692217,3542942.0839696084,2905.037151056037,3.518845621088908e-05,0.10528099849568158
891.0,25.0,68.44035107006297,3545845.501486773,2901.8038167248646,3.522628042358714e-05,0.10537697949950516
892.0,25.0,68.31873395081415,3548745.7033949215,2898.6058582272267,3.526409992166702e-05,0.10547346459642083
893.0,25.0,68.1977256019167,3551642.7248467267,2895.442830468586,3.530191461296263e-05,0.1055704486715995
894.0,25.0,68.07732042303515,3554536.6005534115,2892.3142956061615,3.5339724407371404e-05,0.10566792667615844
895.0,25.0,67.95751288939383,3557427.364791916,2889.2198229026553,3.5377529216806456e-05,0.10576589362577725
896.0,25.0,67.83829755044262,3560315.0514119365,2886.158988583487,3.54153289551501e-05,0.10586434459933579
897.0,25.0,67.71966902855209,3563199.69384282,2883.131375697458,3.545312353820838e-05,0.10596327473757286
898.0,25.0,67.6016220177366,3566081.325100314,2880.1365739807293,3.549091288366689e-05,0.10606267924176425
899.0,25.0,67.4841512824049,3568959.9777931958,2877.174179724023,3.552869691104758e-05,0.10616255337241838
900.0,25.0,67.36725165613768,3571835.68412975,2874.2437956429776,3.556647554166672e-05,0.10626289244798857
901.0,25.0,67.25091804049126,3574708.4759241426,2871.345030751547,3.5604248698593905e-05,0.10636369184360063
902.0,25.0,67.13514540382644,3577578.3846026463,2868.477500238372,3.564201630661206e-05,0.10646494698979289
903.0,25.0,67.01992878016246,3580445.441209762,2865.6408253460413,3.56797782921785e-05,0.10656665337126905
904.0,25.0,66.90526326805517,3583309.6764142066,2862.834633253167,3.571753458338684e-05,0.1066688065256605
905.0,25.0,66.79114402949853,3586171.1205148026,2860.0585569591867,3.575528510993001e-05,0.10677140204229749
906.0,25.0,66.67756628884943,3589029.8034462314,2857.3122351718384,3.5793029803064037e-05,0.10687443556098601
907.0,25.0,66.56452533177479,3591885.75478469,2854.5953121972148,3.583076859557279e-05,0.10697790277079045
908.0,25.0,66.45201650422038,3594739.0037534353,2851.9074378323453,3.586850142173358e-05,0.10708179940881732
909.0,25.0,66.34003521140129,3597589.579228228,2849.2482672602205,3.590622821728356e-05,0.10718612125900029
910.0,25.0,66.22857691681315,3600437.509742652,2846.6174609472273,3.594394891938707e-05,0.10729086415088268
911.0,25.0,66.1176371412633,3603282.8234933675,2844.0146845428844,3.598166346660355e-05,0.10739602395839501
912.0,25.0,66.00721146192231,3606125.5483452305,2841.4396087818536,3.601937179885654e-05,0.10750159659862552
913.0,25.0,65.89729551139456,3608965.711836333,2838.891909388162,3.6057073857403135e-05,0.10760757803057967
914.0,25.0,65.78788497680748,3611803.341182949,2836.3712669815573,3.6094769584804294e-05,0.10771396425392608
915.0,25.0,65.67897559891975,3614638.463284382,2833.8773669859656,3.613245892489599e-05,0.10782075130772505
916.0,25.0,65.5705631712469,3617471.1047277185,2831.4098995399845,3.617014182276078e-05,0.1079279352691353
917.0,25.0,65.46264353920486,3620301.2917925157,2828.9685594093517,3.6207818224700384e-05,0.1080355122520956
918.0,25.0,65.3552125992704,3623129.050455362,2826.5530459013617,3.6245488078208555e-05,0.10814347840597445
919.0,25.0,65.24826629815838,3625954.4063943997,2824.163062781155,3.628315133194498e-05,0.1082518299141854
920.0,25.0,65.14180063201543,3628777.384993721,2821.79831818985,3.6320807935709455e-05,0.10836056299275863
921.0,25.0,65.03581164562932,3631598.01134772,2819.458524564457,3.635845784041688e-05,0.10846967388886466
922.0,25.0,64.93029543165405,3634416.310265343,2817.143398559545,3.63961009980728e-05,0.1085791588792813
923.0,25.0,64.82524812985027,3637232.306274267,2814.8526609705996,3.643373736174951e-05,0.10868901426879544
924.0,25.0,64.72066592634029,3640046.023625,2812.5860366590423,3.6471366885562726e-05,0.10879923638853069
925.0,25.0,64.61654505287781,3642857.486294918,2810.343254478867,3.650898952464878e-05,0.10890982159418869
926.0,25.0,64.51288178613162,3645666.7179922154,2808.1240472048453,3.654660523514237e-05,0.10902076626419288
927.0,25.0,64.40967244698342,3648473.7421597964,2805.9281514622758,3.65842139741549e-05,0.10913206679771979
928.0,25.0,64.30691339983896,3651278.5819790787,2803.755307658223,3.662181569975313e-05,0.10924371961260104
929.0,25.0,64.20460105195228,3654081.2603737595,2801.605259914222,3.6659410370938636e-05,0.10935572114307869
930.0,25.0,64.10273185276341,3656881.8000134784,2799.477756000407,3.66969979476273e-05,0.10946806783739009
931.0,25.0,64.00130229324802,3659680.2233174476,2797.3725472710316,3.6734578390629795e-05,0.10958075615515944
932.0,25.0,63.900308905279815,3662476.552458001,2795.2893886013344,3.6772151661632105e-05,0.10969378256456429
933.0,25.0,63.799748261004936,3665270.8093640786,2793.2280383257466,3.6809717723176673e-05,0.10980714353924462
934.0,25.0,63.69961697222817,3668063.015724657,2791.1882581773707,3.684727653864395e-05,0.10992083555491303
935.0,25.0,63.599911689810455,3670853.192992128,2789.1698132287293,3.688482807223447e-05,0.11003485508561986
936.0,25.0,63.500629103078126,3673641.3623855966,2787.1724718337427,3.69223722889511e-05,0.11014919859961565
937.0,25.0,63.40176593924255,3676427.544894139,2785.1960055708996,3.6959909154581944e-05,0.11026386255474566
938.0,25.0,63.30331896283132,3679211.7612799965,2783.2401891876084,3.699743863568341e-05,0.1103788433932966
939.0,25.0,63.2052849751292,3681994.032081727,2781.3048005456812,3.703496069956393e-05,0.11049413753619892
940.0,25.0,63.107660813629856,3684774.377617277,2779.3896205679375,3.7072475314267776e-05,0.11060974137647127
941.0,25.0,63.01044335149768,3687552.81798703,2777.4944331859006,3.71099824485594e-05,0.11072565127176506
942.0,25.0,62.913629497039224,3690329.373076778,2775.619025288552,3.714748207190815e-05,0.11084186353583958
943.0,25.0,62.817216193184485,3693104.062560667,2773.7631866721263,3.718497415447314e-05,0.11095837442875656
944.0,25.0,62.721200416977545,3695876.905904069,2771.9267099909216,3.72224586670888e-05,0.1110751801455348
945.0,25.0,62.625579179076404,3698647.922366419,2770.1093907090954,3.725993558125027e-05,0.11119227680293957
946.0,25.0,62.53034952326218,3701417.1310039996,2768.3110270534366,3.729740486909968e-05,0.11130966042400095
947.0,25.0,62.43550852595649,3704184.550672686,2766.5314199670706,3.7334866503412234e-05,0.1114273269197438
948.0,25.0,62.34105329574826,3706950.200030633,2764.7703730640937,3.73723204575829e-05,0.11154527206747104
949.0,25.0,62.24698097292843,3709714.097540926,2763.027692585116,3.740976670561339e-05,0.11166349148474974
950.0,25.0,62.153288729033214,3712476.2614741903,2761.303187353664,3.744720522209924e-05,0.11178198059799063
951.0,25.0,62.059973766395416,3715236.709911143,2759.596668733471,3.748463598221734e-05,0.11190073460415931
952.0,25.0,61.96703331770378,3717995.460745122,2757.9079505865852,3.752205896171373e-05,0.11201974842366812
953.0,25.0,61.874464645569894,3720752.531684552,2756.2368492323135,3.7559474136891563e-05,0.11213901664180757
954.0,25.0,61.782265042102985,3723507.9402554026,2754.583183406961,3.759688148459946e-05,0.11225853343509366
955.0,25.0,61.69043182849198,3726261.7038035565,2752.946774224361,3.763428098222006e-05,0.11237829247747042
956.0,25.0,61.598962354594846,3729013.839497191,2751.327445137164,3.767167260765876e-05,0.1124982868191796
957.0,25.0,61.50785399853549,3731764.3643290875,2749.7250218988916,3.7709056339332784e-05,0.11261850872786999
958.0,25.0,61.417104166306856,3734513.2951189177,2748.1393325266995,3.77464321561606e-05,0.1127389494764782
959.0,25.0,61.326710291381765,3737260.6485154866,2746.5702072648855,3.7783800037551236e-05,0.11285959905433096
960.0,25.0,61.23666983432989,3740006.4409989403,2745.017478549074,3.782115996339418e-05,0.11298044576454536
961.0,25.0,61.14698028244152,3742750.688882941,2743.4809809711005,3.7858511914049266e-05,0.1131014756478217
962.0,25.0,61.05763914935771,3745493.4083168088,2741.9605512445596,3.7895855870337e-05,0.1132226716314921
963.0,25.0,60.9686439747069,3748234.6152876248,2740.4560281710087,3.7933191813528776e-05,0.11334401222480395
964.0,25.0,60.87999232374746,3750974.3256222997,2738.967252606818,3.797051972533765e-05,0.11346546942493885
965.0,25.0,60.79168178701654,3753712.5549896113,2737.4940674306354,3.800783958790907e-05,0.11358700515909359
966.0,25.0,60.7037099799847,3756449.318902224,2736.036317511478,3.8045151383811905e-05,0.11370856477878515
967.0,25.0,60.616074542716454,3759184.6327186413,2734.593849677413,3.808245509602971e-05,0.11383006393303875
968.0,25.0,60.528773139536455,3761918.511645172,2733.1665126848284,3.811975070795206e-05,0.11395135808988625
969.0,25.0,60.441803458701365,3764650.9707378233,2731.7541571882853,3.8157038203366103e-05,0.1140721542724097
970.0,25.0,60.355163212077095,3767382.0249042003,2730.356635710912,3.8194317566448426e-05,0.11419161920545505
971.0,25.0,60.26885013482143,3770111.6889053527,2728.9738026153705,3.8231588781756945e-05,0.11430547863513595
972.0,25.0,60.18286198507204,3772839.977357596,2727.6055140753474,3.826885183422294e-05,0.11443184027388459
973.0,25.0,60.09719654363949,3775566.9047343223,2726.251628047566,3.830610670914352e-05,0.11455843792092348
974.0,25.0,60.01185161370546,3778292.4853677475,2724.912004244332,3.834335339217382e-05,0.11468526971779743
975.0,25.0,59.92682502052578,3781016.7334506796,2723.5865041065626,3.838059186931985e-05,0.11481233382321876
976.0,25.0,59.84211461113849,3783739.663038212,2722.2749907773236,3.841782212693111e-05,0.11493962841285517
977.0,25.0,59.7577182540764,3786461.2880494227,2720.977329075836,3.8455044151693495e-05,0.11506715167912032
978.0,25.0,59.67363383908477,3789181.622269045,2719.6933854719714,3.849225793062251e-05,0.11519490183096864
979.0,25.0,59.58985927684315,3791900.67934908,2718.423028061193,3.8529463451056276e-05,0.1153228770936924
980.0,25.0,59.50639249869195,3794618.472810446,2717.166126539963,3.856666070064906e-05,0.11545107570872284
981.0,25.0,59.423231456363226,3797335.016044532,2715.922552181582,3.860384966736471e-05,0.11557949593343386
982.0,25.0,59.34037412171612,3800050.3223147886,2714.6921778124756,3.8641030339470246e-05,0.11570813604094918
983.0,25.0,59.257818486476296,3802764.4047582545,2713.474877788892,3.867820270552968e-05,0.11583699431995205
984.0,25.0,59.17556256197946,3805477.276387085,2712.2705279740276,3.8715366754397886e-05,0.11596606907449869
985.0,25.0,59.09360437891932,3808188.9500900405,2711.0790057155514,3.8752522475214674e-05,0.11609535862383383
986.0,25.0,59.011941987099135,3810899.4386339565,2709.9001898235365,3.878966985739888e-05,0.11622486130220949
987.0,25.0,58.930573455187535,3813608.7546652094,2708.7339605487755,3.882680889064266e-05,0.11635457545870657
988.0,25.0,58.84949687047795,3816316.910711134,2707.5801995614856,3.886393956490592e-05,0.11648449945705926
989.0,25.0,58.76871033865211,3819023.919181437,2706.438789930382,3.890106187041077e-05,0.11661463167548168
990.0,25.0,58.688211983546836,3821729.7923695813,2705.3096161021263,3.8938175797636165e-05,0.11674497050649774
991.0,25.0,58.607999946925,3824434.542454161,2704.192563881127,3.8975281337312705e-05,0.11687551435677351
992.0,25.0,58.528072388249555,3827138.181500244,2703.0875204097024,3.901237848041737e-05,0.11700626164695159
993.0,25.0,58.44842748446149,3829840.721460703,2701.9943741485795,3.904946721816858e-05,0.11713721081148873
994.0,25.0,58.36906342976098,3832542.1741775186,2700.9130148577374,3.908654754202117e-05,0.11726836029849544
995.0,25.0,58.2899784353919,3835242.5513830753,2699.84333357758,3.912361944366158e-05,0.11739970856957793
996.0,25.0,58.211170729429995,3837941.8647014303,2698.785222610438,3.916068291500319e-05,0.11753125409968312
997.0,25.0,58.13263855657392,3840640.125649568,2697.7385755023843,3.919773794818149e-05,0.11766299537694473
998.0,25.0,58.054380177939514,3843337.3456386323,2696.703287025364,3.923478453554978e-05,0.11779493090253326
999.0,25.0,57.97639387085768,3846033.535975143,2695.679253159633,3.927182266967451e-05,0.11792705919050654
1000.0,25.0,57.89867792867456,3848728.7078621984,2694.6663710764924,3.930885234333103e-05,0.11805937876766374
500.0,25.5,850.9532816943399,981863.3255479962,4496.069871424469,0.00012366487430569886,0.6604483841907018
501.0,25.5,849.739772698768,986362.0385037647,4501.3671066470615,0.0001231173036826408,0.6596318735434171
502.0,25.5,848.520897185262,990866.0820664115,4506.731258070033,0.00012257439528387128,0.658807189500681
503.0,25.5,847.2966110207104,995375.5236750047,4512.163375664269,0.00012203606931427868,0.6579743396082892
504.0,25.5,846.0668691781784,999890.4318314552,4517.664535296436,0.00012150224717962673,0.6571333307671388
505.0,25.5,844.8316257176632,1004410.876126827,4523.23583953769,0.00012097285145881427,0.6562841692311919
506.0,25.5,843.5908337662488,1008936.927268457,4528.878418502613,0.00012044780587669996,0.6554268606047536
507.0,25.5,842.3444454975759,1013468.6571079247,4534.593430720889,0.0001199270352774565,0.65456140983907
508.0,25.5,841.0924121106216,1018006.1386699314,4540.382064042649,0.00011941046559844453,0.6536878212282455
509.0,25.5,839.834683807782,1022549.4461820705,4546.245536578729,0.00011889802384458748,0.6528060984045274
510.0,25.5,838.5712097721926,1027098.6551055856,4552.18509767835,0.00011838963806322496,0.6519162443329317
511.0,25.5,837.3019381442871,1031653.8421671116,4558.2020289450165,0.00011788523731943164,0.6510182613052453
512.0,25.5,836.0268159975576,1036215.0853914536,4564.297645292735,0.00011738475167178399,0.6501121509333897
513.0,25.5,834.7457893134666,1040782.4641354352,4570.473296045211,0.00011688811214855339,0.649197914142143
514.0,25.5,833.458802955512,1045356.0591228942,4576.730366078297,0.00011639525072431674,0.6482755511612592
515.0,25.5,832.1658006423675,1049935.9524808046,4583.070277009812,0.00011590610029695807,0.647345061516911
516.0,25.5,830.8667249201064,1054522.2277766422,4589.494488437388,0.00011542059466505636,0.6464064440225221
517.0,25.5,829.5615171334323,1059114.9700570134,4596.004499227446,0.00011493866850563306,0.6454596967689313
518.0,25.5,828.2501173958984,1063714.2658875792,4602.601848857698,0.0001144602573522492,0.6445048171138994
519.0,25.5,826.9324645590758,1068320.2033943569,4609.288118815241,0.00011398529757343768,0.6435418016709489
520.0,25.5,825.6084961805984,1072932.8723064687,4616.064934054094,0.00011351372635144719,0.6425706462975023
521.0,25.5,824.2781484910843,1077552.3640003565,4622.933964513535,0.00011304548166129353,0.6415913460823395
522.0,25.5,822.9413563598363,1082178.7715455373,4629.8969267018665,0.000112580502250093,0.6406038953323101
523.0,25.5,821.5980532593088,1086812.1897520244,4636.955585347645,0.00011211872761666871,0.6396082875583332
524.0,25.5,820.2481712282677,1091452.7152193675,4644.111755122344,0.00011166009799141182,0.638604515460617
525.0,25.5,818.8916408335878,1096100.4463875196,4651.367302438059,0.00011120455431638292,0.637592570913101
526.0,25.5,817.5283911306341,1100755.4835894837,4658.7241473238155,0.00011075203822563789,0.6365724449470879
527.0,25.5,816.1583496221767,1105417.9291059184,4666.184265384567,0.00011030249202576738,0.635544127734063
528.0,25.5,814.7814422157411,1110087.8872217215,4673.749689847548,0.00010985585867662541,0.6345076085676162
529.0,25.5,813.3975931793503,1114765.4642847234,4681.422513699837,0.00010941208177223865,0.6334628758444921
530.0,25.5,812.0067250956001,1119450.7687665324,4689.204891922406,0.0001089711055218843,0.6324099170447218
531.0,25.5,810.6087588139441,1124143.9113257169,4697.099043825651,0.00010853287473130735,0.6313487187107764
532.0,25.5,809.2036134011578,1128845.0048733326,4705.107255491589,0.00010809733478407712,0.6302792664257364
533.0,25.5,807.7912060898794,1133554.164640956,4713.231882328504,0.00010766443162305841,0.6292015447904341
534.0,25.5,806.3714522251162,1138271.508251352,4721.4753517444215,0.00010723411173197857,0.6281155373995004
535.0,25.5,804.9442652086699,1142997.1557918426,4729.840165945127,0.00010680632211708503,0.6270212268163121
536.0,25.5,803.5095564413356,1147731.2298905859,4738.328904864486,0.00010638101028886329,0.6259185945467712
537.0,25.5,802.0672352628044,1152473.8557957923,4746.944229233327,0.00010595812424380875,0.6248076210118596
538.0,25.5,800.6172088891459,1157225.161458146,4755.688883795322,0.00010553761244623009,0.6236882855189531
539.0,25.5,799.1593823477474,1161985.2776164776,4764.565700677993,0.00010511942381006538,0.6225605662317883
540.0,25.5,797.6936584096092,1166754.3378869037,4773.577602927053,0.00010470350768069661,0.6214244401390852
541.0,25.5,796.219937518845,1171532.478855581,4782.72760821408,0.00010428981381674017,0.6202798830217032
542.0,25.5,794.7381177192767,1176319.8401752673,4792.018832726751,0.00010387829237179856,0.6191268694183372
543.0,25.5,793.2480945779416,1181116.5646658554,4801.4544952528095,0.00010346889387614526,0.6179653725895992
544.0,25.5,791.7497611053996,1185922.7984190995,4811.037921468667,0.00010306156921833183,0.6167953644805002
545.0,25.5,790.2430076726628,1190738.6909077538,4820.772548444511,0.0001026562696266901,0.6156168156812065
546.0,25.5,788.7277219245667,1195564.3950992953,4830.6619293791955,0.00010225294665070876,0.6144296953859981
547.0,25.5,787.2037886894169,1200400.067574531,4840.709738578306,0.00010185155214226089,0.613233971350351
548.0,25.5,785.6710898847235,1205245.8686512932,4850.9197766899015,0.00010145203823666225,0.6120296098460669
549.0,25.5,784.1295044188098,1210101.9625135195,4861.295976213936,0.00010105435733353182,0.6108165756143313
550.0,25.5,782.5789080880652,1214968.5173459775,4871.842407302126,0.00010065846207742596,0.6095948318166043
551.0,25.5,781.0191734696632,1219845.7054749473,4882.563283865687,0.00010026430533822991,0.6083643399832651
552.0,25.5,779.4501698094549,1224733.703515159,4893.46297001062,9.987184019126882e-05,0.6071250599598753
553.0,25.5,777.8717629047966,1229632.6925233684,4904.545986821229,9.948101989711054e-05,0.6058769498509342
554.0,25.5,776.283814982045,1234542.8581588555,4915.8170195136645,9.909179788103363e-05,0.6046199659610321
555.0,25.5,774.6861845684289,1239464.3908513235,4927.280924983256,9.870412771212452e-05,0.603354062733244
556.0,25.5,773.0787263579689,1244397.485976506,4938.942739771504,9.831796308196827e-05,0.6020791926846248
557.0,25.5,771.4612910711468,1249342.3440399861,4950.807688479708,9.793325778290285e-05,0.6007953063386714
558.0,25.5,769.8337253079483,1254299.1708696634,4962.8811926589915,9.754996568579257e-05,0.5995023521545821
559.0,25.5,768.1958713939266,1259268.1778173593,4975.168880208461,9.716804071728614e-05,0.5982002764531476
560.0,25.5,766.5475672188553,1264249.5819700826,4987.676595315705,9.678743683650968e-05,0.5968890233390822
561.0,25.5,764.8886460676074,1269243.6063715336,5000.410408976218,9.640810801116284e-05,0.59556853461965
562.0,25.5,763.2189364427171,1274250.4802544254,5013.376630132609,9.603000819295143e-05,0.5942387497193062
563.0,25.5,761.5382618782371,1279270.439284277,5026.581817475156,9.565309129232696e-05,0.5928996055902283
564.0,25.5,759.8464407442935,1284303.7258153586,5040.0327919513065,9.5277311152463e-05,0.5915510366184362
565.0,25.5,758.1432860418374,1289350.5891594994,5053.736650034276,9.490262152242201e-05,0.5901929745253046
566.0,25.5,756.428605186953,1294411.2858686082,5067.700777804859,9.452897602944225e-05,0.5888253482641662
567.0,25.5,754.7021997841429,1299486.0800316636,5081.932865905913,9.415632815029258e-05,0.5874480839117853
568.0,25.5,752.9638653878466,1304575.243587147,5096.440925433577,9.378463118161227e-05,0.5860611045543463
569.0,25.5,751.2133912514995,1309679.0566518723,5111.233304834624,9.341383820917059e-05,0.5846643301676785
570.0,25.5,749.4505600633437,1314797.8078672097,5126.318707885886,9.304390207596613e-05,0.5832576774913826
571.0,25.5,747.6751476681225,1319931.7947638922,5141.706212838323,9.267477534907699e-05,0.5818410598964717
572.0,25.5,745.886922773761,1325081.324146599,5157.405292815064,9.230641028517211e-05,0.5804143872461667
573.0,25.5,744.0856466420768,1330246.712499562,5173.425837561527,9.193875879459197e-05,0.5789775657494397
574.0,25.5,742.271072762403,1335428.2864146782,5189.778176655133,9.157177240387984e-05,0.5775304978068214
575.0,25.5,740.4429465070515,1340626.3830436002,5206.473104290735,9.120540221666467e-05,0.5760730818480608
576.0,25.5,738.601004767347,1345841.350575438,5223.521905770099,9.083959887276414e-05,0.5746052121610872
577.0,25.5,736.7449755689045,1351073.5487418955,5240.936385836505,9.047431250537798e-05,0.5731267787117466
578.0,25.5,734.8745776647107,1356323.3493516783,5258.728899007357,9.010949269622808e-05,0.5716376669537285
579.0,25.5,732.9895201044702,1361591.1368563566,5276.9123820752475,8.974508842849389e-05,0.5701377576280611
580.0,25.5,731.0895017784751,1366877.308949833,5295.500388963559,8.93810480373675e-05,0.5686269265514832
581.0,25.5,729.1742109342017,1372182.277203996,5314.507128142237,8.901731915805371e-05,0.5671050443929904
582.0,25.5,727.2433246636231,1377506.4677430957,5333.947502830982,8.865384867101341e-05,0.5655719764377658
583.0,25.5,725.2965083590542,1382850.3219598555,5353.837154240497,8.829058264423517e-05,0.5640275823376582
584.0,25.5,723.3334151351248,1388214.2972764655,5374.192508131454,8.792746627229196e-05,0.5624717158472659
585.0,25.5,721.3536852143543,1393598.8679539028,5395.030824998358,8.756444381193806e-05,0.5609042245447137
586.0,25.5,719.3569452734292,1399004.5259533953,5416.370254222757,8.720145851395393e-05,0.5593249495360048
587.0,25.5,717.3428077470945,1404431.7818541736,5438.229892578647,8.683845255093033e-05,0.5577337251418238
588.0,25.5,715.3108700862771,1409881.165832097,5460.629847515952,8.647536694065795e-05,0.5561303785655719
589.0,25.5,713.2607139666254,1415353.228704143,5483.591305701081,8.611214146473601e-05,0.5545147295412393
590.0,25.5,711.1919044434337,1420848.5430442805,5507.136607348317,8.574871458200099e-05,0.5528865899597294
591.0,25.5,709.103989048316,1426367.7043768102,5531.289326943859,8.538502333630625e-05,0.5512457634719908
592.0,25.5,706.9964968226702,1431911.3324539252,5556.074361037727,8.502100325815701e-05,0.5495920450672951
593.0,25.5,704.868937282317,1437480.0726248971,5581.518023867196,8.465658825963114e-05,0.5479252206247456
594.0,25.5,702.7207993071809,1443074.597305154,5607.648151671921,8.429171052196856e-05,0.5462450664360222
595.0,25.5,700.5515499491212,1448695.60755443,5634.494216678541,8.39263003751283e-05,0.5445513486971277
596.0,25.5,698.3606331503161,1454343.8347741722,5662.087451860607,8.356028616854617e-05,0.5428438229667395
597.0,25.5,696.1474683635987,1460020.042535647,5690.46098773712,8.319359413220848e-05,0.5411222335884912
598.0,25.5,693.911449065272,1465725.0285514207,5719.650002645235,8.282614822708322e-05,0.5393863130743424
599.0,25.5,691.651941149646,1471459.6268045418,5749.691888132305,8.245786998380059e-05,0.5376357814458484
600.0,25.5,689.3682811932931,1477224.7098514333,5780.6264313489755,8.20886783283535e-05,0.5358703455298857
601.0,25.5,687.0597745754188,1483021.1913166111,5812.496016606638,8.171848939341404e-05,0.5340896982050009
602.0,25.5,684.7256934390734,1488850.0285994995,5845.345848586947,8.134721631369293e-05,0.5322935175942528
603.0,25.5,682.3652744758292,1494712.2258165127,5879.224200073768,8.097476900354273e-05,0.5304814661999272
604.0,25.5,679.9777165142286,1500608.8370044536,5914.182687526167,8.060105391476131e-05,0.5286531899750682
605.0,25.5,677.5621778895911,1506540.969615021,5950.276578336604,8.022597377226878e-05,0.526808317326249
606.0,25.5,675.1177735696189,1512509.788334227,5987.565134236773,7.984942728499702e-05,0.5249464580414311
607.0,25.5,672.643572006573,1518516.5192654096,6026.11199604407,7.947130882894775e-05,0.5230672021361233
608.0,25.5,670.1385916824427,1524562.4545201848,6065.985615802083,7.909150809891097e-05,0.5211701186102605
609.0,25.5,667.6017973086875,1530648.9572680807,6107.259743383955,7.870990972484019e-05,0.5192547541075624
610.0,25.5,665.0320956360249,1536777.4673034754,6150.013975836921,7.832639284822241e-05,0.5173206314680125
611.0,25.5,662.4283308232409,1542949.5071971258,6194.334379165452,7.794083065312688e-05,0.5153672481633879
612.0,25.5,659.7892793055198,1549166.689110473,6240.314193955709,7.755308984570751e-05,0.5133940746043292
613.0,25.5,657.1136440937238,1555430.7223628932,6288.054638249947,7.716303007501596e-05,0.5114005523064997
614.0,25.5,654.4000484245596,1561743.4218570285,6337.665823485594,7.677050328677774e-05,0.5093860919017899
615.0,25.5,651.6470286687369,1568106.7174841024,6389.267802168783,7.637535300048006e-05,0.5073500709792313
616.0,25.5,648.8530263883074,1574522.6646519792,6442.991769376689,7.597741349847318e-05,0.5052918317384145
617.0,25.5,646.0163794163951,1580993.4561022029,6498.981444262902,7.557650891397918e-05,0.5032106784367265
618.0,25.5,643.1353118103867,1587521.435211372,6557.394662647536,7.517245220264363e-05,0.501105874609597
619.0,25.5,640.2079225040113,1594109.1110057444,6618.405217654381,7.476504397970134e-05,0.49897664004115183
620.0,25.5,637.2321724530347,1600759.1751584744,6682.204992439318,7.435407120176235e-05,0.4968221474607173
621.0,25.5,634.2058700326032,1607474.5212872096,6749.006437599051,7.393930566858334e-05,0.4946415189386116
622.0,25.5,631.1266544009212,1614258.2669271056,6819.04545617889,7.352050231593666e-05,0.49243382195314983
623.0,25.5,627.9919764918833,1621113.7786235053,6892.584771729502,7.309739726561161e-05,0.4901980650995077
624.0,25.5,624.7990772371016,1628044.7006712686,6969.917870111598,7.266970559256597e-05,0.4879331934105824
625.0,25.5,621.5449625434451,1635054.9881274106,7051.373624362902,7.223711876213497e-05,0.48563808326089425
626.0,25.5,618.2263744627389,1642148.9448440657,7137.321734767904,7.179930168170313e-05,0.4833115368271746
627.0,25.5,614.8397578827646,1649331.2674144863,7228.179144380833,7.135588930113775e-05,0.48095227608488345
628.0,25.5,611.3812219390564,1656607.0961017543,7324.417625044321,7.090648268421323e-05,0.4785589363298649
629.0,25.5,607.8464951900755,1663982.0740357076,7426.572772271816,7.045064445878815e-05,0.47613005923053725
630.0,25.5,604.2308734078622,1671462.4162281423,7535.254701697425,6.998789353611242e-05,0.4736640854415222
631.0,25.5,600.5291586045573,1679054.9902815567,7651.160808490771,6.951769896872607e-05,0.4711593468489014
632.0,25.5,596.735587630935,1686767.4110702868,7775.091038933237,6.903947279097857e-05,0.46861238651107706
633.0,25.5,592.8437483338856,1694608.152175474,7907.966236960776,6.85525616552862e-05,0.46602464817312134
634.0,25.5,588.8464808259665,1702586.6774885356,8050.850277947058,6.805623703913642e-05,0.46339230693776423
635.0,25.5,584.7357608767819,1710713.597203639,8204.976902664193,6.754968375043999e-05,0.4607131784093172
636.0,25.5,580.50256174569,1719000.8534596134,8371.782440660269,6.703198639881196e-05,0.45798493360226805
637.0,25.5,576.1366898817605,1727461.9422594935,8552.946004536638,6.65021134225582e-05,0.4552050969127632
638.0,25.5,571.6265887310335,1736112.1801354946,8750.439313408087,6.59588981571344e-05,0.4523710492181881
639.0,25.5,566.9591032658093,1744969.026573427,8966.589185310115,6.540101628623319e-05,0.44948003936178277
640.0,25.5,562.1191955314491,1754052.4768576005,9204.157139654615,6.482695880586828e-05,0.4465292092428578
641.0,25.5,557.0895980424895,1763385.5454254567,9466.442864045133,6.423499930881364e-05,0.44351564105568064
642.0,25.5,551.8503864321575,1772994.8682386547,9757.422247818104,6.362315387678516e-05,0.4404364409795454
643.0,25.5,546.3784438539922,1782911.4662685064,10081.937610680021,6.298913099375523e-05,0.4372888838220211
644.0,25.5,540.6467744360637,1793171.734958345,10445.970159560982,6.233026737426826e-05,0.43407066148824774
645.0,25.5,534.6235963486174,1803818.7638448589,10857.0472328803,6.164344289606527e-05,0.43078031159716895
646.0,25.5,528.2710970374848,1814904.1600248476,11324.878073937034,6.092496294933955e-05,0.42741796362998735
647.0,25.5,521.5436461121506,1826490.6738725274,11862.387106939985,6.017038769279062e-05,0.42398665050488676
648.0,25.5,514.3851035893496,1838656.150597889,12487.449777261081,5.9374271865180356e-05,0.42049462814880834
649.0,25.5,506.7245789018383,1851499.7363157372,13225.876622514112,5.852975092776701e-05,0.4169594681524387
650.0,25.5,498.4695062898137,1865151.98371412,14116.596972941732,5.7627862231379796e-05,0.4134151490295956
651.0,25.5,489.49410574830046,1879791.7194101135,15220.605317384689,5.665641679860793e-05,0.40992374776087953
652.0,25.5,479.62019673631744,1895674.407961239,16635.8515838417,5.5598146383686374e-05,0.4065923886498647
653.0,25.5,468.5865842945696,1913178.8204535034,18519.418539185324,5.442782777001682e-05,0.40358888488342315
654.0,25.5,456.00631708755117,1932877.5222516698,21109.66552118174,5.31085224637805e-05,0.40112104492413897
655.0,25.5,441.3294275890681,1955618.7694967282,24709.863021758807,5.1589148439061075e-05,0.39928142819214074
656.0,25.5,423.87059734718923,1982561.050246616,29584.988017563268,4.980990399951229e-05,0.3977358962295813
657.0,25.5,402.91255447023997,2015164.6988528874,36053.29571390987,4.771626627599622e-05,0.3959819034766732
658.0,25.5,377.62845740953446,2055504.4592115206,45109.88207463048,4.525560095368434e-05,0.3943423479930357
659.0,25.5,347.1122343896559,2106639.5019481936,57547.7382800905,4.238908813074918e-05,0.39237618549409164
660.0,25.5,312.99526923168526,2168954.336973365,64191.01277370697,3.933870461133631e-05,0.3788460332503255
661.0,25.5,283.53189477929254,2229418.5934597473,55591.419757422416,3.68657245717053e-05,0.34622626937656015
662.0,25.5,261.55569046473374,2279854.116047844,45574.49161401067,3.5139793626271495e-05,0.31394003340317
663.0,25.5,245.09187858141888,2321388.817804087,37872.85213319373,3.3924983721634034e-05,0.2872827474729333
664.0,25.5,232.31368232692682,2356303.1026956765,32249.111028778854,3.303518407673547e-05,0.26584153165703117
665.0,25.5,222.036564671509,2386368.0359048247,28090.207789124284,3.235749339776505e-05,0.2484598988653684
666.0,25.5,213.52166395335877,2412805.181586143,24932.002387253553,3.182450128063088e-05,0.23414701560918952
667.0,25.5,206.2967174273675,2436452.429895766,22468.055852800622,3.1394525734086586e-05,0.2221701845667111
668.0,25.5,200.04820591134742,2457897.3451362355,20498.44649477639,3.104063587879381e-05,0.21200030496378094
669.0,25.5,194.56008259765548,2477563.345956177,18890.354833566897,3.0744698169656456e-05,0.20325268736028984
670.0,25.5,189.6784198236123,2495763.7077657185,17553.288643603075,3.0494052445295e-05,0.19564334454347213
671.0,25.5,185.29031510092355,2512735.82164379,16423.9903566457,3.0279579684805165e-05,0.18895900402955162
672.0,25.5,181.31084533284772,2528663.4437458557,15457.158318609245,3.0094532746759112e-05,0.18303676668337923
673.0,25.5,177.67472102194876,2543691.5171817373,14619.623383744596,2.9933802280300194e-05,0.17775020899833754
674.0,25.5,174.33078085490763,2557936.2914509806,13886.607193201464,2.9793440418562115e-05,0.17299975919013338
675.0,25.5,171.23825866964378,2571492.3911082274,13239.26098483337,2.9670342553356593e-05,0.16870592880202415
676.0,25.5,168.36418914128242,2584437.8580499524,12663.01014166145,2.956202912211221e-05,0.16480447656384045
677.0,25.5,165.68156465218493,2596837.817838209,12146.417217528982,2.9466492465443796e-05,0.16124289903379002
678.0,25.5,163.16799966607897,2608747.1924508004,11680.38581224474,2.938208709958407e-05,0.15797784615292448
679.0,25.5,160.80474545513886,2620212.739647551,11257.59307874208,2.9307449618376058e-05,0.15497319125713913
680.0,25.5,158.575951470051,2631274.6085250764,10872.078497108656,2.924143923447499e-05,0.15219857089066727
681.0,25.5,156.46810345817374,2641967.541895667,10518.941335602789,2.918309296618684e-05,0.149628266523566
682.0,25.5,154.46959031202977,2652321.8170537488,10194.114940491321,2.9131591393451716e-05,0.14724033834327246
683.0,25.5,152.5703660753698,2662363.990124497,9894.196157322891,2.9086232159248527e-05,0.14501594717612798
684.0,25.5,150.76168325213618,2672117.4910951373,9616.314869801185,2.904640922747743e-05,0.14293881843621684
685.0,25.5,149.03588021527204,2681603.1040206333,9358.03311207601,2.901159647468138e-05,0.14099481445707357
686.0,25.5,147.38621013839145,2690839.3579804073,9117.26624618212,2.898133458354567e-05,0.1391715903708053
687.0,25.5,145.8067021381447,2699842.847975345,8892.220788614388,2.8955220479614156e-05,0.13745831500224526
688.0,25.5,144.29204765120264,2708628.5003190264,8681.34493180964,2.893289874691382e-05,0.13584544280755287
689.0,25.5,142.8375067624621,2717209.793674566,8483.288840714715,2.8914054597947553e-05,0.13432452622368468
690.0,25.5,141.43883044232737,2725598.944362531,8296.872545488188,2.8898408075326812e-05,0.1328880602614859
691.0,25.5,140.09219557110134,2733807.062671361,8121.059788013953,2.888570923731134e-05,0.13152935301551433
692.0,25.5,138.7941503178207,2741844.285467452,7954.936572763855,2.887573413536227e-05,0.130242417149687
693.0,25.5,137.54156796219488,2749719.8893062375,7797.693463040751,2.8868281433798845e-05,0.1290218784706909
694.0,25.5,136.3316076462349,2757442.387400892,7648.610880475452,2.8863169553514754e-05,0.12786289850752078
695.0,25.5,135.16168084839106,2765019.6131493347,7507.046828951554,2.886023424610167e-05,0.12676110863792853
696.0,25.5,134.02942261070172,2772458.7924064943,7372.426588165571,2.8859326523558852e-05,0.12571255378664423
697.0,25.5,132.93266673525326,2779766.6062838575,7244.2340169797,2.8860310883412622e-05,0.12471364409927699
698.0,25.5,131.86942431253465,2786949.2459369204,7122.004179963541,2.8863063780545605e-05,0.12376111329461088
699.0,25.5,130.83786506028636,2794012.460544259,7005.317067424812,2.8867472306090125e-05,0.12285198263510579
700.0,25.5,129.83630104395274,2800961.599475527,6893.792223732656,2.8873433040929578e-05,0.1219835296446036
701.0,25.5,128.86317242412701,2807801.6494788225,6787.084133775201,2.888085105709596e-05,0.12115326085412821
702.0,25.5,127.9170349363542,2814537.2675820845,6684.878245147285,2.8889639044970008e-05,0.1203588879792671
703.0,25.5,126.996548857307,2821172.8102923674,6586.887525774051,2.8899716547920617e-05,0.11959830703206012
704.0,25.5,126.10046925108956,2827712.3595856978,6492.849474394474,2.8911009289053676e-05,0.11886957995144065
705.0,25.5,125.22763732196826,2834159.7461051107,6402.523515596348,2.892344857721444e-05,0.11817091840269098
706.0,25.5,124.37697272666958,2840518.5699220905,6315.688722647559,2.8936970781420442e-05,0.11750066945105882
707.0,25.5,123.54746672159186,2846792.219164814,6232.141820766539,2.8951516864575497e-05,0.11685730285987748
708.0,25.5,122.73817603872266,2852983.88677317,6151.6954311545815,2.896703196870203e-05,0.11623939980102801
709.0,25.5,121.94821739946788,2859096.585604135,6074.176522419333,2.8983465045081227e-05,0.11564564279684958
710.0,25.5,121.17676258849662,2865133.162080396,5999.425041216757,2.9000768523652598e-05,0.11507480673873964
711.0,25.5,120.42303402056305,2871096.308549183,5927.292698242496,2.9018898016830418e-05,0.11452575084963733
712.0,25.5,119.68630074242839,2876988.574496202,5857.641889280433,2.9037812053572728e-05,0.11399741147607273
713.0,25.5,118.96587481976778,2882812.3767408635,5790.344733999807,2.905747184011014e-05,0.11348879561109902
714.0,25.5,118.26110806553987,2888570.008722929,5725.282217690441,2.907784104422679e-05,0.11299897506267452
715.0,25.5,117.57138907192137,2894263.648977015,5662.343423224406,2.9098885600396607e-05,0.11252708119334345
716.0,25.5,116.89614051272048,2899895.3688795525,5601.424842302227,2.9120573533429762e-05,0.11207230016668525
717.0,25.5,116.23481668730008,2905467.1397426655,5542.429756537424,2.914287479858283e-05,0.11163386864423185
718.0,25.5,115.58690128060343,2910980.839320591,5485.267680203805,2.916576113634463e-05,0.11121106988362649
719.0,25.5,114.95190531692015,2916438.257786701,5429.8538575490375,2.9189205940329265e-05,0.11080323019486632
720.0,25.5,114.32936528769139,2921841.103232509,5376.108808500899,2.9213184136899745e-05,0.11040971571672563
721.0,25.5,113.71884143593813,2927191.0067343186,5323.957917380978,2.9237672075308798e-05,0.11002992947998194
722.0,25.5,113.11991618189757,2932489.527028104,5273.331059917846,2.926264742728751e-05,0.10966330872800635
723.0,25.5,112.53219267619227,2937738.1548287985,5224.162264434444,2.9288089095135164e-05,0.10930932246869353
724.0,25.5,111.95529346836618,2942938.3168263566,5176.389403586183,2.931397712747231e-05,0.10896746923467704
725.0,25.5,111.388859279962,2948091.3793874737,5129.953913461403,2.9340292641912544e-05,0.10863727503137954
726.0,25.5,110.83254787247304,2953198.6519888886,5084.800537231924,2.9367017753991384e-05,0.10831829145471387
727.0,25.5,110.28603300152706,2958261.3904056004,5040.877090868444,2.9394135511762246e-05,0.10801009396224018
728.0,25.5,109.74900344956896,2963280.79967486,4998.134248720767,2.9421629835533122e-05,0.10771228028333789
729.0,25.5,109.22116213009394,2968258.036854898,4956.525347010432,2.944948546227315e-05,0.10742446895548027
730.0,25.5,108.70222525720233,2973194.2135953293,4916.006203501672,2.9477687894267328e-05,0.10714629797506452
731.0,25.5,108.19192157485409,2978090.3985347063,4876.534951805686,2.9506223351641342e-05,0.10687742355243691
732.0,25.5,107.68999164077177,2982947.6195390783,4838.071888941499,2.953507872841631e-05,0.10661751896182232
733.0,25.5,107.19618716041843,2987766.865794245,4800.579334922574,2.9564241551787748e-05,0.10636627347779547
734.0,25.5,106.71027036692416,2992549.0897631394,4764.021503268497,2.9593699944352962e-05,0.10612339139077087
735.0,25.5,106.23201344322351,2997295.209018765,4728.364381455006,2.9623442589038194e-05,0.10588859109472623
736.0,25.5,105.76119798301433,3002006.1079621823,4693.575620416903,2.965345869650057e-05,0.10566160424103364
737.0,25.5,105.2976144874607,3006682.6394341956,4659.624432307586,2.9683737974801247e-05,0.10544217495285958
738.0,25.5,104.84106189484672,3011325.626228613,4626.481495798851,2.9714270601165475e-05,0.10523005909512279
739.0,25.5,104.39134714063252,3015935.862514325,4594.118868274687,2.974504719566214e-05,0.10502502359546453
740.0,25.5,103.94828474559783,3020514.1151727494,4562.509904336108,2.977605879665072e-05,0.10482684581211135
741.0,25.5,103.51169642995266,3025061.125056745,4531.629180089583,2.9807296837857325e-05,0.10463531294488097
742.0,25.5,103.08141075148711,3029577.608176479,4501.45242274213,2.9838753126953838e-05,0.10445022148592793
743.0,25.5,102.65726276598883,3034064.2568173897,4471.956445070412,2.9870419825525425e-05,0.10427137670712452
744.0,25.5,102.23909370831568,3038521.740594851,4443.119084371665,2.9902289430321343e-05,0.10409859218125044
745.0,25.5,101.82675069263455,3042950.7074499205,4414.919145539626,2.993435475569337e-05,0.10393168933440897
746.0,25.5,101.42008643047174,3047351.7845900613,4387.3363479414675,2.9966608917134153e-05,0.10377049702731293
747.0,25.5,101.01895896532201,3051725.5793785257,4360.351275800222,2.999904531583527e-05,0.10361485116328376
748.0,25.5,100.62323142267006,3056072.680175765,4333.94533181359,3.0031657624191188e-05,0.10346459432099094
749.0,25.5,100.23277177436606,3060393.6571359704,4308.100693763335,3.006443977218198e-05,0.10331957541012186
750.0,25.5,99.8474526163827,3064689.062961614,4282.800273890799,3.0097385934572183e-05,0.10318234062380907
751.0,25.5,99.4671509590563,3068959.433618682,4258.027680833232,3.013049051886945e-05,0.10304729587777137
752.0,25.5,99.09174802898315,3073205.289015032,4233.767183932855,3.016374815398995e-05,0.10291707712282812
753.0,25.5,98.72112908180704,3077427.133644168,4210.003679746496,3.0197153679582385e-05,0.10279155516055517
754.0,25.5,98.3551832251889,3081625.45719658,4186.722660597546,3.023070213596613e-05,0.1026706057161405
755.0,25.5,97.99380325130703,3085800.735140574,4163.910185025346,3.026438875464211e-05,0.10255410919964605
756.0,25.5,97.63688547827954,3089953.429274455,4141.552849998378,3.02982089493387e-05,0.10244195048115252
757.0,25.5,97.28432959994845,3094083.9882517527,4119.637764768698,3.0332158307557378e-05,0.10233401867885165
758.0,25.5,96.93603854350427,3098192.848081073,4098.152526254511,3.0366232582585583e-05,0.10223020695922189
759.0,25.5,96.59191833446846,3102280.4326020475,4077.0851958468556,3.040042768594694e-05,0.10213041234848788
760.0,25.5,96.25187796858206,3106347.15393878,4056.424277544169,3.0434739680260703e-05,0.10203453555462484
761.0,25.5,95.91582929018666,3110393.412932026,4036.1586973262843,3.0469164772484776e-05,0.1019424807992238
762.0,25.5,95.5836868767051,3114419.5995513583,4016.2777836857017,3.0503699307518237e-05,0.10185415565858343
763.0,25.5,95.25536792886388,3118426.0932883886,3996.771249240575,3.053833976214117e-05,0.10176947091344177
764.0,25.5,94.93079216631673,3122413.263532136,3977.6291733591124,3.0573082739270974e-05,0.10168834040680041
765.0,25.5,94.60988172835837,3126381.469927473,3958.841985730629,3.060792496251614e-05,0.101610680909338
766.0,25.5,94.2925610794325,3130331.0627176156,3940.4004508229827,3.064286327100925e-05,0.10153641199194012
767.0,25.5,93.9787569191622,3134262.3830714696,3922.2956531705663,3.067789461450291e-05,0.10146545590490991
768.0,25.5,93.6683980966457,3138175.7633966766,3904.518983441098,3.0713016048712715e-05,0.10139773746345175
769.0,25.5,93.36141552877959,3142071.5276390775,3887.062125233054,3.074822473089299e-05,0.10133318393905041
770.0,25.5,93.05774212238437,3145949.991569338,3869.9170425589937,3.0783517915631666e-05,0.10127172495639174
771.0,25.5,92.75731269992534,3149811.4630573676,3853.075967973229,3.081889295085181e-05,0.10121329239549753
772.0,25.5,92.4600639286292,3153656.242335185,3836.5313913049945,3.085434727400767e-05,0.10115782029876642
773.0,25.5,92.16593425281694,3157484.6222487916,3820.2760489611974,3.088987840846471e-05,0.1011052447826364
774.0,25.5,91.87486382927668,3161296.888499637,3804.302913764943,3.0925483960052825e-05,0.1010555039535998
775.0,25.5,91.58679446551807,3165093.319876149,3788.6051852986643,3.096116161378351e-05,0.10100853782832359
776.0,25.5,91.3016695607539,3168874.188475879,3773.1762807224277,3.09969091307215e-05,0.10096428825763878
777.0,25.5,91.01943404946888,3172639.759918664,3758.009826040213,3.103272434500291e-05,0.10092269885418348
778.0,25.5,90.74003434743894,3176390.2935512955,3743.099647788537,3.1068605160991354e-05,0.10088371492349259
779.0,25.5,90.46341830007752,3180126.0426440476,3728.4397651236222,3.110454955056531e-05,0.10084728339834528
780.0,25.5,90.18953513298901,3183847.254579509,3714.024382284743,3.11405555505289e-05,0.10081335277618908
781.0,25.5,89.91833540461825,3187554.17103404,3699.8478814128493,3.117662126014026e-05,0.10078187305947399
782.0,25.5,89.64977096089046,3191247.0281522265,3685.90481570489,3.1212744838750904e-05,0.10075279569873762
783.0,25.5,89.38379489174378,3194926.056714653,3672.189902885513,3.1248924503550425e-05,0.10072607353829506
784.0,25.5,89.12036148945991,3198591.482299278,3658.6980189789074,3.128515852741101e-05,0.10070166076439273
785.0,25.5,88.85942620870578,3202243.525436746,3645.4241923646914,3.132144523682675e-05,0.1006795128556979
786.0,25.5,88.60094562820227,3205882.401759888,3632.3635981026455,3.135778300994286e-05,0.10065958653599953
787.0,25.5,88.34487741394291,3209508.3221476623,3619.5115525121596,3.139417027467014e-05,0.1006418397290057
788.0,25.5,88.09118028388662,3213121.492863813,3606.8635079929145,3.143060550688058e-05,0.10062623151513005
789.0,25.5,87.83981397405717,3216722.1156904455,3594.4150480743583,3.146708722867999e-05,0.10061272209016404
790.0,25.5,87.5907392059803,3220310.388056783,3582.161882682073,3.1503614006753786e-05,0.10060127272573906
791.0,25.5,87.34391765539797,3223886.5031632767,3570.099843609926,3.154018445078245e-05,0.10059184573148876
792.0,25.5,87.09931192220036,3227450.6501012924,3558.2248801876276,3.157679721192306e-05,0.10058440441882584
793.0,25.5,86.85688550151836,3231003.013968559,3546.5330551337047,3.161345098135406e-05,0.1005789130662517
794.0,25.5,86.61660275592519,3234543.7759805564,3535.020540584714,3.165014448887979e-05,0.10057533688612577
795.0,25.5,86.37842888869534,3238073.113578014,3523.683614291864,3.168687650159222e-05,0.10057364199281957
796.0,25.5,86.14232991807461,3241591.2005307046,3512.518655976837,3.1723645822587155e-05,0.10057379537219109
797.0,25.5,85.90827265251471,3245098.2070376384,3501.5221438389813,3.1760451289732113e-05,0.10057576485231326
798.0,25.5,85.67622466683147,3248594.299823865,3490.69065120656,3.1797291774483827e-05,0.10057951907539776
799.0,25.5,85.44615427924344,3252079.64223398,3480.0208433250396,3.183416618075269e-05,0.10058502747085586
800.0,25.5,85.21803052925456,3255554.394322502,3469.5094742759215,3.187107344381232e-05,0.10059226022944384
801.0,25.5,84.99182315634378,3259018.7129412075,3459.1533840198904,3.190801252925182e-05,0.10060118827844042
802.0,25.5,84.76750257942572,3262472.751823582,3448.9494955583864,3.194498243196918e-05,0.10061178325780934
803.0,25.5,84.54503987705048,3265916.661666498,3438.8948122080806,3.1981982175203667e-05,0.10062401749730025
804.0,25.5,84.32440676831112,3269350.5902092042,3428.9864149829887,3.2019010809605563e-05,0.10063786399444573
805.0,25.5,84.10557559442817,3272774.682309763,3419.221460079253,3.2056067412341544e-05,0.10065329639341224
806.0,25.5,83.88851930098303,3276189.0800190084,3409.597176457871,3.209315108623422e-05,0.10067028896466702
807.0,25.5,83.67321142077427,3279593.92265215,3400.110863520924,3.213026095893422e-05,0.10068881658542424
808.0,25.5,83.4596260572692,3282989.3468580805,3390.7598888770717,3.216739618212344e-05,0.10070885472083406
809.0,25.5,83.2477378686275,3286375.486686512,3381.5416861922768,3.220455593074806e-05,0.10073037940588346
810.0,25.5,83.03752205227337,3289752.4736529803,3372.4537531219967,3.22417394022802e-05,0.10075336722797565
811.0,25.5,82.82895432999368,3293120.436801846,3363.4936493211926,3.227894581600676e-05,0.10077779531015918
812.0,25.5,82.62201093354079,3296479.5027673133,3354.6589945287587,3.231617441234437e-05,0.10080364129497776
813.0,25.5,82.41666859072033,3299829.7958326032,3345.947466723083,3.235342445217955e-05,0.10083088332891452
814.0,25.5,82.21290451194417,3303171.4379872936,3337.356800345689,3.2390695216232564e-05,0.10085950004740409
815.0,25.5,82.01069637723062,3306504.5489829117,3328.884784589997,3.242798600444453e-05,0.10088947056038944
816.0,25.5,81.81002232363305,3309829.246386874,3320.5292617523746,3.246529613538622e-05,0.10092077443839875
817.0,25.5,81.61086093308282,3313145.645634771,3312.2881256429364,3.25026249456883e-05,0.1009533916991217
818.0,25.5,81.41319122062698,3316453.8600811274,3304.159320053408,3.253997178949152e-05,0.1009873027944632
819.0,25.5,81.2169926230486,3319754.0010486273,3296.1408372797896,3.2577336037916484e-05,0.10102248859805533
820.0,25.5,81.02224498785286,3323046.17787591,3288.2307166974474,3.261471707855186e-05,0.10105893039320755
821.0,25.5,80.82892856260665,3326330.4979639533,3280.4270433864976,3.265211431496072e-05,0.10109660986127796
822.0,25.5,80.63702398461668,3329607.0668211137,3272.727946805369,3.268952716620372e-05,0.1011355090704482
823.0,25.5,80.44651227093502,3332875.9881068612,3265.131599510624,3.272695506637896e-05,0.10117561046488475
824.0,25.5,80.25737480867794,3336137.363674252,3257.636215921072,3.2764397464177504e-05,0.10121689685427171
825.0,25.5,80.06959334564861,3339391.293611195,3250.2400511244937,3.280185382245425e-05,0.10125935140370032
826.0,25.5,79.88314998125024,3342637.8762805397,3242.941399725125,3.2839323617813166e-05,0.10130295762389976
827.0,25.5,79.69802715768037,3345877.2083590324,3235.7385947303887,3.287680634020672e-05,0.10134769936179691
828.0,25.5,79.51420765139594,3349109.384875178,3228.6300064752486,3.291430149254872e-05,0.10139356079139134
829.0,25.5,79.33167456483831,3352334.4992460455,3221.614041582712,3.295180859034005e-05,0.10144052640493327
830.0,25.5,79.15041131841036,3355552.643313051,3214.6891419590693,3.2989327161306935e-05,0.10148858100439259
831.0,25.5,78.97040164269498,3358763.907376754,3207.8537838224956,3.30268567450512e-05,0.10153770969320783
832.0,25.5,78.79162957090769,3361968.3802306945,3201.106476763746,3.3064396892711934e-05,0.10158789786830379
833.0,25.5,78.61407943157462,3365166.1491943086,3194.445762837681,3.310194716663835e-05,0.10163913121236846
834.0,25.5,78.43773584142716,3368357.3001449537,3187.8702156844474,3.313950714007326e-05,0.10169139568637753
835.0,25.5,78.26258369850699,3371541.9175490616,3181.3784396791816,3.317707639684686e-05,0.10174467752235945
836.0,25.5,78.0886081754731,3374720.0844924655,3174.969069109162,3.321465453108036e-05,0.10179896321638959
837.0,25.5,77.91579471310445,3377891.882709912,3168.640767377368,3.325224114689915e-05,0.10185423952180676
838.0,25.5,77.74412901399079,3381057.392613777,3162.392226231443,3.3289835858155144e-05,0.1019104934426423
839.0,25.5,77.57359703640604,3384216.6933220536,3156.222165017143,3.3327438288158e-05,0.1019677122272551
840.0,25.5,77.40418498835754,3387369.8626855705,3150.1293299553386,3.336504806941474e-05,0.10202588336216382
841.0,25.5,77.23587932180473,3390516.977314529,3144.112493441701,3.340266484337771e-05,0.10208499456606984
842.0,25.5,77.0686667270429,3393658.112604325,3138.170453368273,3.3440288260200335e-05,0.10214503378406344
843.0,25.5,76.90253412724473,3396793.3427607194,3132.3020324660715,3.3477917978500606e-05,0.10220598918200687
844.0,25.5,76.73746867315562,3399922.740824364,3126.506077668008,3.351555366513182e-05,0.10226784914108777
845.0,25.5,76.57345773793776,3403046.378694675,3120.7814594913925,3.355319499496047e-05,0.10233060225253678
846.0,25.5,76.4104889121565,3406164.3271531384,3115.127071439257,3.3590841650650956e-05,0.10239423731250333
847.0,25.5,76.24854999890623,3409276.6558859893,3109.5418294199135,3.362849332245692e-05,0.10245874331708403
848.0,25.5,76.08762900907023,3412383.433506335,3104.0246711840377,3.366614970801889e-05,0.10252410945749868
849.0,25.5,75.92771415670974,3415484.7275757366,3098.574555778681,3.3703810512168156e-05,0.10259032511540761
850.0,25.5,75.76879385457974,3418580.604625217,3093.1904630176364,3.374147544673654e-05,0.10265737985836682
851.0,25.5,75.61085670976482,3421671.130175789,3087.871392967526,3.3779144230371844e-05,0.10272526343541435
852.0,25.5,75.45389151943355,3424756.3687584484,3082.6163654491406,3.38168165883589e-05,0.10279396577278513
853.0,25.5,75.29788726670688,3427836.383933686,3077.4244195534548,3.385449225244599e-05,0.1028634769697486
854.0,25.5,75.14283311663593,3430911.2383105224,3072.2946131718213,3.389217096067628e-05,0.10293378729456469
855.0,25.5,74.98871841228731,3433980.9935650798,3067.2260225398686,3.3929852457224425e-05,0.10300488718055568
856.0,25.5,74.83553267093144,3437045.7104587043,3062.217741794629,3.3967536492237884e-05,0.10307676722228785
857.0,25.5,74.68326558033155,3440105.4488556455,3057.268882544469,3.400522282168287e-05,0.10314941817186048
858.0,25.5,74.53190699512909,3443160.2677403255,3052.378573451331,3.404291120719492e-05,0.1032228309352988
859.0,25.5,74.38144693332357,3446210.2252341905,3047.5459598249668,3.408060141593368e-05,0.1032969965690459
860.0,25.5,74.23187557284359,3449255.3786121435,3042.770203228668,3.411829322044196e-05,0.10337190627655153
861.0,25.5,74.08318324820623,3452295.7843186297,3038.050481096196,3.415598639850893e-05,0.10344755140495451
862.0,25.5,73.9353604472621,3455331.4979833006,3033.3859863594635,3.419368073303707e-05,0.10352392344185456
863.0,25.5,73.78839780802322,3458362.5744363386,3028.7759270866827,3.423137601191314e-05,0.10360101401217149
864.0,25.5,73.6422861155718,3461389.067723418,3024.2195261305856,3.426907202788264e-05,0.10367881487508866
865.0,25.5,73.4970162990474,3464411.031120313,3019.7160207864363,3.430676857842795e-05,0.10375731792107763
866.0,25.5,73.35257942870894,3467428.517147178,3015.264662459459,3.4344465465649966e-05,0.10383651516900134
867.0,25.5,73.20896671307143,3470441.5775824864,3010.8647163414507,3.4382162496152836e-05,0.1039163987632934
868.0,25.5,73.0661694961133,3473450.263476672,3006.515461096216,3.441985948093227e-05,0.10399696097121078
869.0,25.5,72.92417925455322,3476454.6251654364,3002.2161885535843,3.4457556235266654e-05,0.10407819418015761
870.0,25.5,72.78298759519438,3479454.7122827726,2997.966203411733,3.4495252578611435e-05,0.10416009089507758
871.0,25.5,72.64258625233352,3482450.573773681,2993.764822947526,3.4532948334496266e-05,0.10424264373591217
872.0,25.5,72.50296708523392,3485442.257906619,2989.611376734655,3.457064333042513e-05,0.10432584543512445
873.0,25.5,72.36412207565957,3488429.812285637,2985.5052063693106,3.460833739777915e-05,0.10440968883528307
874.0,25.5,72.22604332546908,3491413.2838622946,2981.4456652031545,3.4646030371722e-05,0.10449416688670743
875.0,25.5,72.088723054268,3494392.7189472667,2977.4321180833867,3.468372209110808e-05,0.10457927264517032
876.0,25.5,71.95215359711719,3497368.1632217187,2973.4639410996474,3.4721412398393e-05,0.10466499926965668
877.0,25.5,71.8163274022959,3500339.6617484214,2969.5405213375834,3.475910113954658e-05,0.10475134002017593
878.0,25.5,71.68123702911866,3503307.2589826304,2965.6612566388585,3.4796788163968325e-05,0.10483828825562738
879.0,25.5,71.54687514580313,3506270.9987827265,2961.825555367409,3.483447332440485e-05,0.10492583743171517
880.0,25.5,71.4132345273888,3509230.9244206157,2958.032836181758,3.4872156476869914e-05,0.10501398109891227
881.0,25.5,71.2803080537046,3512187.0785919204,2954.282527813209,3.490983748056631e-05,0.10510271290047175
882.0,25.5,71.1480887073835,3515139.503425936,2950.5740688497385,3.4947516197809936e-05,0.10519202657048285
883.0,25.5,71.0165695719239,3518088.240495393,2946.906907525413,3.4985192493955865e-05,0.1052819159319706
884.0,25.5,70.88574382979562,3521033.330825989,2943.280501515184,3.502286623732653e-05,0.10537237489503842
885.0,25.5,70.75560476058988,3523974.8149057333,2939.6943177348744,3.506053729914141e-05,0.10546339745505015
886.0,25.5,70.62614573921131,3526912.7326940913,2936.1478321462187,3.5098205553449053e-05,0.10555497769085179
887.0,25.5,70.49736023411194,3529847.123630933,2932.6405295668187,3.5135870877060484e-05,0.10564710976303038
888.0,25.5,70.36924180556484,3532778.0266452963,2929.1719034848434,3.517353314948462e-05,0.10573978791220909
889.0,25.5,70.2417841039774,3535705.4801639677,2925.7414558783626,3.521119225286519e-05,0.10583300645737663
890.0,25.5,70.1149808682422,3538629.522119884,2922.3486970391564,3.524884807191936e-05,0.10592675979424984
891.0,25.5,69.98882592412558,3541550.1899603587,2918.993145400896,3.528650049387804e-05,0.106021042393668
892.0,25.5,69.86331318269173,3544467.5206551375,2915.6743273715438,3.532414940842743e-05,0.10611584880001688
893.0,25.5,69.73843663876218,3547381.550704292,2912.3917771698693,3.536179470765251e-05,0.10621117362968222
894.0,25.5,69.61419036940957,3550292.3161459584,2909.145036665963,3.5399436285981596e-05,0.10630701156952994
895.0,25.5,69.49056853248463,3553199.852563899,2905.9336552256245,3.543707404013247e-05,0.10640335737541264
896.0,25.5,69.36756536517535,3556104.1950949216,2902.7571895585206,3.5474707869059877e-05,0.10650020587069989
897.0,25.5,69.24517518259835,3559005.378436163,2899.6152035700165,3.551233767390433e-05,0.10659755194483257
898.0,25.5,69.12339237642044,3561903.436852195,2896.5072682165546,3.554996335794228e-05,0.10669539055189728
899.0,25.5,69.00221141351035,3564798.4041820215,2893.432961364508,3.5587584826537414e-05,0.10679371670922169
900.0,25.5,68.88162683461987,3567690.313845897,2890.391867652395,3.562520198709323e-05,0.10689252549598773
901.0,25.5,68.76163325309305,3570579.1988520585,2887.383578356362,3.5662814749006914e-05,0.10699181205186196
902.0,25.5,68.64222535360365,3573465.091803274,2884.4076912588557,3.570042302362413e-05,0.10709157157564038
903.0,25.5,68.52339789091887,3576348.024903294,2881.4638105203812,3.573802672419522e-05,0.10719179932390702
904.0,25.5,68.40514568869017,3579228.02996317,2878.551546554282,3.5775625765832214e-05,0.1072924906097042
905.0,25.5,68.28746363826946,3582105.1384074404,2875.670515904434,3.581322006546714e-05,0.10739364080121215
906.0,25.5,68.17034669755003,3584979.381280203,2872.820341125797,3.585080954181123e-05,0.10749524532043632
907.0,25.5,68.05378988983249,3587850.7892510677,2870.000650667738,3.5888394115315096e-05,0.10759729964190069
908.0,25.5,67.93778830271393,3590719.392620992,2867.2110787600436,3.5925973708130055e-05,0.10769979929134389
909.0,25.5,67.82233708700056,3593585.22132801,2864.451265301561,3.5963548244070206e-05,0.10780273984441663
910.0,25.5,67.70743145564312,3596448.3049528385,2861.7208557513986,3.600111764857553e-05,0.10790611692537767
911.0,25.5,67.59306668269386,3599308.672724393,2859.019501022601,3.603868184867591e-05,0.10800992620578527
912.0,25.5,67.47923810228556,3602166.3535251864,2856.3468573782507,3.607624077295597e-05,0.10811416340318143
913.0,25.5,67.36594110763149,3605021.375896624,2853.7025863299277,3.611379435152078e-05,0.10821882427976585
914.0,25.5,67.25317115004526,3607873.768044209,2851.086354538458,3.615134251596237e-05,0.10832390464105565
915.0,25.5,67.14092373798174,3610723.5578426374,2848.497833716904,3.618888519932712e-05,0.10842940033452746
916.0,25.5,67.02919443609638,3613570.7728408026,2845.9367005357185,3.622642233608381e-05,0.10853530724823748
917.0,25.5,66.9179788643243,3616415.440266713,2843.4026365300256,3.626395386209262e-05,0.10864162130941497
918.0,25.5,66.80727269697773,3619257.5870323046,2840.8953280089686,3.630147971457459e-05,0.1087483384830233
919.0,25.5,66.69707166186147,3622097.2397381733,2838.4144659670587,3.633899983208216e-05,0.10885545477028458
920.0,25.5,66.58737153940626,3624934.424678214,2835.9597459974893,3.63765141544701e-05,0.10896296620715912
921.0,25.5,66.4781681618195,3627769.167844179,2833.5308682073637,3.641402262286724e-05,0.10907086886277478
922.0,25.5,66.36945741225232,3630601.4949301514,2831.127537134767,3.6451525179648956e-05,0.10917915883779675
923.0,25.5,66.26123522398389,3633431.431336937,2828.7494616676654,3.6489021768410156e-05,0.10928783226272917
924.0,25.5,66.15349757962119,3636259.002176363,2826.396354964567,3.6526512333939036e-05,0.10939688529613871
925.0,25.5,66.04624051031504,3639084.232275525,2824.0679343769057,3.6563996822191314e-05,0.1095063141227878
926.0,25.5,65.93946009499085,3641907.146180933,2821.7639213730995,3.6601475180265156e-05,0.10961611495166482
927.0,25.5,65.833152459595,3644727.768162592,2819.4840414642504,3.663894735637671e-05,0.10972628401389628
928.0,25.5,65.7273137763554,3647546.1222180096,2817.228024131435,3.6676413299836066e-05,0.10983681756052269
929.0,25.5,65.62194026305671,3650362.2320761317,2814.9956027545595,3.6713872961024064e-05,0.1099477118601198
930.0,25.5,65.51702818232928,3653176.1212011985,2812.7865145427213,3.6751326291369135e-05,0.11005896319624038
931.0,25.5,65.41257384095184,3655987.8127965527,2810.600500466058,3.6788773243325314e-05,0.11017056786465144
932.0,25.5,65.3085735891676,3658797.329808357,2808.4373051890348,3.682621377035023e-05,0.11028252217033489
933.0,25.5,65.20502382001344,3661604.6949292566,2806.2966770051453,3.686364782688386e-05,0.11039482242421553
934.0,25.5,65.10192096866159,3664409.9306019787,2804.1783677729795,3.6901075368327686e-05,0.1105074649395737
935.0,25.5,64.99926151177415,3667213.0590228667,2802.082132853636,3.6938496351024454e-05,0.11062044602809351
936.0,25.5,64.89704196686954,3670014.102145354,2800.007731049441,3.697591073223818e-05,0.11073376199548496
937.0,25.5,64.7952588917009,3672813.0816833624,2797.95492454394,3.7013318470134764e-05,0.11084740913661167
938.0,25.5,64.69390888364624,3675610.0191146727,2795.9234788431386,3.7050719523763026e-05,0.11096138373003894
939.0,25.5,64.59298857910991,3678404.935684205,2793.9131627179563,3.708811385303614e-05,0.11107568203190017
940.0,25.5,64.49249465293512,3681197.8524072585,2791.9237481478654,3.712550141871349e-05,0.11119030026896062
941.0,25.5,64.3924238178276,3683988.7900726963,2789.9550102656885,3.7162882182382945e-05,0.1113052346307287
942.0,25.5,64.29277282378973,3686777.769246063,2788.006727303528,3.720025610644357e-05,0.11142048126043437
943.0,25.5,64.19353845756501,3689564.8102726694,2786.0786805397906,3.723762315408861e-05,0.11153603624465029
944.0,25.5,64.09471754209297,3692349.9332806007,2784.1706542473044,3.727498328928904e-05,0.11165189560128085
945.0,25.5,63.996306935973806,3695133.1581836944,2782.28243564247,3.731233647677721e-05,0.1117680552655724
946.0,25.5,63.89830353294307,3697914.504684454,2780.4138148354505,3.734968268203124e-05,0.11188451107371496
947.0,25.5,63.80070426135542,3700693.9922769186,2778.564584781362,3.738702187125929e-05,0.11200125874348289
948.0,25.5,63.703506083678356,3703471.6402494865,2776.7345412324416,3.742435401138463e-05,0.11211829385121581
949.0,25.5,63.60670599599443,3706247.467687689,2774.923482691171,3.7461679070030777e-05,0.11223561180423323
950.0,25.5,63.51030102751292,3709021.4934769114,2773.131210364342,3.749899701550698e-05,0.11235320780750069
951.0,25.5,63.414288240089896,3711793.736305081,2771.3575281180265,3.7536307816794075e-05,0.11247107682298928
952.0,25.5,63.31866472775719,3714564.214665307,2769.6022424334437,3.757361144353074e-05,0.11258921351964611
953.0,25.5,63.22342761625941,3717332.946858459,2767.8651623636965,3.761090786599981e-05,0.11270761221115522
954.0,25.5,63.12857406259938,3720099.950995739,2766.146099491366,3.764819705511516e-05,0.11282626677761519
955.0,25.5,63.03410125459151,3722865.245001171,2764.444867886922,3.7685478982408704e-05,0.1129451705657186
956.0,25.5,62.94000641042314,3725628.84661408,2762.7612840679676,3.77227536200177e-05,0.11306431625973236
957.0,25.5,62.846286778223536,3728390.773391517,2761.0951669592655,3.776002094067239e-05,0.11318369571209454
958.0,25.5,62.75293963564028,3731151.042710641,2759.446337853543,3.779728091768393e-05,0.11330329971701253
959.0,25.5,62.65996228942339,3733909.671771073,2757.8146203730603,3.7834533524932394e-05,0.1134231177017249
960.0,25.5,62.56735207501626,3736666.6775972084,2756.1998404319183,3.787177873685529e-05,0.1135431372956279
961.0,25.5,62.47510635615398,3739422.0770404823,2754.6018261990894,3.790901652843615e-05,0.1136633437125534
962.0,25.5,62.38322252446855,3742175.886781614,2753.020408062168,3.7946246875193484e-05,0.11378371883667154
963.0,25.5,62.29169799910075,3744928.123332804,2751.4554185918037,3.7983469753169786e-05,0.11390423981754928
964.0,25.5,62.20053022631883,3747678.8030399038,2749.906692506819,3.802068513892107e-05,0.11402487680856815
965.0,25.5,62.109716679143624,3750427.9420845336,2748.3740666399885,3.805789300950631e-05,0.1141455891096788
966.0,25.5,62.01925485698006,3753175.556486203,2746.8573799044684,3.809509334247733e-05,0.11426631807936914
967.0,25.5,61.929142285255026,3755921.662104351,2745.356473260857,3.8132286115868845e-05,0.11438697273502998
968.0,25.5,61.839376515061154,3758666.2746403925,2743.871189684885,3.816947130818871e-05,0.11450739597954997
969.0,25.5,61.749955122806924,3761409.40963971,2742.401374135701,3.820664889840828e-05,0.11462726511235195
970.0,25.5,61.66087570987248,3764151.082493621,2740.9468735247588,3.8243818865953194e-05,0.11474563238928248
971.0,25.5,61.572135902271015,3766891.308441328,2739.5075366852852,3.828098119069417e-05,0.1148587728279614
972.0,25.5,61.48373335031628,3769630.1025718036,2738.0832143423127,3.8318135852938045e-05,0.11498452961185282
973.0,25.5,61.395665728295285,3772367.4798256876,2736.6737590832713,3.835528283341907e-05,0.1151105295112742
974.0,25.5,61.30793073414657,3775103.4549971186,2735.279025329129,3.8392422113290225e-05,0.11523677059755032
975.0,25.5,61.22052608914372,3777838.0427355687,2733.898869306052,3.8429553674114925e-05,0.11536325096001473
976.0,25.5,61.13344953758427,3780571.257547624,2732.5331490176013,3.8466677497858786e-05,0.1154899687057849
977.0,25.5,61.04669884648345,3783303.1137987473,2731.1817242174284,3.850379356688148e-05,0.11561692195953978
978.0,25.5,60.9602718052733,3786033.625715028,2729.844456382479,3.854090186392906e-05,0.11574410886330253
979.0,25.5,60.87416622550648,3788762.8073848737,2728.5212086866773,3.8578002372125956e-05,0.11587152757622508
980.0,25.5,60.7883799405649,3791490.6727607106,2727.211845975095,3.861509507496773e-05,0.11599917627437756
981.0,25.5,60.702910805373214,3794217.235660631,2725.9162347385827,3.865217995631346e-05,0.11612705315054017
982.0,25.5,60.617756696116835,3796942.5097700325,2724.63424308887,3.86892570003786e-05,0.11625515641399857
983.0,25.5,60.532915509964745,3799666.5086432225,2723.3657407341047,3.872632619172787e-05,0.11638348429034269
984.0,25.5,60.44838516479623,3802389.245705008,2722.110598954833,3.876338751526828e-05,0.11651203502126867
985.0,25.5,60.364163598932755,3805110.734252252,2720.868690580416,3.880044095624242e-05,0.11664080686438365
986.0,25.5,60.28024877087346,3807830.987455406,2719.6398899658634,3.8837486500221694e-05,0.1167697980930138
987.0,25.5,60.19663865903526,3810550.0183600383,2718.4240729690796,3.887452413309983e-05,0.11689900699601548
988.0,25.5,60.11333126149698,3813267.839888312,2717.2211169285138,3.8911553841086607e-05,0.11702843187758906
989.0,25.5,60.030324595747544,3815984.464840465,2716.0309006412126,3.89485756107014e-05,0.11715807105709583
990.0,25.5,59.94761669843807,3818699.9058962427,2714.8533043412526,3.898558942876722e-05,0.11728792286887754
991.0,25.5,59.865205625137996,3821414.175616344,2713.688209678553,3.9022595282404655e-05,0.11741798566207902
992.0,25.5,59.78308945009515,3824127.286443812,2712.5354996980695,3.905959315902595e-05,0.11754825780047314
993.0,25.5,59.701266265999045,3826839.250705425,2711.395058819342,3.9096583046329376e-05,0.11767873766228874
994.0,25.5,59.61973418374865,3829550.0806130613,2710.266772816403,3.9133564932293416e-05,0.11780942364004122
995.0,25.5,59.538491332223074,3832259.7882650387,2709.1505287980435,3.9170538805171404e-05,0.1179403141403651
996.0,25.5,59.45753585805637,3834968.3856474455,2708.04621518841,3.920750465348604e-05,0.1180714075838503
997.0,25.5,59.37686592541541,3837675.884635444,2706.9537217079455,3.924446246602403e-05,0.11820270240487932
998.0,25.5,59.29647971578132,3840382.2969945567,2705.8729393546564,3.9281412231831074e-05,0.11833419705146858
999.0,25.5,59.216375427734555,3843087.634381934,2704.8037603857056,3.931835394020656e-05,0.1184658899851106
1000.0,25.5,59.13655127674269,3845791.9083476085,2703.7460782993157,3.9355287580698755e-05,0.11859777968061942
500.0,26.0,851.3470353695581,982033.4007229216,4493.053416700549,0.00012378427779426794,0.6608896967219057
501.0,26.0,850.1363187540634,986529.076409633,4498.308883054962,0.00012323686343788945,0.6600753487741438
502.0,26.0,848.9202746570454,991030.0405101626,4503.630413622937,0.0001226941174425395,0.6592528486122116
503.0,26.0,847.6988596809553,995536.3596007057,4509.01903650523,0.00012215596008908098,0.658422204197049
504.0,26.0,846.4720295535748,1000048.1012980808,4514.475804979187,0.00012162231286133807,0.6575834228525913
505.0,26.0,845.2397391094011,1004565.3342853073,4520.001798278832,0.0001210930984184292,0.6567365112641448
506.0,26.0,844.0019422704306,1009088.1283379442,4525.598122404103,0.00012056824056766204,0.6558814754761004
507.0,26.0,842.7585920263084,1013616.5543512739,4531.265910961324,0.00012004766423796781,0.6550183208889455
508.0,26.0,841.5096404137994,1018150.684368376,4537.006326035634,0.00011953129545385126,0.654147052255618
509.0,26.0,840.2550384955982,1022690.5916090069,4542.820559097162,0.00011901906130985074,0.6532676736772327
510.0,26.0,838.994736338401,1027236.3504994846,4548.709831942656,0.00011851088994547472,0.6523801885981404
511.0,26.0,837.7286829902519,1031788.0367034962,4554.675397673831,0.00011800671052061022,0.6514845998003862
512.0,26.0,836.456826457117,1036345.7271538988,4560.718541714177,0.00011750645319138222,0.6505809093975374
513.0,26.0,835.1791136786507,1040909.5000855768,4566.8405828664745,0.00011701004908644066,0.6496691188278823
514.0,26.0,833.8954905031459,1045479.4350693638,4573.042874412241,0.00011651743028367258,0.6487492288470279
515.0,26.0,832.605901661599,1050055.6130470932,4579.32680525583,0.00011602852978730614,0.6478212395198473
516.0,26.0,831.3102907409004,1054638.1163677939,4585.693801114197,0.00011554328150540704,0.646885150211834
517.0,26.0,830.0086001560621,1059227.0288251438,4592.145325756176,0.0001150616202277362,0.6459409595797824
518.0,26.0,828.7007711214928,1063822.4356961534,4598.682882291747,0.00011458348160396565,0.6449886655618569
519.0,26.0,827.3867436212558,1068424.4237811565,4605.3080145150725,0.00011410880212223215,0.6440282653670016
520.0,26.0,826.0664563782522,1073033.0814452195,4612.022308303561,0.00011363751908800558,0.6430597554636523
521.0,26.0,824.7398468223372,1077648.4986609244,4618.827393075075,0.00011316957060327549,0.6420831315678198
522.0,26.0,823.4068510572636,1082270.767052673,4625.724943307307,0.00011270489554602016,0.6410983886304324
523.0,26.0,822.0674038264427,1086899.9799425304,4632.716680121206,0.00011224343354995695,0.6401055208239825
524.0,26.0,820.7214384774702,1091536.2323976916,4639.804372932306,0.00011178512498455464,0.6391045215284474
525.0,26.0,819.3688869253268,1096179.6212796285,4646.989841173381,0.00011132991093528821,0.6380953833164223
526.0,26.0,818.0096796142612,1100830.245295001,4654.274956091643,0.00011087773318413312,0.6370780979375181
527.0,26.0,816.6437454782404,1105488.2050483979,4661.661642624444,0.00011042853419027092,0.6360526563019298
528.0,26.0,815.2710118999215,1110153.6030970092,4669.1518813577895,0.00010998225707099735,0.6350190484631638
529.0,26.0,813.8914046681076,1114826.5440072773,4676.747710571283,0.00010953884558282179,0.6339772635999488
530.0,26.0,812.504847933579,1119507.1344136586,4684.451228374586,0.0001090982441027346,0.6329272899972109
531.0,26.0,811.1112641632499,1124195.4830795636,4692.26459493978,0.00010866039760963267,0.631869115026164
532.0,26.0,809.7105740925809,1128891.700960572,4700.190034834854,0.00010822525166588795,0.6308027251234217
533.0,26.0,808.3026966761557,1133595.90127004,4708.229839463453,0.00010779275239904212,0.6297281057691363
534.0,26.0,806.8875490363342,1138308.1995472093,4716.3863696169055,0.00010736284648360925,0.6286452414640916
535.0,26.0,805.4650464099182,1143028.713727901,4724.6620581441975,0.00010693548112297714,0.6275541157057433
536.0,26.0,804.0351020927027,1147757.5642179884,4733.059412746261,0.00010651060403138265,0.6264547109631199
537.0,26.0,802.5976273818529,1152494.8739696809,4741.581018901943,0.0001060881634159545,0.6253470086505956
538.0,26.0,801.1525315159772,1157240.7685608175,4750.229542931674,0.00010566810795879869,0.6242309891004354
539.0,26.0,799.6997216127841,1161995.376277321,4759.007735207916,0.00010525038679911009,0.6231066315340813
540.0,26.0,798.2391026042473,1166758.8281989014,4767.918433519391,0.00010483494951530149,0.6219739140321423
541.0,26.0,796.7705771691053,1171531.2582882303,4776.964566598173,0.0001044217461071191,0.6208328135029975
542.0,26.0,795.294045662612,1176312.8034837183,4786.149157819017,0.0001040107269777375,0.6196833056499824
543.0,26.0,793.8094060433721,1181103.6037960767,4795.475329080523,0.00010360184291580657,0.618525364937078
544.0,26.0,792.3165537971441,1185903.802408872,4804.9463048783755,0.00010319504507743831,0.6173589645530394
545.0,26.0,790.8153818574483,1190713.54578323,4814.56541658225,0.00010279028496810857,0.6161840763739074
546.0,26.0,789.3057805228087,1195532.9837669588,4824.336106928232,0.00010238751442445214,0.6150006709237898
547.0,26.0,787.7876373704898,1200362.2697082304,4834.26193473894,0.00010198668559593485,0.6138087173338869
548.0,26.0,786.2608371665219,1205201.5605741476,4844.346579885369,0.00010158775092637547,0.6126081832996331
549.0,26.0,784.7252617718506,1210051.0170743635,4854.593848504826,0.00010119066313529783,0.6113990350358974
550.0,26.0,783.1807900443754,1214910.8037900815,4865.007678490462,0.00010079537519908275,0.6101812372301171
551.0,26.0,781.6272977367069,1219781.0893086793,4875.592145268858,0.00010040184033190305,0.6089547529932968
552.0,26.0,780.0646573893961,1224662.046364234,4886.351467883387,0.00010001001196641122,0.6077195438087662
553.0,26.0,778.4927382193904,1229553.8519843386,4897.290015402558,9.961984373414937e-05,0.6064755694785594
554.0,26.0,776.911406003474,1234456.6876434674,4908.412313673233,9.92312894456574e-05,0.6052227880673202
555.0,26.0,775.320522956425,1239370.7394232824,4919.72305244146,9.884430307024664e-05,0.6039611558436133
556.0,26.0,773.7199476035964,1244296.1981802434,4931.227092863035,9.845883871540966e-05,0.6026906272184969
557.0,26.0,772.1095346476167,1249233.2597209716,4942.929475430124,9.80748506058277e-05,0.6014111546812283
558.0,26.0,770.4891348288885,1254182.1249856995,4954.835428340505,9.769229306194715e-05,0.600122688731937
559.0,26.0,768.8585947795432,1259143.0002403958,4966.950376338429,9.731112047808336e-05,0.5988251778111418
560.0,26.0,767.217756870477,1264116.0972778904,4979.2799500586025,9.693128730001429e-05,0.5975185682259093
561.0,26.0,765.5664590510859,1269101.6336287074,4991.829995906927,9.655274800202446e-05,0.5962028040725117
562.0,26.0,763.9045346812636,1274099.8327819884,5004.606586514481,9.61754570633495e-05,0.5948778271553535
563.0,26.0,762.2318123552477,1279110.924417195,5017.616031803835,9.579936894398351e-05,0.5935435769020231
564.0,26.0,760.5481157167931,1284135.1446472309,5030.86489071002,9.542443805979102e-05,0.5921999902742008
565.0,26.0,758.8532632652264,1289172.736273564,5044.359983602037,9.505061875688222e-05,0.5908470016742589
566.0,26.0,757.1470681517536,1294223.9490542165,5058.108405454485,9.467786528518012e-05,0.5894845428472355
567.0,26.0,755.4293379655214,1299289.0399852742,5072.117539822816,9.43061317711382e-05,0.5881125427780161
568.0,26.0,753.699874508755,1304368.2735968116,5086.395073679913,9.393537218953244e-05,0.5867309275833769
569.0,26.0,751.9584735603104,1309461.9222641175,5100.949013178079,9.356554033426434e-05,0.5853396203986381
570.0,26.0,750.2049246269464,1314570.266535149,5115.787700403539,9.319658978810505e-05,0.5839385412586047
571.0,26.0,748.4390106815212,1319693.5954753063,5130.919831198622,9.282847389130105e-05,0.582527606972474
572.0,26.0,746.6605078872902,1324832.2070305601,5146.354474132459,9.246114570895777e-05,0.5811067309923389
573.0,26.0,744.8691853074242,1329986.4084101834,5162.101090708023,9.20945579971155e-05,0.5796758232749233
574.0,26.0,743.0648045987817,1335156.5164903244,5178.169556901654,9.172866316742092e-05,0.5782347901361471
575.0,26.0,741.2471196888893,1340342.8582398705,5194.570186140222,9.136341325028942e-05,0.57678353409807
576.0,26.0,739.4158764350489,1345545.7711700005,5211.313753830434,9.09987598564534e-05,0.575321953727774
577.0,26.0,737.570812264327,1350765.6038091462,5228.411523565697,9.063465413677193e-05,0.5738499434676768
578.0,26.0,735.7116557931521,1356002.7162050153,5245.875275148405,9.027104674017575e-05,0.572367393456729
579.0,26.0,733.838126425122,1361257.4804556372,5263.717334577899,8.990788776961228e-05,0.5708741893419678
580.0,26.0,731.9499339254517,1366530.2812714188,5281.950606171131,8.954512673583168e-05,0.5693702120797539
581.0,26.0,730.04677797046,1371821.5165705062,5300.588606997433,8.918271250885972e-05,0.567855337726075
582.0,26.0,728.1283476702805,1377131.5981097626,5319.64550382931,8.882059326697777e-05,0.5663294372152041
583.0,26.0,726.1943210628349,1382460.9521540923,5339.136152831347,8.84587164430145e-05,0.5647923761259251
584.0,26.0,724.2443645769546,1387810.0201869193,5359.076142232982,8.809702866774244e-05,0.5632440144345128
585.0,26.0,722.2781324623445,1393179.25966491,5379.481838256794,8.773547571015151e-05,0.5616842062535995
586.0,26.0,720.2952661838568,1398569.144820424,5400.370434605127,8.737400241434926e-05,0.5601127995559485
587.0,26.0,718.2953937772962,1403980.16751533,5421.760005840149,8.701255263281086e-05,0.5585296358821014
588.0,26.0,716.2781291637705,1409412.8381503099,5443.669565031339,8.665106915568703e-05,0.5569345500308072
589.0,26.0,714.2430714192192,1414867.6866341492,5466.119126087905,8.628949363582952e-05,0.5553273697309847
590.0,26.0,712.1898039955348,1420345.263417843,5489.129771242103,8.592776650918427e-05,0.5537079152939561
591.0,26.0,710.1178938892041,1425846.1405990138,5512.7237242064775,8.556582691013983e-05,0.5520759992444886
592.0,26.0,708.026890753117,1431370.9131025486,5536.92442959124,8.52036125814018e-05,0.5504314259291399
593.0,26.0,705.9163259465984,1436920.1999440594,5561.756639242065,8.484105977789372e-05,0.5487739911002225
594.0,26.0,703.7857115183057,1442494.645583452,5587.24650624191,8.447810316414956e-05,0.5471034814735681
595.0,26.0,701.6345391159801,1448094.9213766644,5613.421687418075,8.411467570459177e-05,0.5454196742581292
596.0,26.0,699.4622788163863,1453721.7271345626,5640.31145530534,8.375070854602075e-05,0.5437223366552352
597.0,26.0,697.2683778680539,1459375.7927989715,5667.946820646538,8.338613089157134e-05,0.542011225325201
598.0,26.0,695.0522593385109,1465057.8802469887,5696.360666658041,8.302086986529003e-05,0.5402860858186713
599.0,26.0,692.8133206567941,1470768.7852359945,5725.587896460692,8.265485036639771e-05,0.5385466519699489
600.0,26.0,690.5509320408137,1476509.3395033735,5755.6655952764995,8.228799491217143e-05,0.5367926452491912
601.0,26.0,688.2644347979558,1482280.4130365257,5786.633209221823,8.192022346825937e-05,0.5350237740701453
602.0,26.0,685.9531394857512,1488082.9165308687,5818.53274279969,8.155145326507577e-05,0.533239733049724
603.0,26.0,683.6163239178065,1493917.8040556533,5851.408977506871,8.118159859875418e-05,0.5314402022153576
604.0,26.0,681.2532309982028,1499786.0759500894,5885.309714341419,8.081057061492644e-05,0.5296248461556841
605.0,26.0,678.8630663653289,1505688.7819752481,5920.286043425784,8.04382770733637e-05,0.5277933131096603
606.0,26.0,676.4449958234616,1511627.0247506967,5956.392644467234,8.00646220912298e-05,0.5259452339886544
607.0,26.0,673.9981425374795,1517601.9635087403,5993.688122367926,7.968950586240126e-05,0.5240802213256024
608.0,26.0,671.5215839624218,1523614.8182039391,6032.235382996627,7.931282434991227e-05,0.5221978681445557
609.0,26.0,669.0143484756715,1529666.8740208407,6072.102054951299,7.893446894818046e-05,0.520297746743366
610.0,26.0,666.4754116746118,1535759.4863293061,6113.360964111383,7.855432611114715e-05,0.5183794073813567
611.0,26.0,663.903692297201,1541894.086143967,6156.090668914681,7.817227694191276e-05,0.5164423768630788
612.0,26.0,661.2980477162075,1548072.186153192,6200.376065644972,7.778819673874202e-05,0.514486157008122
613.0,26.0,658.6572689503787,1554295.3873927647,6246.3090746045555,7.740195449154974e-05,0.5125102229959903
614.0,26.0,655.9800751267549,1560565.3866514373,6293.989419934251,7.701341232204122e-05,0.5105140215737506
615.0,26.0,653.2651073179358,1566883.984709233,6343.525518074197,7.662242485961736e-05,0.5084969691128804
616.0,26.0,650.5109216656555,1573253.0955258026,6395.035492512053,7.622883854388343e-05,0.5064584495001929
617.0,26.0,647.715981687628,1579674.756515147,6448.6483356105155,7.583249084314648e-05,0.5043978118461687
618.0,26.0,644.8786496474203,1586151.1400657853,6504.505242052976,7.543320937654908e-05,0.502314367992207
619.0,26.0,641.9971768469879,1592684.5664920746,6562.761142904611,7.503081092547852e-05,0.5002073897964231
620.0,26.0,639.0696926778214,1599277.518633867,6623.586474604961,7.462510031754459e-05,0.4980761061757177
621.0,26.0,636.094192238341,1605932.65835937,6687.169223564723,7.421586916361937e-05,0.4959196998796375
622.0,26.0,633.0685222922144,1612652.8452700933,6753.717294644662,7.380289442523046e-05,0.4937373039697024
623.0,26.0,629.9903653027757,1619441.157959743,6823.461260917102,7.338593678576585e-05,0.4915279979758478
624.0,26.0,626.857221232249,1626300.9182414645,6896.657563077467,7.296473879450122e-05,0.48929080370013006
625.0,26.0,623.6663867392807,1633235.7188326612,6973.592240085685,7.253902274722402e-05,0.48702468063684196
626.0,26.0,620.4149313426084,1640249.4550759878,7054.5852885959575,7.210848826105692e-05,0.48472852097809616
627.0,26.0,617.0996700408955,1647346.3613818446,7139.995768100796,7.167280949386911e-05,0.48240114417547936
628.0,26.0,613.7171317858366,1654531.0532062952,7230.227792306482,7.123163195012563e-05,0.4800412910320996
629.0,26.0,610.2635230950904,1661808.5755324245,7325.737576105927,7.078456880500842e-05,0.47764761730663635
630.0,26.0,606.7346859592996,1669184.4590099114,7427.041743008184,7.033119666678693e-05,0.47521868682326335
631.0,26.0,603.1260490393148,1676664.785133208,7534.727141833999,6.987105068344462e-05,0.47275296410122364
632.0,26.0,599.4325709593929,1684256.26211411,7649.462476416612,6.940361888294438e-05,0.4702470517028431
633.0,26.0,595.648674273244,1691966.3134408435,7772.012121430841,6.892833561681522e-05,0.467702780857865
634.0,26.0,591.7681684016925,1699803.1815312807,7903.252586450959,6.844457395306304e-05,0.46511633743825775
635.0,26.0,587.7841595016165,1707776.0494041548,8044.192206582123,6.795163683587005e-05,0.46248570540005596
636.0,26.0,583.6889448066858,1715895.1839425904,8195.99479362339,6.744874679451643e-05,0.45980872889845437
637.0,26.0,579.4738884549389,1724172.1051560526,8360.008196352317,6.693503394017139e-05,0.4570831057295675
638.0,26.0,575.1292751435813,1732619.7869333075,8537.799025253185,6.640952193268424e-05,0.4543063830279947
639.0,26.0,570.6441370593311,1741252.8962351806,8731.195252905585,6.587111152374276e-05,0.4514759568925492
640.0,26.0,566.0060483045471,1750088.079693381,8942.339106979496,6.531856117590518e-05,0.448589078599812
641.0,26.0,561.2008792681565,1759144.3094832224,9173.753808337033,6.47504640979216e-05,0.4456428717009095
642.0,26.0,556.2125007036478,1768443.3046863736,9428.42959690837,6.4165220786854e-05,0.44263436706687287
643.0,26.0,551.0224229954894,1778010.05115037,9709.93772110878,6.356100575596337e-05,0.43956056772814106
644.0,26.0,545.6093489847359,1787873.4538608333,10022.58670640602,6.293572642539559e-05,0.4364185637285556
645.0,26.0,539.9486065300804,1798067.174261482,10371.64517613548,6.22869709267875e-05,0.43320573202139134
646.0,26.0,534.01140563906,1808630.7364949558,10763.673157374416,6.161193940697956e-05,0.4299200826694992
647.0,26.0,527.7638273026895,1819611.0413263752,11207.035022220914,6.0907349583852864e-05,0.42656085873527444
648.0,26.0,521.1653846721214,1831064.5221894626,11712.721726870272,6.01693005872962e-05,0.4231295765831805
649.0,26.0,514.1668814658575,1843060.3441073846,12295.70291187203,5.939306757143753e-05,0.41963182363999646
650.0,26.0,506.7070965612819,1855685.330558896,12977.180922299967,5.857278045695987e-05,0.4160803249738897
651.0,26.0,498.70750885160834,1869051.7730177422,13788.345531919467,5.7700910491561486e-05,0.412500015420618
652.0,26.0,490.0638204705268,1883310.002413382,14776.501874540241,5.676744812705554e-05,0.4089358845260125
653.0,26.0,480.6325361136813,1898668.552587717,16014.530052016951,5.5758619842144704e-05,0.4054632998758264
654.0,26.0,470.21088966994176,1915425.395054739,17613.519525103646,5.465502887821024e-05,0.4021954215988378
655.0,26.0,458.51113790388854,1934011.7200923217,19732.753698080553,5.3429450884670244e-05,0.3992658465629665
656.0,26.0,445.1413863174043,1955038.2215756346,22564.969804825785,5.2045749947835454e-05,0.39673237791022464
657.0,26.0,429.6285048836772,1979306.8174361694,26265.99132358686,5.046274828358074e-05,0.39437495455016613
658.0,26.0,411.50957106943014,2007759.532000883,30921.457912602356,4.864543402392943e-05,0.39169352954208586
659.0,26.0,390.38664021555286,2041495.8739065828,36790.00544812004,4.657208092013454e-05,0.3884865655543454
660.0,26.0,365.877046994437,2081958.4448254267,44392.71029427316,4.4231372572575083e-05,0.38489193443597813
661.0,26.0,337.8541941579109,2130818.508803484,53213.29883194303,4.164876416417009e-05,0.3796341579684765
662.0,26.0,308.7918972894746,2185894.5930526066,54870.62268164474,3.9092401053289134e-05,0.36234150123668696
663.0,26.0,284.0638827720162,2237720.4317609486,48330.92273648956,3.7036168845432694e-05,0.33454085331351857
664.0,26.0,264.6528670645682,2282457.845185439,41292.77386881783,3.551284037886507e-05,0.30794612342505784
665.0,26.0,249.3756125978737,2320732.683651765,35461.037863362944,3.437863015523496e-05,0.28509896750959624
666.0,26.0,237.10400201654906,2353808.78238733,30876.198038303584,3.351439452392217e-05,0.26593232103975356
667.0,26.0,227.01097241347935,2382820.535729154,27296.50297855527,3.283858568925479e-05,0.24988399942829817
668.0,26.0,218.52483272655905,2408647.5764322486,24472.40087102786,3.2297421865182753e-05,0.2363538105309258
669.0,26.0,211.2526773317611,2431944.399106819,22208.333862738593,3.1855226907096715e-05,0.2248340737438717
670.0,26.0,204.92015382286434,2453196.6080103507,20362.186051835954,3.148779189851768e-05,0.2149244803945065
671.0,26.0,199.33125886773783,2472768.5970870554,18832.375721294404,3.1178234580282484e-05,0.2063156961995863
672.0,26.0,194.34258820432976,2490938.1852702075,17545.96316198608,3.091446058195955e-05,0.1987689979241618
673.0,26.0,189.84682934485232,2507920.7664980786,16449.9190010195,3.068758745353139e-05,0.19209898374565484
674.0,26.0,185.76200823594027,2523886.0649713804,15505.099917689626,3.0490944078761176e-05,0.18616029682721294
675.0,26.0,182.02433568893122,2538969.856552747,14682.154342580838,3.0319419215228038e-05,0.18083776650428554
676.0,26.0,178.583343135414,2553282.278468072,13958.732624710177,3.0169026671535906e-05,0.1760391550835308
677.0,26.0,175.39850407004513,2566913.809314988,13317.567163783891,3.0036608198013804e-05,0.17168981559051164
678.0,26.0,172.43684007965408,2579939.638551253,12745.134025204603,2.9919626026102752e-05,0.16772873319395556
679.0,26.0,169.67119283165422,2592422.9068254605,12230.70673400998,2.9816015097164672e-05,0.16410556718565222
680.0,26.0,167.07895530766405,2604417.143052361,11765.677770015125,2.9724075877019754e-05,0.16077841956442734
681.0,26.0,164.64112551622898,2615968.121832821,11343.065230184673,2.9642395308151246e-05,0.15771213504877313
682.0,26.0,162.34159048990017,2627115.2967683747,10957.149316934252,2.9569787622100523e-05,0.15487699311177225
683.0,26.0,160.16657731398803,2637892.9193823044,10603.201077531641,2.950524940286326e-05,0.1522476918830273
684.0,26.0,158.1042270698182,2648330.92207244,10277.277550621911,2.944792503298221e-05,0.14980255141287319
685.0,26.0,156.1442604450297,2658455.621881879,9976.06531386041,2.939707981085752e-05,0.14752288336216865
686.0,26.0,154.27771255950168,2668290.286710997,9696.7597286547,2.9352078809785652e-05,0.1453924881215191
687.0,26.0,152.49672065849705,2677855.594836437,9436.970809273313,2.93123700863375e-05,0.14339725037241832
688.0,26.0,150.79435261958193,2687170.0108771105,9194.64916109314,2.9277471220129175e-05,0.1415248113490924
689.0,26.0,149.16446728258552,2696250.0957359467,8968.027198862832,2.924695843171961e-05,0.1397643013512505
690.0,26.0,147.60159982322455,2705110.7639254285,8755.572109054177,2.922045771491429e-05,0.13810611995553496
691.0,26.0,146.10086700634957,2713765.498627716,8555.947919375358,2.9197637557140398e-05,0.13654175426891277
692.0,26.0,144.6578883476076,2722226.532549613,8367.984690193036,2.9178202922275592e-05,0.13506362773619224
693.0,26.0,143.2687201023259,2730505.000900476,8190.653319735292,2.9161890244937912e-05,0.13366497365188124
694.0,26.0,141.92979967088786,2738611.0714996755,8023.04480759372,2.9148463241090306e-05,0.13233972877335945
695.0,26.0,140.63789851950145,2746554.056003844,7864.353084042885,2.9137709381997323e-05,0.13108244338841615
696.0,26.0,139.39008210605147,2754342.5054559703,7713.86071053667,2.912943691072173e-05,0.1298882049287966
697.0,26.0,138.1836756027659,2761984.2927427543,7570.926906779965,2.9123472305053038e-05,0.1287525727958969
698.0,26.0,137.01623444264334,2769486.6840624036,7434.977474444721,2.9119658109893228e-05,0.1276715225145818
699.0,26.0,135.88551890115548,2776856.4011213966,7305.496275898244,2.9117851077054456e-05,0.12664139768563673
700.0,26.0,134.78947207048358,2784099.675473002,7182.017994772827,2.9117920562153544e-05,0.12565886848843322
701.0,26.0,133.72620069942562,2791222.2961651827,7064.1219586506,2.9119747137565883e-05,0.1247208957095525
702.0,26.0,132.693958464814,2798229.651667679,6951.426846125274,2.9123221387787184e-05,0.12382469945290676
703.0,26.0,131.6911313148384,2805126.7668876885,6843.586133688125,2.912824285946402e-05,0.12296773183182653
704.0,26.0,130.716224585029,2811918.335952706,6740.2841642735,2.9134719143117617e-05,0.12214765306107934
705.0,26.0,129.76785163670522,2818608.7513319836,6641.232740391352,2.9142565067439007e-05,0.12136231046242989
706.0,26.0,128.8447238078221,2825202.129779742,6546.168161729975,2.9151701990173215e-05,0.12060971997564064
707.0,26.0,127.9456414991028,2831702.3355102916,6454.848640809072,2.916205717217552e-05,0.11988804983115284
708.0,26.0,127.06948624551788,2838113.0009545796,6367.052041380406,2.9173563223331567e-05,0.11919560609378216
709.0,26.0,126.21521364572332,2844437.545397065,6282.573893342484,2.9186157610773402e-05,0.11853081983079443
710.0,26.0,125.38184704081343,2850679.1917494275,6201.22564536384,2.9199782221266363e-05,0.11789223569435055
711.0,26.0,124.5684718494246,2856840.9816820025,6122.833122522147,2.9214382970841873e-05,0.11727850173891567
712.0,26.0,123.77423047936914,2862925.789303718,6047.235161315453,2.9229909455755256e-05,0.11668836031987817
713.0,26.0,122.99831774704614,2868936.333555859,5974.282398590149,2.924631463968795e-05,0.11612063994120911
714.0,26.0,122.23997674523554,2874875.189463303,5903.836194417742,2.9263554572823117e-05,0.11557424793821898
715.0,26.0,121.4984951078047,2880744.798368427,5835.767671866007,2.9281588139020643e-05,0.11504816389689636
716.0,26.0,120.77320162660702,2886547.47725707,5769.956859054016,2.9300376827825604e-05,0.11454143372442938
717.0,26.0,120.06346318160273,2892285.427272422,5706.291920936462,2.9319884528474366e-05,0.11405316429668051
718.0,26.0,119.36868195016478,2897960.741500975,5644.66846999899,2.9340077343431054e-05,0.11358251861794123
719.0,26.0,118.68829286575314,2903575.412104716,5584.988946515518,2.9360923419300657e-05,0.11312871143646784
720.0,26.0,118.02176129978994,2909131.3368649185,5527.162060268119,2.938239279323589e-05,0.11269100526634576
721.0,26.0,117.36858094369929,2914630.325195442,5471.102286692919,2.9404457253185407e-05,0.11226870677227647
722.0,26.0,116.72827187080323,2920074.103676798,5416.729411325055,2.9427090210532933e-05,0.11186116347912702
723.0,26.0,116.10037876012053,2925464.321156547,5363.968117194075,2.9450266583848147e-05,0.1114677607726079
724.0,26.0,115.48446926616381,2930802.5534566143,5312.747610489875,2.9473962692621554e-05,0.1110879191613815
725.0,26.0,114.88013252062301,2936090.3077236693,5263.001280395466,2.949815615998484e-05,0.11072109177432461
726.0,26.0,114.28697775338561,2941329.0264548897,5214.66638948015,2.9522825823532465e-05,0.11036676206965494
727.0,26.0,113.70463302170778,2946520.0912280856,5167.683791476701,2.9547951653458978e-05,0.11002444173523282
728.0,26.0,113.13274403755801,2951664.8261620803,5121.997673639852,2.957351467731319e-05,0.10969366876163764
729.0,26.0,112.5709730842021,2956764.5011307294,5077.555321207314,2.9599496910746375e-05,0.10937400567161448
730.0,26.0,112.01899801404069,2961820.3347514975,5034.306901768094,2.9625881293698522e-05,0.10906503789125264
731.0,26.0,111.4765113205172,2966833.497167565,4992.205267588769,2.965265163152529e-05,0.10876637224979957
732.0,26.0,110.94321927765509,2971805.112640476,4951.205774165304,2.9679792540619946e-05,0.10847763559638923
733.0,26.0,110.41884114141595,2976736.2619688334,4911.266113456582,2.970728939813073e-05,0.10819847352316482
734.0,26.0,109.90310840764704,2981627.984746974,4872.346160422609,2.973512829541418e-05,0.10792854918534929
735.0,26.0,109.39576412189555,2986481.281476305,4834.407831636539,2.9763295994901173e-05,0.10766754220976531
736.0,26.0,108.8965622368137,2991297.115540854,4797.414954868626,2.9791779890084004e-05,0.10741514768414641
737.0,26.0,108.40526701329199,2996076.415057439,4761.3331486544075,2.9820567968361666e-05,0.1071710752203349
738.0,26.0,107.92165246180919,3000820.0746100554,4726.129710960047,2.984964877650514e-05,0.10693504808512487
739.0,26.0,107.44550182081686,3005528.9568771254,4691.773516147179,2.9879011388527728e-05,0.10670680239310809
740.0,26.0,106.97660706926435,3010203.8941595526,4658.234919519035,2.9908645375765056e-05,0.10648608635641264
741.0,26.0,106.51476847062754,3014845.689816867,4625.485668799959,2.993854077898782e-05,0.10627265958669828
742.0,26.0,106.05979414604293,3019455.11961804,4593.498821963491,2.996868808238627e-05,0.10606629244520355
743.0,26.0,105.61149967435207,3024032.9330131016,4562.248670879859,2.9999078189280122e-05,0.1058667654370184
744.0,26.0,105.16970771706019,3028579.8543311,4531.710670304213,3.002970239942052e-05,0.10567386864610538
745.0,26.0,104.73424766637368,3033096.583909545,4501.861371771197,3.0060552387762505e-05,0.10548740120789724
746.0,26.0,104.30495531464393,3037583.7991600265,4472.678362001913,3.0091620184596865e-05,0.10530717081658178
747.0,26.0,103.88167254367958,3042042.1555743534,4444.140205465084,3.0122898156940186e-05,0.10513299326443398
748.0,26.0,103.46424703251898,3046472.2876751865,4416.226390766598,3.0154378991089904e-05,0.10496469201078454
749.0,26.0,103.05253198236842,3050874.80991486,4388.917280570605,3.01860556762599e-05,0.10480209777841826
750.0,26.0,102.64638585751526,3055250.3175257593,4362.194064781537,3.021792148921792e-05,0.10464504817538148
751.0,26.0,102.24567214112236,3059599.387325423,4336.038716740014,3.0249969979854315e-05,0.10449338734034776
752.0,26.0,101.85025910489286,3063922.578479254,4310.433952206676,3.028219495761537e-05,0.10434696560984183
753.0,26.0,101.46001959167828,3068220.4332235,4285.363190927692,3.0314590478741604e-05,0.10420563920576299
754.0,26.0,101.07483081016706,3072493.4775510444,4260.810520592387,3.0347150834255075e-05,0.10406926994177162
755.0,26.0,100.69457414086583,3076742.2218622444,4236.760663009977,3.037987053864441e-05,0.1039377249472226
756.0,26.0,100.31913495263616,3080967.161583011,4213.198942346074,3.041274431920064e-05,0.10381087640742809
757.0,26.0,99.94840242911074,3085168.777752086,4190.111255272912,3.0445767105960005e-05,0.10369126521525143
758.0,26.0,99.58226940435961,3089347.5375793697,4167.484042898989,3.04789340222136e-05,0.10357337554687811
759.0,26.0,99.22063220722619,3093503.894977016,4145.304264354551,3.0512240375546604e-05,0.10345983281741106
760.0,26.0,98.86339051379025,3097638.2910648966,4123.55937191899,3.054568164937277e-05,0.10335052678255567
761.0,26.0,98.51044720745897,3101751.1546519157,4102.237287585369,3.057925349493218e-05,0.10324535118412696
762.0,26.0,98.16170824621922,3105842.9026945657,4081.3263809652085,3.061295172372278e-05,0.10314420356634929
763.0,26.0,97.81708253661856,3109913.9407340237,4060.8154484442175,3.064677230033847e-05,0.10304698510231641
764.0,26.0,97.47648181407115,3113964.6633129995,4040.693693506296,3.068071133568811e-05,0.10295360042996028
765.0,26.0,97.1398205291154,3117995.454373443,4020.9507081496004,3.071476508057195e-05,0.1028639574969255
766.0,26.0,96.80701573927175,3122006.687636206,4001.576455323831,3.0748929919593604e-05,0.10277796741378706
767.0,26.0,96.47798700617572,3125998.7269636043,3982.5612523233413,3.078320236538709e-05,0.10269554431509123
768.0,26.0,96.15265629768327,3129971.9267058405,3963.89575507542,3.081757905314003e-05,0.10261660522773625
769.0,26.0,95.8309478946619,3133926.632032128,3945.5709432673534,3.085205673539527e-05,0.10254106994624176
770.0,26.0,95.51278830220552,3137863.1792473504,3927.578106260102,3.088663227711446e-05,0.10246886091448915
771.0,26.0,95.19810616502262,3141781.896094993,3909.9088297399744,3.092130265098834e-05,0.1023999031135424
772.0,26.0,94.88683218676744,3145683.1020470937,3892.5549830632117,3.09560649329792e-05,0.1023341239551872
773.0,26.0,94.57889905309612,3149567.1085818494,3875.508707251466,3.0990916298082304e-05,0.10227145318084817
774.0,26.0,94.27424135824518,3153434.2194495453,3858.762403599088,3.1025854016293754e-05,0.10221182276557003
775.0,26.0,93.97279553494157,3157284.730927361,3842.3087228558625,3.1060875448773e-05,0.10215516682676722
776.0,26.0,93.67449978746549,3161118.9320636555,3826.140554951176,3.109597804418916e-05,0.10210142153746607
777.0,26.0,93.3792940276985,3164937.1049122126,3810.251019228042,3.11311593352409e-05,0.10205052504378383
778.0,26.0,93.08711981399983,3168739.5247569806,3794.6334551573814,3.116641693534021e-05,0.10200241738640216
779.0,26.0,92.79792029276284,3172526.460327747,3779.281413505011,3.12017485354514e-05,0.10195704042581201
780.0,26.0,92.51164014251246,3176298.1740071843,3764.188647925528,3.1237151901076305e-05,0.10191433777111734
781.0,26.0,92.22822552041347,3180054.9220297216,3749.3491069589986,3.1272624869378464e-05,0.10187425471220173
782.0,26.0,91.94762401106686,3183796.9546725736,3734.7569264079093,3.130816534643847e-05,0.10183673815507292
783.0,26.0,91.66978457747824,3187524.5164393527,3720.406422073274,3.1343771304633574e-05,0.1018017365602117
784.0,26.0,91.39465751408915,3191237.8462365703,3706.2920828300557,3.137944078013507e-05,0.10176919988376158
785.0,26.0,91.12219440176958,3194937.1775433803,3692.408564023507,3.141517187051738e-05,0.1017390795214095
786.0,26.0,90.85234806467408,3198622.7385748867,3678.7506811689113,3.1450962732472904e-05,0.10171132825481108
787.0,26.0,90.58507252887046,3202294.752439276,3665.3134039385263,3.148681157962729e-05,0.10168590020042775
788.0,26.0,90.32032298265507,3205953.4372890815,3652.0918504203737,3.1522716680449925e-05,0.10166275076064915
789.0,26.0,90.05805573847422,3209599.006466832,3639.0812816345656,3.155867635625504e-05,0.10164183657708133
790.0,26.0,89.79822819637235,3213231.6686453572,3626.277096293563,3.159468897928854e-05,0.10162311548588833
791.0,26.0,89.54079880889839,3216851.627962945,3613.6748257938034,3.163075297089661e-05,0.1016065464750841
792.0,26.0,89.28572704739756,3220459.0841536187,3601.2701294266517,3.166686679977181e-05,0.10159208964367222
793.0,26.0,89.03297336962741,3224054.2326727235,3589.0587897974983,3.1703028980273006e-05,0.10157970616254301
794.0,26.0,88.78249918863403,3227637.264818031,3577.0367084424183,3.173923807081549e-05,0.1015693582370383
795.0,26.0,88.53426684283195,3231208.3678465593,3565.1999016324007,3.177549267232776e-05,0.10156100907110091
796.0,26.0,88.2882395672323,3234767.7250872864,3553.544496355813,3.1811791426772077e-05,0.10155462283293162
797.0,26.0,88.04438146576659,3238315.516049923,3542.0667264701856,3.1848133015725364e-05,0.1015501646220778
798.0,26.0,87.80265748465808,3241851.9165299316,3530.7629290150326,3.188451615901788e-05,0.10154760043788617
799.0,26.0,87.56303338679253,3245377.0987099214,3519.62954067778,3.192093961342677e-05,0.10154689714925166
800.0,26.0,87.32547572704394,3248891.231257606,3508.6630944053595,3.195740217142207e-05,0.10154802246560135
801.0,26.0,87.08995182851548,3252394.4794204086,3497.8602161545346,3.19939026599626e-05,0.10155094490905442
802.0,26.0,86.8564297596521,3255887.0051169083,3487.217621774183,3.2030439939339526e-05,0.10155563378770198
803.0,26.0,86.62487831218947,3259368.9670252292,3476.732114013361,3.206701290206538e-05,0.1015620591699543
804.0,26.0,86.39526697990243,3262840.520668497,3466.4005796492015,3.2103620471806523e-05,0.10157019185990619
805.0,26.0,86.16756593811833,3266301.81849747,3456.219986728997,3.21402616023569e-05,0.10158000337367193
806.0,26.0,85.94174602396295,3269753.009970481,3446.187381921185,3.217693527665154e-05,0.10159146591664656
807.0,26.0,85.71777871730858,3273194.2416307796,3436.299887970206,3.221364050581774e-05,0.1016045523616502
808.0,26.0,85.49563612239359,3276625.657181372,3426.5547012504594,3.225037632826248e-05,0.10161923622791551
809.0,26.0,85.27529095008619,3280047.397557474,3416.949089414835,3.2287141808794224e-05,0.10163549166088014
810.0,26.0,85.0567165007666,3283459.600996644,3407.48038913359,3.232393603777794e-05,0.10165329341274865
811.0,26.0,84.8398866477999,3286862.4031067127,3398.146003919436,3.23607581303216e-05,0.10167261682378827
812.0,26.0,84.62477582157749,3290255.936931564,3388.9434020350614,3.2397607225492885e-05,0.10169343780432767
813.0,26.0,84.41135899410328,3293640.333014882,3379.8701144793845,3.243448248556492e-05,0.10171573281742645
814.0,26.0,84.1996116641024,3297015.719461909,3370.923733049117,3.247138309528965e-05,0.10173947886218684
815.0,26.0,83.98950984263192,3300382.221999297,3362.101908472295,3.250830826119773e-05,0.10176465345767939
816.0,26.0,83.78103003917306,3303739.9640331427,3353.4023486106826,3.2545257210923805e-05,0.10179123462745616
817.0,26.0,83.57414924818674,3307089.066705248,3344.822816728092,3.25822291925562e-05,0.10181920088462655
818.0,26.0,83.36884493611316,3310429.6489476794,3336.3611298217347,3.261922347400991e-05,0.10184853121747134
819.0,26.0,83.16509502879853,3313761.8275356973,3328.01515701398,3.2656239342421886e-05,0.10187920507557231
820.0,26.0,82.96287789933278,3317085.717139094,3319.78281800194,3.2693276103567845e-05,0.10191120235643608
821.0,26.0,82.7621723562815,3320401.4303720286,3311.662081562429,3.273033308129964e-05,0.10194450339259095
822.0,26.0,82.56295763229755,3323709.0778413666,3303.6509641100242,3.276740961700234e-05,0.10197908893913761
823.0,26.0,82.36521337309861,3327008.768193633,3295.7475283060057,3.2804505069070185e-05,0.10201494016173461
824.0,26.0,82.16891962679412,3330300.608160566,3287.9498817160356,3.2841618812400796e-05,0.10205203862500081
825.0,26.0,81.97405683355225,3333584.702603389,3280.2561755146694,3.28787502379069e-05,0.10209036628131797
826.0,26.0,81.78060581559085,3336861.1545557785,3272.6646032346885,3.291589875204455e-05,0.10212990546001705
827.0,26.0,81.58854776748227,3340130.065265616,3265.173399559517,3.295306377635774e-05,0.10217063885693305
828.0,26.0,81.39786424675995,3343391.534235557,3257.7808391569556,3.299024474703826e-05,0.10221254952431304
829.0,26.0,81.20853716481459,3346645.659262443,3250.485235552556,3.302744111450056e-05,0.10225562086106385
830.0,26.0,81.02054877807177,3349892.536475619,3243.284940041127,3.306465234297067e-05,0.10229983660332606
831.0,26.0,80.83388167943808,3353132.2603741637,3236.1783406347886,3.310187791008926e-05,0.10234518081536073
832.0,26.0,80.64851879000746,3356364.9238631087,3229.163861046194,3.313911730652734e-05,0.10239163788073714
833.0,26.0,80.46444335101896,3359590.618288631,3222.239959705525,3.3176370035615216e-05,0.10243919249381021
834.0,26.0,80.28163891605517,3362809.4334723037,3215.405128809933,3.321363561298322e-05,0.10248782965147504
835.0,26.0,80.10008934347451,3366021.4577443926,3208.657893404216,3.325091356621444e-05,0.10253753464518986
836.0,26.0,79.9197787890677,3369226.7779762633,3201.996810491478,3.328820343450873e-05,0.10258829305325493
837.0,26.0,79.74069169893214,3372425.4796119044,3195.420468172687,3.3325504768357494e-05,0.10264009073333974
838.0,26.0,79.56281280255462,3375617.6466986015,3188.9274848139744,3.336281712922909e-05,0.10269291381524738
839.0,26.0,79.38612710609684,3378803.361916809,3182.5165082406866,3.3400140089264216e-05,0.1027467486939082
840.0,26.0,79.21061988587603,3381982.7066092016,3176.186214957139,3.343747323098112e-05,0.10280158202259392
841.0,26.0,79.03627668203337,3385155.7608089936,3169.9353093911336,3.3474816146990124e-05,0.10285740070634386
842.0,26.0,78.86308329238555,3388322.60326747,3163.76252316235,3.3512168439717124e-05,0.10291419189559523
843.0,26.0,78.69102576645052,3391483.3114808435,3157.6666143736516,3.354952972113592e-05,0.10297194298001054
844.0,26.0,78.52009039964464,3394637.9617163846,3151.6463669245604,3.3586899612508836e-05,0.1030306415824945
845.0,26.0,78.35026372764318,3397786.629037878,3145.7005898460366,3.362427774413538e-05,0.10309027555339345
846.0,26.0,78.1815325208994,3400929.3873304417,3139.828116655781,3.366166375510886e-05,0.10315083296487089
847.0,26.0,78.01388377931745,3404066.3093246873,3134.0278047333704,3.3699057293080365e-05,0.10321230210545247
848.0,26.0,77.8473047270732,3407197.4666202897,3128.2985347144636,3.373645801403008e-05,0.10327467147473497
849.0,26.0,77.68178280757833,3410322.929708941,3122.639209903423,3.377386558204556e-05,0.1033379297782524
850.0,26.0,77.51730567858401,3413442.767996728,3117.048755703711,3.38112796691068e-05,0.10340206592249475
851.0,26.0,77.35386120741771,3416557.0498259678,3111.526119065389,3.384869995487782e-05,0.10346706901007291
852.0,26.0,77.19143746635022,3419665.8424964724,3106.070267949165,3.388612612650443e-05,0.10353292833502552
853.0,26.0,77.03002272808901,3422769.2122863024,3100.6801908063953,3.392355787841827e-05,0.1035996333782622
854.0,26.0,76.86960546139197,3425867.224472005,3095.354896074464,3.3960994912146544e-05,0.10366717380313824
855.0,26.0,76.71017432679999,3428959.9433483537,3090.0934116870526,3.3998436936127486e-05,0.10373553945115707
856.0,26.0,76.55171817248268,3432047.432247606,3084.8947845987445,3.4035883665531355e-05,0.10380472033779509
857.0,26.0,76.39422603019567,3435129.753558289,3079.758080323518,3.4073334822086584e-05,0.10387470664844468
858.0,26.0,76.23768711134332,3438206.9687435357,3074.6823824865883,3.41107901339112e-05,0.10394548873447274
859.0,26.0,76.0820908031463,3441279.138358983,3069.666792389242,3.414824933534901e-05,0.10401705710938842
860.0,26.0,75.9274266649087,3444346.3220702247,3064.7104285861265,3.418571216681069e-05,0.10408940244511819
861.0,26.0,75.773684424383,3447408.5786698707,3059.812426474653,3.422317837461953e-05,0.10416251556838432
862.0,26.0,75.62085397422912,3450465.966094174,3054.97193789607,3.42606477108614e-05,0.10423638745718242
863.0,26.0,75.46892536856431,3453518.541439298,3050.188130747825,3.429811993323937e-05,0.10431100923735519
864.0,26.0,75.31788881960225,3456566.360977168,3045.460188606852,3.4335594804932165e-05,0.10438637217925938
865.0,26.0,75.1677346943782,3459609.480170977,3040.7873103634283,3.437307209445692e-05,0.10446246769452242
866.0,26.0,75.01845351155659,3462647.953690314,3036.168709865227,3.441055157553577e-05,0.10453928733288598
867.0,26.0,74.87003593832,3465681.8354259515,3031.6036155712695,3.444803302696607e-05,0.10461682277913298
868.0,26.0,74.72247278733678,3468711.178504282,3027.091270215444,3.4485516232494516e-05,0.10469506585009629
869.0,26.0,74.57575501380377,3471736.0353014367,3022.630930479261,3.4523000980694626e-05,0.10477400849174505
870.0,26.0,74.42987371256372,3474756.457457069,3018.221866673591,3.456048706484774e-05,0.10485364277634726
871.0,26.0,74.28482011529374,3477772.495887826,3013.8633624290574,3.4597974282827274e-05,0.1049339608997051
872.0,26.0,74.1405855877636,3480784.2008005236,3009.5547143948324,3.4635462436986276e-05,0.10501495517846147
873.0,26.0,73.99716162716115,3483791.6217050073,3005.2952319455726,3.467295133404801e-05,0.10509661804747417
874.0,26.0,73.85453985948352,3486794.807426745,3001.0842368962158,3.471044078499958e-05,0.1051789420572565
875.0,26.0,73.71271203699192,3489793.806119126,2996.9210632244253,3.474793060498853e-05,0.10526191987148178
876.0,26.0,73.57167003572796,3492788.665275482,2992.8050568004123,3.478542061322217e-05,0.10534554426454923
877.0,26.0,73.43140585309011,3495779.4317408497,2988.735575123923,3.482291063286969e-05,0.10542980811920902
878.0,26.0,73.29191160546843,3498766.1517234785,2984.7119870681695,3.486040049096709e-05,0.10551470442424585
879.0,26.0,73.15317952593614,3501748.870806072,2980.733672630495,3.489789001832432e-05,0.10560022627221682
880.0,26.0,73.01520196199566,3504727.633956787,2976.800022689547,3.493537904943531e-05,0.10568636685724367
881.0,26.0,72.87797137337873,3507702.4855400086,2972.910438768788,3.4972867422390145e-05,0.10577311947285642
882.0,26.0,72.74148032989805,3510673.469326863,2969.064332806124,3.501035497878977e-05,0.10586047750988682
883.0,26.0,72.60572150934965,3513640.628505536,2965.2611269294944,3.504784156366278e-05,0.10594843445440968
884.0,26.0,72.4706876954642,3516604.005691344,2961.500253238216,3.5085327025384685e-05,0.10603698388573125
885.0,26.0,72.33637177590653,3519563.642936589,2957.7811535899377,3.512281121559897e-05,0.10612611947442117
886.0,26.0,72.20276674032077,3522519.5817402354,2954.1032793930062,3.5160293989140577e-05,0.10621583498038795
887.0,26.0,72.06986567842124,3525471.863057343,2950.4660914041087,3.5197775203961185e-05,0.10630612425099539
888.0,26.0,71.93766177812732,3528420.5273083164,2946.8690595310345,3.523525472105649e-05,0.10639698121921924
889.0,26.0,71.80614832374076,3531365.614387968,2943.311662640387,3.527273240439544e-05,0.10648839990184089
890.0,26.0,71.67531869416432,3534307.163674375,2939.7933883701116,3.531020812085124e-05,0.10658037439767805
891.0,26.0,71.54516636116162,3537245.2140375646,2936.313732946712,3.534768174013424e-05,0.10667289888585049
892.0,26.0,71.41568488765563,3540179.8038480063,2932.872201006997,3.538515313472635e-05,0.10676596762407828
893.0,26.0,71.28686792606578,3543110.9709849404,2929.46830542424,3.542262217981745e-05,0.1068595749470126
894.0,26.0,71.15870921668227,3546038.7528445316,2926.101567138617,3.546008875324322e-05,0.10695371526459602
895.0,26.0,71.031202586077,3548963.1863478455,2922.771514991818,3.549755273542457e-05,0.10704838306045178
896.0,26.0,70.90434194554894,3551884.3079486727,2919.477685565674,3.553501400930868e-05,0.10714357289029952
897.0,26.0,70.77812128960508,3554802.153641189,2916.21962302474,3.557247246031148e-05,0.10723927938039732
898.0,26.0,70.65253469447406,3557716.758967466,2912.9968789626705,3.560992797626175e-05,0.10733549722600652
899.0,26.0,70.52757631665261,3560628.15902482,2909.809012252314,3.5647380447346355e-05,0.10743222118987915
900.0,26.0,70.40324039148399,3563536.3884730116,2906.6555888994076,3.5684829766057045e-05,0.10752944610076583
901.0,26.0,70.2795212317672,3566441.481541326,2903.5361818997785,3.572227582713863e-05,0.1076271668519423
902.0,26.0,70.15641322639631,3569343.4720354713,2900.450371099944,3.575971852753823e-05,0.10772537839975257
903.0,26.0,70.03391083902925,3572242.3933443744,2897.397743061023,3.579715776635607e-05,0.10782407576216768
904.0,26.0,69.91200860678536,3575138.2784468224,2894.377890925887,3.583459344479726e-05,0.10792325401735714
905.0,26.0,69.79070113897056,3578031.1599179874,2891.390414289403,3.587202546612496e-05,0.10802290830227185
906.0,26.0,69.66998311582995,3580921.069935805,2888.4349190717617,3.5909453735614535e-05,0.10812303381123532
907.0,26.0,69.54984928732695,3583808.0402872423,2885.5110173947473,3.5946878160508955e-05,0.10822362579454291
908.0,26.0,69.43029447194792,3586692.1023744405,2882.6183274608907,3.5984298649975253e-05,0.10832467955706399
909.0,26.0,69.31131355553248,3589573.2872207365,2879.75647343543,3.6021715115061994e-05,0.10842619045684693
910.0,26.0,69.19290149012811,3592451.6254765564,2876.9250853310023,3.605912746865793e-05,0.10852815390372302
911.0,26.0,69.07505329286856,3595327.1474252255,2874.123798894981,3.609653562545147e-05,0.10863056535790637
912.0,26.0,68.95776404487603,3598199.882988633,2871.3522554994074,3.613393950189132e-05,0.1087334203285873
913.0,26.0,68.84102889018592,3601069.8617328065,2868.610102033434,3.61713390161479e-05,0.1088367143725151
914.0,26.0,68.72484303469342,3603937.1128733843,2865.896990798208,3.620873408807582e-05,0.10894044309256652
915.0,26.0,68.6092017451228,3606801.6652809605,2863.2125794041613,3.624612463917724e-05,0.10904460213629709
916.0,26.0,68.49410034801674,3609663.5474863555,2860.556530670591,3.628351059256599e-05,0.10914918719446853
917.0,26.0,68.3795342287469,3612522.7876857743,2857.928512527527,3.6320891872932784e-05,0.10925419399955012
918.0,26.0,68.26549883054449,3615379.413745867,2855.3281979197795,3.635826840651097e-05,0.10935961832418548
919.0,26.0,68.1519896535506,3618233.453208695,2852.755264713152,3.639564012104337e-05,0.1094654559796219
920.0,26.0,68.0390022538856,3621084.933296608,2850.20939560272,3.6433006945749716e-05,0.1095717028140928
921.0,26.0,67.92653224273725,3623933.8809170267,2847.6902780231644,3.6470368811294914e-05,0.10967835471114748
922.0,26.0,67.81457528546713,3626780.322667141,2845.197604061069,3.650772564975811e-05,0.10978540758791872
923.0,26.0,67.70312710073479,3629624.2848385214,2842.7310703691596,3.654507739460239e-05,0.10989285739331904
924.0,26.0,67.59218345963977,3632465.793421633,2840.290378082427,3.6582423980645314e-05,0.11000070010615513
925.0,26.0,67.4817401848801,3635304.874110285,2837.8752327360753,3.6619765344029955e-05,0.11010893173314752
926.0,26.0,67.37179314992741,3638141.5523059894,2835.485344185262,3.665710142219681e-05,0.11021754830684141
927.0,26.0,67.26233827821905,3640975.853122242,2833.1204265265815,3.669443215385627e-05,0.11032654588339436
928.0,26.0,67.15337154236475,3643807.801388715,2830.780198021244,3.673175747896164e-05,0.11043592054021958
929.0,26.0,67.04488896337006,3646637.421655407,2828.464381019909,3.676907733868311e-05,0.11054566837346716
930.0,26.0,66.93688660987402,3649464.738196668,2826.1727018891424,3.680639167538174e-05,0.11065578549531557
931.0,26.0,66.82936059740207,3652289.775015201,2823.9048909394346,3.6843700432584775e-05,0.11076626803104822
932.0,26.0,66.72230708763315,3655112.55584596,2821.660682354761,3.688100355496089e-05,0.11087711211587999
933.0,26.0,66.61572228768104,3657933.104159989,2819.439814123641,3.691830098829641e-05,0.11098831389149619
934.0,26.0,66.50960244938932,3660751.4431681926,2817.2420279716503,3.6955592679471786e-05,0.11109986950225914
935.0,26.0,66.40394386864004,3663567.5958250477,2815.067069295367,3.6992878576438964e-05,0.11121177509102924
936.0,26.0,66.29874288467539,3666381.5848322357,2812.914687097698,3.703015862819885e-05,0.11132402679453662
937.0,26.0,66.19399587943208,3669193.432642213,2810.7846339245625,3.70674327847796e-05,0.11143662073823013
938.0,26.0,66.08969927688884,3672003.161461731,2808.67666580291,3.7104700997215254e-05,0.11154955303051362
939.0,26.0,65.9858495424255,3674810.793255281,2806.5905421800085,3.714196321752488e-05,0.11166281975626134
940.0,26.0,65.88244318219459,3677616.34974849,2804.5260258640105,3.7179219398692266e-05,0.11177641696948487
941.0,26.0,65.77947674250453,3680419.8524314472,2802.4828829657363,3.7216469494645896e-05,0.11189034068499153
942.0,26.0,65.67694680921434,3683221.3225619784,2800.4608828416663,3.725371346023958e-05,0.1120045868688441
943.0,26.0,65.5748500071396,3686020.7811688674,2798.459798038092,3.729095125123333e-05,0.11211915142738324
944.0,26.0,65.47318299946932,3688818.2490550196,2796.4794042364265,3.732818282427485e-05,0.11223403019452072
945.0,26.0,65.37194248719355,3691613.746800563,2794.519480199615,3.736540813688118e-05,0.112349218916936
946.0,26.0,65.27112520854185,3694407.2947659055,2792.5798077196473,3.7402627147421125e-05,0.11246471323671872
947.0,26.0,65.17072793843141,3697198.9130947455,2790.660171566126,3.743983981509759e-05,0.1125805086708707
948.0,26.0,65.07074748792586,3699988.6217170134,2788.760359435877,3.747704609993078e-05,0.11269660058692377
949.0,26.0,64.97118070370358,3702776.440351785,2786.8801619035794,3.75142459627415e-05,0.11281298417370889
950.0,26.0,64.87202446753561,3705562.3885101243,2785.0193723733746,3.7551439365134824e-05,0.11292965440601802
951.0,26.0,64.7732756957733,3708346.485497897,2783.1777870314536,3.758862626948421e-05,0.11304660600149825
952.0,26.0,64.67493133884479,3711128.750418527,2781.3552047995886,3.762580663891598e-05,0.11316383336755688
953.0,26.0,64.57698838076088,3713909.2021757066,2779.5514272895825,3.7662980437294e-05,0.11328133053526876
954.0,26.0,64.47944383862945,3716687.859476071,2777.766258758629,3.7700147629204876e-05,0.11339909107614607
955.0,26.0,64.38229476217874,3719464.74083181,2775.9995060655474,3.773730817994335e-05,0.11351710799598086
956.0,26.0,64.2855382332888,3722239.864563258,2774.250978627879,3.7774462055497976e-05,0.11363537359751606
957.0,26.0,64.18917136553182,3725013.2488014325,2772.520488379835,3.781160922253729e-05,0.11375387929995565
958.0,26.0,64.09319130371972,3727784.9114905237,2770.807849731054,3.784874964839611e-05,0.11387261539747752
959.0,26.0,63.997595223460465,3730554.870390349,2769.1128795261725,3.7885883301062136e-05,0.1139915707295056
960.0,26.0,63.90238033072177,3733323.143078778,2767.4353970051793,3.792301014916298e-05,0.11411073221986578
961.0,26.0,63.807543861402436,3736089.7469540946,2765.775223764534,3.7960130161953314e-05,0.1142300842149605
962.0,26.0,63.713083080911254,3738854.6992373466,2764.132183719046,3.7997243309302436e-05,0.11434960750240644
963.0,26.0,63.618995283753165,3741618.0169746378,2762.5061030644765,3.803434956168189e-05,0.11446927779899066
964.0,26.0,63.5252777931226,3744379.717039396,2760.8968102408676,3.8071448890153674e-05,0.11458906330927834
965.0,26.0,63.43192796050363,3747139.816134588,2759.3041358965647,3.8108541266358355e-05,0.1147089205456391
966.0,26.0,63.33894316527748,3749898.330794931,2757.7279128529362,3.814562666250368e-05,0.11482878660825321
967.0,26.0,63.246320814336144,3752655.277389024,2756.1679760697543,3.818270505135334e-05,0.11494856339175691
968.0,26.0,63.15405834170299,3755410.6721214894,2754.6241626112337,3.8219776406215965e-05,0.11506808015541786
969.0,26.0,63.06215320815978,3758164.5310350456,2753.096311612722,3.825684070093431e-05,0.11518698128711907
970.0,26.0,62.97060290087995,3760916.8700125706,2751.5842642480034,3.8293897909874824e-05,0.1153041855189891
971.0,26.0,62.87940493306794,3763667.7047791234,2750.0878636972293,3.833094800791728e-05,0.11541663391832985
972.0,26.0,62.788556843604944,3766417.050903932,2748.6069551154415,3.836799097044466e-05,0.11554176196613196
973.0,26.0,62.69805619670029,3769164.9238023567,2747.141385601685,3.8405026773333356e-05,0.11566714042914404
974.0,26.0,62.60790058154884,3771911.338737809,2745.6910041687033,3.844205539294336e-05,0.11579276730614821
975.0,26.0,62.51808761199406,3774656.3108236645,2744.255661713182,3.847907680610893e-05,0.11591864061481284
976.0,26.0,62.428614926196694,3777399.855025125,2742.835210986558,3.851609099012927e-05,0.11604475839145398
977.0,26.0,62.33948018630882,3780141.9861610522,2741.4295065663587,3.855309792275932e-05,0.11617111869079987
978.0,26.0,62.25068107815351,3782882.718905799,2740.0384048280694,3.859009758220113e-05,0.1162977195857603
979.0,26.0,62.16221531090965,3785622.067790967,2738.6617639175192,3.862708994709486e-05,0.11642455916719871
980.0,26.0,62.074080616801965,3788360.0472071865,2737.299443723774,3.866407499651046e-05,0.11655163554370869
981.0,26.0,61.98627475079589,3791096.671405837,2735.9513058525135,3.8701052709939225e-05,0.11667894684139349
982.0,26.0,61.89879549029797,3793831.9545007464,2734.6172135999095,3.8738023067285645e-05,0.11680649120364961
983.0,26.0,61.811640634860616,3796565.910469876,2733.2970319269602,3.877498604885936e-05,0.1169342667909535
984.0,26.0,61.72480800589169,3799298.553156975,2731.990627434301,3.8811941635367334e-05,0.11706227178065157
985.0,26.0,61.63829544636924,3802029.896273195,2730.6978683374628,3.884888980790623e-05,0.11719050436675407
986.0,26.0,61.55210082056034,3804759.9533987003,2729.418624442577,3.8885830547954756e-05,0.1173189627597313
987.0,26.0,61.46622201374464,3807488.7379842526,2728.152767122517,3.89227638373664e-05,0.11744764518631418
988.0,26.0,61.380656931942355,3810216.263352758,2726.900169293468,3.895968965836215e-05,0.1175765498892968
989.0,26.0,61.29540350164673,3812942.5427008006,2725.6607053919056,3.899660799352344e-05,0.11770567512734295
990.0,26.0,61.210459669560336,3815667.589100147,2724.4342513519937,3.903351882578522e-05,0.11783501917479514
991.0,26.0,61.125823402336124,3818391.415499245,2723.220684583377,3.907042213842919e-05,0.11796458032148685
992.0,26.0,61.04149268632214,3821114.0347246756,2722.0198839493682,3.910731791507705e-05,0.1180943568725575
993.0,26.0,60.9574655273105,3823835.459482604,2720.8317297455214,3.914420613968414e-05,0.1182243471482705
994.0,26.0,60.8737399502902,3826555.702360198,2719.656103678571,3.9181086796532875e-05,0.11835454948383385
995.0,26.0,60.790313999203846,3829274.775827024,2718.4928888457603,3.921795987022664e-05,0.11848496222922351
996.0,26.0,60.70718573670823,3831992.692236441,2717.341969714509,3.9254825345683596e-05,0.11861558374900999
997.0,26.0,60.62435324393866,3834709.463826944,2716.2032321024494,3.929168320813062e-05,0.11874641242218652
998.0,26.0,60.54181462027667,3837425.1027235207,2715.076563157803,3.932853344309757e-05,0.11887744664200108
999.0,26.0,60.45956798312195,3840139.6209389553,2713.9618513401037,3.936537603641133e-05,0.11900868481578994
1000.0,26.0,60.377611467666924,3842853.030375146,2712.8589864012424,3.9402210974190314e-05,0.11914012536481414
500.0,26.5,851.7394740481888,982204.542248424,4490.058822788899,0.00012390343713643837,0.6613303053721843
501.0,26.5,850.5315276091986,986697.2027851521,4495.273039292628,0.0001233561756595043,0.6605181089808594
502.0,26.5,849.3182922177139,991195.1100692648,4500.55248335771,0.00012281358861094402,0.6596977812928793
503.0,26.5,848.0997251972063,995698.329829708,4505.898161758898,0.00012227559634571248,0.6588693306777783
504.0,26.5,846.8757830151241,1000206.9288143672,4511.311105751364,0.00012174212042374846,0.6580327648756851
505.0,26.5,845.6464212648731,1004720.9748149448,4516.792371823137,0.00012121308358237646,0.6571880909961274
506.0,26.5,844.411594647227,1009240.5366925768,4522.343042476011,0.0001206884097092731,0.6563353155161534
507.0,26.5,843.1712569511196,1013765.6844042257,4527.96422703554,0.00012016802381597533,0.6554744442777716
508.0,26.5,841.925361033789,1018296.4890299618,4533.657062492432,0.00011965185201190627,0.6546054824847182
509.0,26.5,840.673858800283,1022833.022801028,4539.422714375778,0.00011913982147891339,0.6537284346986082
510.0,26.5,839.4167011822632,1027375.3591288443,4545.262377660095,0.00011863186044628925,0.6528433048344361
511.0,26.5,838.1538381161046,1031923.5726349188,4551.177277707632,0.00011812789816626417,0.65195009615547
512.0,26.5,836.8852185202561,1036477.739181731,4557.168671247442,0.00011762786488995257,0.651048811267534
513.0,26.5,835.6107902718329,1041037.9359045775,4563.237847393213,0.00011713169184373551,0.6501394521126633
514.0,26.5,834.3305001824118,1045604.2412445175,4569.38612870109,0.00011663931120606446,0.6492220199621721
515.0,26.5,833.044293972994,1050176.7349823394,4575.614872270099,0.00011615065608466692,0.6482965154090973
516.0,26.5,831.7521162481194,1054755.4982736618,4581.925470886307,0.00011566566049414608,0.6473629383600432
517.0,26.5,830.4539104690579,1059340.6136852591,4588.319354213944,0.00011518425933394452,0.6464212880263795
518.0,26.5,829.1496189261,1063932.165232487,4594.797990034257,0.00011470638836667466,0.6454715629148452
519.0,26.5,827.8391827098557,1068530.2384180995,4601.362885535689,0.00011423198419678482,0.6445137608175014
520.0,26.5,826.522541681543,1073134.9202722965,4608.015588657064,0.00011376098424955392,0.6435478788010233
521.0,26.5,825.1996344422415,1077746.2993941663,4614.757689486561,0.00011329332675040023,0.6425739131953606
522.0,26.5,823.8703983010321,1082364.465994568,4621.590821719402,0.00011282895070448394,0.6415918595817026
523.0,26.5,822.5347692420082,1086989.5119404956,4628.516664176715,0.00011236779587659593,0.6406017127797498
524.0,26.5,821.1926818900943,1091621.5308009712,4635.536942388924,0.0001119098027713111,0.6396034668342987
525.0,26.5,819.8440694756197,1096260.6178945987,4642.6534302465825,0.00011145491261339549,0.6385971150010643
526.0,26.5,818.4888637976112,1100906.87033876,4649.867951722364,0.00011100306732845453,0.6375826497317821
527.0,26.5,817.1269951857328,1105560.3871006018,4657.182382667567,0.00011055420952380212,0.6365600626585197
528.0,26.5,815.7583924608192,1110221.269049834,4664.598652686638,0.00011010828246954073,0.6355293445771933
529.0,26.5,814.382982893942,1114889.619013464,4672.118747094337,0.00010966523007983606,0.6344904854302562
530.0,26.5,813.0006921639549,1119565.541832512,4679.744708959115,0.0001092249968943734,0.633443474288541
531.0,26.5,811.6114443134239,1124249.1444208284,4687.478641237613,0.00010878752805997568,0.6323882993322123
532.0,26.5,810.2151617029034,1128940.5358260977,4695.322709004723,0.00010835276931237639,0.6313249478307986
533.0,26.5,808.8117649634671,1133639.8272930982,4703.279141784284,0.0001079206669581272,0.6302534061222874
534.0,26.5,807.4011729474021,1138347.13232937,4711.350235985911,0.0001074911678566229,0.6291736595912167
535.0,26.5,805.9833026770234,1143062.5667733594,4719.538357453241,0.00010706421940223754,0.6280856926457575
536.0,26.5,804.5580692914671,1147786.2488651818,4727.845944129829,0.00010663976950654317,0.6269894886937153
537.0,26.5,803.125385991425,1152518.299320103,4736.275508848906,0.00010621776658060942,0.625885030117434
538.0,26.5,801.6851639816941,1157258.8414048743,4744.829642253565,0.00010579815951735806,0.6247722982475507
539.0,26.5,800.2373124114249,1162008.0010170746,4753.511015854969,0.00010538089767395582,0.6236512733355234
540.0,26.5,798.781738312011,1166765.9067675404,4762.322385235601,0.0001049659308542391,0.6225219345249414
541.0,26.5,797.3183465324489,1171532.690066132,4771.266593406059,0.00010455320929113931,0.6213842598214959
542.0,26.5,795.8470396721021,1176308.4852108841,4780.346574323495,0.00010414268362910514,0.6202382260616212
543.0,26.5,794.3677180106909,1181093.4294807978,4789.565356581401,0.0001037343049064903,0.6190838088796797
544.0,26.5,792.8802794354187,1185887.6632323891,4798.926067280227,0.00010332802453789977,0.617920982673693
545.0,26.5,791.3846193650853,1190691.3300002099,4808.4319360884565,0.00010292379429647112,0.6167497205695108
546.0,26.5,789.880630670994,1195504.5766015311,4818.086299506818,0.00010252156629606446,0.6155699943833409
547.0,26.5,788.3682035945718,1200327.553245405,4827.8926053454115,0.00010212129297335424,0.6143817745826158
548.0,26.5,786.847225661472,1205160.4136462926,4837.854417428044,0.00010172292706979102,0.6131850302450634
549.0,26.5,785.3175815920222,1210003.315142537,4847.97542053577,0.00010132642161341627,0.6119797290159406
550.0,26.5,783.7791532077923,1214856.4188198901,4858.25942560522,0.00010093172990050207,0.6107658370632911
551.0,26.5,782.2318193341378,1219719.889640395,4868.710375195755,0.00010053880547700177,0.6095433190312086
552.0,26.5,780.6754556984631,1224593.896576841,4879.332349242846,0.00010014760211977765,0.6083121379909431
553.0,26.5,779.1099348240022,1229478.6127531554,4890.129571114687,9.975807381758372e-05,0.6070722553897738
554.0,26.5,777.53512591888,1234374.215590997,4901.106413990578,9.937017475177665e-05,0.6058236309975413
555.0,26.5,775.9508947602096,1239280.8869628934,4912.267407581982,9.89838592767272e-05,0.6045662228507201
556.0,26.5,774.357103572946,1244198.8133522759,4923.617245216834,9.859908189990112e-05,0.6032999871939057
557.0,26.5,772.7536109032234,1249128.186020824,4935.160791310756,9.82157972615781e-05,0.6020248784185848
558.0,26.5,771.1402714858837,1254069.2011834318,4946.903089249904,9.783396011418009e-05,0.6007408489990693
559.0,26.5,769.5169361058581,1259022.0601913217,4958.84936971223,9.745352530116885e-05,0.5994478494254205
560.0,26.5,767.8834514530839,1263986.9697236724,4971.005059455338,9.707444773548227e-05,0.5981458281332356
561.0,26.5,766.2396599705783,1268964.141988309,4983.37579060229,9.669668237746677e-05,0.5968347314301159
562.0,26.5,764.5853996952811,1273953.7949319389,4995.967410458696,9.632018421226591e-05,0.5955145034186357
563.0,26.5,762.9205040912946,1278956.152460461,5008.785991895806,9.594490822662904e-05,0.5941850859156697
564.0,26.5,761.244801875016,1283971.444669976,5021.8378443397305,9.557080938508332e-05,0.5928464183678187
565.0,26.5,759.5581168317623,1288999.9080891213,5035.129525407228,9.519784260543241e-05,0.5914984377627888
566.0,26.5,757.860267623334,1294041.7859333376,5048.667853233701,9.482596273352196e-05,0.5901410785364415
567.0,26.5,756.1510675860196,1299097.328371889,5062.459919541791,9.445512451722378e-05,0.5887742724753365
568.0,26.5,754.4303245184502,1304166.792808283,5076.513103503571,9.408528257957838e-05,0.5873979486144699
569.0,26.5,752.6978404587026,1309250.4441750296,5090.835086452642,9.371639139103457e-05,0.586012033129969
570.0,26.5,750.9534114499822,1314348.5552435121,5105.433867509104,9.334840524072103e-05,0.5846164492264441
571.0,26.5,749.196827294196,1319461.4069500063,5120.317780183691,9.298127820667812e-05,0.58321111701869
572.0,26.5,747.4278712926466,1324589.2887388207,5135.49551003413,9.261496412497703e-05,0.5817959534074224
573.0,26.5,745.646319973066,1329732.4989235923,5150.976113453401,9.224941655764778e-05,0.5803708719487121
574.0,26.5,743.8519428020646,1334891.345068082,5166.7690376763385,9.188458875932111e-05,0.5789357827166981
575.0,26.5,742.0445018821133,1340066.1443875146,5182.884142097913,9.152043364250356e-05,0.5774905921592502
576.0,26.5,740.2237516320168,1345257.224172007,5199.331721007422,9.115690374137781e-05,0.5760352029461051
577.0,26.5,738.3894384497917,1350464.9222334533,5216.122527849516,9.079395117402458e-05,0.57456951380904
578.0,26.5,736.5413003567894,1355689.5873774905,5233.267801135762,9.043152760295082e-05,0.5730934193736102
579.0,26.5,734.6790666217689,1360931.5799022752,5250.779292141385,9.006958419379678e-05,0.5716068099818926
580.0,26.5,732.8024573635839,1366191.272125861,5268.669294534329,8.970807157209421e-05,0.5701095715057292
581.0,26.5,730.9111831309466,1371469.0489443135,5286.9506760998665,8.934693977791904e-05,0.5686015851498059
582.0,26.5,729.0049444577135,1376765.308422595,5305.636912738554,8.898613821829298e-05,0.567082727243984
583.0,26.5,727.0834313919004,1382080.4624207178,5324.7421249344525,8.86256156171539e-05,0.5655528690241467
584.0,26.5,725.1463229965548,1387414.937257664,5344.281116911284,8.826531996271263e-05,0.5640118764008386
585.0,26.5,723.1932868203783,1392769.1744159188,5364.269418716618,8.7905198451988e-05,0.5624596097148533
586.0,26.5,721.2239783359314,1398143.6312896498,5384.723331498853,8.75451974323136e-05,0.5608959234790033
587.0,26.5,719.2380403428407,1403538.7819798945,5405.659976274277,8.718526233955173e-05,0.5593206661049928
588.0,26.5,717.2351023334461,1408955.1181403701,5427.097346509539,8.682533763277339e-05,0.5577336796145247
589.0,26.5,715.214779817844,1414393.1498779582,5449.054364886944,8.646536672509572e-05,0.5561347993334506
590.0,26.5,713.1766736051782,1419853.4067122024,5471.550944658258,8.610529191037074e-05,0.5545238535678482
591.0,26.5,711.1203690376022,1425336.43859861,5494.608056043122,8.574505428537016e-05,0.5529006632607265
592.0,26.5,709.0454351730351,1430842.8170211376,5518.247798181807,8.538459366708092e-05,0.5512650416279863
593.0,26.5,706.951423912391,1436373.1361595965,5542.493477214741,8.502384850468172e-05,0.5496167937721212
594.0,26.5,704.8378690666036,1441928.014138492,5567.369691132115,8.466275578573671e-05,0.5479557162720762
595.0,26.5,702.7042853581128,1447508.0943643984,5592.902422120203,8.430125093606731e-05,0.5462815967474229
596.0,26.5,700.5501673511145,1453114.0469597348,5619.119137221983,8.393926771274074e-05,0.5445942133950387
597.0,26.5,698.374988304011,1458746.5703017744,5646.048898241503,8.357673808950465e-05,0.5428933344960841
598.0,26.5,696.1781989369382,1464406.3926766082,5673.722481942886,8.321359213395717e-05,0.5411787178910714
599.0,26.5,693.9592261063461,1470094.2740589224,5702.172511740652,8.284975787564023e-05,0.5394501104205189
600.0,26.5,691.7174713776399,1475811.0080297897,5731.433602243818,8.248516116414103e-05,0.5377072473284535
601.0,26.5,689.4523094858466,1481557.4238460823,5761.542518210008,8.21197255161843e-05,0.5359498516257916
602.0,26.5,687.1630866730346,1487334.3886767523,5792.538349689027,8.175337195056546e-05,0.5341776334103456
603.0,26.5,684.8491188897484,1493142.8100232051,5824.462705397547,8.13860188096217e-05,0.5323902891398664
604.0,26.5,682.5096898461544,1498983.638343109,5857.3599266684705,8.101758156577594e-05,0.5305875008541984
605.0,26.5,680.1440488966241,1504857.8698995651,5891.277324675343,8.06479726114802e-05,0.5287689353422055
606.0,26.5,677.7514087394144,1510766.5498604332,5926.265444043178,8.027710103067236e-05,0.5269342432487258
607.0,26.5,675.3309429105124,1516710.7756758826,5962.37835644367,7.990487234958638e-05,0.5250830581162934
608.0,26.5,672.881783047847,1522691.7007663073,5999.673988337122,7.953118826445904e-05,0.5232149953558295
609.0,26.5,670.4030158987141,1528710.538556968,6038.21448769,7.915594634332578e-05,0.5213296511398913
610.0,26.5,667.8936800392571,1534768.5669012254,6078.066635274829,7.877903969867826e-05,0.5194266012113555
611.0,26.5,665.3527622704971,1540867.1329399447,6119.30230707361,7.840035662731604e-05,0.5175053995997427
612.0,26.5,662.7791936498569,1547007.6584520407,6161.998995384833,7.801978021313608e-05,0.5155655772363857
613.0,26.5,660.1718451111202,1553191.6457590805,6206.240397497025,7.763718788799652e-05,0.513606640458795
614.0,26.5,657.5295226184836,1559420.6842566316,6252.117082283436,7.725245094503867e-05,0.5116280693934718
615.0,26.5,654.8509617919834,1565696.457656062,6299.727246827263,7.686543399800126e-05,0.5096293162052337
616.0,26.5,652.1348219316334,1572020.7520338602,6349.177577258095,7.647599437904249e-05,0.5076098031997657
617.0,26.5,649.3796793561656,1578395.464800666,6400.584230422463,7.608398146644144e-05,0.5055689207646834
618.0,26.5,646.5840199587102,1584822.6147203897,6454.073955895605,7.568923593218332e-05,0.5035060251327625
619.0,26.5,643.7462308658821,1591304.3531309576,6509.7853812516605,7.529158889785685e-05,0.501420435949213
620.0,26.5,640.8645910683178,1597842.9765429015,6567.870487538558,7.489086098547909e-05,0.49931143362306696
621.0,26.5,637.9372608686895,1604440.940821608,6628.496306682068,7.44868612476952e-05,0.49717825644057495
622.0,26.5,634.962269967909,1611100.8771931955,6691.846878195497,7.407938595936057e-05,0.4950200974165581
623.0,26.5,631.9375039800398,1617825.6103548263,6758.125509288848,7.366821724960275e-05,0.492836100857419
624.0,26.5,628.860689131272,1624618.179018165,6827.557390445212,7.325312155012307e-05,0.4906253586074658
625.0,26.5,625.7293748569082,1631481.8592712907,6900.3926280252335,7.283384783160935e-05,0.4883869059483743
626.0,26.5,622.540913961576,1638420.1912116178,6976.909766781276,7.241012559560077e-05,0.48611971712010277
627.0,26.5,619.292439950752,1645437.0093815397,7057.419888685767,7.198166258391386e-05,0.48382270043089015
628.0,26.5,615.980841074355,1652536.4776330816,7142.271390685103,7.154814216164608e-05,0.48149469292443886
629.0,26.5,612.6027305440487,1659723.1291595127,7231.855563468133,7.11092203227212e-05,0.4791344545746382
630.0,26.5,609.1544122926479,1667001.9125656933,7326.613116852995,7.066452225874656e-05,0.4767406619831853
631.0,26.5,605.6318415344779,1674378.245007884,7427.041825912317,7.021363842249828e-05,0.4743119015646969
632.0,26.5,602.030579255838,1681858.073624926,7533.705506821523,6.97561200063133e-05,0.47184666221881993
633.0,26.5,598.3457396121158,1689447.9467119463,7647.244574392463,6.929147374293759e-05,0.4693415895202098
634.0,26.5,594.5719290267443,1697155.0963652937,7768.388486965449,6.88191559214893e-05,0.46679848055872564
635.0,26.5,590.7031755715637,1704987.5346652288,7897.970452602568,6.833856549379323e-05,0.46421359587292627
636.0,26.5,586.7328469492329,1712954.16587793,8036.944859348939,6.78490361257353e-05,0.4615849497915662
637.0,26.5,582.6535550837311,1721064.9176757683,8186.408011373828,6.734982702347705e-05,0.458910417178415
638.0,26.5,578.4570449348454,1729330.895031105,8347.62291824301,6.68401123336054e-05,0.4561877257348971
639.0,26.5,574.1340646553616,1737764.5612916248,8522.049124114317,6.631896887665201e-05,0.45341444992342445
640.0,26.5,569.6742135498466,1746379.9520892745,8711.37892574213,6.578536191939096e-05,0.45058800787941955
641.0,26.5,565.0657633753679,1755192.9293263566,8917.581898395343,6.523812861314456e-05,0.44770566351216323
642.0,26.5,560.2954471731744,1764221.4847923818,9142.96057931573,6.467595860487309e-05,0.4447645373775671
643.0,26.5,555.3482077224427,1773486.1064638502,9390.221719732308,6.409737113213527e-05,0.44176163224360476
644.0,26.5,550.2068942959487,1783010.2260522502,9662.570187665131,6.350068758252118e-05,0.43869388327339104
645.0,26.5,544.8518906542009,1792820.775347254,9963.837224314759,6.288399792631777e-05,0.4355582496643726
646.0,26.5,539.2606473352622,1802948.8938958908,10298.662773928816,6.224511843137285e-05,0.43235187653756296
647.0,26.5,533.4070741432977,1813430.8559695554,10672.765452056909,6.158153632174977e-05,0.42907237640401696
648.0,26.5,527.2607190116514,1824309.328069282,11093.357311380758,6.0890334019333224e-05,0.4257183141622905
649.0,26.5,520.7856085578707,1835635.1416781046,11569.799814025568,6.016808048500777e-05,0.4222900358921475
650.0,26.5,513.9385408316823,1847469.888692434,12114.660117675388,5.941066877943705e-05,0.4187910671399317
651.0,26.5,506.6664853517345,1859889.8459629952,12745.420097158327,5.861306592670542e-05,0.41523041806578265
652.0,26.5,498.9025453306536,1872992.0412888536,13487.21073620682,5.776892278177091e-05,0.411626223766785
653.0,26.5,490.55968439887954,1886903.6973416037,14377.043248806836,5.6869970694750905e-05,0.4080110265241772
654.0,26.5,481.5212304026526,1901796.7428984114,15469.8878446434,5.590512309570855e-05,0.40443805673581584
655.0,26.5,471.62747960683384,1917909.1190545412,16845.96502426913,5.485925342881867e-05,0.40098438566546224
656.0,26.5,460.6598380736896,1935572.7621543966,18615.044857896486,5.371187451489091e-05,0.39773724158169665
657.0,26.5,448.33071773698344,1955240.895655582,20905.02886220476,5.243668155026383e-05,0.3947331805808406
658.0,26.5,434.300379254671,1977491.9245453253,23816.987722504506,5.100421690623649e-05,0.3918306738250046
659.0,26.5,418.2421762124474,2002984.5694198024,27377.910143001023,4.938964666963319e-05,0.38864668101111843
660.0,26.5,399.91790858110534,2032406.220746729,31616.7537307563,4.758114865769295e-05,0.38482548920265436
661.0,26.5,379.18276796200644,2066507.3140713153,36695.16449316101,4.5580691634726474e-05,0.3803202852387047
662.0,26.5,355.95891389075473,2106201.475204797,42854.416201677275,4.340199397219859e-05,0.3752380297722472
663.0,26.5,330.5739476937079,2152137.903817728,48510.2690652534,4.110245488146911e-05,0.367104975856109
664.0,26.5,305.66771673907283,2200869.7663469748,47716.001991125064,3.894298302029468e-05,0.34847316271851514
665.0,26.5,284.4514856789842,2246174.234630391,42721.83271929238,3.7193796472799614e-05,0.32461528600431094
666.0,26.5,267.1481045921779,2286290.8296457753,37597.492671632936,3.583845675147906e-05,0.30220350508011506
667.0,26.5,253.00729832035984,2321602.400352655,33137.17291069696,3.478467679173485e-05,0.2824424658918985
668.0,26.5,241.3130783005848,2352824.868528637,29421.01518153419,3.3954243715419415e-05,0.26532659474434966
669.0,26.5,231.49297615694326,2380672.3700474724,26376.41031768503,3.3288775631541854e-05,0.2505937558719555
670.0,26.5,223.11491448435962,2405760.2541983235,23885.397367097656,3.2746364416709524e-05,0.23790067716559868
671.0,26.5,215.860654082751,2428584.890960089,21833.449731753604,3.22972973972543e-05,0.22691214025865714
672.0,26.5,209.4963231490232,2449536.8088511964,20125.743110321844,3.192039324843111e-05,0.2173368410543087
673.0,26.5,203.84841305390137,2468921.923837908,18688.369437766927,3.160033169313167e-05,0.20893393156035228
674.0,26.5,198.786325130691,2486981.118627982,17464.918586207532,3.132583125076348e-05,0.20150821752594902
675.0,26.5,194.2101781925097,2503905.8471544087,16412.486096767512,3.108842945272673e-05,0.19490242123455842
676.0,26.5,190.04236383125198,2519849.9444972067,15498.28953686799,3.08816645586807e-05,0.1889896676764797
677.0,26.5,186.22166629314768,2534938.4129892574,14697.07052115562,3.070052016078358e-05,0.18366712773740115
678.0,26.5,182.69912110465265,2549273.9441565867,13989.172516261677,3.0541042297430774e-05,0.17885092563917618
679.0,26.5,179.43505754819088,2562941.7828329382,13359.136367569827,3.0400071016582928e-05,0.17447215296398788
680.0,26.5,176.39695551080993,2576013.384048209,12794.67535546126,3.0275048991268406e-05,0.1704737764225326
681.0,26.5,173.55786981611251,2588549.18861479,12285.923908702916,3.016388284526405e-05,0.16680824265739752
682.0,26.5,170.8952555079633,2600600.7511721253,11824.882873920928,3.0064841122911595e-05,0.1634356183903432
683.0,26.5,168.3900803966246,2612212.388419486,11405.006322100695,2.997647813673532e-05,0.16032213946954027
684.0,26.5,166.02614622887413,2623422.468486046,11020.890880260687,2.989757636564202e-05,0.1574390721900747
685.0,26.5,163.7895633572891,2634264.429295033,10668.039905782238,2.9827102340859986e-05,0.15476181378945764
686.0,26.5,161.66833975536943,2644767.5902862656,10342.682769515272,2.9764172469965906e-05,0.15226917699259818
687.0,26.5,159.65205621296388,2654957.8050806243,10041.63508510747,2.9708026275442753e-05,0.1499428169982969
688.0,26.5,157.73160720246958,2664857.990590017,9762.189640052376,2.9658005229948876e-05,0.1477667694002205
689.0,26.5,155.89899230705532,2674488.559307284,9502.030555151012,2.961353586249868e-05,0.14572707507206542
690.0,26.5,154.14714695782519,2683867.7750884737,9259.165173129222,2.957411615724784e-05,0.14381147367933325
691.0,26.5,152.46980401105117,2693012.0479952083,9031.869594443226,2.9539304515017012e-05,0.14200915170458595
692.0,26.5,150.8613797290993,2701936.1802286515,8818.644804262241,2.950871072738597e-05,0.14031053405607524
693.0,26.5,149.31687922782427,2710653.5725286365,8618.181083507769,2.9481988544595446e-05,0.1387071107408767
694.0,26.5,147.83181756999363,2719176.3983966573,8429.328948049722,2.945882951559141e-05,0.1371912919209389
695.0,26.5,146.40215352385928,2727515.7519625067,8251.075269187724,2.9438957850989492e-05,0.13575628607862944
696.0,26.5,145.024233642931,2735681.774129164,8082.523534517137,2.9422126114297618e-05,0.13439599710443512
697.0,26.5,143.6947448101692,2743683.760711471,7922.877438918979,2.9408111588180492e-05,0.13310493696207815
698.0,26.5,142.41067376540565,2751530.255566349,7771.427170576097,2.9396713194296268e-05,0.1318781512439906
699.0,26.5,141.169272426646,2759229.131147588,7627.53789092093,2.9387748869746804e-05,0.13071115544651915
700.0,26.5,139.96802804420045,2766787.6584715196,7490.640010634171,2.9381053322244165e-05,0.12959988020198632
701.0,26.5,138.8046374064567,2774212.568123992,7360.220943855269,2.9376476101026284e-05,0.1285406240285476
702.0,26.5,137.67698445874476,2781510.103653887,7235.818085234138,2.9373879932328087e-05,0.12753001241733017
703.0,26.5,136.58312081048203,2788686.0684688324,7117.01280350126,2.9373139277554287e-05,0.12656496228379283
704.0,26.5,135.52124869712603,2795745.8671625727,7003.425283982614,2.937413907975928e-05,0.1256426509776493
705.0,26.5,134.48970603711274,2802694.5420520217,6894.710083261522,2.9376773670025192e-05,0.12476048918133786
706.0,26.5,133.48695328372986,2809536.8055780157,6790.552283771911,2.938094581016358e-05,0.1239160971375041
707.0,26.5,132.51156182063127,2816277.0691218274,6690.664155846151,2.9386565852089197e-05,0.12310728373636684
708.0,26.5,131.56220368960302,2822919.4687053347,6594.782250662838,2.93935509974125e-05,0.122332028068079
709.0,26.5,130.6376424720867,2829467.887972857,6502.66486045423,2.9401824643419623e-05,0.12158846310648891
710.0,26.5,129.73672517312804,2835925.978794499,6414.089792848301,2.941131580376642e-05,0.12087486124146421
711.0,26.5,128.85837497899698,2842297.179782222,6328.852414825965,2.942195859399707e-05,0.12018962141916287
712.0,26.5,128.00158477853412,2848584.7329688976,6246.763928842834,2.943369177347928e-05,0.1195312576848798
713.0,26.5,127.16541135402868,2854791.6988663017,6167.649849498023,2.94464583365823e-05,0.11889838895262551
714.0,26.5,126.34897016066802,2860920.970088746,6091.348653963422,2.9460205146957614e-05,0.11828972985042177
715.0,26.5,125.55143062474515,2866975.2837044634,6017.710583403169,2.9474882609648893e-05,0.1177040825112355
716.0,26.5,124.77201190025718,2872957.2324557146,5946.596575964856,2.949044437648984e-05,0.11714032919719762
717.0,26.5,124.00997903153335,2878869.274970699,5877.877314730851,2.9506847080865828e-05,0.11659742565979632
718.0,26.5,123.26463947636331,2884713.745074864,5811.432376376771,2.952405009844095e-05,0.11607439515154788
719.0,26.5,122.5353399499089,2890492.860296091,5747.149468271394,2.9542015330897e-05,0.1155703230155764
720.0,26.5,121.82146355469692,2896208.729646721,5684.9237434351,2.9560707010113847e-05,0.11508435178891592
721.0,26.5,121.12242716625973,2901863.360755632,5624.657184198814,2.9580091520544644e-05,0.1146156767633749
722.0,26.5,120.43767904770425,2907458.666414952,5566.25804661999,2.9600137237821663e-05,0.11416354195474028
723.0,26.5,119.76669666967378,2912996.47059868,5509.640358746921,2.962081438186788e-05,0.11372723643706543
724.0,26.5,119.1089847149336,2918478.5140039427,5454.72346670851,2.964209488299848e-05,0.1133060910039586
725.0,26.5,118.46407324921728,2923906.4591600476,5401.431623366829,2.9663952259676278e-05,0.1128994751232735
726.0,26.5,117.83151604205699,2929281.8951455094,5349.693614923132,2.968636150674105e-05,0.1125067941554981
727.0,26.5,117.2108890231415,2934606.341948986,5299.442421431289,2.9709298993068906e-05,0.1121274868095305
728.0,26.5,116.60178886135154,2939881.254506146,5250.61490766048,2.973274236773597e-05,0.11176102281250247
729.0,26.5,116.00383165499855,2945108.0264412803,5203.151541169584,2.975667047386378e-05,0.11140690077288852
730.0,26.5,115.41665172304394,2950287.993539403,5156.996134823687,2.9781063269414774e-05,0.11106464621842844
731.0,26.5,114.8399004881319,2955422.4369720877,5112.095611300499,2.9805901754285297e-05,0.11073380979237013
732.0,26.5,114.27324544323697,2960512.586297857,5068.39978741363,2.9831167903112976e-05,0.11041396559330795
733.0,26.5,113.71636919455834,2965559.6222560094,5025.861176322037,2.985684460327735e-05,0.11010470964543216
734.0,26.5,113.16896857404083,2970564.6793708764,4984.43480590798,2.9882915597626284e-05,0.10980565848737615
735.0,26.5,112.63075381555991,2975528.848381886,4944.078051792586,2.99093654315088e-05,0.10951644786905447
736.0,26.5,112.10144778939296,2980453.1785133895,4904.750483621996,2.9936179403737213e-05,0.10923673154695858
737.0,26.5,111.58078529012244,2985338.6795969056,4866.413723401889,2.996334352113922e-05,0.108966180169327
738.0,26.5,111.06851237357787,2990186.3240572396,4829.0313147855795,2.999084445639376e-05,0.10870448024345317
739.0,26.5,110.56438573883862,2994997.0487729856,4792.568602333439,3.001866950887444e-05,0.10845133317814451
740.0,26.5,110.06817215169177,2999771.756820863,4756.99261986165,3.0046806568250638e-05,0.10820645439502302
741.0,26.5,109.5796479062654,3004511.319112656,4722.271987086104,3.0075244080619918e-05,0.10796957250294913
742.0,26.5,109.09859832186274,3009216.5759325987,4688.376813846565,3.0103971016966963e-05,0.10774042853039555
743.0,26.5,108.62481727228001,3013888.338382549,4655.27861126554,3.01329768437627e-05,0.10751877521106988
744.0,26.5,108.15810674514248,3018527.3897414966,4622.950209259252,3.016225149553451e-05,0.10730437631852316
745.0,26.5,107.69827642899445,3023134.48674558,4591.3656798728425,3.019178534925359e-05,0.10709700604585944
746.0,26.5,107.24514332608884,3027710.360794118,4560.500265962604,3.0221569200399204e-05,0.10689644842701787
747.0,26.5,106.79853138898743,3032255.719086827,4530.330314791742,3.025159424057212e-05,0.10670249679640567
748.0,26.5,106.35827117924472,3036771.2456969274,4500.833216146322,3.0281852036540026e-05,0.10651495328394389
749.0,26.5,105.924199546595,3041257.602584476,4471.987344613875,3.0312334510608832e-05,0.1063336283428447
750.0,26.5,105.49615932718785,3045715.43055391,4443.7720056990975,3.034303392222136e-05,0.10615834030766533
751.0,26.5,105.0739990595398,3050145.3501595105,4416.1673854801165,3.0373942850694914e-05,0.10598891498039541
752.0,26.5,104.65757271697278,3054547.9625621904,4389.15450353467,3.04050541790148e-05,0.10582518524251883
753.0,26.5,104.24673945541495,3058923.850340701,4362.715168889398,3.04363610786091e-05,0.10566699069116733
754.0,26.5,103.84136337551661,3063273.578260259,4336.831938766059,3.046785699503533e-05,0.10551417729763125
755.0,26.5,103.4413132981296,3067597.694001179,4311.488079918347,3.049953563451522e-05,0.10536659708664112
756.0,26.5,103.04646255225872,3071896.7288500937,4286.667532369758,3.053139095125941e-05,0.1052241078349545
757.0,26.5,102.65668877467124,3076171.198356025,4262.354875379122,3.0563417135527785e-05,0.10508657278790567
758.0,26.5,102.27187372040544,3080421.6029534694,4238.535295474285,3.059560860237587e-05,0.10495386039267611
759.0,26.5,101.89190308348128,3084648.428554488,4215.194556407851,3.0627959981041454e-05,0.10482584404714587
760.0,26.5,101.51666632716166,3088852.1471116673,4192.318970900129,3.0660466104928804e-05,0.104702401863269
761.0,26.5,101.14605652316686,3093033.217153648,4169.895374045701,3.069312200215152e-05,0.10458341644400204
762.0,26.5,100.77997019928279,3097192.0842948575,4147.9110982693355,3.0725922886597555e-05,0.10446877467288547
763.0,26.5,100.41830719484592,3101329.1817209166,4126.3539497261845,3.075886414948308e-05,0.10435836751544537
764.0,26.5,100.06097052362502,3105444.9306511497,4105.212186049115,3.079194135136375e-05,0.1042520898316469
765.0,26.5,99.707866243652,3109539.7407794483,4084.4744953536488,3.0825150214574785e-05,0.10415241561136172
766.0,26.5,99.35890333358698,3113614.010694757,4064.129976417609,3.085848661607295e-05,0.10405403426564946
767.0,26.5,99.01399357522793,3117668.128282284,4044.1681199588093,3.089194658065561e-05,0.10395949383492786
768.0,26.5,98.67305144180783,3121702.471106516,4024.5787909399623,3.0925526274533677e-05,0.10386870279017218
769.0,26.5,98.33599399173991,3125717.406777007,4005.3522118350156,3.095922199923708e-05,0.10378157271778794
770.0,26.5,98.00274076749781,3129713.2932979134,3986.4789467959836,3.0993030185832633e-05,0.10369801818413311
771.0,26.5,97.67321369933876,3133690.4794020983,3967.9498866637973,3.102694738943564e-05,0.10361795660711896
772.0,26.5,97.34733701359364,3137649.3048706655,3949.7562347706444,3.106097028399801e-05,0.10354130813445983
773.0,26.5,97.02503714527101,3141590.100838661,3931.889493485089,3.1095095657356554e-05,0.10346799552817312
774.0,26.5,96.70624265473205,3145513.190087674,3914.341451454537,3.112932040652644e-05,0.10339794405495609
775.0,26.5,96.39088414821568,3149418.8873260114,3897.1041715029983,3.11636415332256e-05,0.10333108138209321
776.0,26.5,96.07889420200094,3153307.4994570827,3880.1699791447086,3.119805613961697e-05,0.10326733747856903
777.0,26.5,95.77020729001251,3157179.325836583,3863.531451677197,3.1232561424256275e-05,0.10320664452108552
778.0,26.5,95.46475971468237,3161034.6585190664,3847.1814078195202,3.1267154678233625e-05,0.10314893680469986
779.0,26.5,95.16248954089609,3164873.782494388,3831.112897863931,3.130183328149851e-05,0.10309415065781964
780.0,26.5,94.86333653286133,3168696.9759145593,3815.31919431131,3.1336594699357596e-05,0.10304222436130887
781.0,26.5,94.56724209374406,3172504.51031147,3799.793782962496,3.137143647913627e-05,0.10299309807147193
782.0,26.5,94.27414920793176,3176296.6508059064,3784.530354439722,3.140635624699488e-05,0.1029467137467018
783.0,26.5,93.98400238578598,3180073.656308314,3769.522796113816,3.144135170489126e-05,0.10290301507758813
784.0,26.5,93.69674761075916,3183835.7797116595,3754.765184414515,3.147642062768185e-05,0.10286194742029477
785.0,26.5,93.41233228875574,3187583.2680767984,3740.251777502686,3.151156086035408e-05,0.10282345773303156
786.0,26.5,93.13070519962433,3191316.3628106946,3725.9770082844675,3.154677031538302e-05,0.10278749451545009
787.0,26.5,92.85181645067632,3195035.2998377974,3711.9354777488115,3.158204697020584e-05,0.1027540077508083
788.0,26.5,92.57561743212902,3198740.309764929,3698.1219486107993,3.161738886480801e-05,0.10272294885075671
789.0,26.5,92.30206077438207,3202431.618039946,3684.53133924449,3.165279409941551e-05,0.10269427060260782
790.0,26.5,92.0311003070341,3206109.4451044854,3671.158717889713,3.168826083228764e-05,0.10266792711895745
791.0,26.5,91.76269101955965,3209774.006541041,3657.999297118503,3.172378727760528e-05,0.10264387378953815
792.0,26.5,91.49678902356447,3213425.5132146333,3645.048428547498,3.175937170344982e-05,0.10262206723518706
793.0,26.5,91.23335151654508,3217064.171409304,3632.301597783516,3.1795012429868397e-05,0.10260246526382127
794.0,26.5,90.9723367470822,3220690.182959675,3619.754419590361,3.183070782702095e-05,0.10258502682831906
795.0,26.5,90.7137039813998,3224303.7453777734,3607.402633265428,3.186645631340514e-05,0.10256971198620903
796.0,26.5,90.45741347122822,3227905.051975343,3595.2420982155954,3.19022563541555e-05,0.10255648186107892
797.0,26.5,90.20342642290916,3231494.2919818154,3583.2687897222254,3.193810645941294e-05,0.1025452986056165
798.0,26.5,89.95170496768817,3235071.650658142,3571.4787948859616,3.19740051827615e-05,0.10253612536620373
799.0,26.5,89.70221213313809,3238637.3094066586,3559.868308742244,3.200995111972888e-05,0.1025289262489863
800.0,26.5,89.45491181566491,3242191.445877153,3548.433630539286,3.2045942906348014e-05,0.10252366628734857
801.0,26.5,89.20976875404654,3245734.2340692696,3537.1711601704837,3.208197921777654e-05,0.1025203114107246
802.0,26.5,88.96674850395809,3249265.844431435,3526.077394753782,3.211805876697165e-05,0.10251882841468166
803.0,26.5,88.72581741344146,3252786.44395644,3515.1489253509167,3.2154180303417634e-05,0.10251918493221583
804.0,26.5,88.48694259927679,3256296.1962737856,3504.38243381987,3.219034261190383e-05,0.10252134940620229
805.0,26.5,88.2500919242174,3259795.261738972,3493.774689794187,3.2226544511350396e-05,0.10252529106294508
806.0,26.5,88.01523397504995,3263283.7975198003,3483.322547783165,3.226278485368013e-05,0.10253097988677658
807.0,26.5,87.78233804144583,3266761.9576798608,3473.0229443873036,3.2299062522733874e-05,0.10253838659565706
808.0,26.5,87.55137409556863,3270229.893259265,3462.872895623619,3.233537643322781e-05,0.10254748261772828
809.0,26.5,87.32231277240645,3273687.7523527793,3452.869494355753,3.2371725529750576e-05,0.10255824006877776
810.0,26.5,87.09512535079908,3277135.680185422,3443.009907824112,3.240810878579868e-05,0.10257063173057258
811.0,26.5,86.86978373512991,3280573.819185647,3433.2913752714376,3.244452520284828e-05,0.10258463103002267
812.0,26.5,86.64626043765591,3284002.3090561954,3423.7112056595374,3.2480973809461895e-05,0.10260021201913755
813.0,26.5,86.42452856144871,3287421.2868427136,3414.266775473025,3.251745366042843e-05,0.10261734935573971
814.0,26.5,86.20456178392295,3290830.88700021,3404.9555266062816,3.255396383593523e-05,0.10263601828490286
815.0,26.5,85.98633434092673,3294231.2414574404,3395.7749643298644,3.259050344077062e-05,0.1026561946210819
816.0,26.5,85.76982101137159,3297622.479679302,3386.722655332896,3.262707160355563e-05,0.10267785473090464
817.0,26.5,85.55499710238217,3301004.7287272997,3377.7962258381704,3.26636674760039e-05,0.10270097551659717
818.0,26.5,85.3418384349418,3304378.113318172,3368.993359786704,3.270029023220831e-05,0.10272553440001472
819.0,26.5,85.13032133001737,3307742.7558807214,3360.3117970888584,3.273693906795331e-05,0.10275150930725285
820.0,26.5,84.92042259514231,3311098.776610947,3351.7493319390965,3.277361320005189e-05,0.10277887865381341
821.0,26.5,84.71211951144144,3314446.2935254993,3343.3038111917012,3.2810311865706334e-05,0.10280762133030244
822.0,26.5,84.50538982107952,3317785.422513562,3334.9731327948834,3.284703432189133e-05,0.10283771668863795
823.0,26.5,84.30021171511727,3321116.277387182,3326.7552442807932,3.288377984475906e-05,0.10286914452874465
824.0,26.5,84.0965638217598,3324438.9699301193,3318.6481413091346,3.292054772906497e-05,0.10290188508571786
825.0,26.5,83.8944251949815,3327753.6099452707,3310.649866262139,3.29573372876137e-05,0.10293591901743473
826.0,26.5,83.69377530351409,3331060.3053007117,3302.75850688878,3.2994147850724044e-05,0.1029712273925962
827.0,26.5,83.49459402018368,3334359.1619744,3294.972194996234,3.30309787657124e-05,0.10300779167918149
828.0,26.5,83.2968616115836,3337650.2840976045,3287.28910518663,3.3067829396393985e-05,0.10304559373329819
829.0,26.5,83.10055872807062,3340933.773997078,3279.7074536372666,3.310469912260098e-05,0.1030846157884123
830.0,26.5,82.9056663940733,3344209.7322360524,3272.22549692258,3.3141587339716935e-05,0.1031248404449429
831.0,26.5,82.71216599869923,3347478.257654055,3264.841530876124,3.317849345822713e-05,0.10316625066020699
832.0,26.5,82.52003928663241,3350739.447405614,3257.5538894910474,3.3215416903283685e-05,0.10320882973870046
833.0,26.5,82.32926834930852,3353993.396997888,3250.360943857501,3.3252357114285415e-05,0.10325256132270239
834.0,26.5,82.13983561635894,3357240.2003272427,3243.2611011355352,3.328931354447155e-05,0.10329742938318892
835.0,26.5,81.95172384731316,3360479.9497148297,3236.2528035621026,3.332628566052882e-05,0.10334341821104656
836.0,26.5,81.7649161235512,3363712.735941165,3229.3345274908515,3.3363272942211576e-05,0.10339051240857107
837.0,26.5,81.57939584049647,3366938.648279801,3222.50478246343,3.340027488197418e-05,0.1034386968812428
838.0,26.5,81.39514670004075,3370157.774530036,3215.7621103111005,3.3437290984615464e-05,0.10348795682976675
839.0,26.5,81.21215270319328,3373370.201048792,3209.105084285512,3.3474320766934585e-05,0.10353827774236798
840.0,26.5,81.03039814294591,3376576.0127815944,3202.532308217512,3.3511363757398075e-05,0.1035896453873319
841.0,26.5,80.84986759734686,3379775.293292756,3196.0424157029543,3.354841949581748e-05,0.10364204580578126
842.0,26.5,80.67054592277634,3382968.12479473,3189.6340693144907,3.358548753303727e-05,0.1036954653046801
843.0,26.5,80.49241824741587,3386154.588176716,3183.3059598383556,3.362256743063269e-05,0.10374989045005642
844.0,26.5,80.31546996490621,3389334.7630325,3177.056805535249,3.365965876061716e-05,0.10380530806043571
845.0,26.5,80.13968672818662,3392508.727687561,3170.885351424418,3.3696761105158746e-05,0.10386170520047759
846.0,26.5,79.96505444350882,3395676.559225492,3164.790368590064,3.37338740563057e-05,0.1039190691748074
847.0,26.5,79.7915592646214,3398838.333513719,3158.770653509304,3.3770997215720336e-05,0.10397738752203645
848.0,26.5,79.61918758711712,3401994.125228566,3152.825027400861,3.380813019442127e-05,0.10403664800896402
849.0,26.5,79.44792604293872,3405144.007879693,3146.952335593765,3.3845272612533607e-05,0.10409683862495356
850.0,26.5,79.27776149503852,3408288.0538338767,3141.151446915359,3.388242409904671e-05,0.1041579475764783
851.0,26.5,79.10868103218483,3411426.334338229,3135.4212530978566,3.391958429157946e-05,0.10421996328182885
852.0,26.5,78.94067196391238,3414558.919542804,3129.760668202879,3.395675283615258e-05,0.10428287436597791
853.0,26.5,78.77372181561095,3417685.878522651,3124.1686280632725,3.399392938696788e-05,0.10434666965559618
854.0,26.5,78.60781832374836,3420807.2792993067,3118.644089741638,3.40311136061942e-05,0.10441133817421384
855.0,26.5,78.44294943122247,3423923.188861771,3113.1860310049556,3.4068305163759645e-05,0.1044768691375234
856.0,26.5,78.27910328283922,3427033.6731869467,3107.7934498147797,3.410550373715023e-05,0.10454325194881767
857.0,26.5,78.11626822091237,3430138.7972595906,3102.4653638324517,3.414270901121423e-05,0.10461047619455892
858.0,26.5,77.95443278098016,3433238.625091766,3097.200809938789,3.417992067797263e-05,0.10467853164007526
859.0,26.5,77.79358568763656,3436333.2197418385,3091.9988437678135,3.421713843643489e-05,0.10474740822537806
860.0,26.5,77.63371585047261,3439422.643332989,3086.8585392539785,3.42543619924203e-05,0.10481709606109803
861.0,26.5,77.47481236012477,3442506.957071304,3081.7789881924905,3.429159105838451e-05,0.1048875854245349
862.0,26.5,77.31686448442662,3445586.2212634124,3076.759299812232,3.4328825353250975e-05,0.10495886675581702
863.0,26.5,77.15986166466122,3448660.49533372,3071.7986003609267,3.4366064602247565e-05,0.10503093065416728
864.0,26.5,77.00379351191025,3451729.837841218,3066.896032702067,3.440330853674757e-05,0.10510376787427117
865.0,26.5,76.84864980349819,3454794.3064959077,3062.0507559232833,3.4440556894115446e-05,0.10517736932274459
866.0,26.5,76.69442047952715,3457853.9581748294,3057.261944955726,3.447780941755705e-05,0.10525172605469675
867.0,26.5,76.54109563950061,3460908.8489377243,3052.5287902041136,3.4515065855973904e-05,0.10532682927038566
868.0,26.5,76.38866553903324,3463959.0340423193,3047.850497187125,3.455232596382181e-05,0.10540267031196322
869.0,26.5,76.237120586644,3467004.567959276,3043.226286187746,3.4589589500973376e-05,0.10547924066030634
870.0,26.5,76.08645134062972,3470045.5043867794,3038.6553919133066,3.462685623258437e-05,0.10555653193193129
871.0,26.5,75.93664850601775,3473081.8962647915,3034.1370631648406,3.4664125928963924e-05,0.10563453587598899
872.0,26.5,75.78770293159423,3476113.7957889936,3029.670562515525,3.470139836544825e-05,0.10571324437133808
873.0,26.5,75.63960560700644,3479141.2544243867,3025.255165997859,3.4738673322277984e-05,0.10579264942369264
874.0,26.5,75.49234765993691,3482164.322918618,3020.8901627993337,3.477595058447878e-05,0.10587274316284341
875.0,26.5,75.34592035334678,3485183.051314968,3016.5748549663285,3.4813229941745366e-05,0.10595351783994836
876.0,26.5,75.20031508278733,3488197.4889650755,3012.308557115948,3.485051118832868e-05,0.1060349658248917
877.0,26.5,75.05552337377635,3491207.6845413633,3008.0905961555723,3.4887794122926034e-05,0.10611707960370764
878.0,26.5,74.91153687923898,3494213.686049194,3003.920311009884,3.4925078548574554e-05,0.10619985177606839
879.0,26.5,74.76834737700993,3497215.540838753,2999.797052355123,3.496236427254711e-05,0.10628327505283176
880.0,26.5,74.62594676739587,3500213.2956166663,2995.720182360352,3.499965110625143e-05,0.10636734225364895
881.0,26.5,74.48432707079654,3503206.9964573747,2991.6890744355264,3.503693886513167e-05,0.10645204630462836
882.0,26.5,74.3434804253824,3506196.688814243,2987.7031129861543,3.507422736857286e-05,0.10653738023605465
883.0,26.5,74.20339908482715,3509182.417530441,2983.7616931743332,3.511151643980762e-05,0.10662333718015975
884.0,26.5,74.06407541609435,3512164.226849585,2979.8642206860004,3.514880590582575e-05,0.10670991036894639
885.0,26.5,73.92550189727595,3515142.160426137,2976.010111504172,3.5186095597285775e-05,0.1067970931320586
886.0,26.5,73.78767111548115,3518116.2613356058,2972.198791688022,3.52233853484292e-05,0.10688487889470082
887.0,26.5,73.6505757647751,3521086.5720845014,2968.4296971576127,3.5260674996996886e-05,0.10697326117560191
888.0,26.5,73.51420864416487,3524053.134620101,2964.7022734841057,3.529796438414753e-05,0.10706223358502251
889.0,26.5,73.37856265563254,3527015.9903399926,2961.0159756852986,3.533525335437849e-05,0.10715178982280466
890.0,26.5,73.24363080221322,3529975.180101418,2957.3702680263264,3.537254175544849e-05,0.10724192367646065
891.0,26.5,73.10940618611698,3532930.7442304315,2953.7646238253715,3.540982943830247e-05,0.10733262901930116
892.0,26.5,72.97588200689442,3535882.722530853,2950.1985252642517,3.5447116256998184e-05,0.10742389980859912
893.0,26.5,72.84305155964293,3538831.1542930324,2946.671463203716,3.548440206863502e-05,0.10751573008378933
894.0,26.5,72.71090823325424,3541776.0783024547,2943.182937003343,3.5521686733284355e-05,0.10760811396470042
895.0,26.5,72.57944550870154,3544717.532848131,2939.7324543458903,3.5558970113921805e-05,0.10770104564981932
896.0,26.5,72.44865695736407,3547655.55573085,2936.319531065963,3.559625207636125e-05,0.10779451941458412
897.0,26.5,72.31853623939041,3550590.1842712406,2932.943690982893,3.5633532489190446e-05,0.10788852960970652
898.0,26.5,72.18907710209753,3553521.4553176765,2929.6044657377042,3.567081122370841e-05,0.10798307065951965
899.0,26.5,72.06027337840513,3556449.405254015,2926.3013946340297,3.5708088153864204e-05,0.1080781370603504
900.0,26.5,71.93211898530517,3559374.0700071794,2923.0340244829063,3.5745363156197447e-05,0.10817372337891501
901.0,26.5,71.80460792236433,3562295.4850546056,2919.8019094512933,3.578263610978021e-05,0.10826982425073509
902.0,26.5,71.6777342702599,3565213.6854315023,2916.604610914247,3.5819906896160325e-05,0.10836643437857241
903.0,26.5,71.55149218934696,3568128.705738003,2913.441697310625,3.5857175399306345e-05,0.10846354853088117
904.0,26.5,71.42587591825729,3571040.580146147,2910.3127440022436,3.589444150555355e-05,0.10856116154027469
905.0,26.5,71.30087977252785,3573949.342406746,2907.2173331363597,3.593170510355157e-05,0.10865926830200488
906.0,26.5,71.17649814325952,3576855.025856094,2904.1550535114316,3.5968966084213114e-05,0.10875786377245225
907.0,26.5,71.05272549580427,3579757.663422551,2901.1255004460295,3.6006224340664115e-05,0.10885694296762406
908.0,26.5,70.92955636848005,3582657.2876330046,2898.1282756508144,3.604347976819494e-05,0.10895650096165764
909.0,26.5,70.80698537131363,3585553.9306192007,2895.1629871035298,3.608073226421294e-05,0.10905653288532674
910.0,26.5,70.68500718480979,3588447.624123937,2892.2292489268943,3.611798172819611e-05,0.10915703392454804
911.0,26.5,70.5636165587461,3591338.399507162,2889.3266812693237,3.6155228061647795e-05,0.10925799931888411
912.0,26.5,70.44280831099393,3594226.2877519373,2886.454910188421,3.619247116805269e-05,0.10935942436004016
913.0,26.5,70.32257732636319,3597111.319470285,2883.613567537137,3.622971095283368e-05,0.10946130439035061
914.0,26.5,70.20291855547171,3599993.5249089384,2880.8022908525504,3.626694732330986e-05,0.10956363480125127
915.0,26.5,70.08382701363819,3602872.933954957,2878.0207232471917,3.630418018865557e-05,0.10966641103173397
916.0,26.5,69.96529777979761,3605749.5761412596,2875.2685133028267,3.634140945986032e-05,0.10976962856677706
917.0,26.5,69.84732599543925,3608623.4806520385,2872.5453149666623,3.6378635049689826e-05,0.10987328293574862
918.0,26.5,69.72990686356654,3611494.676328075,2869.850787449894,3.6415856872647696e-05,0.10997736971077443
919.0,26.5,69.6130356476782,3614363.1916719484,2867.184595128537,3.645307484493846e-05,0.11008188450506687
920.0,26.5,69.49670767077002,3617229.0548531576,2864.5464074464753,3.649028888443104e-05,0.11018682297120475
921.0,26.5,69.38091831435693,3620092.293713139,2861.9358988206895,3.652749891062334e-05,0.11029218079935862
922.0,26.5,69.26566301751485,3622952.935770196,2859.352748548581,3.6564704844607604e-05,0.11039795371545098
923.0,26.5,69.15093727594193,3625811.0082243313,2856.796640717361,3.660190660903656e-05,0.11050413747924187
924.0,26.5,69.0367366410385,3628666.53796199,2854.2672641154363,3.663910412809049e-05,0.11061072788232844
925.0,26.5,68.92305671900552,3631519.5515607223,2851.7643121457527,3.66762973274448e-05,0.11071772074604547
926.0,26.5,68.8098931699607,3634370.075293753,2849.287482741032,3.671348613423865e-05,0.11082511191925187
927.0,26.5,68.69724170707282,3637218.1351344706,2846.8364782808685,3.675067047704415e-05,0.11093289727598676
928.0,26.5,68.5850980957122,3640063.75676083,2844.4110055106235,3.6787850285836225e-05,0.11104107271297509
929.0,26.5,68.47345815261878,3642906.9655596865,2842.010775462092,3.682502549196341e-05,0.1111496341469616
930.0,26.5,68.362317745086,3645747.78663103,2839.6355033758737,3.6862196028118915e-05,0.111258577511846
931.0,26.5,68.25167279016085,3648586.2447921713,2837.2849086254246,3.689936182831286e-05,0.11136789875559075
932.0,26.5,68.14151925385947,3651422.364581825,2834.958714642734,3.6936522827844725e-05,0.11147759383686645
933.0,26.5,68.0318531503978,3654256.1702641426,2832.656648845596,3.6973678963276626e-05,0.11158765872139334
934.0,26.5,67.92267054143737,3657087.685832647,2830.3784425664307,3.701083017240714e-05,0.11169808937793248
935.0,26.5,67.81396753534541,3659916.93501413,2828.1238309826194,3.704797639424591e-05,0.11180888177387034
936.0,26.5,67.7057402864694,3662743.941272453,2825.892553048313,3.708511756898845e-05,0.11192003187032892
937.0,26.5,67.5979849944251,3665568.727812291,2823.6843514276775,3.712225363799188e-05,0.11203153561672426
938.0,26.5,67.49069790339857,3668391.3175828094,2821.4989724295488,3.7159384543751e-05,0.11214338894467729
939.0,26.5,67.3838753014611,3671211.7332812822,2819.336165943457,3.719651022987504e-05,0.1122555877611641
940.0,26.5,67.27751351989738,3674029.9973566313,2817.1956853769807,3.723363064106483e-05,0.11236812794076827
941.0,26.5,67.17160893254612,3676846.1320129265,2815.077287594411,3.727074572309048e-05,0.11248100531686765
942.0,26.5,67.06615795515326,3679660.159212799,2812.9807328566867,3.730785542276969e-05,0.11259421567155345
943.0,26.5,66.96115704473692,3682472.100680817,2810.9057847625677,3.734495968794634e-05,0.11270775472402754
944.0,26.5,66.85660269896474,3685281.9779067948,2808.8522101910316,3.738205846746978e-05,0.11282161811717092
945.0,26.5,66.75249145554226,3688089.812149039,2806.8197792448395,3.741915171117436e-05,0.11293580140189072
946.0,26.5,66.64881989161306,3690895.6244375496,2804.808265195264,3.745623936985961e-05,0.11305030001876194
947.0,26.5,66.54558462316956,3693699.4355771565,2802.817444427949,3.7493321395270696e-05,0.1131651092763405
948.0,26.5,66.44278230447509,3696501.2661506147,2800.8470963898585,3.75303977400794e-05,0.11328022432535736
949.0,26.5,66.34040962749613,3699301.136521632,2798.8970035373163,3.756746835786557e-05,0.1133956401277685
950.0,26.5,66.23846332134525,3702099.066837857,2796.966951285078,3.760453320309879e-05,0.11351135141932063
951.0,26.5,66.13694015173405,3704895.077033811,2795.0567279564434,3.764159223112063e-05,0.11362735266386632
952.0,26.5,66.03583692043594,3707689.1868337747,2793.166124734363,3.7678645398127215e-05,0.11374363799706017
953.0,26.5,65.93515046475889,3710481.415754617,2791.294935613522,3.7715692661152136e-05,0.11386020115622818
954.0,26.5,65.83487765702739,3713271.783108592,2789.442957353384,3.7752733978049854e-05,0.11397703539199161
955.0,26.5,65.7350154040738,3716060.308006073,2787.60998943216,3.778976930747931e-05,0.11409413335545804
956.0,26.5,65.635560646739,3718847.009358256,2785.795834001701,3.782679860888799e-05,0.11421148695216185
957.0,26.5,65.53651035938174,3721631.9058798053,2784.000295843273,3.7863821842496285e-05,0.11432908714991083
958.0,26.5,65.43786154939654,3724415.0160914613,2782.2231823241996,3.790083896928229e-05,0.11444692372140794
959.0,26.5,65.3396112567407,3727196.358322609,2780.464303355368,3.793784995096673e-05,0.11456498489237713
960.0,26.5,65.24175655346902,3729975.9507137993,2778.723471349554,3.797485474999843e-05,0.11468325684903997
961.0,26.5,65.14429454327704,3732753.811219227,2777.000501180564,3.8011853329539895e-05,0.11480172302957214
962.0,26.5,65.04722236105246,3735529.957609177,2775.295210143173,3.8048845653453464e-05,0.1149203630713093
963.0,26.5,64.95053717243391,3738304.4074724233,2773.6074179138363,3.808583168628737e-05,0.11503915118461677
964.0,26.5,64.8542361733778,3741077.1782185896,2771.9369465121617,3.812281139326252e-05,0.115158053519238
965.0,26.5,64.75831658973257,3743848.287080473,2770.283620263122,3.815978474025921e-05,0.11527702363758857
966.0,26.5,64.66277567682042,3746617.751116339,2768.647265759993,3.819675169380437e-05,0.11539599411148767
967.0,26.5,64.56761071902584,3749385.5872121584,2767.027711828001,3.823371222105889e-05,0.11551485920859757
968.0,26.5,64.47281902939183,3752151.8120838357,2765.424789488667,3.827066628980538e-05,0.11563343342095647
969.0,26.5,64.37839794922265,3754916.442279373,2763.838331924824,3.830761386843602e-05,0.1157513248053865
970.0,26.5,64.28434484769338,3757679.494181023,2762.2681744463025,3.834455492594079e-05,0.11586729623834485
971.0,26.5,64.19065712146617,3760440.9840074047,2760.714154456254,3.8381489431895955e-05,0.11597908254552552
972.0,26.5,64.09733219431318,3763200.9278155635,2759.17611141813,3.841841735645263e-05,0.11610355764879106
973.0,26.5,64.00436751674549,3765959.341503033,2757.653886823254,3.845533867032582e-05,0.11622829066375566
974.0,26.5,63.91176056564883,3768716.240809832,2756.147324159031,3.849225334478345e-05,0.1163532795142671
975.0,26.5,63.81950884392483,3771471.6413204563,2754.656268877719,3.8529161351635805e-05,0.11647852214397428
976.0,26.5,63.72760988013879,3774225.558465824,2753.180568365812,3.8566062663225144e-05,0.11660401651607452
977.0,26.5,63.63606122817298,3776978.0075251865,2751.7200719139682,3.8602957252415376e-05,0.11672976061306388
978.0,26.5,63.54486046688593,3779729.0036280397,2750.274630687509,3.863984509258229e-05,0.11685575243649304
979.0,26.5,63.45400519977728,3782478.5617559543,2748.8440976974557,3.8676726157603544e-05,0.11698199000672556
980.0,26.5,63.363493054658235,3785226.6967444364,2747.4283277720997,3.8713600421849284e-05,0.11710847136270144
981.0,26.5,63.273321683327296,3787973.423284707,2746.027177529097,3.875046786017263e-05,0.11723519456170363
982.0,26.5,63.18348876125156,3790718.755925496,2744.6405053480707,3.878732844790058e-05,0.11736215767912865
983.0,26.5,63.09399198725321,3793462.709074776,2743.2681713437164,3.882418216082494e-05,0.11748935880826086
984.0,26.5,63.00482908320069,3796205.2970014964,2741.910037339388,3.886102897519354e-05,0.11761679606005049
985.0,26.5,62.91599779370573,3798946.5338372733,2740.565966841174,3.889786886770166e-05,0.11774446756289507
986.0,26.5,62.82749588582452,3801686.433578051,2739.2358250124353,3.893470181548346e-05,0.11787237146242395
987.0,26.5,62.739321148764105,3804425.0100857676,2737.9194786488024,3.8971527796103714e-05,0.11800050592128734
988.0,26.5,62.651471393593525,3807162.2770899525,2736.6167961536257,3.90083467875498e-05,0.11812886911894756
989.0,26.5,62.563944452959426,3809898.2481893436,2735.3276475138587,3.904515876822361e-05,0.11825745925147385
990.0,26.5,62.47673818080637,3812632.936853432,2734.0519042763826,3.908196371693381e-05,0.11838627453134125
991.0,26.5,62.38985045210165,3815366.35642404,2732.7894395247413,3.911876161288825e-05,0.1185153131872312
992.0,26.5,62.30327916256431,3818098.520116825,2731.5401278562995,3.9155552435686355e-05,0.11864457346383664
993.0,26.5,62.217022228398655,3820829.4410227938,2730.3038453597983,3.919233616531195e-05,0.11877405362166904
994.0,26.5,62.13107758603194,3823559.1321097743,2729.0804695933116,3.9229112782125944e-05,0.11890375193686938
995.0,26.5,62.04544319185605,3826287.6062238766,2727.869879562589,3.926588226685934e-05,0.11903366670102095
996.0,26.5,61.96011702197363,3829014.876090938,2726.6719556997805,3.930264460060638e-05,0.11916379622096657
997.0,26.5,61.87509707194774,3831740.9543179288,2725.4865798425326,3.9339399764817634e-05,0.11929413881862656
998.0,26.5,61.790381356555656,3834465.8533943514,2724.31363521345,3.937614774129359e-05,0.11942469283082184
999.0,26.5,61.70596790954677,3837189.585693612,2723.1530063999157,3.941288851217795e-05,0.11955545660909771
1000.0,26.5,61.62185478340354,3839912.1634743847,2722.004579334258,3.9449622059951375e-05,0.11968642851955136
500.0,27.0,852.1306090121897,982376.7401998541,4487.085811081282,0.00012402235457911452,0.661770215054447
501.0,27.0,850.9254108424857,986866.4074224442,4492.259287473008,0.0001234752426426859,0.6609601592123984
502.0,27.0,849.7149617514565,991361.2802431706,4497.497169746295,0.0001229328111340121,0.6601419927316201
503.0,27.0,848.4992197694116,995861.4235589539,4502.80044387801,0.0001223949804803074,0.6593157243838552
504.0,27.0,847.2781420887895,1000366.9032645345,4508.170119650928,0.00012186167231573233,0.6584813623187693
505.0,27.0,846.0516850467195,1004877.7862766305,4513.60723138037,0.0001213328094538616,0.6576389140631752
506.0,27.0,844.8198041070278,1009394.1405588624,4519.112838667073,0.00012080831586071841,0.6567883865195534
507.0,27.0,843.5824538416535,1013916.0351474057,4524.6880271787995,0.00012028811662835304,0.6559297859639067
508.0,27.0,842.339587911442,1018443.5401774988,4530.333909461352,0.00011977213794894295,0.6550631180429394
509.0,27.0,841.0911590463278,1022976.7269106905,4536.051625780116,0.00011926030708940719,0.6541883877706316
510.0,27.0,839.8371190248337,1027515.6677630289,4541.84234499435,0.00011875255236650578,0.6533055995241561
511.0,27.0,838.577418652903,1032060.4363340933,4547.707265464676,0.00011824880312241381,0.6524147570392069
512.0,27.0,837.3120077420238,1036611.107436965,4553.647615995901,0.00011774898970075478,0.651515863404718
513.0,27.0,836.0408350865995,1041167.7571291564,4559.664656816966,0.00011725304342306813,0.6506089210569688
514.0,27.0,834.7638484405791,1045730.4627445464,4565.759680598749,0.00011676089656570773,0.649693931773112
515.0,27.0,833.4809944932722,1050299.3029263478,4571.9340135128905,0.00011627248233714244,0.6487708966640884
516.0,27.0,832.1922188443496,1054874.3576611406,4578.189016332114,0.00011578773485565232,0.6478398161669504
517.0,27.0,830.8974659779757,1059455.7083140733,4584.526085575248,0.00011530658912739854,0.6469006900365706
518.0,27.0,829.5966792360651,1064043.4376651633,4590.946654697929,0.00011482898102486098,0.6459535173367579
519.0,27.0,828.2898007905817,1068637.629946869,4597.452195332283,0.00011435484726561254,0.644998296430729
520.0,27.0,826.9767716148959,1073238.370882911,4604.044218576582,0.00011388412539143378,0.6440350249709696
521.0,27.0,825.6575314541285,1077845.7477283948,4610.724276338755,0.00011341675374774148,0.6430636998884572
522.0,27.0,824.3320187944385,1082459.8493113157,4617.493962735017,0.00011295267146331697,0.6420843173812055
523.0,27.0,823.0001708312309,1087080.7660755,4624.354915547224,0.00011249181843032581,0.6410968729021691
524.0,27.0,821.6619234362286,1091708.5901250176,4631.30881774121,0.00011203413528461059,0.6401013611464469
525.0,27.0,820.3172111233479,1096343.4152701492,4638.357399049556,0.0001115795633862393,0.6390977760377758
526.0,27.0,818.9659670133545,1100985.3370749818,4645.502437621565,0.00011112804480030218,0.6380861107143093
527.0,27.0,817.6081227972289,1105634.4529066666,4652.745761744209,0.00011067952227793859,0.6370663575136576
528.0,27.0,816.2436086981858,1110290.861986459,4660.08925163709,0.00011023393923757789,0.6360385079571315
529.0,27.0,814.8723534323033,1114954.6654425873,4667.534841325629,0.00010979123974638565,0.6350025527332244
530.0,27.0,813.4942841676876,1119625.9663649967,4675.084520596286,0.00010935136850189536,0.6339584816802468
531.0,27.0,812.1093264821176,1124304.8698621702,4682.740337037494,0.00010891427081381503,0.63290628376813
532.0,27.0,810.7174043190918,1128991.4831199455,4690.50439817193,0.00010847989258599103,0.6318459470793347
533.0,27.0,809.318439942233,1133685.915462587,4698.378873683321,0.00010804818029852006,0.6307774587888654
534.0,27.0,807.9123538879368,1138388.2784160876,4706.365997744055,0.00010761908098998698,0.629700805143318
535.0,27.0,806.499064916231,1143098.6857738518,4714.468071447719,0.00010719254223982228,0.6286159714389706
536.0,27.0,805.078489959716,1147817.2536649152,4722.687465353353,0.00010676851215075366,0.627522941998821
537.0,27.0,803.650544070549,1152544.1006246896,4731.026622146203,0.00010634693933134956,0.6264217001485997
538.0,27.0,802.2151403653473,1157279.3476685025,4739.4880594217675,0.00010592777287862802,0.6253122281916537
539.0,27.0,800.7721899679224,1162023.1183679362,4748.0743726,0.00010551096236071969,0.6241945073826946
540.0,27.0,799.3216019497502,1166775.5389301688,4756.788237976248,0.00010509645779956964,0.6230685179003376
541.0,27.0,797.8632832680764,1171536.7382804367,4765.632415916692,0.00010468420965366115,0.6219342388184198
542.0,27.0,796.397138701525,1176306.8481477704,4774.609754206391,0.0001042741688007436,0.6207916480759909
543.0,27.0,794.9230707831081,1181086.0031541525,4783.723191557945,0.00010386628652054633,0.6196407224459625
544.0,27.0,793.4409797305049,1185874.340907259,4792.975761290621,0.00010346051447746402,0.6184814375023381
545.0,27.0,791.9507633735043,1190672.0020969827,4802.370595188422,0.00010305680470319764,0.6173137675859887
546.0,27.0,790.4523170784026,1195479.1305959339,4811.910927548662,0.0001026551095793186,0.616137685768838
547.0,27.0,788.9455336693084,1200295.8735640193,4821.600099430427,0.00010225538181975801,0.6149531638164912
548.0,27.0,787.4303033461084,1205122.3815574425,4831.441563116359,0.00010185757445318193,0.6137601721491368
549.0,27.0,785.9065135989957,1209958.8086422433,4841.438886798205,0.00010146164080524468,0.6125586798007149
550.0,27.0,784.3740491193363,1214805.312512644,4851.595759501056,0.0001010675344806901,0.6113486543762149
551.0,27.0,782.8327917067302,1219662.0546144692,4861.915996259233,0.00010067520934528505,0.6101300620070638
552.0,27.0,781.2826201720572,1224529.2002738235,4872.403543559832,0.00010028461950756016,0.6089028673044917
553.0,27.0,779.7234102362854,1229406.9188314024,4883.062485069023,9.989571930033001e-05,0.6076670333107599
554.0,27.0,778.1550344248527,1234295.383782658,4893.8970476596805,9.950846326197291e-05,0.6064225214481955
555.0,27.0,776.5773619573644,1239194.772924156,4904.9116077575745,9.912280611744037e-05,0.6051692914658758
556.0,27.0,774.9902586323802,1244105.2685064182,4916.110698026817,9.873870275897081e-05,0.6039073013838836
557.0,27.0,773.3935867070119,1249027.0573936838,4927.499014415449,9.835610822647695e-05,0.6026365074349976
558.0,27.0,771.7872047710711,1253960.3312308572,4939.081423583719,9.797497768757824e-05,0.6013568640036862
559.0,27.0,770.1709676154588,1258905.2866181077,4950.862970740242,9.759526641724549e-05,0.6000683235622885
560.0,27.0,768.5447260944898,1263862.125293507,4962.848887911303,9.721692977702421e-05,0.5987708366042073
561.0,27.0,766.9083269818121,1268831.054324185,4975.0446026723885,9.683992319380042e-05,0.5974643515739937
562.0,27.0,765.2616128195841,1273812.286306447,4987.455747371599,9.646420213807623e-05,0.5961488147941482
563.0,27.0,763.604421760506,1278806.0395753656,5000.0881688783475,9.608972210170915e-05,0.5948241703884609
564.0,27.0,761.9365874023122,1283812.5384244216,5012.947938891855,9.571643857507711e-05,0.5934903602017126
565.0,27.0,760.2579386143162,1288832.0133357183,5026.0413648476415,9.534430702362816e-05,0.5921473237155648
566.0,27.0,758.568299355498,1293864.7012214535,5039.375001463336,9.497328286375849e-05,0.5907949979603822
567.0,27.0,756.8674884837113,1298910.8456772482,5052.955662967238,9.460332143798288e-05,0.5894333174228372
568.0,27.0,755.1553195554234,1303970.6972480703,5066.79043605825,9.423437798933148e-05,0.588062213949004
569.0,27.0,753.4316006154601,1309044.5137075211,5080.886693648235,9.386640763492415e-05,0.5866816166427207
570.0,27.0,751.6961339761668,1314132.5603512577,5095.252109443233,9.349936533866353e-05,0.5852914517589703
571.0,27.0,749.9487159853151,1319235.1103054415,5109.894673423866,9.313320588297892e-05,0.5838916425919808
572.0,27.0,748.189136782063,1324352.4448511787,5124.822708291431,9.276788383955021e-05,0.5824821093577169
573.0,27.0,746.4171800402961,1329484.8537658579,5140.044886949948,9.240335353895385e-05,0.5810627690705399
574.0,27.0,744.6326226984447,1334632.635682591,5155.570251103591,9.203956903912983e-05,0.5796335354135618
575.0,27.0,742.835234675033,1339796.0984687821,5171.40823105284,9.167648409260626e-05,0.5781943186024471
576.0,27.0,741.024778568994,1344975.5596251565,5187.568666781791,9.131405211238461e-05,0.5767450252422128
577.0,27.0,739.2010093437365,1350171.3467065871,5204.061830438384,9.095222613638108e-05,0.5752855581766105
578.0,27.0,737.36367399398,1355383.79776609,5220.898450315546,9.059095879033749e-05,0.5738158163296819
579.0,27.0,735.5125111941281,1360613.2618236528,5238.089736455613,9.023020224907245e-05,0.5723356945389669
580.0,27.0,733.6472509269976,1365860.0993614933,5255.647408007911,8.986990819596417e-05,0.5708450833798918
581.0,27.0,731.7676140915348,1371124.6828476496,5273.583722485443,8.951002778052757e-05,0.5693438689807577
582.0,27.0,729.8733120881049,1376407.3972898053,5291.911507078149,8.915051157395179e-05,0.5678319328277839
583.0,27.0,727.9640463797255,1381708.6408215512,5310.64419219838,8.87913095224344e-05,0.5663091515595123
584.0,27.0,726.0395080276221,1387028.8253233857,5329.795847449882,8.843237089815984e-05,0.5647753967499699
585.0,27.0,724.0993771991779,1392368.3770809728,5349.381220233302,8.807364424772938e-05,0.5632305346797978
586.0,27.0,722.1433226463305,1397727.7374834376,5369.415777222255,8.771507733785685e-05,0.5616744260946043
587.0,27.0,720.1710011521827,1403107.3637646562,5389.915748969859,8.735661709810883e-05,0.5601069259496744
588.0,27.0,718.1820569434624,1408507.7297908578,5410.898177933553,8.699820956045991e-05,0.5585278831401341
589.0,27.0,716.1761210662045,1413929.3268980903,5432.380970238895,8.66397997954049e-05,0.5569371402155856
590.0,27.0,714.1528107218203,1419372.6647834533,5454.382951537399,8.628133184435062e-05,0.5553345330781562
591.0,27.0,712.1117285604018,1424838.272454401,5476.923927357417,8.592274864797708e-05,0.5537198906628047
592.0,27.0,710.0524619278561,1430326.6992408445,5500.024748390295,8.556399197023293e-05,0.5520930345986734
593.0,27.0,707.974582063035,1435838.5158752014,5523.707381211482,8.520500231758462e-05,0.5504537788500781
594.0,27.0,705.8776432407985,1441374.3156460873,5547.994984991781,8.484571885312289e-05,0.5488019293357881
595.0,27.0,703.7611818562801,1446934.7156320289,5572.911994829086,8.448607930504748e-05,0.5471372835248882
596.0,27.0,701.6247154454084,1452520.3580220575,5598.484212405207,8.412601986904806e-05,0.5454596300076187
597.0,27.0,699.4677416359605,1458131.9115309678,5624.7389047677,8.376547510400302e-05,0.5437687480392612
598.0,27.0,697.2897370229205,1463770.072917819,5651.7049121389955,8.340437782037434e-05,0.5420644070550565
599.0,27.0,695.090155961203,1469435.5686171304,5679.412765777336,8.304265896060449e-05,0.5403463661539595
600.0,27.0,692.8684292679559,1475129.156493477,5707.894817053055,8.268024747072676e-05,0.5386143735487924
601.0,27.0,690.6239628257396,1480851.627731308,5737.185379065867,8.23170701623121e-05,0.536868165980149
602.0,27.0,688.3561360769276,1486603.8088732744,5767.32088231391,8.195305156377508e-05,0.5351074680912058
603.0,27.0,686.0643003983392,1492386.564021956,5798.3400461441015,8.158811375992033e-05,0.5333319917602204
604.0,27.0,683.747777343869,1498200.7972217333,5830.284067962933,8.122217621848353e-05,0.5315414353872937
605.0,27.0,681.4058567412294,1504047.4550397114,5863.196832480185,8.085515560225036e-05,0.5297354831315597
606.0,27.0,679.0377946271387,1509927.529366967,5897.125143598709,8.048696556514649e-05,0.5279138040946008
607.0,27.0,676.6428110032467,1515842.0604642176,5932.118981958815,8.011751653048633e-05,0.5260760514455158
608.0,27.0,674.2200873925545,1521792.1402793333,5968.231791610815,7.974671544929558e-05,0.5242218614824737
609.0,27.0,671.7687641735345,1527778.916067672,6005.520799826083,7.937446553636952e-05,0.522350852625224
610.0,27.0,669.2879376656094,1533803.5943508025,6044.047374693759,7.900066598134411e-05,0.5204626243322193
611.0,27.0,666.7766569363339,1539867.445253783,6083.877425882301,7.862521163173782e-05,0.5185567559356037
612.0,27.0,664.2339202958628,1545971.8072674754,6125.0818548152765,7.824799264440526e-05,0.5166328053863087
613.0,27.0,661.6586714396166,1552118.0924886486,6167.737061517984,7.786889410138533e-05,0.514690307900856
614.0,27.0,659.0497951939545,1558307.7923987699,6211.9255165809245,7.748779558548893e-05,0.5127287745004067
615.0,27.0,656.4061128131195,1564542.4842512917,6257.736408068316,7.710457071031631e-05,0.5107476904316758
616.0,27.0,653.7263767674739,1570823.838148103,6305.2663748378745,7.67190865985463e-05,0.508746513457972
617.0,27.0,651.0092649542004,1577153.6248978989,6354.620339635686,7.633120330146813e-05,0.506724672007538
618.0,27.0,648.253374250559,1583533.7247640002,6405.912457578678,7.594077315160183e-05,0.5046815631647386
619.0,27.0,645.4572133174893,1589966.1372258218,6459.267198257548,7.554764003904913e-05,0.502616550488143
620.0,27.0,642.619194546716,1596452.9918979234,6514.820582777766,7.515163860077453e-05,0.5005289616378389
621.0,27.0,639.737625027333,1602996.5607738914,6572.721600675338,7.475259331033748e-05,0.4984180857922457
622.0,27.0,636.8106963882465,1609599.271988974,6633.133835890802,7.43503174537201e-05,0.49628317083286544
623.0,27.0,633.8364733495679,1616263.7253272322,6696.237335974116,7.394461197466557e-05,0.49412342027311534
624.0,27.0,630.8128807891504,1622992.7097359423,6762.23076456059,7.353526417040907e-05,0.4919379899051954
625.0,27.0,627.7376890991344,1629789.2231533036,6831.333884049786,7.31220462157685e-05,0.4897259841367602
626.0,27.0,624.6084975707711,1636656.495006531,6903.790423535606,7.270471349019909e-05,0.48748645198700563
627.0,27.0,621.4227155034278,1643598.0117968647,6979.871396591343,7.22830026785838e-05,0.485218382710043
628.0,27.0,618.1775406841356,1650617.5462584512,7059.878944788704,7.185662961210941e-05,0.48292070101207224
629.0,27.0,614.8699348268855,1657719.1906599705,7144.150796141437,7.142528681058106e-05,0.48059226182863274
630.0,27.0,611.4965954940485,1664907.3949151512,7233.065443445026,7.098864068176328e-05,0.47823184462910956
631.0,27.0,608.0539239454631,1672187.0102818822,7327.048166216901,7.05463283268745e-05,0.47583814721916917
632.0,27.0,604.5379882708286,1679563.3395646333,7426.578042342401,7.009795389391613e-05,0.4734097790180081
633.0,27.0,600.944481057946,1687042.194893385,7532.196122454815,6.96430844122281e-05,0.4709452537990259
634.0,27.0,597.2686707289673,1694629.9643413194,7644.514972845377,6.918124503216605e-05,0.46844125256657404
635.0,27.0,593.5053455376341,1702333.688868275,7764.2298331645925,6.871191358312067e-05,0.46589955570940766
636.0,27.0,589.6487490581632,1710161.1513469361,7892.131686271427,6.823451435094362e-05,0.4633164910350418
637.0,27.0,585.6925058053819,1718120.979756835,8029.122604057474,6.77484109618086e-05,0.4606901046956832
638.0,27.0,581.6295353976053,1726222.7670353665,8176.233822844699,6.725289824298283e-05,0.45801830430827245
639.0,27.0,577.4519533942042,1734477.2105845113,8334.647128666864,6.674719291060816e-05,0.4552988504126659
640.0,27.0,573.1509565837925,1742896.2750932472,8505.72032016628,6.623042290798083e-05,0.45252934906118536
641.0,27.0,568.7166900210373,1751493.3832264028,8691.017806835309,6.570161518033475e-05,0.4497072466754271
642.0,27.0,564.1380924293858,1760283.6399829658,8892.3478665848,6.515968161533392e-05,0.4468298290194901
643.0,27.0,559.402715553784,1769284.0983699693,9111.808858736102,6.460340278647947e-05,0.4438942273244703
644.0,27.0,554.4965113940418,1778514.0768693,9351.847992442812,6.403140898100543e-05,0.44089743659349356
645.0,27.0,549.4035784966891,1787995.5436848167,9615.338475386181,6.344215772389604e-05,0.43783635449421016
646.0,27.0,544.1058537900883,1797753.5901372312,9905.68467130762,6.28339065373793e-05,0.43470785497179804
647.0,27.0,538.5827283702931,1807817.0278507827,10226.971360423326,6.220467885176074e-05,0.43150892036372956
648.0,27.0,532.8105517763294,1818219.164926803,10584.184036170502,6.155221956566572e-05,0.4282368718011728
649.0,27.0,526.7619657861844,1828998.8505791482,10983.544924061156,6.087393436425763e-05,0.4248897634529545
650.0,27.0,520.4049698599607,1840201.9341007904,11433.03742690603,6.0166803002024507e-05,0.42146704552540265
651.0,27.0,513.7015583709699,1851883.3744143771,11943.233351703992,5.942725067645154e-05,0.41797065527216076
652.0,27.0,506.6056768415186,1864110.3751033887,12528.592869427033,5.865095282423776e-05,0.4144067544438516
653.0,27.0,499.06011932982653,1876967.117028722,13209.464964254394,5.783253758693576e-05,0.41078834856853097
654.0,27.0,490.99185727499406,1890561.901883622,14015.028198502168,5.696514044585885e-05,0.40713884899262465
655.0,27.0,482.3052556422349,1905037.7075215494,14987.23128139265,5.6039769518779125e-05,0.40349586549927774
656.0,27.0,472.87300444101817,1920586.958264787,16185.02766269771,5.504449179066856e-05,0.39991217558023817
657.0,27.0,462.5261424809437,1937469.8389261074,17685.989288579407,5.3963630084066856e-05,0.3964452181036199
658.0,27.0,451.0487035030913,1956030.934909562,19577.881600062647,5.2777604994363986e-05,0.3931178570334504
659.0,27.0,438.1897705033205,1976700.2699057045,21930.187531833726,5.146477148788913e-05,0.38983817905032453
660.0,27.0,423.70755869662247,1999960.9798961931,24756.194812407695,5.000662011013155e-05,0.38633540659486737
661.0,27.0,407.4335750023193,2026293.7411869306,28025.8616850297,4.839473241703731e-05,0.38226573983410966
662.0,27.0,389.306542166428,2056150.5797938749,31743.447706482046,4.6634101968435975e-05,0.3774428266056534
663.0,27.0,369.3496966518873,2089995.479860299,36015.73449484646,4.474053213435939e-05,0.3719456000883983
664.0,27.0,347.6317873801759,2128400.0229185564,40838.25848483496,4.2736752620721074e-05,0.36567883576093496
665.0,27.0,324.8262432381451,2171097.470794777,43900.546276209934,4.070296641983524e-05,0.3551151728951635
666.0,27.0,303.27808541641303,2214447.6215856257,42134.43225623857,3.885860762855487e-05,0.33671951948664414
667.0,27.0,284.75094100931346,2254684.410572778,38281.23814248042,3.734330539030775e-05,0.31606859146728233
668.0,27.0,269.1892005719236,2291015.962919264,34436.14138472008,3.612771266803417e-05,0.2968300859859934
669.0,27.0,256.0966351987345,2323690.63017839,30975.336576132537,3.5150162560517246e-05,0.27955813406184404
670.0,27.0,245.00436971971604,2353124.7762830053,27960.899842475155,3.435782059703066e-05,0.2642365592477047
671.0,27.0,235.51476781711722,2379764.960718272,25387.776419039397,3.37087710764616e-05,0.2507444104167569
672.0,27.0,227.3053959059743,2404033.0847739205,23211.093785701138,3.317077674111498e-05,0.23889512009621414
673.0,27.0,220.1233462525256,2426296.958051403,21370.736855372827,3.271956721221768e-05,0.22847703040800976
674.0,27.0,213.77331564697113,2446863.6156451083,19807.784181035928,3.2337000076968995e-05,0.21928563064518009
675.0,27.0,208.10479799958665,2465984.5087385066,18471.20045717754,3.200946436210724e-05,0.21113880643915212
676.0,27.0,203.0011454060968,2483864.450521247,17319.128003179365,3.172664981062201e-05,0.20388086413934264
677.0,27.0,198.37108426745368,2500670.5635744613,16318.032481949764,3.148064921877542e-05,0.19738125398535658
678.0,27.0,194.14239647977234,2516539.9594397633,15441.26675728338,3.126531748627745e-05,0.19153137940444317
679.0,27.0,190.25727972600083,2531585.9384771367,14667.662894771429,3.1075815710083873e-05,0.18624106143115227
680.0,27.0,186.66894520291285,2545902.866610772,13980.340756058413,3.090828527475755e-05,0.18143528385889587
681.0,27.0,183.33910985961424,2559569.9740604972,13365.7582316651,3.0759612687139983e-05,0.1770514130675608
682.0,27.0,180.23613242505,2572654.309801331,12812.97380626385,3.0627257956700105e-05,0.17303690565428775
683.0,27.0,177.33361420901414,2585213.045902769,12313.080163059703,3.0509127830894797e-05,0.16934745036267737
684.0,27.0,174.6093377677945,2597295.2841606494,11858.770366231816,3.040348101998305e-05,0.16594547348570424
685.0,27.0,172.04445335933067,2608943.48167952,11444.005036268287,3.0308856495398532e-05,0.1627989393937351
686.0,27.0,169.62284890228813,2620194.58374578,11063.755937167954,3.0224018625019926e-05,0.159880387089476
687.0,27.0,167.33065719945137,2631080.9306860296,10713.807320868707,3.0147914736479862e-05,0.1571661542138474
688.0,27.0,165.15586686696867,2641630.989124857,10390.601031856302,3.007964195719674e-05,0.15463574959218224
689.0,27.0,163.08801238263737,2651869.9458922483,10091.11491079148,3.0018421053548242e-05,0.15227134356275873
690.0,27.0,161.1179250661169,2661820.19375124,9812.76667599013,2.9963575605074442e-05,0.15005735192588807
691.0,27.0,159.23753140957353,2671501.7313255314,9553.337418428258,2.9914515284925577e-05,0.1479800945726789
692.0,27.0,157.43968852221855,2680932.4945072485,9310.910293644589,2.98707223299665e-05,0.1460275139374426
693.0,27.0,155.71804890399798,2690128.632775921,9083.821066357126,2.9831740510165248e-05,0.14418894159612466
694.0,27.0,154.0669485770964,2699104.740937637,8870.617960662084,2.979716607245142e-05,0.1424549038015998
695.0,27.0,152.48131395695714,2707874.0545614255,8670.028863728521,2.9766640256561597e-05,0.14081695866463997
696.0,27.0,150.9565838628449,2716448.6156740673,8480.934377488677,2.9739843071624236e-05,0.13926755918273864
697.0,27.0,149.48864384056728,2724839.413947384,8302.345549889082,2.9716488090871815e-05,0.13779993748511962
698.0,27.0,148.0737705608528,2733056.5075787804,8133.385373195111,2.9696318073944612e-05,0.13640800657632546
699.0,27.0,146.70858451222077,2741109.127256415,7973.273332338721,2.9679101266077485e-05,0.1350862765801893
700.0,27.0,145.3900095605606,2749005.7659625127,7821.312436534521,2.9664628254153097e-05,0.13382978305463425
701.0,27.0,144.11523822385678,2756754.25686271,7676.87828354302,2.965270928343068e-05,0.13263402539929522
702.0,27.0,142.8817017277938,2764361.841126122,7539.409796288873,2.964317195738305e-05,0.1314949137381393
703.0,27.0,141.68704408002753,2771835.227197565,7408.401342196955,2.96358592577282e-05,0.1304087229478995
704.0,27.0,140.5290995379493,2779180.6427829135,7283.396001184803,2.963062783334483e-05,0.1293720527354893
705.0,27.0,139.40587295456223,2786403.8805974023,7163.979792204403,2.9627346516003075e-05,0.12838179285544982
706.0,27.0,138.31552257551448,2793510.3387549734,7049.776703171636,2.9625895028245503e-05,0.1274350927110651
707.0,27.0,137.256344931994,2800505.056535991,6940.44439705372,2.9626162854719318e-05,0.12652933470727934
708.0,27.0,136.22676153244873,2807392.746155303,6835.6704893111555,2.9628048253088392e-05,0.1256621108254727
709.0,27.0,135.22530710380147,2814177.821057099,6735.169309993623,2.9631457384584723e-05,0.12483120197402368
710.0,27.0,134.2506191720055,2820864.4211839666,6638.679078463623,2.9636303547473197e-05,0.12403455973782683
711.0,27.0,133.30142880410247,2827456.435601847,6545.959430669475,2.964250649934136e-05,0.12327029020730439
712.0,27.0,132.37655236077248,2833957.522807366,6456.789248665033,2.9649991856306167e-05,0.12253663961522532
713.0,27.0,131.47488413064698,2840371.1289981008,6370.964750097435,2.965869055903173e-05,0.12183198154949063
714.0,27.0,130.5953897363039,2846700.5045473,6288.297802003218,2.9668538396954662e-05,0.12115480554346097
715.0,27.0,129.73710021748846,2852948.718891893,6208.614428730603,2.9679475583365893e-05,0.1205037068734821
716.0,27.0,128.89910671025743,2859118.674014692,6131.7534883568815,2.969144637504889e-05,0.11987737741695127
717.0,27.0,128.0805556518547,2865213.1166780884,6057.5654957647175,2.9704398731057258e-05,0.11927459744430949
718.0,27.0,127.28064445054753,2871234.649546279,5985.911573716982,2.971828400596132e-05,0.11869422823535927
719.0,27.0,126.49861756764548,2877185.7413158608,5916.662515934494,2.9733056673523623e-05,0.11813520542477648
720.0,27.0,125.73376296576684,2883068.735959695,5849.697948427894,2.9748674077301346e-05,0.11759653299405748
721.0,27.0,124.98540888324263,2888885.8611762594,5784.905577230726,2.9765096205128954e-05,0.11707727783770938
722.0,27.0,124.25292089956821,2894639.236125602,5722.180512289674,2.978228548482698e-05,0.11657656484058318
723.0,27.0,123.53569926111778,2900330.8785235304,5661.424658634153,2.9800206598816186e-05,0.1160935724110547
724.0,27.0,122.8331764400533,2905962.71115737,5602.5461671123985,2.9818826315605145e-05,0.11562752842150303
725.0,27.0,122.14481490257724,2911536.5678793993,5545.458937977207,2.9838113336366664e-05,0.11517770651336273
726.0,27.0,121.47010506546468,2917054.1991278343,5490.082171457861,2.9858038155033035e-05,0.11474342272908031
727.0,27.0,120.8085634222293,2922517.2770197154,5436.339960187755,2.987857293052558e-05,0.1143240324376899
728.0,27.0,120.15973082239759,2927927.4000552422,5384.160918989663,2.9899691369895093e-05,0.11391892752455275
729.0,27.0,119.52317088918976,2933286.0974689345,5333.47784806476,2.9921368621289512e-05,0.11352753381912455
730.0,27.0,118.89846856254391,2938594.8332591844,5284.227426105309,2.9943581175788197e-05,0.11314930873754939
731.0,27.0,118.2852287558062,2943855.0099246157,5236.349930258721,2.996630677724838e-05,0.11278373911941192
732.0,27.0,117.6830751156733,2949067.971932677,5189.788980227994,2.9989524339402965e-05,0.11243033924023677
733.0,27.0,117.09164887605651,2954235.0089433845,5144.491304103307,3.0013213869531377e-05,0.11208864898328798
734.0,27.0,116.51060779750318,2959357.358808882,5100.406523790286,3.003735639809697e-05,0.11175823215595859
735.0,27.0,115.93962518466736,2964436.210367408,5057.486958137731,3.0061933913808354e-05,0.11143867493757531
736.0,27.0,115.37838897507226,2969472.706048543,5015.687442075121,3.0086929303617995e-05,0.11112958444679734
737.0,27.0,114.82660089308098,2974467.944304952,4974.965160252754,3.0112326297221365e-05,0.11083058741798936
738.0,27.0,114.28397566358437,2979422.981884467,4935.279493837881,3.0138109415663506e-05,0.11054132897701281
739.0,27.0,113.75024028044568,2984338.835955024,4896.591879261738,3.0164263923699387e-05,0.11026147150782609
740.0,27.0,113.22513332521555,2989216.48609387,4858.865677837341,3.0190775785588832e-05,0.10999069360212742
741.0,27.0,112.70840433204833,2994056.8761514192,4822.066055278421,3.021763162403761e-05,0.10972868908502122
742.0,27.0,112.19981319513421,2998860.915999205,4786.159870247949,3.0244818682024178e-05,0.10947516611036316
743.0,27.0,111.69912961529172,3003629.483170575,4751.115571151372,3.0272324787275898e-05,0.10922984632003309
744.0,27.0,111.20613258267855,3008363.424401994,4716.9031004674725,3.0300138319180526e-05,0.10899246406192559
745.0,27.0,110.72060989283727,3013063.557082183,4683.493805977788,3.0328248177938742e-05,0.10876276566192249
746.0,27.0,110.24235769355145,3017730.670615694,4650.8603583177055,3.0356643755780774e-05,0.1085405087455488
747.0,27.0,109.77118006019823,3022365.5277069733,4618.976674326497,3.0385314910086585e-05,0.10832546160539641
748.0,27.0,109.30688859748601,3026968.8655704833,4587.817845722889,3.0414251938262587e-05,0.10811740261075016
749.0,27.0,108.84930206564663,3031541.39707197,4557.360072676462,3.044344555424185e-05,0.10791611965616522
750.0,27.0,108.39824602931058,3036083.8118055994,4527.580601884556,3.0472886866484763e-05,0.10772140964602644
751.0,27.0,107.95355252744574,3040596.7771112523,4498.457668799808,3.0502567357369612e-05,0.10753307801237902
752.0,27.0,107.5150597628658,3045080.9390360275,4469.970443684783,3.0532478863869874e-05,0.10735093826354636
753.0,27.0,107.08261180994556,3049536.92324353,4442.098981199412,3.056261355942524e-05,0.1071748115612659
754.0,27.0,106.65605833927978,3053965.3358744592,4414.824173251968,3.059296393692041e-05,0.10700452632425818
755.0,27.0,106.23525435813082,3058366.764361536,4388.127704868184,3.062352279269254e-05,0.10683991785632059
756.0,27.0,105.82005996559536,3062741.7782017314,4361.992012853722,3.065428321149538e-05,0.10668082799718977
757.0,27.0,105.4103401215071,3067090.929688461,4336.4002470444075,3.0685238552353085e-05,0.10652710479456262
758.0,27.0,105.00596442816504,3071414.754606257,4311.336233955711,3.071638243524263e-05,0.10637860219579008
759.0,27.0,104.60680692405064,3075713.7728901883,4286.784442658772,3.07477087285483e-05,0.10623517975788195
760.0,27.0,104.21274588875207,3079988.489252247,4262.729952724009,3.077921153723595e-05,0.1060967023745597
761.0,27.0,103.82366365838355,3084239.3937766035,4239.15842408682,3.081088519169918e-05,0.10596304001920216
762.0,27.0,103.43944645082853,3088466.962485669,4216.056068700935,3.084272423723285e-05,0.1058340675026094
763.0,27.0,103.05998420019222,3092671.65787863,4193.409623856127,3.0874723424092924e-05,0.10570966424459742
764.0,27.0,102.6851703998904,3096853.9294441,4171.206327046363,3.0906877698104536e-05,0.10558971405850849
765.0,27.0,102.31490195384269,3101014.2141483612,4149.433892283557,3.0939182191783134e-05,0.10547410494779162
766.0,27.0,101.94907903527742,3105152.936900604,4128.080487760049,3.097163221593617e-05,0.10536272891387004
767.0,27.0,101.58760495268567,3109270.5109964684,4107.13471477024,3.1004223251714793e-05,0.10525548177456892
768.0,27.0,101.23038602250114,3113367.3385411045,4086.585587808802,3.103695094308782e-05,0.10515226299243237
769.0,27.0,100.87733144810497,3117443.810852876,4066.422515768899,3.1069811089711586e-05,0.10505297551230432
770.0,27.0,100.52835320478498,3121500.308848794,4046.635284169465,3.110279964017161e-05,0.10495752560759343
771.0,27.0,100.18336593030479,3125537.203412655,4027.2140383460187,3.1135912685573506e-05,0.104865822734685
772.0,27.0,99.84228682075764,3129554.8557468397,4008.149267543972,3.116914645346198e-05,0.10478034176537898
773.0,27.0,99.50503553140618,3133553.617708619,3989.431789858083,3.1202497302048605e-05,0.10469581299317682
774.0,27.0,99.17153408222387,3137533.832131809,3971.052737965378,3.123596171472994e-05,0.10461478224158405
775.0,27.0,98.84170676787774,3141495.833134526,3953.003545603016,3.126953629487914e-05,0.10453717013200053
776.0,27.0,98.51548007190232,3145439.946413784,3935.2759347454767,3.1303217760895065e-05,0.10446289986058935
777.0,27.0,98.19278258483845,3149366.4895275948,3917.861903439103,3.1337002941494184e-05,0.10439189709139614
778.0,27.0,97.87354492611685,3153275.7721652184,3900.7537142544998,3.1370888771231313e-05,0.10432408985480192
779.0,27.0,97.55769966948696,3157168.0964061534,3883.9438833202944,3.140487228623654e-05,0.10425940845100201
780.0,27.0,97.24518127179968,3161043.7569684424,3867.425169904057,3.1438950620155625e-05,0.10419778535822134
781.0,27.0,96.93592600496635,3164903.0414468157,3851.190566508494,3.147312100028326e-05,0.10413915514539701
782.0,27.0,96.62987189092621,3168746.230541183,3835.233289453227,3.150738074387813e-05,0.10408345438907468
783.0,27.0,96.32695863946638,3172573.5982759357,3819.546769914315,3.154172725464987e-05,0.10403062159428386
784.0,27.0,96.02712758874499,3176385.412210486,3804.124645395565,3.157615801940869e-05,0.10398059711916875
785.0,27.0,95.73032164838013,3180181.9336415213,3788.9607516073493,3.161067060486897e-05,0.1039333231031699
786.0,27.0,95.43648524497294,3183963.417797303,3774.04911473017,3.164526265459842e-05,0.1038887433985603
787.0,27.0,95.14556426994241,3187730.114024421,3759.383944041694,3.1679931886105235e-05,0.10384680350515406
788.0,27.0,94.85750602955558,3191482.2659673505,3744.959624887321,3.171467608805594e-05,0.10380745050801814
789.0,27.0,94.57225919704497,3195220.1117411335,3730.770711975602,3.17494931176172e-05,0.10377063301802444
790.0,27.0,94.28977376670856,3198943.8840975305,3716.811922980919,3.178438089791503e-05,0.10373630111509291
791.0,27.0,94.0100010098971,3202653.8105849014,3703.0781324370446,3.1819337415605535e-05,0.1037044062939834
792.0,27.0,93.73289343279635,3206350.1137021254,3689.564365906092,3.185436071855137e-05,0.10367490141250348
793.0,27.0,93.45840473591731,3210033.0110468343,3676.2657944083417,3.188944891359868e-05,0.10364774064200583
794.0,27.0,93.18648977521391,3213702.715458173,3663.177729099341,3.1924600164449444e-05,0.10362287942005921
795.0,27.0,92.91710452474959,3217359.4351543835,3650.2956161813922,3.195981268962434e-05,0.10360027440517938
796.0,27.0,92.65020604084154,3221003.3738653995,3637.6150320374513,3.1995084760512e-05,0.10357988343351826
797.0,27.0,92.38575242761155,3224634.730960676,3625.131678575984,3.203041469949999e-05,0.10356166547741004
798.0,27.0,92.12370280388042,3228253.701572475,3612.841378776187,3.206580087818382e-05,0.10354558060568343
799.0,27.0,91.86401727134188,3231860.4767147903,3600.7400724233908,3.210124171565007e-05,0.10353158994565137
800.0,27.0,91.60665688395906,3235455.243398096,3588.823812025248,3.213673567683025e-05,0.10351965564669546
801.0,27.0,91.35158361852831,3239038.184740098,3577.0887588997143,3.217228127092178e-05,0.1035097408453679
802.0,27.0,91.09876034635553,3242609.4800726534,3565.531179426333,3.220787704987299e-05,0.10350180963193617
803.0,27.0,90.8481508059984,3246169.3050450278,3554.147441452942,3.2243521606929344e-05,0.10349582701830154
804.0,27.0,90.5997195770246,3249717.83172363,3542.9340108501815,3.2279213575237716e-05,0.10349175890722549
805.0,27.0,90.35343205474283,3253255.2286883653,3531.8874482067695,3.231495162650614e-05,0.10348957206280157
806.0,27.0,90.10925442586306,3256781.661125759,3521.0044056587612,3.2350734469716634e-05,0.10348923408211376
807.0,27.0,89.86715364504624,3260297.2909189775,3510.2816238464857,3.238656084988836e-05,0.10349071336802645
808.0,27.0,89.62709741230515,3263802.276734851,3499.715928993131,3.24224295468892e-05,0.10349397910305229
809.0,27.0,89.38905415121859,3267296.7741080592,3489.304230099279,3.245833937429318e-05,0.10349900122424825
810.0,27.0,89.15299298792684,3270780.9355225367,3479.043516248062,3.2494289178282026e-05,0.10350575039909365
811.0,27.0,88.91888373087254,3274254.9104902633,3468.930854015758,3.2530277836588624e-05,0.10351419800230345
812.0,27.0,88.68669685125762,3277718.8456274956,3458.9633849830834,3.256630425748074e-05,0.10352431609353602
813.0,27.0,88.45640346418534,3281172.8847285784,3449.1383233425495,3.260236737878301e-05,0.10353607739595432
814.0,27.0,88.2279753104598,3284617.1688373885,3439.4529535975753,3.263846616693577e-05,0.10354945527560193
815.0,27.0,88.00138473901535,3288051.836316539,3429.9046283492416,3.267459961608892e-05,0.10356442372155902
816.0,27.0,87.77660468995009,3291477.0229144,3420.490766166746,3.271076674722937e-05,0.10358095732684204
817.0,27.0,87.5536086781398,3294892.861830035,3411.208849537947,3.274696660734076e-05,0.10359903127001581
818.0,27.0,87.33237077740685,3298299.483776137,3402.0564228963367,3.2783198268593906e-05,0.10361862129748614
819.0,27.0,87.11286560522464,3301697.0170400045,3393.031090721263,3.281946082756666e-05,0.10363970370644413
820.0,27.0,86.89506830793373,3305085.5875426736,3384.130515708108,3.2855753404492096e-05,0.10366225532843343
821.0,27.0,86.67895454645067,3308465.318896249,3375.3524170054657,3.289207514253386e-05,0.1036862535135141
822.0,27.0,86.46450048244984,3311836.332459498,3366.694568516424,3.292842520708724e-05,0.10371167611499789
823.0,27.0,86.25168276500014,3315198.7473917874,3358.154797261264,3.2964802785105236e-05,0.10373850147473045
824.0,27.0,86.0404785176377,3318552.680705397,3349.73098179892,3.300120708444844e-05,0.10376670840889707
825.0,27.0,85.83086532585965,3321898.247316302,3341.4210507048097,3.3037637333257894e-05,0.10379627619433172
826.0,27.0,85.62282122502067,3325235.5600934457,3333.222981102599,3.3074092779349655e-05,0.10382718455530622
827.0,27.0,85.41632468861884,3328564.7299065813,3325.134797247752,3.3110572689630656e-05,0.10385941365078165
828.0,27.0,85.21135461695492,3331885.8656727048,3317.1545691606584,3.3147076349534665e-05,0.10389294406210194
829.0,27.0,85.00789032615087,3335199.0744011663,3309.280411307355,3.318360306247763e-05,0.10392775678111207
830.0,27.0,84.80591153751513,3338504.4612374767,3301.510481325885,3.322015214933169e-05,0.10396383319868344
831.0,27.0,84.60539836724054,3341802.129505851,3293.842978796457,3.325672294791716e-05,0.10400115509363025
832.0,27.0,84.40633131642382,3345092.180750559,3286.2761440536424,3.329331481251159e-05,0.10403970462200102
833.0,27.0,84.2086912613936,3348374.714776106,3278.808257038928,3.332992711337539e-05,0.10407946430673055
834.0,27.0,84.01245944433633,3351649.8296862775,3271.43763619202,3.336655923629339e-05,0.10412041702763729
835.0,27.0,83.81761746420963,3354917.6219220976,3264.162637379384,3.340321058213164e-05,0.10416254601175412
836.0,27.0,83.62414726793118,3358178.186298739,3256.9816528585347,3.343988056640888e-05,0.10420583482397744
837.0,27.0,83.43203114183545,3361431.616041412,3249.8931102767156,3.347656861888216e-05,0.10425026735802406
838.0,27.0,83.24125170338654,3364678.002820257,3242.895471702591,3.351327418314605e-05,0.10429582782768254
839.0,27.0,83.05179189313944,3367917.4367843093,3235.987232689726,3.354999671624491e-05,0.1043425007583485
840.0,27.0,82.86363496694034,3371150.0065945145,3229.166921370593,3.358673568829777e-05,0.10439027097883279
841.0,27.0,82.67676448835759,3374375.7994558834,3222.4330975799744,3.362349058213533e-05,0.10443912361343215
842.0,27.0,82.49116432133573,3377594.901148747,3215.784352006625,3.36602608929486e-05,0.10448904407425201
843.0,27.0,82.30681862306376,3380807.3960592165,3209.219305372135,3.369704612794878e-05,0.10454001805377275
844.0,27.0,82.12371183705177,3384013.3672088087,3202.736607635998,3.373384580603802e-05,0.10459203151764966
845.0,27.0,81.94182868640723,3387212.89628329,3196.334937225866,3.377065945749046e-05,0.10464507069773801
846.0,27.0,81.76115416730525,3390406.063660786,3190.0130002920896,3.380748662364359e-05,0.10469912208533502
847.0,27.0,81.5816735426456,3393592.948439125,3183.7695299856414,3.3844326856598926e-05,0.1047541724246305
848.0,27.0,81.40337233589023,3396773.628462498,3177.603285758563,3.388117971893236e-05,0.10481020870635896
849.0,27.0,81.22623632507536,3399948.1803474165,3171.513052686109,3.391804478341331e-05,0.10486721816164495
850.0,27.0,81.0502515369929,3403116.679507999,3165.4976408098314,3.395492163273266e-05,0.104925188256036
851.0,27.0,80.87540424153372,3406279.200180629,3159.555884500801,3.399180985923895e-05,0.10498410668371455
852.0,27.0,80.70168094618941,3409435.815447961,3153.686641842283,3.4028709064682776e-05,0.10504396136188417
853.0,27.0,80.52906839070673,3412586.5972623457,3147.8887940311756,3.406561885996893e-05,0.1051047404253228
854.0,27.0,80.35755354188863,3415731.6164686386,3142.1612447975044,3.410253886491598e-05,0.10516643222109698
855.0,27.0,80.18712358853882,3418870.94282646,3136.502919841389,3.413946870802328e-05,0.10522902530343234
856.0,27.0,80.01776593654364,3422004.6450318894,3130.912766286821,3.417640802624485e-05,0.10529250842873349
857.0,27.0,79.84946820408848,3425132.790738615,3125.3897521517238,3.421335646477007e-05,0.10535687055074898
858.0,27.0,79.68221821700216,3428255.446578577,3119.9328658336444,3.4250313676810884e-05,0.10542210081587615
859.0,27.0,79.51600400422782,3431372.678182098,3114.5411156106384,3.428727932339541e-05,0.10548818855860041
860.0,27.0,79.35081379341389,3434484.550197512,3109.213529156741,3.432425307316746e-05,0.10555512329706462
861.0,27.0,79.1866360066233,3437591.1263103294,3103.9491530715813,3.4361234602192225e-05,0.10562289472876467
862.0,27.0,79.02345925615569,3440692.469261934,3098.747052423616,3.4398223593767326e-05,0.10569149272636551
863.0,27.0,78.86127234047997,3443788.6408678237,3093.606310306572,3.443521973823971e-05,0.10576090733363472
864.0,27.0,78.7000642402735,3446879.7020354285,3088.5260274085917,3.4472222732827534e-05,0.10583112876148884
865.0,27.0,78.53982411456484,3449965.712781483,3083.5053215937187,3.4509232281447465e-05,0.10590214738414902
866.0,27.0,78.3805412969764,3453046.732249007,3078.5433274952666,3.454624809454684e-05,0.1059739537354022
867.0,27.0,78.22220529206423,3456122.8187238723,3073.6391961206928,3.458326988894056e-05,0.10604653850496365
868.0,27.0,78.06480577175188,3459194.0296509825,3068.792094467601,3.4620297387652776e-05,0.10611989253493807
869.0,27.0,77.90833257185605,3462260.4216500814,3064.001205150514,3.465733031976304e-05,0.10619400681637603
870.0,27.0,77.75277568869978,3465322.050531185,3059.2657260380306,3.469436842025671e-05,0.10626887248592132
871.0,27.0,77.59812527581238,3468378.9713096535,3054.584869900078,3.47314114298797e-05,0.10634448082254747
872.0,27.0,77.44437164071203,3471431.2382209296,3049.957864064891,3.476845909499724e-05,0.10642082324438024
873.0,27.0,77.2915052417697,3474478.904734915,3045.3839500854388,3.4805511167456646e-05,0.10649789130560142
874.0,27.0,77.13951668515071,3477522.023570051,3040.862383414957,3.4842567404453754e-05,0.10657567669343418
875.0,27.0,76.9883967218332,3480560.646707046,3036.3924330913424,3.4879627568403314e-05,0.10665417122520406
876.0,27.0,76.83813624469977,3483594.825402311,3031.9733814300894,3.491669142681272e-05,0.10673336684547548
877.0,27.0,76.68872628570112,3486624.610201085,3027.604523725512,3.4953758752159276e-05,0.10681325562325938
878.0,27.0,76.54015801308915,3489650.05095027,3023.285167960001,3.499082932177109e-05,0.10689382974929094
879.0,27.0,76.39242272871763,3492671.196810979,3019.014634521052,3.5027902917710694e-05,0.10697508153337365
880.0,27.0,76.24551186540852,3495688.0962707945,3014.792255925822,3.506497932666236e-05,0.10705700340178849
881.0,27.0,76.09941698438206,3498700.7971557756,3010.6173765529907,3.5102058339822147e-05,0.10713958789476535
882.0,27.0,75.95412977274853,3501709.3466421748,3006.4893523816922,3.5139139752791015e-05,0.10722282766401446
883.0,27.0,75.80964204106043,3504713.7912679226,3002.4075507373086,3.517622336547078e-05,0.10730671547031577
884.0,27.0,75.66594572092272,3507714.1769438465,2998.3713500438994,3.521330898196301e-05,0.10739124418116462
885.0,27.0,75.52303286266068,3510710.5489646387,2994.3801395830915,3.5250396410470316e-05,0.10747640676847059
886.0,27.0,75.38089563304167,3513702.9520196086,2990.4333192592017,3.5287485463200566e-05,0.10756219630630834
887.0,27.0,75.23952631305144,3516691.430203189,2986.530299370426,3.532457595627346e-05,0.10764860596871834
888.0,27.0,75.09891729572257,3519676.027025207,2982.6705003859192,3.5361667709629675e-05,0.10773562902755524
889.0,27.0,74.9590610840133,3522656.785420961,2978.8533527285585,3.53987605469423e-05,0.10782325885038238
890.0,27.0,74.81995028873554,3525633.747761056,2975.078296563247,3.543585429553065e-05,0.10791148889840972
891.0,27.0,74.68157762653131,3528606.955861049,2971.344781590594,3.547294878627638e-05,0.10800031272447456
892.0,27.0,74.54393591789544,3531576.4509908794,2967.6522668457924,3.55100438535416e-05,0.10808972397106197
893.0,27.0,74.4070180852438,3534542.2738841064,2964.0002205025694,3.554713933508936e-05,0.10817971636836382
894.0,27.0,74.27081715102547,3537504.464746961,2960.3881196820294,3.558423507200604e-05,0.10827028373237443
895.0,27.0,74.1353262358782,3540463.0632671784,2956.8154502662746,3.562133090862569e-05,0.10836141996302089
896.0,27.0,74.00053855682512,3543418.1086226893,2953.2817067166516,3.5658426692456456e-05,0.10845311904232556
897.0,27.0,73.8664474255127,3546369.6394900973,2949.786391896491,3.569552227410876e-05,0.10854537503260095
898.0,27.0,73.73304624648779,3549317.694052999,2946.3290168982103,3.573261750722546e-05,0.10863818207467195
899.0,27.0,73.60032851551352,3552262.3100101305,2942.9091008746645,3.576971224841357e-05,0.10873153438612664
900.0,27.0,73.46828781792271,3555203.5245833364,2939.5261708746084,3.580680635717789e-05,0.10882542625959145
901.0,27.0,73.33691782700734,3558141.374525397,2936.1797616821636,3.584389969585626e-05,0.10891985206102954
902.0,27.0,73.2062123024442,3561075.896127676,2932.869415660176,3.588099212955634e-05,0.10901480622806067
903.0,27.0,73.07616508875472,3564007.1252276255,2929.5946825973456,3.591808352609416e-05,0.10911028326829991
904.0,27.0,72.94677011379888,3566935.0972161316,2926.355119559049,3.5955173755934036e-05,0.10920627775771277
905.0,27.0,72.81802138730148,3569859.847044737,2923.150290741705,3.5992262692130097e-05,0.10930278433898531
906.0,27.0,72.68991299941109,3572781.4092326746,2919.979767330637,3.602935021026918e-05,0.10939979771990573
907.0,27.0,72.56243911928964,3575699.8178738044,2916.8431273612955,3.6066436188415184e-05,0.10949731267175619
908.0,27.0,72.4355939937324,3578615.106643387,2913.7399555837687,3.6103520507054785e-05,0.10959532402771041
909.0,27.0,72.30937194581813,3581527.308804743,2910.669843330482,3.6140603049044454e-05,0.10969382668123596
910.0,27.0,72.18376737358749,3584436.4572157497,2907.6323883870095,3.617768369955887e-05,0.10979281558449744
911.0,27.0,72.05877474874961,3587342.5843352545,2904.627194865896,3.621476234604041e-05,0.10989228574675626
912.0,27.0,71.93438861541675,3590245.7222293257,2901.653873083421,3.6251838878150113e-05,0.10999223223276602
913.0,27.0,71.81060358886482,3593145.9025774007,2898.7120394392255,3.6288913187719624e-05,0.11009265016115656
914.0,27.0,71.68741435432023,3596043.156678308,2895.8013162987068,3.632598516870435e-05,0.11019353470280446
915.0,27.0,71.56481566577287,3598937.515456176,2892.9213318781476,3.636305471713786e-05,0.11029488107918596
916.0,27.0,71.44280234481275,3601829.0094662267,2890.0717201324424,3.640012173108719e-05,0.11039668456070456
917.0,27.0,71.3213692794915,3604717.668900464,2887.252120645417,3.6437186110609464e-05,0.11049894046499137
918.0,27.0,71.20051142320737,3607603.523593245,2884.462178522634,3.6474247757709216e-05,0.11060164415516845
919.0,27.0,71.080223793613,3610486.6030267472,2881.7015442866305,3.651130657629713e-05,0.11070479103807195
920.0,27.0,70.960501471546,3613366.9363363357,2878.9698737745175,3.654836247214942e-05,0.11080837656242429
921.0,27.0,70.84133959998101,3616244.5523158303,2876.2668280378916,3.658541535286831e-05,0.11091239621694955
922.0,27.0,70.7227333830034,3619119.479422669,2873.5920732449827,3.662246512784351e-05,0.11101684552842064
923.0,27.0,70.60467808480371,3621991.7457829774,2870.9452805849933,3.665951170821443e-05,0.11112172005962892
924.0,27.0,70.4871690286925,3624861.3791965363,2868.3261261745656,3.669655500683353e-05,0.11122701540726335
925.0,27.0,70.37020159613502,3627728.407141674,2865.7342909663193,3.673359493823021e-05,0.11133272719968615
926.0,27.0,70.25377122580515,3630592.8567800503,2863.169460659416,3.67706314185758e-05,0.11143885109458869
927.0,27.0,70.1378734126585,3633454.7549613626,2860.631325612085,3.68076643656493e-05,0.11154538277651067
928.0,27.0,70.02250370702384,3636314.1282279547,2858.1195807560775,3.68446936988038e-05,0.111652317954201
929.0,27.0,69.90765771371258,3639171.0028193635,2855.633925512978,3.688171933893391e-05,0.11175965235779843
930.0,27.0,69.79333109114579,3642025.4046767466,2853.1740637123494,3.6918741208443595e-05,0.11186738173580296
931.0,27.0,69.67951955049864,3644877.3594472725,2850.7397035116496,3.6955759231215164e-05,0.1119755018518083
932.0,27.0,69.5662188548614,3647726.8924883944,2848.3305573178795,3.699277333257861e-05,0.11208400848095729
933.0,27.0,69.45342481841712,3650574.0288720597,2845.9463417109196,3.702978343928189e-05,0.11219289740607837
934.0,27.0,69.34113330563491,3653418.7933888584,2843.586777368509,3.706678947946169e-05,0.11230216441345188
935.0,27.0,69.22934023047941,3656261.210552073,2841.2515889928413,3.7103791382615154e-05,0.11241180528814858
936.0,27.0,69.1180415556352,3659101.304601674,2838.9405052387124,3.7140789079571846e-05,0.11252181580886704
937.0,27.0,69.00723329174615,3661939.0995082282,2836.6532586431945,3.7177782502466686e-05,0.11263219174218987
938.0,27.0,68.89691149666976,3664774.6189767565,2834.3895855568153,3.721477158471333e-05,0.1127429288361563
939.0,27.0,68.7870722747452,3667607.8864505035,2832.149226076169,3.7251756260978204e-05,0.1128540228130315
940.0,27.0,68.67771177607581,3670438.925114661,2829.931923977958,3.7288736467155136e-05,0.112965469361128
941.0,27.0,68.56882619582493,3673267.757900013,2827.737426654412,3.7325712140340444e-05,0.11307726412550187
942.0,27.0,68.46041177352527,3676094.4074865053,2825.5654850500546,3.7362683218808784e-05,0.11318940269730804
943.0,27.0,68.35246479240107,3678918.896306791,2823.4158535997863,3.7399649641989304e-05,0.11330188060154844
944.0,27.0,68.24498157870323,3681741.246549673,2821.2882901682556,3.7436611350442565e-05,0.11341469328288453
945.0,27.0,68.13795850105677,3684561.480163508,2819.182555990479,3.747356828583769e-05,0.11352783608910044
946.0,27.0,68.0313919698205,3687379.6188595523,2817.098415613685,3.751052039093035e-05,0.11364130425170195
947.0,27.0,67.92527843645868,3690195.6841152357,2815.0356368403554,3.754746760954093e-05,0.11375509286299114
948.0,27.0,67.81961439292417,3693009.6971773994,2812.9939906724285,3.758440988653337e-05,0.11386919684877646
949.0,27.0,67.714396371053,3695821.679065463,2810.973251256642,3.762134716779443e-05,0.11398361093562946
950.0,27.0,67.60962094197023,3698631.650574543,2808.973195830985,3.765827940021335e-05,0.11409832961126491
951.0,27.0,67.50528471550665,3701439.6322785146,2806.9936046722414,3.7695206531661996e-05,0.11421334707616272
952.0,27.0,67.40138433962605,3704245.6445330316,2805.0342610445837,3.7732128510975465e-05,0.11432865718391336
953.0,27.0,67.29791649986294,3707049.707478481,2803.094951149211,3.776904528793302e-05,0.11444425336686649
954.0,27.0,67.19487791877062,3709851.8410429056,2801.1754640749855,3.780595681323959e-05,0.11456012854237216
955.0,27.0,67.09226535537915,3712652.0649448517,2799.2755917500713,3.784286303850752e-05,0.11467627499300914
956.0,27.0,66.99007560466286,3715450.3986961977,2797.3951288945227,3.78797639162388e-05,0.1147926842113756
957.0,27.0,66.88830549701808,3718246.8616049215,2795.5338729738273,3.791665939980759e-05,0.11490934669570078
958.0,27.0,66.78695189774923,3721041.4727778155,2793.6916241533545,3.7953549443443326e-05,0.11502625167577422
959.0,27.0,66.68601170656521,3723834.251123172,2791.8681852537234,3.7990434002213874e-05,0.11514338673777579
960.0,27.0,66.58548185708383,3726625.2153534126,2790.063361707026,3.802731303200933e-05,0.11526073729837151
961.0,27.0,66.48535931634541,3729414.383987677,2788.2769615139273,3.806418648952599e-05,0.11537828584684623
962.0,27.0,66.38564108433512,3732201.7753543733,2786.508795201598,3.810105433225081e-05,0.11549601081671379
963.0,27.0,66.28632419351338,3734987.4075936833,2784.7586757824615,3.813791651844595e-05,0.11561388483850228
964.0,27.0,66.18740570835486,3737771.2986600297,2783.026418713756,3.817477300713399e-05,0.11573187190132024
965.0,27.0,66.08888272489511,3740553.466324488,2781.3118418578656,3.821162375808309e-05,0.11584992245514017
966.0,27.0,65.9907523702857,3743333.9281771975,2779.6147654434253,3.82484687317928e-05,0.11596796427195015
967.0,27.0,65.89301180235634,3746112.7016296834,2777.9350120271743,3.828530788947991e-05,0.11608588348156017
968.0,27.0,65.79565820918535,3748889.8039171775,2776.2724064565377,3.832214119306476e-05,0.11620347865385298
969.0,27.0,65.69868880867693,3751665.252100888,2774.6267758329327,3.835896860515772e-05,0.11632031789322103
970.0,27.0,65.6021008481462,3754439.06307024,2772.997949475759,3.839579008904605e-05,0.11643498214367864
971.0,27.0,65.50589160391087,3757211.2535450724,2771.3857588870933,3.8432605608681016e-05,0.11654613889765153
972.0,27.0,65.41005838089022,3759981.840077797,2769.790037717036,3.846941512866516e-05,0.11666993652228048
973.0,27.0,65.31459851221096,3762750.839055544,2768.2106217297223,3.8506218614240074e-05,0.11679399975628904
974.0,27.0,65.21950935881954,3765518.2667022427,2766.647348769973,3.85430160312741e-05,0.11691832644612919
975.0,27.0,65.12478830910116,3768284.139080701,2765.1000587305684,3.8579807346250594e-05,0.11704291445900777
976.0,27.0,65.03043277850529,3771048.4720946257,2763.568593520137,3.861659252625631e-05,0.11716776168261886
977.0,27.0,64.93644020917715,3773811.2814906253,2762.0527970316407,3.865337153896987e-05,0.11729286602487925
978.0,27.0,64.8428080695959,3776572.5828601904,2760.552515111455,3.869014435265082e-05,0.11741822541366981
979.0,27.0,64.74953385421857,3779332.391641608,2759.0675955290126,3.872691093612852e-05,0.11754383779657986
980.0,27.0,64.65661508312976,3782090.723121894,2757.5978879470167,3.8763671258791595e-05,0.11766970114065647
981.0,27.0,64.56404930169745,3784847.5924386573,2756.143243892195,3.8800425290577347e-05,0.11779581343215761
982.0,27.0,64.47183408023449,3787603.014581954,2754.7035167266054,3.8837173001961567e-05,0.11792217267630924
983.0,27.0,64.37996701366559,3790357.004396109,2753.278561619452,3.887391436394844e-05,0.11804877689706647
984.0,27.0,64.28844572119964,3793109.576581509,2751.8682355194305,3.8910649348060665e-05,0.1181756241368787
985.0,27.0,64.19726784600779,3795860.745696367,2750.472397127565,3.894737792632989e-05,0.11830271245645836
986.0,27.0,64.10643105490642,3798610.526158458,2749.09090687055,3.898410007128719e-05,0.11843003993455328
987.0,27.0,64.01593303804556,3801358.9322468424,2747.7236268745705,3.902081575595379e-05,0.11855760466772305
988.0,27.0,63.92577150860203,3804105.978103541,2746.3704209395905,3.9057524953832034e-05,0.11868540477011862
989.0,27.0,63.835944202478196,3806851.6777352067,2745.0311545141167,3.9094227638896443e-05,0.1188134383732657
990.0,27.0,63.74644887800462,3809596.0450147474,2743.7056946704006,3.913092378558504e-05,0.11894170362585114
991.0,27.0,63.657283315648556,3812339.093682947,2742.393910080101,3.916761336879079e-05,0.11907019869351344
992.0,27.0,63.56844531772631,3815080.8373500565,2741.095670990366,3.9204296363853176e-05,0.11919892175863571
993.0,27.0,63.47993270812057,3817821.2894973443,2739.8108492003557,3.924097274655011e-05,0.11932787102014236
994.0,27.0,63.391743332002385,3820560.4634786495,2738.5393180381648,3.9277642493089754e-05,0.11945704469329922
995.0,27.0,63.303875055557,3823298.372521892,2737.280952338172,3.931430558010273e-05,0.11958644100951582
996.0,27.0,63.216325765714856,3826035.02973057,2736.035628418779,3.9350961984634415e-05,0.11971605821615228
997.0,27.0,63.12909336988614,3828770.448085233,2734.8032240605403,3.9387611684137214e-05,0.11984589457632717
998.0,27.0,63.04217579569977,3831504.640444936,2733.5836184846844,3.942425465646339e-05,0.1199759483687306
999.0,27.0,62.955570990746764,3834237.619548662,2732.3766923320045,3.9460890879857506e-05,0.12010621788743824
1000.0,27.0,62.869276922326904,3836969.398016739,2731.1823276421205,3.9497520332949516e-05,0.1202367014417292
