273.2	0.001	1000
273.3	0.1012	1000
273.4	0.2014	1000
273.5	0.3016	1000
273.6	0.4018	1000
273.7	0.502	1000
273.8	0.6022	1000
273.9	0.7024	1000
274	0.8026	1000
274.1	0.9028	1000
274.2	1.003	1000
274.3	1.103	1000
274.4	1.203	1000
274.5	1.304	1001
274.6	1.404	1001
274.7	1.504	1001
274.8	1.604	1001
274.9	1.704	1001
275	1.805	1001
275.1	1.905	1001
275.2	2.005	1001
275.3	2.105	1001
275.4	2.205	1001
275.5	2.306	1001
275.6	2.406	1001
275.7	2.506	1001
275.8	2.606	1001
275.9	2.706	1001
276	2.807	1001
276.1	2.907	1001
276.2	3.007	1001
276.3	3.107	1001
276.4	3.207	1002
276.5	3.308	1002
276.6	3.408	1002
276.7	3.508	1002
276.8	3.608	1002
276.9	3.708	1002
277	3.809	1002
277.1	3.909	1002
277.2	4.009	1002
277.3	4.109	1002
277.4	4.209	1002
277.5	4.31	1002
277.6	4.41	1002
277.7	4.51	1002
277.8	4.61	1002
277.9	4.71	1002
278	4.811	1002
278.1	4.911	1002
278.2	5.011	1002
278.3	5.111	1002
278.4	5.211	1002
278.5	5.312	1003
278.6	5.412	1003
278.7	5.512	1003
278.8	5.612	1003
278.9	5.712	1003
279	5.813	1003
279.1	5.913	1003
279.2	6.013	1003
279.3	6.113	1003
279.4	6.213	1003
279.5	6.313	1003
279.6	6.414	1003
279.7	6.514	1003
279.8	6.614	1003
279.9	6.714	1003
280	6.814	1003
280.1	6.915	1003
280.2	7.015	1003
280.3	7.115	1003
280.4	7.215	1003
280.5	7.315	1003
280.6	7.416	1003
280.7	7.516	1003
280.8	7.616	1003
280.9	7.716	1004
281	7.816	1004
281.1	7.917	1004
281.2	8.017	1004
281.3	8.117	1004
281.4	8.217	1004
281.5	8.317	1004
281.6	8.418	1004
281.7	8.518	1004
281.8	8.618	1004
281.9	8.718	1004
282	8.818	1004
282.1	8.919	1004
282.2	9.019	1004
282.3	9.119	1004
282.4	9.219	1004
282.5	9.319	1004
282.6	9.42	1004
282.7	9.52	1004
282.8	9.62	1004
282.9	9.72	1004
283	9.82	1004
283.1	9.921	1004
283.2	10.02	1004
283.3	10.12	1004
283.4	10.22	1004
283.5	10.32	1004
283.6	10.42	1005
283.7	10.52	1005
283.8	10.62	1005
283.9	10.72	1005
284	10.82	1005
284.1	10.92	1005
284.2	11.02	1005
284.3	11.12	1005
284.4	11.22	1005
284.5	11.32	1005
284.6	11.42	1005
284.7	11.52	1005
284.8	11.62	1005
284.9	11.72	1005
285	11.82	1005
285.1	11.92	1005
285.2	12.02	1005
285.3	12.13	1005
285.4	12.23	1005
285.5	12.33	1005
285.6	12.43	1005
285.7	12.53	1005
285.8	12.63	1005
285.9	12.73	1005
286	12.83	1005
286.1	12.93	1005
286.2	13.03	1005
286.3	13.13	1005
286.4	13.23	1005
286.5	13.33	1005
286.6	13.43	1005
286.7	13.53	1006
286.8	13.63	1006
286.9	13.73	1006
287	13.83	1006
287.1	13.93	1006
287.2	14.03	1006
287.3	14.13	1006
287.4	14.23	1006
287.5	14.33	1006
287.6	14.43	1006
287.7	14.53	1006
287.8	14.63	1006
287.9	14.73	1006
288	14.83	1006
288.1	14.93	1006
288.2	15.03	1006
288.3	15.13	1006
288.4	15.23	1006
288.5	15.33	1006
288.6	15.43	1006
288.7	15.53	1006
288.8	15.63	1006
288.9	15.73	1006
289	15.83	1006
289.1	15.93	1006
289.2	16.03	1006
289.3	16.13	1006
289.4	16.23	1006
289.5	16.33	1006
289.6	16.43	1006
289.7	16.53	1006
289.8	16.63	1006
289.9	16.73	1006
290	16.83	1006
290.1	16.93	1006
290.2	17.03	1006
290.3	17.13	1006
290.4	17.24	1007
290.5	17.34	1007
290.6	17.44	1007
290.7	17.54	1007
290.8	17.64	1007
290.9	17.74	1007
291	17.84	1007
291.1	17.94	1007
291.2	18.04	1007
291.3	18.14	1007
291.4	18.24	1007
291.5	18.34	1007
291.6	18.44	1007
291.7	18.54	1007
291.8	18.64	1007
291.9	18.74	1007
292	18.84	1007
292.1	18.94	1007
292.2	19.04	1007
292.3	19.14	1007
292.4	19.24	1007
292.5	19.34	1007
292.6	19.44	1007
292.7	19.54	1007
292.8	19.64	1007
292.9	19.74	1007
293	19.84	1007
293.1	19.94	1007
293.2	20.04	1007
293.3	20.14	1007
293.4	20.24	1007
293.5	20.34	1007
293.6	20.44	1007
293.7	20.54	1007
293.8	20.64	1007
293.9	20.74	1007
294	20.84	1007
294.1	20.94	1007
294.2	21.04	1007
294.3	21.14	1007
294.4	21.24	1007
294.5	21.34	1007
294.6	21.44	1007
294.7	21.54	1007
294.8	21.64	1007
294.9	21.74	1007
295	21.84	1007
295.1	21.94	1008
295.2	22.04	1008
295.3	22.14	1008
295.4	22.25	1008
295.5	22.35	1008
295.6	22.45	1008
295.7	22.55	1008
295.8	22.65	1008
295.9	22.75	1008
296	22.85	1008
296.1	22.95	1008
296.2	23.05	1008
296.3	23.15	1008
296.4	23.25	1008
296.5	23.35	1008
296.6	23.45	1008
296.7	23.55	1008
296.8	23.65	1008
296.9	23.75	1008
297	23.85	1008
297.1	23.95	1008
297.2	24.05	1008
297.3	24.15	1008
297.4	24.25	1008
297.5	24.35	1008
297.6	24.45	1008
297.7	24.55	1008
297.8	24.65	1008
297.9	24.75	1008
298	24.85	1008
298.1	24.95	1008
298.2	25.05	1008
298.3	25.15	1008
298.4	25.25	1008
298.5	25.35	1008
298.6	25.45	1008
298.7	25.55	1008
298.8	25.65	1008
298.9	25.75	1008
299	25.85	1008
299.1	25.95	1008
299.2	26.05	1008
299.3	26.15	1008
299.4	26.25	1008
299.5	26.35	1008
299.6	26.45	1008
299.7	26.55	1008
299.8	26.65	1008
299.9	26.75	1008
300	26.85	1008
300.1	26.95	1008
300.2	27.05	1008
300.3	27.15	1008
300.4	27.25	1008
300.5	27.36	1008
300.6	27.46	1008
300.7	27.56	1008
300.8	27.66	1008
300.9	27.76	1008
301	27.86	1008
301.1	27.96	1008
301.2	28.06	1008
301.3	28.16	1008
301.4	28.26	1008
301.5	28.36	1008
301.6	28.46	1008
301.7	28.56	1008
301.8	28.66	1008
301.9	28.76	1008
302	28.86	1008
302.1	28.96	1008
302.2	29.06	1008
302.3	29.16	1008
302.4	29.26	1009
302.5	29.36	1009
302.6	29.46	1009
302.7	29.56	1009
302.8	29.66	1009
302.9	29.76	1009
303	29.86	1009
303.1	29.96	1009
303.2	30.06	1009
303.3	30.16	1009
303.4	30.26	1009
303.5	30.36	1009
303.6	30.46	1009
303.7	30.56	1009
303.8	30.66	1009
303.9	30.76	1009
304	30.86	1009
304.1	30.96	1009
304.2	31.06	1009
304.3	31.16	1009
304.4	31.26	1009
304.5	31.36	1009
304.6	31.46	1009
304.7	31.56	1009
304.8	31.66	1009
304.9	31.76	1009
305	31.86	1009
305.1	31.96	1009
305.2	32.06	1009
305.3	32.16	1009
305.4	32.26	1009
305.5	32.37	1009
305.6	32.47	1009
305.7	32.57	1009
305.8	32.67	1009
305.9	32.77	1009
306	32.87	1009
306.1	32.97	1009
306.2	33.07	1009
306.3	33.17	1009
306.4	33.27	1009
306.5	33.37	1009
306.6	33.47	1009
306.7	33.57	1009
306.8	33.67	1009
306.9	33.77	1009
307	33.87	1009
307.1	33.97	1009
307.2	34.07	1009
307.3	34.17	1009
307.4	34.27	1009
307.5	34.37	1009
307.6	34.47	1009
307.7	34.57	1009
307.8	34.67	1009
307.9	34.77	1009
308	34.87	1009
308.1	34.97	1009
308.2	35.07	1009
308.3	35.17	1009
308.4	35.27	1009
308.5	35.37	1009
308.6	35.47	1009
308.7	35.57	1009
308.8	35.67	1009
308.9	35.77	1009
309	35.87	1009
309.1	35.97	1009
309.2	36.07	1009
309.3	36.17	1009
309.4	36.27	1009
309.5	36.37	1009
309.6	36.47	1009
309.7	36.57	1009
309.8	36.67	1009
309.9	36.77	1009
310	36.87	1009
310.1	36.97	1009
310.2	37.07	1009
310.3	37.17	1009
310.4	37.27	1009
310.5	37.38	1009
310.6	37.48	1009
310.7	37.58	1009
310.8	37.68	1009
310.9	37.78	1009
311	37.88	1009
311.1	37.98	1009
311.2	38.08	1009
311.3	38.18	1009
311.4	38.28	1009
311.5	38.38	1009
311.6	38.48	1009
311.7	38.58	1009
311.8	38.68	1009
311.9	38.78	1009
312	38.88	1009
312.1	38.98	1009
312.2	39.08	1009
312.3	39.18	1009
312.4	39.28	1009
312.5	39.38	1009
312.6	39.48	1009
312.7	39.58	1009
312.8	39.68	1009
312.9	39.78	1009
313	39.88	1009
313.1	39.98	1009
313.2	40.08	1009
313.3	40.18	1009
313.4	40.28	1009
313.5	40.38	1009
313.6	40.48	1009
313.7	40.58	1009
313.8	40.68	1009
313.9	40.78	1009
314	40.88	1009
314.1	40.98	1009
314.2	41.08	1009
314.3	41.18	1009
314.4	41.28	1009
314.5	41.38	1009
314.6	41.48	1009
314.7	41.58	1009
314.8	41.68	1009
314.9	41.78	1009
315	41.88	1009
315.1	41.98	1009
315.2	42.08	1009
315.3	42.18	1009
315.4	42.28	1009
315.5	42.38	1009
315.6	42.49	1009
315.7	42.59	1009
315.8	42.69	1009
315.9	42.79	1009
316	42.89	1009
316.1	42.99	1009
316.2	43.09	1009
316.3	43.19	1009
316.4	43.29	1009
316.5	43.39	1009
316.6	43.49	1009
316.7	43.59	1009
316.8	43.69	1009
316.9	43.79	1009
317	43.89	1009
317.1	43.99	1009
317.2	44.09	1009
317.3	44.19	1009
317.4	44.29	1009
317.5	44.39	1009
317.6	44.49	1009
317.7	44.59	1009
317.8	44.69	1009
317.9	44.79	1009
318	44.89	1009
318.1	44.99	1009
318.2	45.09	1009
318.3	45.19	1009
318.4	45.29	1009
318.5	45.39	1009
318.6	45.49	1009
318.7	45.59	1009
318.8	45.69	1009
318.9	45.79	1009
319	45.89	1009
319.1	45.99	1009
319.2	46.09	1009
319.3	46.19	1009
319.4	46.29	1009
319.5	46.39	1009
319.6	46.49	1009
319.7	46.59	1009
319.8	46.69	1009
319.9	46.79	1009
320	46.89	1009
320.1	46.99	1009
320.2	47.09	1009
320.3	47.19	1009
320.4	47.29	1009
320.5	47.39	1009
320.6	47.5	1009
320.7	47.6	1009
320.8	47.7	1009
320.9	47.8	1009
321	47.9	1009
321.1	48	1009
321.2	48.1	1009
321.3	48.2	1009
321.4	48.3	1009
321.5	48.4	1009
321.6	48.5	1009
321.7	48.6	1009
321.8	48.7	1009
321.9	48.8	1009
322	48.9	1009
322.1	49	1009
322.2	49.1	1009
322.3	49.2	1009
322.4	49.3	1009
322.5	49.4	1009
322.6	49.5	1009
322.7	49.6	1009
322.8	49.7	1009
322.9	49.8	1009
323	49.9	1009
323.1	50	1009
323.2	0.001	0.006706
323.3	0.1012	988
323.4	0.2014	988
323.5	0.3016	988
323.6	0.4018	988
323.7	0.502	988
323.8	0.6022	988
323.9	0.7024	988
324	0.8026	988
324.1	0.9028	988
324.2	1.003	988
324.3	1.103	987.9
324.4	1.203	987.9
324.5	1.304	987.9
324.6	1.404	987.9
324.7	1.504	987.9
324.8	1.604	987.9
324.9	1.704	987.9
325	1.805	987.9
325.1	1.905	987.9
325.2	2.005	987.9
325.3	2.105	987.9
325.4	2.205	987.9
325.5	2.306	987.9
325.6	2.406	987.9
325.7	2.506	987.9
325.8	2.606	987.9
325.9	2.706	987.9
326	2.807	987.9
326.1	2.907	987.9
326.2	3.007	987.9
326.3	3.107	987.9
326.4	3.207	987.9
326.5	3.308	987.9
326.6	3.408	987.9
326.7	3.508	987.9
326.8	3.608	987.9
326.9	3.708	987.9
327	3.809	987.9
327.1	3.909	987.9
327.2	4.009	987.9
327.3	4.109	987.8
327.4	4.209	987.8
327.5	4.31	987.8
327.6	4.41	987.8
327.7	4.51	987.8
327.8	4.61	987.8
327.9	4.71	987.8
328	4.811	987.8
328.1	4.911	987.8
328.2	5.011	987.8
328.3	5.111	987.8
328.4	5.211	987.8
328.5	5.312	987.8
328.6	5.412	987.8
328.7	5.512	987.8
328.8	5.612	987.8
328.9	5.712	987.8
329	5.813	987.8
329.1	5.913	987.8
329.2	6.013	987.7
329.3	6.113	987.7
329.4	6.213	987.7
329.5	6.313	987.7
329.6	6.414	987.7
329.7	6.514	987.7
329.8	6.614	987.7
329.9	6.714	987.7
330	6.814	987.7
330.1	6.915	987.7
330.2	7.015	987.7
330.3	7.115	987.7
330.4	7.215	987.7
330.5	7.315	987.7
330.6	7.416	987.7
330.7	7.516	987.7
330.8	7.616	987.6
330.9	7.716	987.6
331	7.816	987.6
331.1	7.917	987.6
331.2	8.017	987.6
331.3	8.117	987.6
331.4	8.217	987.6
331.5	8.317	987.6
331.6	8.418	987.6
331.7	8.518	987.6
331.8	8.618	987.6
331.9	8.718	987.6
332	8.818	987.6
332.1	8.919	987.6
332.2	9.019	987.5
332.3	9.119	987.5
332.4	9.219	987.5
332.5	9.319	987.5
332.6	9.42	987.5
332.7	9.52	987.5
332.8	9.62	987.5
332.9	9.72	987.5
333	9.82	987.5
333.1	9.921	987.5
333.2	10.02	987.5
333.3	10.12	987.5
333.4	10.22	987.4
333.5	10.32	987.4
333.6	10.42	987.4
333.7	10.52	987.4
333.8	10.62	987.4
333.9	10.72	987.4
334	10.82	987.4
334.1	10.92	987.4
334.2	11.02	987.4
334.3	11.12	987.4
334.4	11.22	987.4
334.5	11.32	987.3
334.6	11.42	987.3
334.7	11.52	987.3
334.8	11.62	987.3
334.9	11.72	987.3
335	11.82	987.3
335.1	11.92	987.3
335.2	12.02	987.3
335.3	12.13	987.3
335.4	12.23	987.3
335.5	12.33	987.3
335.6	12.43	987.2
335.7	12.53	987.2
335.8	12.63	987.2
335.9	12.73	987.2
336	12.83	987.2
336.1	12.93	987.2
336.2	13.03	987.2
336.3	13.13	987.2
336.4	13.23	987.2
336.5	13.33	987.2
336.6	13.43	987.1
336.7	13.53	987.1
336.8	13.63	987.1
336.9	13.73	987.1
337	13.83	987.1
337.1	13.93	987.1
337.2	14.03	987.1
337.3	14.13	987.1
337.4	14.23	987.1
337.5	14.33	987
337.6	14.43	987
337.7	14.53	987
337.8	14.63	987
337.9	14.73	987
338	14.83	987
338.1	14.93	987
338.2	15.03	987
338.3	15.13	987
338.4	15.23	986.9
338.5	15.33	986.9
338.6	15.43	986.9
338.7	15.53	986.9
338.8	15.63	986.9
338.9	15.73	986.9
339	15.83	986.9
339.1	15.93	986.9
339.2	16.03	986.9
339.3	16.13	986.8
339.4	16.23	986.8
339.5	16.33	986.8
339.6	16.43	986.8
339.7	16.53	986.8
339.8	16.63	986.8
339.9	16.73	986.8
340	16.83	986.8
340.1	16.93	986.7
340.2	17.03	986.7
340.3	17.13	986.7
340.4	17.24	986.7
340.5	17.34	986.7
340.6	17.44	986.7
340.7	17.54	986.7
340.8	17.64	986.7
340.9	17.74	986.6
341	17.84	986.6
341.1	17.94	986.6
341.2	18.04	986.6
341.3	18.14	986.6
341.4	18.24	986.6
341.5	18.34	986.6
341.6	18.44	986.6
341.7	18.54	986.5
341.8	18.64	986.5
341.9	18.74	986.5
342	18.84	986.5
342.1	18.94	986.5
342.2	19.04	986.5
342.3	19.14	986.5
342.4	19.24	986.4
342.5	19.34	986.4
342.6	19.44	986.4
342.7	19.54	986.4
342.8	19.64	986.4
342.9	19.74	986.4
343	19.84	986.4
343.1	19.94	986.4
343.2	20.04	986.3
343.3	20.14	986.3
343.4	20.24	986.3
343.5	20.34	986.3
343.6	20.44	986.3
343.7	20.54	986.3
343.8	20.64	986.3
343.9	20.74	986.2
344	20.84	986.2
344.1	20.94	986.2
344.2	21.04	986.2
344.3	21.14	986.2
344.4	21.24	986.2
344.5	21.34	986.2
344.6	21.44	986.1
344.7	21.54	986.1
344.8	21.64	986.1
344.9	21.74	986.1
345	21.84	986.1
345.1	21.94	986.1
345.2	22.04	986.1
345.3	22.14	986
345.4	22.25	986
345.5	22.35	986
345.6	22.45	986
345.7	22.55	986
345.8	22.65	986
345.9	22.75	985.9
346	22.85	985.9
346.1	22.95	985.9
346.2	23.05	985.9
346.3	23.15	985.9
346.4	23.25	985.9
346.5	23.35	985.9
346.6	23.45	985.8
346.7	23.55	985.8
346.8	23.65	985.8
346.9	23.75	985.8
347	23.85	985.8
347.1	23.95	985.8
347.2	24.05	985.7
347.3	24.15	985.7
347.4	24.25	985.7
347.5	24.35	985.7
347.6	24.45	985.7
347.7	24.55	985.7
347.8	24.65	985.6
347.9	24.75	985.6
348	24.85	985.6
348.1	24.95	985.6
348.2	25.05	985.6
348.3	25.15	985.6
348.4	25.25	985.5
348.5	25.35	985.5
348.6	25.45	985.5
348.7	25.55	985.5
348.8	25.65	985.5
348.9	25.75	985.5
349	25.85	985.4
349.1	25.95	985.4
349.2	26.05	985.4
349.3	26.15	985.4
349.4	26.25	985.4
349.5	26.35	985.4
349.6	26.45	985.3
349.7	26.55	985.3
349.8	26.65	985.3
349.9	26.75	985.3
350	26.85	985.3
350.1	26.95	985.3
350.2	27.05	985.2
350.3	27.15	985.2
350.4	27.25	985.2
350.5	27.36	985.2
350.6	27.46	985.2
350.7	27.56	985.2
350.8	27.66	985.1
350.9	27.76	985.1
351	27.86	985.1
351.1	27.96	985.1
351.2	28.06	985.1
351.3	28.16	985.1
351.4	28.26	985
351.5	28.36	985
351.6	28.46	985
351.7	28.56	985
351.8	28.66	985
351.9	28.76	984.9
352	28.86	984.9
352.1	28.96	984.9
352.2	29.06	984.9
352.3	29.16	984.9
352.4	29.26	984.9
352.5	29.36	984.8
352.6	29.46	984.8
352.7	29.56	984.8
352.8	29.66	984.8
352.9	29.76	984.8
353	29.86	984.7
353.1	29.96	984.7
353.2	30.06	984.7
353.3	30.16	984.7
353.4	30.26	984.7
353.5	30.36	984.7
353.6	30.46	984.6
353.7	30.56	984.6
353.8	30.66	984.6
353.9	30.76	984.6
354	30.86	984.6
354.1	30.96	984.5
354.2	31.06	984.5
354.3	31.16	984.5
354.4	31.26	984.5
354.5	31.36	984.5
354.6	31.46	984.4
354.7	31.56	984.4
354.8	31.66	984.4
354.9	31.76	984.4
355	31.86	984.4
355.1	31.96	984.4
355.2	32.06	984.3
355.3	32.16	984.3
355.4	32.26	984.3
355.5	32.37	984.3
355.6	32.47	984.3
355.7	32.57	984.2
355.8	32.67	984.2
355.9	32.77	984.2
356	32.87	984.2
356.1	32.97	984.2
356.2	33.07	984.1
356.3	33.17	984.1
356.4	33.27	984.1
356.5	33.37	984.1
356.6	33.47	984.1
356.7	33.57	984
356.8	33.67	984
356.9	33.77	984
357	33.87	984
357.1	33.97	984
357.2	34.07	983.9
357.3	34.17	983.9
357.4	34.27	983.9
357.5	34.37	983.9
357.6	34.47	983.9
357.7	34.57	983.8
357.8	34.67	983.8
357.9	34.77	983.8
358	34.87	983.8
358.1	34.97	983.8
358.2	35.07	983.7
358.3	35.17	983.7
358.4	35.27	983.7
358.5	35.37	983.7
358.6	35.47	983.7
358.7	35.57	983.6
358.8	35.67	983.6
358.9	35.77	983.6
359	35.87	983.6
359.1	35.97	983.6
359.2	36.07	983.5
359.3	36.17	983.5
359.4	36.27	983.5
359.5	36.37	983.5
359.6	36.47	983.4
359.7	36.57	983.4
359.8	36.67	983.4
359.9	36.77	983.4
360	36.87	983.4
360.1	36.97	983.3
360.2	37.07	983.3
360.3	37.17	983.3
360.4	37.27	983.3
360.5	37.38	983.3
360.6	37.48	983.2
360.7	37.58	983.2
360.8	37.68	983.2
360.9	37.78	983.2
361	37.88	983.1
361.1	37.98	983.1
361.2	38.08	983.1
361.3	38.18	983.1
361.4	38.28	983.1
361.5	38.38	983
361.6	38.48	983
361.7	38.58	983
361.8	38.68	983
361.9	38.78	983
362	38.88	982.9
362.1	38.98	982.9
362.2	39.08	982.9
362.3	39.18	982.9
362.4	39.28	982.8
362.5	39.38	982.8
362.6	39.48	982.8
362.7	39.58	982.8
362.8	39.68	982.8
362.9	39.78	982.7
363	39.88	982.7
363.1	39.98	982.7
363.2	40.08	982.7
363.3	40.18	982.6
363.4	40.28	982.6
363.5	40.38	982.6
363.6	40.48	982.6
363.7	40.58	982.6
363.8	40.68	982.5
363.9	40.78	982.5
364	40.88	982.5
364.1	40.98	982.5
364.2	41.08	982.4
364.3	41.18	982.4
364.4	41.28	982.4
364.5	41.38	982.4
364.6	41.48	982.4
364.7	41.58	982.3
364.8	41.68	982.3
364.9	41.78	982.3
365	41.88	982.3
365.1	41.98	982.2
365.2	42.08	982.2
365.3	42.18	982.2
365.4	42.28	982.2
365.5	42.38	982.1
365.6	42.49	982.1
365.7	42.59	982.1
365.8	42.69	982.1
365.9	42.79	982.1
366	42.89	982
366.1	42.99	982
366.2	43.09	982
366.3	43.19	982
366.4	43.29	981.9
366.5	43.39	981.9
366.6	43.49	981.9
366.7	43.59	981.9
366.8	43.69	981.8
366.9	43.79	981.8
367	43.89	981.8
367.1	43.99	981.8
367.2	44.09	981.8
367.3	44.19	981.7
367.4	44.29	981.7
367.5	44.39	981.7
367.6	44.49	981.7
367.7	44.59	981.6
367.8	44.69	981.6
367.9	44.79	981.6
368	44.89	981.6
368.1	44.99	981.5
368.2	45.09	981.5
368.3	45.19	981.5
368.4	45.29	981.5
368.5	45.39	981.4
368.6	45.49	981.4
368.7	45.59	981.4
368.8	45.69	981.4
368.9	45.79	981.3
369	45.89	981.3
369.1	45.99	981.3
369.2	46.09	981.3
369.3	46.19	981.3
369.4	46.29	981.2
369.5	46.39	981.2
369.6	46.49	981.2
369.7	46.59	981.2
369.8	46.69	981.1
369.9	46.79	981.1
370	46.89	981.1
370.1	46.99	981.1
370.2	47.09	981
370.3	47.19	981
370.4	47.29	981
370.5	47.39	981
370.6	47.5	980.9
370.7	47.6	980.9
370.8	47.7	980.9
370.9	47.8	980.9
371	47.9	980.8
371.1	48	980.8
371.2	48.1	980.8
371.3	48.2	980.8
371.4	48.3	980.7
371.5	48.4	980.7
371.6	48.5	980.7
371.7	48.6	980.7
371.8	48.7	980.6
371.9	48.8	980.6
372	48.9	980.6
372.1	49	980.6
372.2	49.1	980.5
372.3	49.2	980.5
372.4	49.3	980.5
372.5	49.4	980.5
372.6	49.5	980.4
372.7	49.6	980.4
372.8	49.7	980.4
372.9	49.8	980.4
373	49.9	980.3
373.1	50	980.3
373.2	0.001	0.005807
373.3	0.1012	0.5966
373.4	0.2014	958.2
373.5	0.3016	958.2
373.6	0.4018	958.2
373.7	0.502	958.1
373.8	0.6022	958.1
373.9	0.7024	958.1
374	0.8026	958.1
374.1	0.9028	958
374.2	1.003	958
374.3	1.103	958
374.4	1.203	958
374.5	1.304	957.9
374.6	1.404	957.9
374.7	1.504	957.9
374.8	1.604	957.9
374.9	1.704	957.8
375	1.805	957.8
375.1	1.905	957.8
375.2	2.005	957.8
375.3	2.105	957.7
375.4	2.205	957.7
375.5	2.306	957.7
375.6	2.406	957.7
375.7	2.506	957.6
375.8	2.606	957.6
375.9	2.706	957.6
376	2.807	957.6
376.1	2.907	957.5
376.2	3.007	957.5
376.3	3.107	957.5
376.4	3.207	957.5
376.5	3.308	957.4
376.6	3.408	957.4
376.7	3.508	957.4
376.8	3.608	957.4
376.9	3.708	957.3
377	3.809	957.3
377.1	3.909	957.3
377.2	4.009	957.3
377.3	4.109	957.2
377.4	4.209	957.2
377.5	4.31	957.2
377.6	4.41	957.1
377.7	4.51	957.1
377.8	4.61	957.1
377.9	4.71	957.1
378	4.811	957
378.1	4.911	957
378.2	5.011	957
378.3	5.111	957
378.4	5.211	956.9
378.5	5.312	956.9
378.6	5.412	956.9
378.7	5.512	956.9
378.8	5.612	956.8
378.9	5.712	956.8
379	5.813	956.8
379.1	5.913	956.7
379.2	6.013	956.7
379.3	6.113	956.7
379.4	6.213	956.7
379.5	6.313	956.6
379.6	6.414	956.6
379.7	6.514	956.6
379.8	6.614	956.6
379.9	6.714	956.5
380	6.814	956.5
380.1	6.915	956.5
380.2	7.015	956.5
380.3	7.115	956.4
380.4	7.215	956.4
380.5	7.315	956.4
380.6	7.416	956.3
380.7	7.516	956.3
380.8	7.616	956.3
380.9	7.716	956.3
381	7.816	956.2
381.1	7.917	956.2
381.2	8.017	956.2
381.3	8.117	956.2
381.4	8.217	956.1
381.5	8.317	956.1
381.6	8.418	956.1
381.7	8.518	956
381.8	8.618	956
381.9	8.718	956
382	8.818	956
382.1	8.919	955.9
382.2	9.019	955.9
382.3	9.119	955.9
382.4	9.219	955.9
382.5	9.319	955.8
382.6	9.42	955.8
382.7	9.52	955.8
382.8	9.62	955.7
382.9	9.72	955.7
383	9.82	955.7
383.1	9.921	955.7
383.2	10.02	955.6
383.3	10.12	955.6
383.4	10.22	955.6
383.5	10.32	955.5
383.6	10.42	955.5
383.7	10.52	955.5
383.8	10.62	955.5
383.9	10.72	955.4
384	10.82	955.4
384.1	10.92	955.4
384.2	11.02	955.3
384.3	11.12	955.3
384.4	11.22	955.3
384.5	11.32	955.3
384.6	11.42	955.2
384.7	11.52	955.2
384.8	11.62	955.2
384.9	11.72	955.2
385	11.82	955.1
385.1	11.92	955.1
385.2	12.02	955.1
385.3	12.13	955
385.4	12.23	955
385.5	12.33	955
385.6	12.43	955
385.7	12.53	954.9
385.8	12.63	954.9
385.9	12.73	954.9
386	12.83	954.8
386.1	12.93	954.8
386.2	13.03	954.8
386.3	13.13	954.8
386.4	13.23	954.7
386.5	13.33	954.7
386.6	13.43	954.7
386.7	13.53	954.6
386.8	13.63	954.6
386.9	13.73	954.6
387	13.83	954.5
387.1	13.93	954.5
387.2	14.03	954.5
387.3	14.13	954.5
387.4	14.23	954.4
387.5	14.33	954.4
387.6	14.43	954.4
387.7	14.53	954.3
387.8	14.63	954.3
387.9	14.73	954.3
388	14.83	954.3
388.1	14.93	954.2
388.2	15.03	954.2
388.3	15.13	954.2
388.4	15.23	954.1
388.5	15.33	954.1
388.6	15.43	954.1
388.7	15.53	954.1
388.8	15.63	954
388.9	15.73	954
389	15.83	954
389.1	15.93	953.9
389.2	16.03	953.9
389.3	16.13	953.9
389.4	16.23	953.8
389.5	16.33	953.8
389.6	16.43	953.8
389.7	16.53	953.8
389.8	16.63	953.7
389.9	16.73	953.7
390	16.83	953.7
390.1	16.93	953.6
390.2	17.03	953.6
390.3	17.13	953.6
390.4	17.24	953.6
390.5	17.34	953.5
390.6	17.44	953.5
390.7	17.54	953.5
390.8	17.64	953.4
390.9	17.74	953.4
391	17.84	953.4
391.1	17.94	953.3
391.2	18.04	953.3
391.3	18.14	953.3
391.4	18.24	953.3
391.5	18.34	953.2
391.6	18.44	953.2
391.7	18.54	953.2
391.8	18.64	953.1
391.9	18.74	953.1
392	18.84	953.1
392.1	18.94	953
392.2	19.04	953
392.3	19.14	953
392.4	19.24	952.9
392.5	19.34	952.9
392.6	19.44	952.9
392.7	19.54	952.9
392.8	19.64	952.8
392.9	19.74	952.8
393	19.84	952.8
393.1	19.94	952.7
393.2	20.04	952.7
393.3	20.14	952.7
393.4	20.24	952.6
393.5	20.34	952.6
393.6	20.44	952.6
393.7	20.54	952.6
393.8	20.64	952.5
393.9	20.74	952.5
394	20.84	952.5
394.1	20.94	952.4
394.2	21.04	952.4
394.3	21.14	952.4
394.4	21.24	952.3
394.5	21.34	952.3
394.6	21.44	952.3
394.7	21.54	952.2
394.8	21.64	952.2
394.9	21.74	952.2
395	21.84	952.2
395.1	21.94	952.1
395.2	22.04	952.1
395.3	22.14	952.1
395.4	22.25	952
395.5	22.35	952
395.6	22.45	952
395.7	22.55	951.9
395.8	22.65	951.9
395.9	22.75	951.9
396	22.85	951.8
396.1	22.95	951.8
396.2	23.05	951.8
396.3	23.15	951.8
396.4	23.25	951.7
396.5	23.35	951.7
396.6	23.45	951.7
396.7	23.55	951.6
396.8	23.65	951.6
396.9	23.75	951.6
397	23.85	951.5
397.1	23.95	951.5
397.2	24.05	951.5
397.3	24.15	951.4
397.4	24.25	951.4
397.5	24.35	951.4
397.6	24.45	951.3
397.7	24.55	951.3
397.8	24.65	951.3
397.9	24.75	951.3
398	24.85	951.2
398.1	24.95	951.2
398.2	25.05	951.2
398.3	25.15	951.1
398.4	25.25	951.1
398.5	25.35	951.1
398.6	25.45	951
398.7	25.55	951
398.8	25.65	951
398.9	25.75	950.9
399	25.85	950.9
399.1	25.95	950.9
399.2	26.05	950.8
399.3	26.15	950.8
399.4	26.25	950.8
399.5	26.35	950.7
399.6	26.45	950.7
399.7	26.55	950.7
399.8	26.65	950.6
399.9	26.75	950.6
400	26.85	950.6
400.1	26.95	950.6
400.2	27.05	950.5
400.3	27.15	950.5
400.4	27.25	950.5
400.5	27.36	950.4
400.6	27.46	950.4
400.7	27.56	950.4
400.8	27.66	950.3
400.9	27.76	950.3
401	27.86	950.3
401.1	27.96	950.2
401.2	28.06	950.2
401.3	28.16	950.2
401.4	28.26	950.1
401.5	28.36	950.1
401.6	28.46	950.1
401.7	28.56	950
401.8	28.66	950
401.9	28.76	950
402	28.86	949.9
402.1	28.96	949.9
402.2	29.06	949.9
402.3	29.16	949.8
402.4	29.26	949.8
402.5	29.36	949.8
402.6	29.46	949.7
402.7	29.56	949.7
402.8	29.66	949.7
402.9	29.76	949.7
403	29.86	949.6
403.1	29.96	949.6
403.2	30.06	949.6
403.3	30.16	949.5
403.4	30.26	949.5
403.5	30.36	949.5
403.6	30.46	949.4
403.7	30.56	949.4
403.8	30.66	949.4
403.9	30.76	949.3
404	30.86	949.3
404.1	30.96	949.3
404.2	31.06	949.2
404.3	31.16	949.2
404.4	31.26	949.2
404.5	31.36	949.1
404.6	31.46	949.1
404.7	31.56	949.1
404.8	31.66	949
404.9	31.76	949
405	31.86	949
405.1	31.96	948.9
405.2	32.06	948.9
405.3	32.16	948.9
405.4	32.26	948.8
405.5	32.37	948.8
405.6	32.47	948.8
405.7	32.57	948.7
405.8	32.67	948.7
405.9	32.77	948.7
406	32.87	948.6
406.1	32.97	948.6
406.2	33.07	948.6
406.3	33.17	948.5
406.4	33.27	948.5
406.5	33.37	948.5
406.6	33.47	948.4
406.7	33.57	948.4
406.8	33.67	948.4
406.9	33.77	948.3
407	33.87	948.3
407.1	33.97	948.3
407.2	34.07	948.2
407.3	34.17	948.2
407.4	34.27	948.2
407.5	34.37	948.1
407.6	34.47	948.1
407.7	34.57	948.1
407.8	34.67	948
407.9	34.77	948
408	34.87	948
408.1	34.97	947.9
408.2	35.07	947.9
408.3	35.17	947.9
408.4	35.27	947.8
408.5	35.37	947.8
408.6	35.47	947.8
408.7	35.57	947.7
408.8	35.67	947.7
408.9	35.77	947.7
409	35.87	947.6
409.1	35.97	947.6
409.2	36.07	947.6
409.3	36.17	947.5
409.4	36.27	947.5
409.5	36.37	947.5
409.6	36.47	947.4
409.7	36.57	947.4
409.8	36.67	947.4
409.9	36.77	947.3
410	36.87	947.3
410.1	36.97	947.3
410.2	37.07	947.2
410.3	37.17	947.2
410.4	37.27	947.2
410.5	37.38	947.1
410.6	37.48	947.1
410.7	37.58	947.1
410.8	37.68	947
410.9	37.78	947
411	37.88	947
411.1	37.98	946.9
411.2	38.08	946.9
411.3	38.18	946.9
411.4	38.28	946.8
411.5	38.38	946.8
411.6	38.48	946.8
411.7	38.58	946.7
411.8	38.68	946.7
411.9	38.78	946.7
412	38.88	946.6
412.1	38.98	946.6
412.2	39.08	946.6
412.3	39.18	946.5
412.4	39.28	946.5
412.5	39.38	946.5
412.6	39.48	946.4
412.7	39.58	946.4
412.8	39.68	946.3
412.9	39.78	946.3
413	39.88	946.3
413.1	39.98	946.2
413.2	40.08	946.2
413.3	40.18	946.2
413.4	40.28	946.1
413.5	40.38	946.1
413.6	40.48	946.1
413.7	40.58	946
413.8	40.68	946
413.9	40.78	946
414	40.88	945.9
414.1	40.98	945.9
414.2	41.08	945.9
414.3	41.18	945.8
414.4	41.28	945.8
414.5	41.38	945.8
414.6	41.48	945.7
414.7	41.58	945.7
414.8	41.68	945.7
414.9	41.78	945.6
415	41.88	945.6
415.1	41.98	945.6
415.2	42.08	945.5
415.3	42.18	945.5
415.4	42.28	945.5
415.5	42.38	945.4
415.6	42.49	945.4
415.7	42.59	945.4
415.8	42.69	945.3
415.9	42.79	945.3
416	42.89	945.2
416.1	42.99	945.2
416.2	43.09	945.2
416.3	43.19	945.1
416.4	43.29	945.1
416.5	43.39	945.1
416.6	43.49	945
416.7	43.59	945
416.8	43.69	945
416.9	43.79	944.9
417	43.89	944.9
417.1	43.99	944.9
417.2	44.09	944.8
417.3	44.19	944.8
417.4	44.29	944.8
417.5	44.39	944.7
417.6	44.49	944.7
417.7	44.59	944.7
417.8	44.69	944.6
417.9	44.79	944.6
418	44.89	944.6
418.1	44.99	944.5
418.2	45.09	944.5
418.3	45.19	944.4
418.4	45.29	944.4
418.5	45.39	944.4
418.6	45.49	944.3
418.7	45.59	944.3
418.8	45.69	944.3
418.9	45.79	944.2
419	45.89	944.2
419.1	45.99	944.2
419.2	46.09	944.1
419.3	46.19	944.1
419.4	46.29	944.1
419.5	46.39	944
419.6	46.49	944
419.7	46.59	944
419.8	46.69	943.9
419.9	46.79	943.9
420	46.89	943.8
420.1	46.99	943.8
420.2	47.09	943.8
420.3	47.19	943.7
420.4	47.29	943.7
420.5	47.39	943.7
420.6	47.5	943.6
420.7	47.6	943.6
420.8	47.7	943.6
420.9	47.8	943.5
421	47.9	943.5
421.1	48	943.5
421.2	48.1	943.4
421.3	48.2	943.4
421.4	48.3	943.4
421.5	48.4	943.3
421.6	48.5	943.3
421.7	48.6	943.2
421.8	48.7	943.2
421.9	48.8	943.2
422	48.9	943.1
422.1	49	943.1
422.2	49.1	943.1
422.3	49.2	943
422.4	49.3	943
422.5	49.4	943
422.6	49.5	942.9
422.7	49.6	942.9
422.8	49.7	942.9
422.9	49.8	942.8
423	49.9	942.8
423.1	50	942.8
423.2	0.001	0.005121
423.3	0.1012	0.5224
423.4	0.2014	1.049
423.5	0.3016	1.584
423.6	0.4018	2.131
423.7	0.502	916.5
423.8	0.6022	916.5
423.9	0.7024	916.4
424	0.8026	916.4
424.1	0.9028	916.4
424.2	1.003	916.3
424.3	1.103	916.3
424.4	1.203	916.3
424.5	1.304	916.2
424.6	1.404	916.2
424.7	1.504	916.1
424.8	1.604	916.1
424.9	1.704	916.1
425	1.805	916
425.1	1.905	916
425.2	2.005	916
425.3	2.105	915.9
425.4	2.205	915.9
425.5	2.306	915.8
425.6	2.406	915.8
425.7	2.506	915.8
425.8	2.606	915.7
425.9	2.706	915.7
426	2.807	915.7
426.1	2.907	915.6
426.2	3.007	915.6
426.3	3.107	915.5
426.4	3.207	915.5
426.5	3.308	915.5
426.6	3.408	915.4
426.7	3.508	915.4
426.8	3.608	915.4
426.9	3.708	915.3
427	3.809	915.3
427.1	3.909	915.2
427.2	4.009	915.2
427.3	4.109	915.2
427.4	4.209	915.1
427.5	4.31	915.1
427.6	4.41	915.1
427.7	4.51	915
427.8	4.61	915
427.9	4.71	914.9
428	4.811	914.9
428.1	4.911	914.9
428.2	5.011	914.8
428.3	5.111	914.8
428.4	5.211	914.8
428.5	5.312	914.7
428.6	5.412	914.7
428.7	5.512	914.6
428.8	5.612	914.6
428.9	5.712	914.6
429	5.813	914.5
429.1	5.913	914.5
429.2	6.013	914.5
429.3	6.113	914.4
429.4	6.213	914.4
429.5	6.313	914.3
429.6	6.414	914.3
429.7	6.514	914.3
429.8	6.614	914.2
429.9	6.714	914.2
430	6.814	914.1
430.1	6.915	914.1
430.2	7.015	914.1
430.3	7.115	914
430.4	7.215	914
430.5	7.315	914
430.6	7.416	913.9
430.7	7.516	913.9
430.8	7.616	913.8
430.9	7.716	913.8
431	7.816	913.8
431.1	7.917	913.7
431.2	8.017	913.7
431.3	8.117	913.7
431.4	8.217	913.6
431.5	8.317	913.6
431.6	8.418	913.5
431.7	8.518	913.5
431.8	8.618	913.5
431.9	8.718	913.4
432	8.818	913.4
432.1	8.919	913.3
432.2	9.019	913.3
432.3	9.119	913.3
432.4	9.219	913.2
432.5	9.319	913.2
432.6	9.42	913.2
432.7	9.52	913.1
432.8	9.62	913.1
432.9	9.72	913
433	9.82	913
433.1	9.921	913
433.2	10.02	912.9
433.3	10.12	912.9
433.4	10.22	912.8
433.5	10.32	912.8
433.6	10.42	912.8
433.7	10.52	912.7
433.8	10.62	912.7
433.9	10.72	912.7
434	10.82	912.6
434.1	10.92	912.6
434.2	11.02	912.5
434.3	11.12	912.5
434.4	11.22	912.5
434.5	11.32	912.4
434.6	11.42	912.4
434.7	11.52	912.3
434.8	11.62	912.3
434.9	11.72	912.3
435	11.82	912.2
435.1	11.92	912.2
435.2	12.02	912.2
435.3	12.13	912.1
435.4	12.23	912.1
435.5	12.33	912
435.6	12.43	912
435.7	12.53	912
435.8	12.63	911.9
435.9	12.73	911.9
436	12.83	911.8
436.1	12.93	911.8
436.2	13.03	911.8
436.3	13.13	911.7
436.4	13.23	911.7
436.5	13.33	911.7
436.6	13.43	911.6
436.7	13.53	911.6
436.8	13.63	911.5
436.9	13.73	911.5
437	13.83	911.5
437.1	13.93	911.4
437.2	14.03	911.4
437.3	14.13	911.3
437.4	14.23	911.3
437.5	14.33	911.3
437.6	14.43	911.2
437.7	14.53	911.2
437.8	14.63	911.2
437.9	14.73	911.1
438	14.83	911.1
438.1	14.93	911
438.2	15.03	911
438.3	15.13	911
438.4	15.23	910.9
438.5	15.33	910.9
438.6	15.43	910.8
438.7	15.53	910.8
438.8	15.63	910.8
438.9	15.73	910.7
439	15.83	910.7
439.1	15.93	910.6
439.2	16.03	910.6
439.3	16.13	910.6
439.4	16.23	910.5
439.5	16.33	910.5
439.6	16.43	910.5
439.7	16.53	910.4
439.8	16.63	910.4
439.9	16.73	910.3
440	16.83	910.3
440.1	16.93	910.3
440.2	17.03	910.2
440.3	17.13	910.2
440.4	17.24	910.1
440.5	17.34	910.1
440.6	17.44	910.1
440.7	17.54	910
440.8	17.64	910
440.9	17.74	909.9
441	17.84	909.9
441.1	17.94	909.9
441.2	18.04	909.8
441.3	18.14	909.8
441.4	18.24	909.7
441.5	18.34	909.7
441.6	18.44	909.7
441.7	18.54	909.6
441.8	18.64	909.6
441.9	18.74	909.6
442	18.84	909.5
442.1	18.94	909.5
442.2	19.04	909.4
442.3	19.14	909.4
442.4	19.24	909.4
442.5	19.34	909.3
442.6	19.44	909.3
442.7	19.54	909.2
442.8	19.64	909.2
442.9	19.74	909.2
443	19.84	909.1
443.1	19.94	909.1
443.2	20.04	909
443.3	20.14	909
443.4	20.24	909
443.5	20.34	908.9
443.6	20.44	908.9
443.7	20.54	908.8
443.8	20.64	908.8
443.9	20.74	908.8
444	20.84	908.7
444.1	20.94	908.7
444.2	21.04	908.6
444.3	21.14	908.6
444.4	21.24	908.6
444.5	21.34	908.5
444.6	21.44	908.5
444.7	21.54	908.5
444.8	21.64	908.4
444.9	21.74	908.4
445	21.84	908.3
445.1	21.94	908.3
445.2	22.04	908.3
445.3	22.14	908.2
445.4	22.25	908.2
445.5	22.35	908.1
445.6	22.45	908.1
445.7	22.55	908.1
445.8	22.65	908
445.9	22.75	908
446	22.85	907.9
446.1	22.95	907.9
446.2	23.05	907.9
446.3	23.15	907.8
446.4	23.25	907.8
446.5	23.35	907.7
446.6	23.45	907.7
446.7	23.55	907.7
446.8	23.65	907.6
446.9	23.75	907.6
447	23.85	907.5
447.1	23.95	907.5
447.2	24.05	907.5
447.3	24.15	907.4
447.4	24.25	907.4
447.5	24.35	907.3
447.6	24.45	907.3
447.7	24.55	907.3
447.8	24.65	907.2
447.9	24.75	907.2
448	24.85	907.1
448.1	24.95	907.1
448.2	25.05	907.1
448.3	25.15	907
448.4	25.25	907
448.5	25.35	906.9
448.6	25.45	906.9
448.7	25.55	906.9
448.8	25.65	906.8
448.9	25.75	906.8
449	25.85	906.8
449.1	25.95	906.7
449.2	26.05	906.7
449.3	26.15	906.6
449.4	26.25	906.6
449.5	26.35	906.6
449.6	26.45	906.5
449.7	26.55	906.5
449.8	26.65	906.4
449.9	26.75	906.4
450	26.85	906.4
450.1	26.95	906.3
450.2	27.05	906.3
450.3	27.15	906.2
450.4	27.25	906.2
450.5	27.36	906.2
450.6	27.46	906.1
450.7	27.56	906.1
450.8	27.66	906
450.9	27.76	906
451	27.86	906
451.1	27.96	905.9
451.2	28.06	905.9
451.3	28.16	905.8
451.4	28.26	905.8
451.5	28.36	905.8
451.6	28.46	905.7
451.7	28.56	905.7
451.8	28.66	905.6
451.9	28.76	905.6
452	28.86	905.6
452.1	28.96	905.5
452.2	29.06	905.5
452.3	29.16	905.4
452.4	29.26	905.4
452.5	29.36	905.4
452.6	29.46	905.3
452.7	29.56	905.3
452.8	29.66	905.2
452.9	29.76	905.2
453	29.86	905.2
453.1	29.96	905.1
453.2	30.06	905.1
453.3	30.16	905
453.4	30.26	905
453.5	30.36	905
453.6	30.46	904.9
453.7	30.56	904.9
453.8	30.66	904.8
453.9	30.76	904.8
454	30.86	904.8
454.1	30.96	904.7
454.2	31.06	904.7
454.3	31.16	904.6
454.4	31.26	904.6
454.5	31.36	904.6
454.6	31.46	904.5
454.7	31.56	904.5
454.8	31.66	904.4
454.9	31.76	904.4
455	31.86	904.4
455.1	31.96	904.3
455.2	32.06	904.3
455.3	32.16	904.2
455.4	32.26	904.2
455.5	32.37	904.2
455.6	32.47	904.1
455.7	32.57	904.1
455.8	32.67	904
455.9	32.77	904
456	32.87	904
456.1	32.97	903.9
456.2	33.07	903.9
456.3	33.17	903.8
456.4	33.27	903.8
456.5	33.37	903.8
456.6	33.47	903.7
456.7	33.57	903.7
456.8	33.67	903.6
456.9	33.77	903.6
457	33.87	903.6
457.1	33.97	903.5
457.2	34.07	903.5
457.3	34.17	903.4
457.4	34.27	903.4
457.5	34.37	903.4
457.6	34.47	903.3
457.7	34.57	903.3
457.8	34.67	903.2
457.9	34.77	903.2
458	34.87	903.2
458.1	34.97	903.1
458.2	35.07	903.1
458.3	35.17	903
458.4	35.27	903
458.5	35.37	903
458.6	35.47	902.9
458.7	35.57	902.9
458.8	35.67	902.8
458.9	35.77	902.8
459	35.87	902.8
459.1	35.97	902.7
459.2	36.07	902.7
459.3	36.17	902.6
459.4	36.27	902.6
459.5	36.37	902.5
459.6	36.47	902.5
459.7	36.57	902.5
459.8	36.67	902.4
459.9	36.77	902.4
460	36.87	902.3
460.1	36.97	902.3
460.2	37.07	902.3
460.3	37.17	902.2
460.4	37.27	902.2
460.5	37.38	902.1
460.6	37.48	902.1
460.7	37.58	902.1
460.8	37.68	902
460.9	37.78	902
461	37.88	901.9
461.1	37.98	901.9
461.2	38.08	901.9
461.3	38.18	901.8
461.4	38.28	901.8
461.5	38.38	901.7
461.6	38.48	901.7
461.7	38.58	901.7
461.8	38.68	901.6
461.9	38.78	901.6
462	38.88	901.5
462.1	38.98	901.5
462.2	39.08	901.5
462.3	39.18	901.4
462.4	39.28	901.4
462.5	39.38	901.3
462.6	39.48	901.3
462.7	39.58	901.3
462.8	39.68	901.2
462.9	39.78	901.2
463	39.88	901.1
463.1	39.98	901.1
463.2	40.08	901.1
463.3	40.18	901
463.4	40.28	901
463.5	40.38	900.9
463.6	40.48	900.9
463.7	40.58	900.9
463.8	40.68	900.8
463.9	40.78	900.8
464	40.88	900.7
464.1	40.98	900.7
464.2	41.08	900.7
464.3	41.18	900.6
464.4	41.28	900.6
464.5	41.38	900.5
464.6	41.48	900.5
464.7	41.58	900.4
464.8	41.68	900.4
464.9	41.78	900.4
465	41.88	900.3
465.1	41.98	900.3
465.2	42.08	900.2
465.3	42.18	900.2
465.4	42.28	900.2
465.5	42.38	900.1
465.6	42.49	900.1
465.7	42.59	900
465.8	42.69	900
465.9	42.79	900
466	42.89	899.9
466.1	42.99	899.9
466.2	43.09	899.8
466.3	43.19	899.8
466.4	43.29	899.8
466.5	43.39	899.7
466.6	43.49	899.7
466.7	43.59	899.6
466.8	43.69	899.6
466.9	43.79	899.6
467	43.89	899.5
467.1	43.99	899.5
467.2	44.09	899.4
467.3	44.19	899.4
467.4	44.29	899.4
467.5	44.39	899.3
467.6	44.49	899.3
467.7	44.59	899.2
467.8	44.69	899.2
467.9	44.79	899.2
468	44.89	899.1
468.1	44.99	899.1
468.2	45.09	899
468.3	45.19	899
468.4	45.29	899
468.5	45.39	898.9
468.6	45.49	898.9
468.7	45.59	898.8
468.8	45.69	898.8
468.9	45.79	898.7
469	45.89	898.7
469.1	45.99	898.7
469.2	46.09	898.6
469.3	46.19	898.6
469.4	46.29	898.5
469.5	46.39	898.5
469.6	46.49	898.5
469.7	46.59	898.4
469.8	46.69	898.4
469.9	46.79	898.3
470	46.89	898.3
470.1	46.99	898.3
470.2	47.09	898.2
470.3	47.19	898.2
470.4	47.29	898.1
470.5	47.39	898.1
470.6	47.5	898.1
470.7	47.6	898
470.8	47.7	898
470.9	47.8	897.9
471	47.9	897.9
471.1	48	897.9
471.2	48.1	897.8
471.3	48.2	897.8
471.4	48.3	897.7
471.5	48.4	897.7
471.6	48.5	897.7
471.7	48.6	897.6
471.8	48.7	897.6
471.9	48.8	897.5
472	48.9	897.5
472.1	49	897.4
472.2	49.1	897.4
472.3	49.2	897.4
472.4	49.3	897.3
472.5	49.4	897.3
472.6	49.5	897.2
472.7	49.6	897.2
472.8	49.7	897.2
472.9	49.8	897.1
473	49.9	897.1
473.1	50	897
473.2	0.001	0.004579
473.3	0.1012	0.4657
473.4	0.2014	0.9316
473.5	0.3016	1.402
473.6	0.4018	1.878
473.7	0.502	2.359
473.8	0.6022	2.846
473.9	0.7024	3.339
474	0.8026	3.838
474.1	0.9028	4.343
474.2	1.003	4.856
474.3	1.103	5.375
474.4	1.203	5.902
474.5	1.304	6.438
474.6	1.404	6.982
474.7	1.504	7.535
474.8	1.604	8.098
474.9	1.704	862.7
475	1.805	862.7
475.1	1.905	862.6
475.2	2.005	862.6
475.3	2.105	862.5
475.4	2.205	862.5
475.5	2.306	862.4
475.6	2.406	862.4
475.7	2.506	862.4
475.8	2.606	862.3
475.9	2.706	862.3
476	2.807	862.2
476.1	2.907	862.2
476.2	3.007	862.1
476.3	3.107	862.1
476.4	3.207	862.1
476.5	3.308	862
476.6	3.408	862
476.7	3.508	861.9
476.8	3.608	861.9
476.9	3.708	861.8
477	3.809	861.8
477.1	3.909	861.8
477.2	4.009	861.7
477.3	4.109	861.7
477.4	4.209	861.6
477.5	4.31	861.6
477.6	4.41	861.5
477.7	4.51	861.5
477.8	4.61	861.5
477.9	4.71	861.4
478	4.811	861.4
478.1	4.911	861.3
478.2	5.011	861.3
478.3	5.111	861.2
478.4	5.211	861.2
478.5	5.312	861.2
478.6	5.412	861.1
478.7	5.512	861.1
478.8	5.612	861
478.9	5.712	861
479	5.813	861
479.1	5.913	860.9
479.2	6.013	860.9
479.3	6.113	860.8
479.4	6.213	860.8
479.5	6.313	860.7
479.6	6.414	860.7
479.7	6.514	860.7
479.8	6.614	860.6
479.9	6.714	860.6
480	6.814	860.5
480.1	6.915	860.5
480.2	7.015	860.4
480.3	7.115	860.4
480.4	7.215	860.4
480.5	7.315	860.3
480.6	7.416	860.3
480.7	7.516	860.2
480.8	7.616	860.2
480.9	7.716	860.1
481	7.816	860.1
481.1	7.917	860.1
481.2	8.017	860
481.3	8.117	860
481.4	8.217	859.9
481.5	8.317	859.9
481.6	8.418	859.8
481.7	8.518	859.8
481.8	8.618	859.8
481.9	8.718	859.7
482	8.818	859.7
482.1	8.919	859.6
482.2	9.019	859.6
482.3	9.119	859.5
482.4	9.219	859.5
482.5	9.319	859.5
482.6	9.42	859.4
482.7	9.52	859.4
482.8	9.62	859.3
482.9	9.72	859.3
483	9.82	859.2
483.1	9.921	859.2
483.2	10.02	859.2
483.3	10.12	859.1
483.4	10.22	859.1
483.5	10.32	859
483.6	10.42	859
483.7	10.52	858.9
483.8	10.62	858.9
483.9	10.72	858.9
484	10.82	858.8
484.1	10.92	858.8
484.2	11.02	858.7
484.3	11.12	858.7
484.4	11.22	858.6
484.5	11.32	858.6
484.6	11.42	858.6
484.7	11.52	858.5
484.8	11.62	858.5
484.9	11.72	858.4
485	11.82	858.4
485.1	11.92	858.3
485.2	12.02	858.3
485.3	12.13	858.3
485.4	12.23	858.2
485.5	12.33	858.2
485.6	12.43	858.1
485.7	12.53	858.1
485.8	12.63	858.1
485.9	12.73	858
486	12.83	858
486.1	12.93	857.9
486.2	13.03	857.9
486.3	13.13	857.8
486.4	13.23	857.8
486.5	13.33	857.8
486.6	13.43	857.7
486.7	13.53	857.7
486.8	13.63	857.6
486.9	13.73	857.6
487	13.83	857.5
487.1	13.93	857.5
487.2	14.03	857.5
487.3	14.13	857.4
487.4	14.23	857.4
487.5	14.33	857.3
487.6	14.43	857.3
487.7	14.53	857.2
487.8	14.63	857.2
487.9	14.73	857.2
488	14.83	857.1
488.1	14.93	857.1
488.2	15.03	857
488.3	15.13	857
488.4	15.23	856.9
488.5	15.33	856.9
488.6	15.43	856.9
488.7	15.53	856.8
488.8	15.63	856.8
488.9	15.73	856.7
489	15.83	856.7
489.1	15.93	856.6
489.2	16.03	856.6
489.3	16.13	856.6
489.4	16.23	856.5
489.5	16.33	856.5
489.6	16.43	856.4
489.7	16.53	856.4
489.8	16.63	856.4
489.9	16.73	856.3
490	16.83	856.3
490.1	16.93	856.2
490.2	17.03	856.2
490.3	17.13	856.1
490.4	17.24	856.1
490.5	17.34	856.1
490.6	17.44	856
490.7	17.54	856
490.8	17.64	855.9
490.9	17.74	855.9
491	17.84	855.8
491.1	17.94	855.8
491.2	18.04	855.8
491.3	18.14	855.7
491.4	18.24	855.7
491.5	18.34	855.6
491.6	18.44	855.6
491.7	18.54	855.5
491.8	18.64	855.5
491.9	18.74	855.5
492	18.84	855.4
492.1	18.94	855.4
492.2	19.04	855.3
492.3	19.14	855.3
492.4	19.24	855.2
492.5	19.34	855.2
492.6	19.44	855.2
492.7	19.54	855.1
492.8	19.64	855.1
492.9	19.74	855
493	19.84	855
493.1	19.94	855
493.2	20.04	854.9
493.3	20.14	854.9
493.4	20.24	854.8
493.5	20.34	854.8
493.6	20.44	854.7
493.7	20.54	854.7
493.8	20.64	854.7
493.9	20.74	854.6
494	20.84	854.6
494.1	20.94	854.5
494.2	21.04	854.5
494.3	21.14	854.4
494.4	21.24	854.4
494.5	21.34	854.4
494.6	21.44	854.3
494.7	21.54	854.3
494.8	21.64	854.2
494.9	21.74	854.2
495	21.84	854.1
495.1	21.94	854.1
495.2	22.04	854.1
495.3	22.14	854
495.4	22.25	854
495.5	22.35	853.9
495.6	22.45	853.9
495.7	22.55	853.9
495.8	22.65	853.8
495.9	22.75	853.8
496	22.85	853.7
496.1	22.95	853.7
496.2	23.05	853.6
496.3	23.15	853.6
496.4	23.25	853.6
496.5	23.35	853.5
496.6	23.45	853.5
496.7	23.55	853.4
496.8	23.65	853.4
496.9	23.75	853.3
497	23.85	853.3
497.1	23.95	853.3
497.2	24.05	853.2
497.3	24.15	853.2
497.4	24.25	853.1
497.5	24.35	853.1
497.6	24.45	853.1
497.7	24.55	853
497.8	24.65	853
497.9	24.75	852.9
498	24.85	852.9
498.1	24.95	852.8
498.2	25.05	852.8
498.3	25.15	852.8
498.4	25.25	852.7
498.5	25.35	852.7
498.6	25.45	852.6
498.7	25.55	852.6
498.8	25.65	852.5
498.9	25.75	852.5
499	25.85	852.5
499.1	25.95	852.4
499.2	26.05	852.4
499.3	26.15	852.3
499.4	26.25	852.3
499.5	26.35	852.3
499.6	26.45	852.2
499.7	26.55	852.2
499.8	26.65	852.1
499.9	26.75	852.1
500	26.85	852
500.1	26.95	852
500.2	27.05	852
500.3	27.15	851.9
500.4	27.25	851.9
500.5	27.36	851.8
500.6	27.46	851.8
500.7	27.56	851.8
500.8	27.66	851.7
500.9	27.76	851.7
501	27.86	851.6
501.1	27.96	851.6
501.2	28.06	851.5
501.3	28.16	851.5
501.4	28.26	851.5
501.5	28.36	851.4
501.6	28.46	851.4
501.7	28.56	851.3
501.8	28.66	851.3
501.9	28.76	851.2
502	28.86	851.2
502.1	28.96	851.2
502.2	29.06	851.1
502.3	29.16	851.1
502.4	29.26	851
502.5	29.36	851
502.6	29.46	851
502.7	29.56	850.9
502.8	29.66	850.9
502.9	29.76	850.8
503	29.86	850.8
503.1	29.96	850.7
503.2	30.06	850.7
503.3	30.16	850.7
503.4	30.26	850.6
503.5	30.36	850.6
503.6	30.46	850.5
503.7	30.56	850.5
503.8	30.66	850.5
503.9	30.76	850.4
504	30.86	850.4
504.1	30.96	850.3
504.2	31.06	850.3
504.3	31.16	850.2
504.4	31.26	850.2
504.5	31.36	850.2
504.6	31.46	850.1
504.7	31.56	850.1
504.8	31.66	850
504.9	31.76	850
505	31.86	850
505.1	31.96	849.9
505.2	32.06	849.9
505.3	32.16	849.8
505.4	32.26	849.8
505.5	32.37	849.7
505.6	32.47	849.7
505.7	32.57	849.7
505.8	32.67	849.6
505.9	32.77	849.6
506	32.87	849.5
506.1	32.97	849.5
506.2	33.07	849.5
506.3	33.17	849.4
506.4	33.27	849.4
506.5	33.37	849.3
506.6	33.47	849.3
506.7	33.57	849.2
506.8	33.67	849.2
506.9	33.77	849.2
507	33.87	849.1
507.1	33.97	849.1
507.2	34.07	849
507.3	34.17	849
507.4	34.27	849
507.5	34.37	848.9
507.6	34.47	848.9
507.7	34.57	848.8
507.8	34.67	848.8
507.9	34.77	848.7
508	34.87	848.7
508.1	34.97	848.7
508.2	35.07	848.6
508.3	35.17	848.6
508.4	35.27	848.5
508.5	35.37	848.5
508.6	35.47	848.5
508.7	35.57	848.4
508.8	35.67	848.4
508.9	35.77	848.3
509	35.87	848.3
509.1	35.97	848.2
509.2	36.07	848.2
509.3	36.17	848.2
509.4	36.27	848.1
509.5	36.37	848.1
509.6	36.47	848
509.7	36.57	848
509.8	36.67	848
509.9	36.77	847.9
510	36.87	847.9
510.1	36.97	847.8
510.2	37.07	847.8
510.3	37.17	847.7
510.4	37.27	847.7
510.5	37.38	847.7
510.6	37.48	847.6
510.7	37.58	847.6
510.8	37.68	847.5
510.9	37.78	847.5
511	37.88	847.5
511.1	37.98	847.4
511.2	38.08	847.4
511.3	38.18	847.3
511.4	38.28	847.3
511.5	38.38	847.3
511.6	38.48	847.2
511.7	38.58	847.2
511.8	38.68	847.1
511.9	38.78	847.1
512	38.88	847
512.1	38.98	847
512.2	39.08	847
512.3	39.18	846.9
512.4	39.28	846.9
512.5	39.38	846.8
512.6	39.48	846.8
512.7	39.58	846.8
512.8	39.68	846.7
512.9	39.78	846.7
513	39.88	846.6
513.1	39.98	846.6
513.2	40.08	846.5
513.3	40.18	846.5
513.4	40.28	846.5
513.5	40.38	846.4
513.6	40.48	846.4
513.7	40.58	846.3
513.8	40.68	846.3
513.9	40.78	846.3
514	40.88	846.2
514.1	40.98	846.2
514.2	41.08	846.1
514.3	41.18	846.1
514.4	41.28	846.1
514.5	41.38	846
514.6	41.48	846
514.7	41.58	845.9
514.8	41.68	845.9
514.9	41.78	845.8
515	41.88	845.8
515.1	41.98	845.8
515.2	42.08	845.7
515.3	42.18	845.7
515.4	42.28	845.6
515.5	42.38	845.6
515.6	42.49	845.6
515.7	42.59	845.5
515.8	42.69	845.5
515.9	42.79	845.4
516	42.89	845.4
516.1	42.99	845.4
516.2	43.09	845.3
516.3	43.19	845.3
516.4	43.29	845.2
516.5	43.39	845.2
516.6	43.49	845.2
516.7	43.59	845.1
516.8	43.69	845.1
516.9	43.79	845
517	43.89	845
517.1	43.99	844.9
517.2	44.09	844.9
517.3	44.19	844.9
517.4	44.29	844.8
517.5	44.39	844.8
517.6	44.49	844.7
517.7	44.59	844.7
517.8	44.69	844.7
517.9	44.79	844.6
518	44.89	844.6
518.1	44.99	844.5
518.2	45.09	844.5
518.3	45.19	844.5
518.4	45.29	844.4
518.5	45.39	844.4
518.6	45.49	844.3
518.7	45.59	844.3
518.8	45.69	844.3
518.9	45.79	844.2
519	45.89	844.2
519.1	45.99	844.1
519.2	46.09	844.1
519.3	46.19	844
519.4	46.29	844
519.5	46.39	844
519.6	46.49	843.9
519.7	46.59	843.9
519.8	46.69	843.8
519.9	46.79	843.8
520	46.89	843.8
520.1	46.99	843.7
520.2	47.09	843.7
520.3	47.19	843.6
520.4	47.29	843.6
520.5	47.39	843.6
520.6	47.5	843.5
520.7	47.6	843.5
520.8	47.7	843.4
520.9	47.8	843.4
521	47.9	843.4
521.1	48	843.3
521.2	48.1	843.3
521.3	48.2	843.2
521.4	48.3	843.2
521.5	48.4	843.1
521.6	48.5	843.1
521.7	48.6	843.1
521.8	48.7	843
521.9	48.8	843
522	48.9	842.9
522.1	49	842.9
522.2	49.1	842.9
522.3	49.2	842.8
522.4	49.3	842.8
522.5	49.4	842.7
522.6	49.5	842.7
522.7	49.6	842.7
522.8	49.7	842.6
522.9	49.8	842.6
523	49.9	842.5
523.1	50	842.5
523.2	0.001	0.004142
523.3	0.1012	0.4205
523.4	0.2014	0.8396
523.5	0.3016	1.262
523.6	0.4018	1.686
523.7	0.502	2.114
523.8	0.6022	2.545
523.9	0.7024	2.979
524	0.8026	3.416
524.1	0.9028	3.856
524.2	1.003	4.3
524.3	1.103	4.747
524.4	1.203	5.198
524.5	1.304	5.653
524.6	1.404	6.111
524.7	1.504	6.573
524.8	1.604	7.039
524.9	1.704	7.509
525	1.805	7.983
525.1	1.905	8.462
525.2	2.005	8.945
525.3	2.105	9.433
525.4	2.205	9.926
525.5	2.306	10.42
525.6	2.406	10.93
525.7	2.506	11.43
525.8	2.606	11.95
525.9	2.706	12.47
526	2.807	12.99
526.1	2.907	13.52
526.2	3.007	14.06
526.3	3.107	14.6
526.4	3.207	15.15
526.5	3.308	15.71
526.6	3.408	16.27
526.7	3.508	16.85
526.8	3.608	17.43
526.9	3.708	18.01
527	3.809	18.61
527.1	3.909	19.22
527.2	4.009	19.83
527.3	4.109	20.46
527.4	4.209	21.1
527.5	4.31	792.5
527.6	4.41	792.4
527.7	4.51	792.4
527.8	4.61	792.3
527.9	4.71	792.3
528	4.811	792.2
528.1	4.911	792.2
528.2	5.011	792.2
528.3	5.111	792.1
528.4	5.211	792.1
528.5	5.312	792.1
528.6	5.412	792
528.7	5.512	792
528.8	5.612	791.9
528.9	5.712	791.9
529	5.813	791.9
529.1	5.913	791.8
529.2	6.013	791.8
529.3	6.113	791.8
529.4	6.213	791.7
529.5	6.313	791.7
529.6	6.414	791.6
529.7	6.514	791.6
529.8	6.614	791.6
529.9	6.714	791.5
530	6.814	791.5
530.1	6.915	791.5
530.2	7.015	791.4
530.3	7.115	791.4
530.4	7.215	791.3
530.5	7.315	791.3
530.6	7.416	791.3
530.7	7.516	791.2
530.8	7.616	791.2
530.9	7.716	791.2
531	7.816	791.1
531.1	7.917	791.1
531.2	8.017	791
531.3	8.117	791
531.4	8.217	791
531.5	8.317	790.9
531.6	8.418	790.9
531.7	8.518	790.9
531.8	8.618	790.8
531.9	8.718	790.8
532	8.818	790.7
532.1	8.919	790.7
532.2	9.019	790.7
532.3	9.119	790.6
532.4	9.219	790.6
532.5	9.319	790.6
532.6	9.42	790.5
532.7	9.52	790.5
532.8	9.62	790.4
532.9	9.72	790.4
533	9.82	790.4
533.1	9.921	790.3
533.2	10.02	790.3
533.3	10.12	790.3
533.4	10.22	790.2
533.5	10.32	790.2
533.6	10.42	790.1
533.7	10.52	790.1
533.8	10.62	790.1
533.9	10.72	790
534	10.82	790
534.1	10.92	790
534.2	11.02	789.9
534.3	11.12	789.9
534.4	11.22	789.8
534.5	11.32	789.8
534.6	11.42	789.8
534.7	11.52	789.7
534.8	11.62	789.7
534.9	11.72	789.7
535	11.82	789.6
535.1	11.92	789.6
535.2	12.02	789.6
535.3	12.13	789.5
535.4	12.23	789.5
535.5	12.33	789.4
535.6	12.43	789.4
535.7	12.53	789.4
535.8	12.63	789.3
535.9	12.73	789.3
536	12.83	789.3
536.1	12.93	789.2
536.2	13.03	789.2
536.3	13.13	789.1
536.4	13.23	789.1
536.5	13.33	789.1
536.6	13.43	789
536.7	13.53	789
536.8	13.63	789
536.9	13.73	788.9
537	13.83	788.9
537.1	13.93	788.9
537.2	14.03	788.8
537.3	14.13	788.8
537.4	14.23	788.7
537.5	14.33	788.7
537.6	14.43	788.7
537.7	14.53	788.6
537.8	14.63	788.6
537.9	14.73	788.6
538	14.83	788.5
538.1	14.93	788.5
538.2	15.03	788.4
538.3	15.13	788.4
538.4	15.23	788.4
538.5	15.33	788.3
538.6	15.43	788.3
538.7	15.53	788.3
538.8	15.63	788.2
538.9	15.73	788.2
539	15.83	788.2
539.1	15.93	788.1
539.2	16.03	788.1
539.3	16.13	788
539.4	16.23	788
539.5	16.33	788
539.6	16.43	787.9
539.7	16.53	787.9
539.8	16.63	787.9
539.9	16.73	787.8
540	16.83	787.8
540.1	16.93	787.8
540.2	17.03	787.7
540.3	17.13	787.7
540.4	17.24	787.6
540.5	17.34	787.6
540.6	17.44	787.6
540.7	17.54	787.5
540.8	17.64	787.5
540.9	17.74	787.5
541	17.84	787.4
541.1	17.94	787.4
541.2	18.04	787.4
541.3	18.14	787.3
541.4	18.24	787.3
541.5	18.34	787.3
541.6	18.44	787.2
541.7	18.54	787.2
541.8	18.64	787.1
541.9	18.74	787.1
542	18.84	787.1
542.1	18.94	787
542.2	19.04	787
542.3	19.14	787
542.4	19.24	786.9
542.5	19.34	786.9
542.6	19.44	786.9
542.7	19.54	786.8
542.8	19.64	786.8
542.9	19.74	786.7
543	19.84	786.7
543.1	19.94	786.7
543.2	20.04	786.6
543.3	20.14	786.6
543.4	20.24	786.6
543.5	20.34	786.5
543.6	20.44	786.5
543.7	20.54	786.5
543.8	20.64	786.4
543.9	20.74	786.4
544	20.84	786.4
544.1	20.94	786.3
544.2	21.04	786.3
544.3	21.14	786.2
544.4	21.24	786.2
544.5	21.34	786.2
544.6	21.44	786.1
544.7	21.54	786.1
544.8	21.64	786.1
544.9	21.74	786
545	21.84	786
545.1	21.94	786
545.2	22.04	785.9
545.3	22.14	785.9
545.4	22.25	785.9
545.5	22.35	785.8
545.6	22.45	785.8
545.7	22.55	785.8
545.8	22.65	785.7
545.9	22.75	785.7
546	22.85	785.6
546.1	22.95	785.6
546.2	23.05	785.6
546.3	23.15	785.5
546.4	23.25	785.5
546.5	23.35	785.5
546.6	23.45	785.4
546.7	23.55	785.4
546.8	23.65	785.4
546.9	23.75	785.3
547	23.85	785.3
547.1	23.95	785.3
547.2	24.05	785.2
547.3	24.15	785.2
547.4	24.25	785.2
547.5	24.35	785.1
547.6	24.45	785.1
547.7	24.55	785
547.8	24.65	785
547.9	24.75	785
548	24.85	784.9
548.1	24.95	784.9
548.2	25.05	784.9
548.3	25.15	784.8
548.4	25.25	784.8
548.5	25.35	784.8
548.6	25.45	784.7
548.7	25.55	784.7
548.8	25.65	784.7
548.9	25.75	784.6
549	25.85	784.6
549.1	25.95	784.6
549.2	26.05	784.5
549.3	26.15	784.5
549.4	26.25	784.5
549.5	26.35	784.4
549.6	26.45	784.4
549.7	26.55	784.3
549.8	26.65	784.3
549.9	26.75	784.3
550	26.85	784.2
550.1	26.95	784.2
550.2	27.05	784.2
550.3	27.15	784.1
550.4	27.25	784.1
550.5	27.36	784.1
550.6	27.46	784
550.7	27.56	784
550.8	27.66	784
550.9	27.76	783.9
551	27.86	783.9
551.1	27.96	783.9
551.2	28.06	783.8
551.3	28.16	783.8
551.4	28.26	783.8
551.5	28.36	783.7
551.6	28.46	783.7
551.7	28.56	783.7
551.8	28.66	783.6
551.9	28.76	783.6
552	28.86	783.6
552.1	28.96	783.5
552.2	29.06	783.5
552.3	29.16	783.4
552.4	29.26	783.4
552.5	29.36	783.4
552.6	29.46	783.3
552.7	29.56	783.3
552.8	29.66	783.3
552.9	29.76	783.2
553	29.86	783.2
553.1	29.96	783.2
553.2	30.06	783.1
553.3	30.16	783.1
553.4	30.26	783.1
553.5	30.36	783
553.6	30.46	783
553.7	30.56	783
553.8	30.66	782.9
553.9	30.76	782.9
554	30.86	782.9
554.1	30.96	782.8
554.2	31.06	782.8
554.3	31.16	782.8
554.4	31.26	782.7
554.5	31.36	782.7
554.6	31.46	782.7
554.7	31.56	782.6
554.8	31.66	782.6
554.9	31.76	782.6
555	31.86	782.5
555.1	31.96	782.5
555.2	32.06	782.5
555.3	32.16	782.4
555.4	32.26	782.4
555.5	32.37	782.4
555.6	32.47	782.3
555.7	32.57	782.3
555.8	32.67	782.3
555.9	32.77	782.2
556	32.87	782.2
556.1	32.97	782.1
556.2	33.07	782.1
556.3	33.17	782.1
556.4	33.27	782
556.5	33.37	782
556.6	33.47	782
556.7	33.57	781.9
556.8	33.67	781.9
556.9	33.77	781.9
557	33.87	781.8
557.1	33.97	781.8
557.2	34.07	781.8
557.3	34.17	781.7
557.4	34.27	781.7
557.5	34.37	781.7
557.6	34.47	781.6
557.7	34.57	781.6
557.8	34.67	781.6
557.9	34.77	781.5
558	34.87	781.5
558.1	34.97	781.5
558.2	35.07	781.4
558.3	35.17	781.4
558.4	35.27	781.4
558.5	35.37	781.3
558.6	35.47	781.3
558.7	35.57	781.3
558.8	35.67	781.2
558.9	35.77	781.2
559	35.87	781.2
559.1	35.97	781.1
559.2	36.07	781.1
559.3	36.17	781.1
559.4	36.27	781
559.5	36.37	781
559.6	36.47	781
559.7	36.57	780.9
559.8	36.67	780.9
559.9	36.77	780.9
560	36.87	780.8
560.1	36.97	780.8
560.2	37.07	780.8
560.3	37.17	780.7
560.4	37.27	780.7
560.5	37.38	780.7
560.6	37.48	780.6
560.7	37.58	780.6
560.8	37.68	780.6
560.9	37.78	780.5
561	37.88	780.5
561.1	37.98	780.5
561.2	38.08	780.4
561.3	38.18	780.4
561.4	38.28	780.4
561.5	38.38	780.3
561.6	38.48	780.3
561.7	38.58	780.3
561.8	38.68	780.2
561.9	38.78	780.2
562	38.88	780.2
562.1	38.98	780.1
562.2	39.08	780.1
562.3	39.18	780.1
562.4	39.28	780
562.5	39.38	780
562.6	39.48	780
562.7	39.58	779.9
562.8	39.68	779.9
562.9	39.78	779.9
563	39.88	779.8
563.1	39.98	779.8
563.2	40.08	779.8
563.3	40.18	779.7
563.4	40.28	779.7
563.5	40.38	779.7
563.6	40.48	779.6
563.7	40.58	779.6
563.8	40.68	779.6
563.9	40.78	779.5
564	40.88	779.5
564.1	40.98	779.5
564.2	41.08	779.5
564.3	41.18	779.4
564.4	41.28	779.4
564.5	41.38	779.4
564.6	41.48	779.3
564.7	41.58	779.3
564.8	41.68	779.3
564.9	41.78	779.2
565	41.88	779.2
565.1	41.98	779.2
565.2	42.08	779.1
565.3	42.18	779.1
565.4	42.28	779.1
565.5	42.38	779
565.6	42.49	779
565.7	42.59	779
565.8	42.69	778.9
565.9	42.79	778.9
566	42.89	778.9
566.1	42.99	778.8
566.2	43.09	778.8
566.3	43.19	778.8
566.4	43.29	778.7
566.5	43.39	778.7
566.6	43.49	778.7
566.7	43.59	778.6
566.8	43.69	778.6
566.9	43.79	778.6
567	43.89	778.5
567.1	43.99	778.5
567.2	44.09	778.5
567.3	44.19	778.4
567.4	44.29	778.4
567.5	44.39	778.4
567.6	44.49	778.3
567.7	44.59	778.3
567.8	44.69	778.3
567.9	44.79	778.2
568	44.89	778.2
568.1	44.99	778.2
568.2	45.09	778.2
568.3	45.19	778.1
568.4	45.29	778.1
568.5	45.39	778.1
568.6	45.49	778
568.7	45.59	778
568.8	45.69	778
568.9	45.79	777.9
569	45.89	777.9
569.1	45.99	777.9
569.2	46.09	777.8
569.3	46.19	777.8
569.4	46.29	777.8
569.5	46.39	777.7
569.6	46.49	777.7
569.7	46.59	777.7
569.8	46.69	777.6
569.9	46.79	777.6
570	46.89	777.6
570.1	46.99	777.5
570.2	47.09	777.5
570.3	47.19	777.5
570.4	47.29	777.4
570.5	47.39	777.4
570.6	47.5	777.4
570.7	47.6	777.4
570.8	47.7	777.3
570.9	47.8	777.3
571	47.9	777.3
571.1	48	777.2
571.2	48.1	777.2
571.3	48.2	777.2
571.4	48.3	777.1
571.5	48.4	777.1
571.6	48.5	777.1
571.7	48.6	777
571.8	48.7	777
571.9	48.8	777
572	48.9	776.9
572.1	49	776.9
572.2	49.1	776.9
572.3	49.2	776.8
572.4	49.3	776.8
572.5	49.4	776.8
572.6	49.5	776.8
572.7	49.6	776.7
572.8	49.7	776.7
572.9	49.8	776.7
573	49.9	776.6
573.1	50	776.6
573.2	0.001	0.00378
573.3	0.1012	0.3834
573.4	0.2014	0.7648
573.5	0.3016	1.148
573.6	0.4018	1.533
573.7	0.502	1.919
573.8	0.6022	2.308
573.9	0.7024	2.698
574	0.8026	3.09
574.1	0.9028	3.484
574.2	1.003	3.88
574.3	1.103	4.278
574.4	1.203	4.678
574.5	1.304	5.08
574.6	1.404	5.484
574.7	1.504	5.891
574.8	1.604	6.299
574.9	1.704	6.709
575	1.805	7.122
575.1	1.905	7.537
575.2	2.005	7.954
575.3	2.105	8.374
575.4	2.205	8.796
575.5	2.306	9.22
575.6	2.406	9.647
575.7	2.506	10.08
575.8	2.606	10.51
575.9	2.706	10.94
576	2.807	11.38
576.1	2.907	11.82
576.2	3.007	12.26
576.3	3.107	12.71
576.4	3.207	13.15
576.5	3.308	13.6
576.6	3.408	14.06
576.7	3.508	14.51
576.8	3.608	14.97
576.9	3.708	15.44
577	3.809	15.9
577.1	3.909	16.37
577.2	4.009	16.84
577.3	4.109	17.32
577.4	4.209	17.8
577.5	4.31	18.28
577.6	4.41	18.77
577.7	4.51	19.26
577.8	4.61	19.75
577.9	4.71	20.25
578	4.811	20.75
578.1	4.911	21.25
578.2	5.011	21.76
578.3	5.111	22.28
578.4	5.211	22.79
578.5	5.312	23.32
578.6	5.412	23.84
578.7	5.512	24.37
578.8	5.612	24.91
578.9	5.712	25.45
579	5.813	25.99
579.1	5.913	26.54
579.2	6.013	27.1
579.3	6.113	27.66
579.4	6.213	28.23
579.5	6.313	28.8
579.6	6.414	29.37
579.7	6.514	29.96
579.8	6.614	30.55
579.9	6.714	31.14
580	6.814	31.74
580.1	6.915	32.35
580.2	7.015	32.96
580.3	7.115	33.59
580.4	7.215	34.21
580.5	7.315	34.85
580.6	7.416	35.49
580.7	7.516	36.14
580.8	7.616	36.8
580.9	7.716	37.47
581	7.816	38.15
581.1	7.917	38.83
581.2	8.017	39.53
581.3	8.117	40.23
581.4	8.217	40.95
581.5	8.317	41.67
581.6	8.418	42.41
581.7	8.518	43.16
581.8	8.618	43.91
581.9	8.718	44.69
582	8.818	45.47
582.1	8.919	46.27
582.2	9.019	47.08
582.3	9.119	47.9
582.4	9.219	48.74
582.5	9.319	49.6
582.6	9.42	50.48
582.7	9.52	51.37
582.8	9.62	52.28
582.9	9.72	53.22
583	9.82	54.17
583.1	9.921	691.1
583.2	10.02	691
583.3	10.12	691.1
583.4	10.22	691.1
583.5	10.32	691.1
583.6	10.42	691.1
583.7	10.52	691.1
583.8	10.62	691.1
583.9	10.72	691.1
584	10.82	691.2
584.1	10.92	691.2
584.2	11.02	691.2
584.3	11.12	691.2
584.4	11.22	691.2
584.5	11.32	691.2
584.6	11.42	691.2
584.7	11.52	691.2
584.8	11.62	691.3
584.9	11.72	691.3
585	11.82	691.3
585.1	11.92	691.3
585.2	12.02	691.3
585.3	12.13	691.3
585.4	12.23	691.3
585.5	12.33	691.3
585.6	12.43	691.4
585.7	12.53	691.4
585.8	12.63	691.4
585.9	12.73	691.4
586	12.83	691.4
586.1	12.93	691.4
586.2	13.03	691.4
586.3	13.13	691.4
586.4	13.23	691.4
586.5	13.33	691.5
586.6	13.43	691.5
586.7	13.53	691.5
586.8	13.63	691.5
586.9	13.73	691.5
587	13.83	691.5
587.1	13.93	691.5
587.2	14.03	691.5
587.3	14.13	691.5
587.4	14.23	691.6
587.5	14.33	691.6
587.6	14.43	691.6
587.7	14.53	691.6
587.8	14.63	691.6
587.9	14.73	691.6
588	14.83	691.6
588.1	14.93	691.6
588.2	15.03	691.6
588.3	15.13	691.7
588.4	15.23	691.7
588.5	15.33	691.7
588.6	15.43	691.7
588.7	15.53	691.7
588.8	15.63	691.7
588.9	15.73	691.7
589	15.83	691.7
589.1	15.93	691.7
589.2	16.03	691.7
589.3	16.13	691.8
589.4	16.23	691.8
589.5	16.33	691.8
589.6	16.43	691.8
589.7	16.53	691.8
589.8	16.63	691.8
589.9	16.73	691.8
590	16.83	691.8
590.1	16.93	691.8
590.2	17.03	691.8
590.3	17.13	691.9
590.4	17.24	691.9
590.5	17.34	691.9
590.6	17.44	691.9
590.7	17.54	691.9
590.8	17.64	691.9
590.9	17.74	691.9
591	17.84	691.9
591.1	17.94	691.9
591.2	18.04	691.9
591.3	18.14	692
591.4	18.24	692
591.5	18.34	692
591.6	18.44	692
591.7	18.54	692
591.8	18.64	692
591.9	18.74	692
592	18.84	692
592.1	18.94	692
592.2	19.04	692
592.3	19.14	692
592.4	19.24	692
592.5	19.34	692.1
592.6	19.44	692.1
592.7	19.54	692.1
592.8	19.64	692.1
592.9	19.74	692.1
593	19.84	692.1
593.1	19.94	692.1
593.2	20.04	692.1
593.3	20.14	692.1
593.4	20.24	692.1
593.5	20.34	692.1
593.6	20.44	692.2
593.7	20.54	692.2
593.8	20.64	692.2
593.9	20.74	692.2
594	20.84	692.2
594.1	20.94	692.2
594.2	21.04	692.2
594.3	21.14	692.2
594.4	21.24	692.2
594.5	21.34	692.2
594.6	21.44	692.2
594.7	21.54	692.2
594.8	21.64	692.2
594.9	21.74	692.3
595	21.84	692.3
595.1	21.94	692.3
595.2	22.04	692.3
595.3	22.14	692.3
595.4	22.25	692.3
595.5	22.35	692.3
595.6	22.45	692.3
595.7	22.55	692.3
595.8	22.65	692.3
595.9	22.75	692.3
596	22.85	692.3
596.1	22.95	692.3
596.2	23.05	692.4
596.3	23.15	692.4
596.4	23.25	692.4
596.5	23.35	692.4
596.6	23.45	692.4
596.7	23.55	692.4
596.8	23.65	692.4
596.9	23.75	692.4
597	23.85	692.4
597.1	23.95	692.4
597.2	24.05	692.4
597.3	24.15	692.4
597.4	24.25	692.4
597.5	24.35	692.4
597.6	24.45	692.5
597.7	24.55	692.5
597.8	24.65	692.5
597.9	24.75	692.5
598	24.85	692.5
598.1	24.95	692.5
598.2	25.05	692.5
598.3	25.15	692.5
598.4	25.25	692.5
598.5	25.35	692.5
598.6	25.45	692.5
598.7	25.55	692.5
598.8	25.65	692.5
598.9	25.75	692.5
599	25.85	692.5
599.1	25.95	692.6
599.2	26.05	692.6
599.3	26.15	692.6
599.4	26.25	692.6
599.5	26.35	692.6
599.6	26.45	692.6
599.7	26.55	692.6
599.8	26.65	692.6
599.9	26.75	692.6
600	26.85	692.6
600.1	26.95	692.6
600.2	27.05	692.6
600.3	27.15	692.6
600.4	27.25	692.6
600.5	27.36	692.6
600.6	27.46	692.6
600.7	27.56	692.6
600.8	27.66	692.7
600.9	27.76	692.7
601	27.86	692.7
601.1	27.96	692.7
601.2	28.06	692.7
601.3	28.16	692.7
601.4	28.26	692.7
601.5	28.36	692.7
601.6	28.46	692.7
601.7	28.56	692.7
601.8	28.66	692.7
601.9	28.76	692.7
602	28.86	692.7
602.1	28.96	692.7
602.2	29.06	692.7
602.3	29.16	692.7
602.4	29.26	692.7
602.5	29.36	692.8
602.6	29.46	692.8
602.7	29.56	692.8
602.8	29.66	692.8
602.9	29.76	692.8
603	29.86	692.8
603.1	29.96	692.8
603.2	30.06	692.8
603.3	30.16	692.8
603.4	30.26	692.8
603.5	30.36	692.8
603.6	30.46	692.8
603.7	30.56	692.8
603.8	30.66	692.8
603.9	30.76	692.8
604	30.86	692.8
604.1	30.96	692.8
604.2	31.06	692.8
604.3	31.16	692.8
604.4	31.26	692.8
604.5	31.36	692.9
604.6	31.46	692.9
604.7	31.56	692.9
604.8	31.66	692.9
604.9	31.76	692.9
605	31.86	692.9
605.1	31.96	692.9
605.2	32.06	692.9
605.3	32.16	692.9
605.4	32.26	692.9
605.5	32.37	692.9
605.6	32.47	692.9
605.7	32.57	692.9
605.8	32.67	692.9
605.9	32.77	692.9
606	32.87	692.9
606.1	32.97	692.9
606.2	33.07	692.9
606.3	33.17	692.9
606.4	33.27	692.9
606.5	33.37	692.9
606.6	33.47	692.9
606.7	33.57	693
606.8	33.67	693
606.9	33.77	693
607	33.87	693
607.1	33.97	693
607.2	34.07	693
607.3	34.17	693
607.4	34.27	693
607.5	34.37	693
607.6	34.47	693
607.7	34.57	693
607.8	34.67	693
607.9	34.77	693
608	34.87	693
608.1	34.97	693
608.2	35.07	693
608.3	35.17	693
608.4	35.27	693
608.5	35.37	693
608.6	35.47	693
608.7	35.57	693
608.8	35.67	693
608.9	35.77	693
609	35.87	693
609.1	35.97	693.1
609.2	36.07	693.1
609.3	36.17	693.1
609.4	36.27	693.1
609.5	36.37	693.1
609.6	36.47	693.1
609.7	36.57	693.1
609.8	36.67	693.1
609.9	36.77	693.1
610	36.87	693.1
610.1	36.97	693.1
610.2	37.07	693.1
610.3	37.17	693.1
610.4	37.27	693.1
610.5	37.38	693.1
610.6	37.48	693.1
610.7	37.58	693.1
610.8	37.68	693.1
610.9	37.78	693.1
611	37.88	693.1
611.1	37.98	693.1
611.2	38.08	693.1
611.3	38.18	693.1
611.4	38.28	693.1
611.5	38.38	693.1
611.6	38.48	693.1
611.7	38.58	693.1
611.8	38.68	693.1
611.9	38.78	693.2
612	38.88	693.2
612.1	38.98	693.2
612.2	39.08	693.2
612.3	39.18	693.2
612.4	39.28	693.2
612.5	39.38	693.2
612.6	39.48	693.2
612.7	39.58	693.2
612.8	39.68	693.2
612.9	39.78	693.2
613	39.88	693.2
613.1	39.98	693.2
613.2	40.08	693.2
613.3	40.18	693.2
613.4	40.28	693.2
613.5	40.38	693.2
613.6	40.48	693.2
613.7	40.58	693.2
613.8	40.68	693.2
613.9	40.78	693.2
614	40.88	693.2
614.1	40.98	693.2
614.2	41.08	693.2
614.3	41.18	693.2
614.4	41.28	693.2
614.5	41.38	693.2
614.6	41.48	693.2
614.7	41.58	693.2
614.8	41.68	693.2
614.9	41.78	693.2
615	41.88	693.2
615.1	41.98	693.2
615.2	42.08	693.2
615.3	42.18	693.3
615.4	42.28	693.3
615.5	42.38	693.3
615.6	42.49	693.3
615.7	42.59	693.3
615.8	42.69	693.3
615.9	42.79	693.3
616	42.89	693.3
616.1	42.99	693.3
616.2	43.09	693.3
616.3	43.19	693.3
616.4	43.29	693.3
616.5	43.39	693.3
616.6	43.49	693.3
616.7	43.59	693.3
616.8	43.69	693.3
616.9	43.79	693.3
617	43.89	693.3
617.1	43.99	693.3
617.2	44.09	693.3
617.3	44.19	693.3
617.4	44.29	693.3
617.5	44.39	693.3
617.6	44.49	693.3
617.7	44.59	693.3
617.8	44.69	693.3
617.9	44.79	693.3
618	44.89	693.3
618.1	44.99	693.3
618.2	45.09	693.3
618.3	45.19	693.3
618.4	45.29	693.3
618.5	45.39	693.3
618.6	45.49	693.3
618.7	45.59	693.3
618.8	45.69	693.3
618.9	45.79	693.3
619	45.89	693.3
619.1	45.99	693.3
619.2	46.09	693.3
619.3	46.19	693.3
619.4	46.29	693.3
619.5	46.39	693.3
619.6	46.49	693.3
619.7	46.59	693.4
619.8	46.69	693.4
619.9	46.79	693.4
620	46.89	693.4
620.1	46.99	693.4
620.2	47.09	693.4
620.3	47.19	693.4
620.4	47.29	693.4
620.5	47.39	693.4
620.6	47.5	693.4
620.7	47.6	693.4
620.8	47.7	693.4
620.9	47.8	693.4
621	47.9	693.4
621.1	48	693.4
621.2	48.1	693.4
621.3	48.2	693.4
621.4	48.3	693.4
621.5	48.4	693.4
621.6	48.5	693.4
621.7	48.6	693.4
621.8	48.7	693.4
621.9	48.8	693.4
622	48.9	693.4
622.1	49	693.4
622.2	49.1	693.4
622.3	49.2	693.4
622.4	49.3	693.4
622.5	49.4	693.4
622.6	49.5	693.4
622.7	49.6	693.4
622.8	49.7	693.4
622.9	49.8	693.4
623	49.9	693.4
623.1	50	693.4
623.2	0.001	0.003477
623.3	0.1012	0.3524
623.4	0.2014	0.7025
623.5	0.3016	1.054
623.6	0.4018	1.406
623.7	0.502	1.759
623.8	0.6022	2.114
623.9	0.7024	2.47
624	0.8026	2.827
624.1	0.9028	3.185
624.2	1.003	3.544
624.3	1.103	3.905
624.4	1.203	4.267
624.5	1.304	4.63
624.6	1.404	4.994
624.7	1.504	5.36
624.8	1.604	5.726
624.9	1.704	6.095
625	1.805	6.464
625.1	1.905	6.835
625.2	2.005	7.207
625.3	2.105	7.58
625.4	2.205	7.955
625.5	2.306	8.331
625.6	2.406	8.709
625.7	2.506	9.088
625.8	2.606	9.468
625.9	2.706	9.85
626	2.807	10.23
626.1	2.907	10.62
626.2	3.007	11
626.3	3.107	11.39
626.4	3.207	11.78
626.5	3.308	12.17
626.6	3.408	12.56
626.7	3.508	12.96
626.8	3.608	13.35
626.9	3.708	13.75
627	3.809	14.15
627.1	3.909	14.55
627.2	4.009	14.95
627.3	4.109	15.35
627.4	4.209	15.76
627.5	4.31	16.17
627.6	4.41	16.57
627.7	4.51	16.99
627.8	4.61	17.4
627.9	4.71	17.81
628	4.811	18.23
628.1	4.911	18.64
628.2	5.011	19.06
628.3	5.111	19.49
628.4	5.211	19.91
628.5	5.312	20.33
628.6	5.412	20.76
628.7	5.512	21.19
628.8	5.612	21.62
628.9	5.712	22.05
629	5.813	22.49
629.1	5.913	22.93
629.2	6.013	23.36
629.3	6.113	23.81
629.4	6.213	24.25
629.5	6.313	24.69
629.6	6.414	25.14
629.7	6.514	25.59
629.8	6.614	26.04
629.9	6.714	26.5
630	6.814	26.96
630.1	6.915	27.41
630.2	7.015	27.88
630.3	7.115	28.34
630.4	7.215	28.81
630.5	7.315	29.27
630.6	7.416	29.75
630.7	7.516	30.22
630.8	7.616	30.7
630.9	7.716	31.17
631	7.816	31.66
631.1	7.917	32.14
631.2	8.017	32.63
631.3	8.117	33.12
631.4	8.217	33.61
631.5	8.317	34.1
631.6	8.418	34.6
631.7	8.518	35.1
631.8	8.618	35.61
631.9	8.718	36.11
632	8.818	36.62
632.1	8.919	37.13
632.2	9.019	37.65
632.3	9.119	38.17
632.4	9.219	38.69
632.5	9.319	39.22
632.6	9.42	39.74
632.7	9.52	40.28
632.8	9.62	40.81
632.9	9.72	41.35
633	9.82	41.89
633.1	9.921	42.44
633.2	10.02	42.99
633.3	10.12	43.54
633.4	10.22	44.1
633.5	10.32	44.66
633.6	10.42	45.22
633.7	10.52	45.79
633.8	10.62	46.36
633.9	10.72	46.94
634	10.82	47.52
634.1	10.92	48.11
634.2	11.02	48.69
634.3	11.12	49.29
634.4	11.22	49.88
634.5	11.32	50.49
634.6	11.42	51.09
634.7	11.52	51.7
634.8	11.62	52.32
634.9	11.72	52.94
635	11.82	53.57
635.1	11.92	54.2
635.2	12.02	54.83
635.3	12.13	55.47
635.4	12.23	56.12
635.5	12.33	56.77
635.6	12.43	57.43
635.7	12.53	58.09
635.8	12.63	58.76
635.9	12.73	59.43
636	12.83	60.11
636.1	12.93	60.8
636.2	13.03	61.49
636.3	13.13	62.19
636.4	13.23	62.9
636.5	13.33	63.61
636.6	13.43	64.33
636.7	13.53	65.05
636.8	13.63	65.78
636.9	13.73	66.52
637	13.83	67.27
637.1	13.93	68.02
637.2	14.03	68.78
637.3	14.13	69.55
637.4	14.23	70.33
637.5	14.33	71.12
637.6	14.43	71.91
637.7	14.53	72.72
637.8	14.63	73.53
637.9	14.73	74.35
638	14.83	75.18
638.1	14.93	76.02
638.2	15.03	76.87
638.3	15.13	77.73
638.4	15.23	78.6
638.5	15.33	79.48
638.6	15.43	80.37
638.7	15.53	81.28
638.8	15.63	82.19
638.9	15.73	83.12
639	15.83	84.06
639.1	15.93	85.01
639.2	16.03	85.98
639.3	16.13	86.96
639.4	16.23	87.95
639.5	16.33	88.96
639.6	16.43	89.98
639.7	16.53	91.02
639.8	16.63	92.07
639.9	16.73	93.14
640	16.83	94.23
640.1	16.93	95.34
640.2	17.03	96.46
640.3	17.13	97.6
640.4	17.24	98.77
640.5	17.34	99.95
640.6	17.44	101.2
640.7	17.54	102.4
640.8	17.64	103.6
640.9	17.74	104.9
641	17.84	106.2
641.1	17.94	107.5
641.2	18.04	108.9
641.3	18.14	110.3
641.4	18.24	111.7
641.5	18.34	113.2
641.6	18.44	114.6
641.7	18.54	116.2
641.8	18.64	117.7
641.9	18.74	119.3
642	18.84	121
642.1	18.94	122.7
642.2	19.04	124.4
642.3	19.14	126.2
642.4	19.24	128.1
642.5	19.34	130
642.6	19.44	131.9
642.7	19.54	134
642.8	19.64	136.1
642.9	19.74	138.3
643	19.84	140.6
643.1	19.94	143.1
643.2	20.04	145.6
643.3	20.14	148.2
643.4	20.24	151
643.5	20.34	154
643.6	20.44	157.2
643.7	20.54	160.6
643.8	20.64	164.2
643.9	20.74	168.2
644	20.84	172.6
644.1	20.94	177.5
644.2	21.04	183.1
644.3	21.14	189.8
644.4	21.24	198
644.5	21.34	209.6
644.6	21.44	438.2
644.7	21.54	444.9
644.8	21.64	450
644.9	21.74	454.3
645	21.84	458
645.1	21.94	461.2
645.2	22.04	464.2
645.3	22.14	466.8
645.4	22.25	469.3
645.5	22.35	471.6
645.6	22.45	473.7
645.7	22.55	475.7
645.8	22.65	477.6
645.9	22.75	479.4
646	22.85	481.1
646.1	22.95	482.7
646.2	23.05	484.2
646.3	23.15	485.7
646.4	23.25	487.1
646.5	23.35	488.5
646.6	23.45	489.8
646.7	23.55	491.1
646.8	23.65	492.3
646.9	23.75	493.5
647	23.85	494.6
647.1	23.95	495.8
647.2	24.05	496.8
647.3	24.15	497.9
647.4	24.25	498.9
647.5	24.35	499.9
647.6	24.45	500.9
647.7	24.55	501.8
647.8	24.65	502.7
647.9	24.75	503.6
648	24.85	504.5
648.1	24.95	505.4
648.2	25.05	506.2
648.3	25.15	507
648.4	25.25	507.8
648.5	25.35	508.6
648.6	25.45	509.4
648.7	25.55	510.2
648.8	25.65	510.9
648.9	25.75	511.6
649	25.85	512.3
649.1	25.95	513
649.2	26.05	513.7
649.3	26.15	514.4
649.4	26.25	515.1
649.5	26.35	515.7
649.6	26.45	516.4
649.7	26.55	517
649.8	26.65	517.6
649.9	26.75	518.2
650	26.85	518.8
650.1	26.95	519.4
650.2	27.05	520
650.3	27.15	520.6
650.4	27.25	521.2
650.5	27.36	521.7
650.6	27.46	522.3
650.7	27.56	522.8
650.8	27.66	523.4
650.9	27.76	523.9
651	27.86	524.4
651.1	27.96	524.9
651.2	28.06	525.4
651.3	28.16	525.9
651.4	28.26	526.4
651.5	28.36	526.9
651.6	28.46	527.4
651.7	28.56	527.9
651.8	28.66	528.4
651.9	28.76	528.8
652	28.86	529.3
652.1	28.96	529.7
652.2	29.06	530.2
652.3	29.16	530.6
652.4	29.26	531.1
652.5	29.36	531.5
652.6	29.46	531.9
652.7	29.56	532.4
652.8	29.66	532.8
652.9	29.76	533.2
653	29.86	533.6
653.1	29.96	534
653.2	30.06	534.4
653.3	30.16	534.8
653.4	30.26	535.2
653.5	30.36	535.6
653.6	30.46	536
653.7	30.56	536.4
653.8	30.66	536.8
653.9	30.76	537.1
654	30.86	537.5
654.1	30.96	537.9
654.2	31.06	538.3
654.3	31.16	538.6
654.4	31.26	539
654.5	31.36	539.3
654.6	31.46	539.7
654.7	31.56	540
654.8	31.66	540.4
654.9	31.76	540.7
655	31.86	541.1
655.1	31.96	541.4
655.2	32.06	541.8
655.3	32.16	542.1
655.4	32.26	542.4
655.5	32.37	542.7
655.6	32.47	543.1
655.7	32.57	543.4
655.8	32.67	543.7
655.9	32.77	544
656	32.87	544.3
656.1	32.97	544.7
656.2	33.07	545
656.3	33.17	545.3
656.4	33.27	545.6
656.5	33.37	545.9
656.6	33.47	546.2
656.7	33.57	546.5
656.8	33.67	546.8
656.9	33.77	547.1
657	33.87	547.4
657.1	33.97	547.6
657.2	34.07	547.9
657.3	34.17	548.2
657.4	34.27	548.5
657.5	34.37	548.8
657.6	34.47	549.1
657.7	34.57	549.3
657.8	34.67	549.6
657.9	34.77	549.9
658	34.87	550.2
658.1	34.97	550.4
658.2	35.07	550.7
658.3	35.17	551
658.4	35.27	551.2
658.5	35.37	551.5
658.6	35.47	551.7
658.7	35.57	552
658.8	35.67	552.3
658.9	35.77	552.5
659	35.87	552.8
659.1	35.97	553
659.2	36.07	553.3
659.3	36.17	553.5
659.4	36.27	553.8
659.5	36.37	554
659.6	36.47	554.3
659.7	36.57	554.5
659.8	36.67	554.7
659.9	36.77	555
660	36.87	555.2
660.1	36.97	555.5
660.2	37.07	555.7
660.3	37.17	555.9
660.4	37.27	556.2
660.5	37.38	556.4
660.6	37.48	556.6
660.7	37.58	556.9
660.8	37.68	557.1
660.9	37.78	557.3
661	37.88	557.5
661.1	37.98	557.8
661.2	38.08	558
661.3	38.18	558.2
661.4	38.28	558.4
661.5	38.38	558.6
661.6	38.48	558.9
661.7	38.58	559.1
661.8	38.68	559.3
661.9	38.78	559.5
662	38.88	559.7
662.1	38.98	559.9
662.2	39.08	560.1
662.3	39.18	560.3
662.4	39.28	560.5
662.5	39.38	560.8
662.6	39.48	561
662.7	39.58	561.2
662.8	39.68	561.4
662.9	39.78	561.6
663	39.88	561.8
663.1	39.98	562
663.2	40.08	562.2
663.3	40.18	562.4
663.4	40.28	562.6
663.5	40.38	562.8
663.6	40.48	563
663.7	40.58	563.2
663.8	40.68	563.3
663.9	40.78	563.5
664	40.88	563.7
664.1	40.98	563.9
664.2	41.08	564.1
664.3	41.18	564.3
664.4	41.28	564.5
664.5	41.38	564.7
664.6	41.48	564.9
664.7	41.58	565
664.8	41.68	565.2
664.9	41.78	565.4
665	41.88	565.6
665.1	41.98	565.8
665.2	42.08	566
665.3	42.18	566.1
665.4	42.28	566.3
665.5	42.38	566.5
665.6	42.49	566.7
665.7	42.59	566.8
665.8	42.69	567
665.9	42.79	567.2
666	42.89	567.4
666.1	42.99	567.5
666.2	43.09	567.7
666.3	43.19	567.9
666.4	43.29	568.1
666.5	43.39	568.2
666.6	43.49	568.4
666.7	43.59	568.6
666.8	43.69	568.7
666.9	43.79	568.9
667	43.89	569.1
667.1	43.99	569.2
667.2	44.09	569.4
667.3	44.19	569.6
667.4	44.29	569.7
667.5	44.39	569.9
667.6	44.49	570.1
667.7	44.59	570.2
667.8	44.69	570.4
667.9	44.79	570.5
668	44.89	570.7
668.1	44.99	570.9
668.2	45.09	571
668.3	45.19	571.2
668.4	45.29	571.3
668.5	45.39	571.5
668.6	45.49	571.6
668.7	45.59	571.8
668.8	45.69	571.9
668.9	45.79	572.1
669	45.89	572.3
669.1	45.99	572.4
669.2	46.09	572.6
669.3	46.19	572.7
669.4	46.29	572.9
669.5	46.39	573
669.6	46.49	573.2
669.7	46.59	573.3
669.8	46.69	573.5
669.9	46.79	573.6
670	46.89	573.8
670.1	46.99	573.9
670.2	47.09	574
670.3	47.19	574.2
670.4	47.29	574.3
670.5	47.39	574.5
670.6	47.5	574.6
670.7	47.6	574.8
670.8	47.7	574.9
670.9	47.8	575
671	47.9	575.2
671.1	48	575.3
671.2	48.1	575.5
671.3	48.2	575.6
671.4	48.3	575.8
671.5	48.4	575.9
671.6	48.5	576
671.7	48.6	576.2
671.8	48.7	576.3
671.9	48.8	576.4
672	48.9	576.6
672.1	49	576.7
672.2	49.1	576.8
672.3	49.2	577
672.4	49.3	577.1
672.5	49.4	577.2
672.6	49.5	577.4
672.7	49.6	577.5
672.8	49.7	577.6
672.9	49.8	577.8
673	49.9	577.9
673.1	50	578
673.2	0.001	0.003219
673.3	0.1012	0.3261
673.4	0.2014	0.6498
673.5	0.3016	0.9741
673.6	0.4018	1.299
673.7	0.502	1.625
673.8	0.6022	1.952
673.9	0.7024	2.279
674	0.8026	2.607
674.1	0.9028	2.936
674.2	1.003	3.266
674.3	1.103	3.597
674.4	1.203	3.928
674.5	1.304	4.26
674.6	1.404	4.593
674.7	1.504	4.927
674.8	1.604	5.262
674.9	1.704	5.597
675	1.805	5.933
675.1	1.905	6.27
675.2	2.005	6.608
675.3	2.105	6.947
675.4	2.205	7.286
675.5	2.306	7.627
675.6	2.406	7.968
675.7	2.506	8.31
675.8	2.606	8.653
675.9	2.706	8.997
676	2.807	9.342
676.1	2.907	9.688
676.2	3.007	10.03
676.3	3.107	10.38
676.4	3.207	10.73
676.5	3.308	11.08
676.6	3.408	11.43
676.7	3.508	11.78
676.8	3.608	12.13
676.9	3.708	12.49
677	3.809	12.84
677.1	3.909	13.19
677.2	4.009	13.55
677.3	4.109	13.91
677.4	4.209	14.27
677.5	4.31	14.62
677.6	4.41	14.98
677.7	4.51	15.34
677.8	4.61	15.71
677.9	4.71	16.07
678	4.811	16.43
678.1	4.911	16.8
678.2	5.011	17.16
678.3	5.111	17.53
678.4	5.211	17.9
678.5	5.312	18.27
678.6	5.412	18.64
678.7	5.512	19.01
678.8	5.612	19.38
678.9	5.712	19.75
679	5.813	20.13
679.1	5.913	20.5
679.2	6.013	20.88
679.3	6.113	21.26
679.4	6.213	21.64
679.5	6.313	22.02
679.6	6.414	22.4
679.7	6.514	22.78
679.8	6.614	23.16
679.9	6.714	23.55
680	6.814	23.93
680.1	6.915	24.32
680.2	7.015	24.71
680.3	7.115	25.09
680.4	7.215	25.49
680.5	7.315	25.88
680.6	7.416	26.27
680.7	7.516	26.66
680.8	7.616	27.06
680.9	7.716	27.45
681	7.816	27.85
681.1	7.917	28.25
681.2	8.017	28.65
681.3	8.117	29.05
681.4	8.217	29.46
681.5	8.317	29.86
681.6	8.418	30.26
681.7	8.518	30.67
681.8	8.618	31.08
681.9	8.718	31.49
682	8.818	31.9
682.1	8.919	32.31
682.2	9.019	32.72
682.3	9.119	33.14
682.4	9.219	33.55
682.5	9.319	33.97
682.6	9.42	34.39
682.7	9.52	34.81
682.8	9.62	35.23
682.9	9.72	35.66
683	9.82	36.08
683.1	9.921	36.51
683.2	10.02	36.93
683.3	10.12	37.36
683.4	10.22	37.79
683.5	10.32	38.23
683.6	10.42	38.66
683.7	10.52	39.09
683.8	10.62	39.53
683.9	10.72	39.97
684	10.82	40.41
684.1	10.92	40.85
684.2	11.02	41.29
684.3	11.12	41.74
684.4	11.22	42.18
684.5	11.32	42.63
684.6	11.42	43.08
684.7	11.52	43.53
684.8	11.62	43.98
684.9	11.72	44.44
685	11.82	44.89
685.1	11.92	45.35
685.2	12.02	45.81
685.3	12.13	46.27
685.4	12.23	46.73
685.5	12.33	47.2
685.6	12.43	47.66
685.7	12.53	48.13
685.8	12.63	48.6
685.9	12.73	49.07
686	12.83	49.55
686.1	12.93	50.02
686.2	13.03	50.5
686.3	13.13	50.98
686.4	13.23	51.46
686.5	13.33	51.94
686.6	13.43	52.43
686.7	13.53	52.91
686.8	13.63	53.4
686.9	13.73	53.89
687	13.83	54.38
687.1	13.93	54.88
687.2	14.03	55.38
687.3	14.13	55.87
687.4	14.23	56.37
687.5	14.33	56.88
687.6	14.43	57.38
687.7	14.53	57.89
687.8	14.63	58.4
687.9	14.73	58.91
688	14.83	59.42
688.1	14.93	59.94
688.2	15.03	60.45
688.3	15.13	60.97
688.4	15.23	61.5
688.5	15.33	62.02
688.6	15.43	62.55
688.7	15.53	63.07
688.8	15.63	63.61
688.9	15.73	64.14
689	15.83	64.67
689.1	15.93	65.21
689.2	16.03	65.75
689.3	16.13	66.29
689.4	16.23	66.84
689.5	16.33	67.39
689.6	16.43	67.94
689.7	16.53	68.49
689.8	16.63	69.04
689.9	16.73	69.6
690	16.83	70.16
690.1	16.93	70.72
690.2	17.03	71.29
690.3	17.13	71.86
690.4	17.24	72.43
690.5	17.34	73
690.6	17.44	73.58
690.7	17.54	74.15
690.8	17.64	74.74
690.9	17.74	75.32
691	17.84	75.91
691.1	17.94	76.49
691.2	18.04	77.09
691.3	18.14	77.68
691.4	18.24	78.28
691.5	18.34	78.88
691.6	18.44	79.48
691.7	18.54	80.09
691.8	18.64	80.7
691.9	18.74	81.31
692	18.84	81.93
692.1	18.94	82.55
692.2	19.04	83.17
692.3	19.14	83.79
692.4	19.24	84.42
692.5	19.34	85.05
692.6	19.44	85.69
692.7	19.54	86.32
692.8	19.64	86.96
692.9	19.74	87.61
693	19.84	88.25
693.1	19.94	88.9
693.2	20.04	89.56
693.3	20.14	90.22
693.4	20.24	90.88
693.5	20.34	91.54
693.6	20.44	92.21
693.7	20.54	92.88
693.8	20.64	93.55
693.9	20.74	94.23
694	20.84	94.91
694.1	20.94	95.6
694.2	21.04	96.29
694.3	21.14	96.98
694.4	21.24	97.68
694.5	21.34	98.38
694.6	21.44	99.08
694.7	21.54	99.79
694.8	21.64	100.5
694.9	21.74	101.2
695	21.84	101.9
695.1	21.94	102.7
695.2	22.04	103.4
695.3	22.14	104.1
695.4	22.25	104.9
695.5	22.35	105.6
695.6	22.45	106.3
695.7	22.55	107.1
695.8	22.65	107.8
695.9	22.75	108.6
696	22.85	109.4
696.1	22.95	110.1
696.2	23.05	110.9
696.3	23.15	111.7
696.4	23.25	112.5
696.5	23.35	113.2
696.6	23.45	114
696.7	23.55	114.8
696.8	23.65	115.6
696.9	23.75	116.4
697	23.85	117.2
697.1	23.95	118
697.2	24.05	118.8
697.3	24.15	119.7
697.4	24.25	120.5
697.5	24.35	121.3
697.6	24.45	122.2
697.7	24.55	123
697.8	24.65	123.9
697.9	24.75	124.7
698	24.85	125.6
698.1	24.95	126.4
698.2	25.05	127.3
698.3	25.15	128.2
698.4	25.25	129
698.5	25.35	129.9
698.6	25.45	130.8
698.7	25.55	131.7
698.8	25.65	132.6
698.9	25.75	133.5
699	25.85	134.4
699.1	25.95	135.3
699.2	26.05	136.3
699.3	26.15	137.2
699.4	26.25	138.1
699.5	26.35	139.1
699.6	26.45	140
699.7	26.55	140.9
699.8	26.65	141.9
699.9	26.75	142.9
700	26.85	143.8
700.1	26.95	144.8
700.2	27.05	145.8
700.3	27.15	146.8
700.4	27.25	147.8
700.5	27.36	148.8
700.6	27.46	149.8
700.7	27.56	150.8
700.8	27.66	151.8
700.9	27.76	152.8
701	27.86	153.9
701.1	27.96	154.9
701.2	28.06	155.9
701.3	28.16	157
701.4	28.26	158.1
701.5	28.36	159.1
701.6	28.46	160.2
701.7	28.56	161.3
701.8	28.66	162.3
701.9	28.76	163.4
702	28.86	164.5
702.1	28.96	165.6
702.2	29.06	166.8
702.3	29.16	167.9
702.4	29.26	169
702.5	29.36	170.1
702.6	29.46	171.3
702.7	29.56	172.4
702.8	29.66	173.6
702.9	29.76	174.7
703	29.86	175.9
703.1	29.96	177.1
703.2	30.06	178.2
703.3	30.16	179.4
703.4	30.26	180.6
703.5	30.36	181.8
703.6	30.46	183
703.7	30.56	184.2
703.8	30.66	185.5
703.9	30.76	186.7
704	30.86	187.9
704.1	30.96	189.2
704.2	31.06	190.4
704.3	31.16	191.7
704.4	31.26	192.9
704.5	31.36	194.2
704.6	31.46	195.5
704.7	31.56	196.7
704.8	31.66	198
704.9	31.76	199.3
705	31.86	200.6
705.1	31.96	201.9
705.2	32.06	203.2
705.3	32.16	204.5
705.4	32.26	205.9
705.5	32.37	207.2
705.6	32.47	208.5
705.7	32.57	209.9
705.8	32.67	211.2
705.9	32.77	212.6
706	32.87	213.9
706.1	32.97	215.3
706.2	33.07	216.6
706.3	33.17	218
706.4	33.27	219.4
706.5	33.37	220.8
706.6	33.47	222.1
706.7	33.57	223.5
706.8	33.67	224.9
706.9	33.77	226.3
707	33.87	227.7
707.1	33.97	229.1
707.2	34.07	230.5
707.3	34.17	231.9
707.4	34.27	233.3
707.5	34.37	234.7
707.6	34.47	236.2
707.7	34.57	237.6
707.8	34.67	239
707.9	34.77	240.4
708	34.87	241.9
708.1	34.97	243.3
708.2	35.07	244.7
708.3	35.17	246.1
708.4	35.27	247.6
708.5	35.37	249
708.6	35.47	250.4
708.7	35.57	251.8
708.8	35.67	253.3
708.9	35.77	254.7
709	35.87	256.1
709.1	35.97	257.6
709.2	36.07	259
709.3	36.17	260.4
709.4	36.27	261.8
709.5	36.37	263.3
709.6	36.47	264.7
709.7	36.57	266.1
709.8	36.67	267.5
709.9	36.77	268.9
710	36.87	270.3
710.1	36.97	271.7
710.2	37.07	273.1
710.3	37.17	274.5
710.4	37.27	275.9
710.5	37.38	277.3
710.6	37.48	278.7
710.7	37.58	280.1
710.8	37.68	281.5
710.9	37.78	282.9
711	37.88	284.2
711.1	37.98	285.6
711.2	38.08	286.9
711.3	38.18	288.3
711.4	38.28	289.7
711.5	38.38	291
711.6	38.48	292.3
711.7	38.58	293.7
711.8	38.68	295
711.9	38.78	296.3
712	38.88	297.6
712.1	38.98	299
712.2	39.08	300.3
712.3	39.18	301.6
712.4	39.28	302.8
712.5	39.38	304.1
712.6	39.48	305.4
712.7	39.58	306.7
712.8	39.68	308
712.9	39.78	309.2
713	39.88	310.5
713.1	39.98	311.7
713.2	40.08	312.9
713.3	40.18	314.2
713.4	40.28	315.4
713.5	40.38	316.6
713.6	40.48	317.8
713.7	40.58	319
713.8	40.68	320.2
713.9	40.78	321.4
714	40.88	322.6
714.1	40.98	323.8
714.2	41.08	324.9
714.3	41.18	326.1
714.4	41.28	327.2
714.5	41.38	328.4
714.6	41.48	329.5
714.7	41.58	330.7
714.8	41.68	331.8
714.9	41.78	332.9
715	41.88	334
715.1	41.98	335.1
715.2	42.08	336.2
715.3	42.18	337.3
715.4	42.28	338.4
715.5	42.38	339.4
715.6	42.49	340.5
715.7	42.59	341.6
715.8	42.69	342.6
715.9	42.79	343.7
716	42.89	344.7
716.1	42.99	345.7
716.2	43.09	346.7
716.3	43.19	347.8
716.4	43.29	348.8
716.5	43.39	349.8
716.6	43.49	350.8
716.7	43.59	351.7
716.8	43.69	352.7
716.9	43.79	353.7
717	43.89	354.7
717.1	43.99	355.6
717.2	44.09	356.6
717.3	44.19	357.5
717.4	44.29	358.5
717.5	44.39	359.4
717.6	44.49	360.3
717.7	44.59	361.2
717.8	44.69	362.2
717.9	44.79	363.1
718	44.89	364
718.1	44.99	364.9
718.2	45.09	365.8
718.3	45.19	366.6
718.4	45.29	367.5
718.5	45.39	368.4
718.6	45.49	369.2
718.7	45.59	370.1
718.8	45.69	371
718.9	45.79	371.8
719	45.89	372.6
719.1	45.99	373.5
719.2	46.09	374.3
719.3	46.19	375.1
719.4	46.29	375.9
719.5	46.39	376.7
719.6	46.49	377.5
719.7	46.59	378.3
719.8	46.69	379.1
719.9	46.79	379.9
720	46.89	380.7
720.1	46.99	381.5
720.2	47.09	382.2
720.3	47.19	383
720.4	47.29	383.8
720.5	47.39	384.5
720.6	47.5	385.3
720.7	47.6	386
720.8	47.7	386.8
720.9	47.8	387.5
721	47.9	388.2
721.1	48	388.9
721.2	48.1	389.7
721.3	48.2	390.4
721.4	48.3	391.1
721.5	48.4	391.8
721.6	48.5	392.5
721.7	48.6	393.2
721.8	48.7	393.9
721.9	48.8	394.6
722	48.9	395.2
722.1	49	395.9
722.2	49.1	396.6
722.3	49.2	397.2
722.4	49.3	397.9
722.5	49.4	398.6
722.6	49.5	399.2
722.7	49.6	399.9
722.8	49.7	400.5
722.9	49.8	401.1
723	49.9	401.8
723.1	50	402.4
723.2	0.001	0.002996
723.3	0.1012	0.3035
723.4	0.2014	0.6045
723.5	0.3016	0.906
723.6	0.4018	1.208
723.7	0.502	1.511
723.8	0.6022	1.814
723.9	0.7024	2.117
724	0.8026	2.421
724.1	0.9028	2.726
724.2	1.003	3.031
724.3	1.103	3.337
724.4	1.203	3.643
724.5	1.304	3.95
724.6	1.404	4.257
724.7	1.504	4.565
724.8	1.604	4.873
724.9	1.704	5.182
725	1.805	5.491
725.1	1.905	5.801
725.2	2.005	6.112
725.3	2.105	6.423
725.4	2.205	6.735
725.5	2.306	7.047
725.6	2.406	7.359
725.7	2.506	7.673
725.8	2.606	7.987
725.9	2.706	8.301
726	2.807	8.616
726.1	2.907	8.932
726.2	3.007	9.248
726.3	3.107	9.565
726.4	3.207	9.882
726.5	3.308	10.2
726.6	3.408	10.52
726.7	3.508	10.84
726.8	3.608	11.16
726.9	3.708	11.48
727	3.809	11.8
727.1	3.909	12.12
727.2	4.009	12.44
727.3	4.109	12.76
727.4	4.209	13.09
727.5	4.31	13.41
727.6	4.41	13.74
727.7	4.51	14.06
727.8	4.61	14.39
727.9	4.71	14.71
728	4.811	15.04
728.1	4.911	15.37
728.2	5.011	15.7
728.3	5.111	16.02
728.4	5.211	16.35
728.5	5.312	16.68
728.6	5.412	17.01
728.7	5.512	17.35
728.8	5.612	17.68
728.9	5.712	18.01
729	5.813	18.34
729.1	5.913	18.68
729.2	6.013	19.01
729.3	6.113	19.35
729.4	6.213	19.68
729.5	6.313	20.02
729.6	6.414	20.36
729.7	6.514	20.7
729.8	6.614	21.03
729.9	6.714	21.37
730	6.814	21.71
730.1	6.915	22.05
730.2	7.015	22.39
730.3	7.115	22.74
730.4	7.215	23.08
730.5	7.315	23.42
730.6	7.416	23.77
730.7	7.516	24.11
730.8	7.616	24.46
730.9	7.716	24.8
731	7.816	25.15
731.1	7.917	25.5
731.2	8.017	25.85
731.3	8.117	26.19
731.4	8.217	26.54
731.5	8.317	26.89
731.6	8.418	27.25
731.7	8.518	27.6
731.8	8.618	27.95
731.9	8.718	28.3
732	8.818	28.66
732.1	8.919	29.01
732.2	9.019	29.37
732.3	9.119	29.72
732.4	9.219	30.08
732.5	9.319	30.44
732.6	9.42	30.8
732.7	9.52	31.16
732.8	9.62	31.52
732.9	9.72	31.88
733	9.82	32.24
733.1	9.921	32.6
733.2	10.02	32.96
733.3	10.12	33.33
733.4	10.22	33.69
733.5	10.32	34.06
733.6	10.42	34.42
733.7	10.52	34.79
733.8	10.62	35.16
733.9	10.72	35.53
734	10.82	35.9
734.1	10.92	36.27
734.2	11.02	36.64
734.3	11.12	37.01
734.4	11.22	37.38
734.5	11.32	37.75
734.6	11.42	38.13
734.7	11.52	38.5
734.8	11.62	38.88
734.9	11.72	39.26
735	11.82	39.63
735.1	11.92	40.01
735.2	12.02	40.39
735.3	12.13	40.77
735.4	12.23	41.15
735.5	12.33	41.53
735.6	12.43	41.92
735.7	12.53	42.3
735.8	12.63	42.68
735.9	12.73	43.07
736	12.83	43.45
736.1	12.93	43.84
736.2	13.03	44.23
736.3	13.13	44.62
736.4	13.23	45.01
736.5	13.33	45.4
736.6	13.43	45.79
736.7	13.53	46.18
736.8	13.63	46.57
736.9	13.73	46.97
737	13.83	47.36
737.1	13.93	47.76
737.2	14.03	48.15
737.3	14.13	48.55
737.4	14.23	48.95
737.5	14.33	49.35
737.6	14.43	49.75
737.7	14.53	50.15
737.8	14.63	50.55
737.9	14.73	50.95
738	14.83	51.36
738.1	14.93	51.76
738.2	15.03	52.17
738.3	15.13	52.58
738.4	15.23	52.98
738.5	15.33	53.39
738.6	15.43	53.8
738.7	15.53	54.21
738.8	15.63	54.62
738.9	15.73	55.04
739	15.83	55.45
739.1	15.93	55.86
739.2	16.03	56.28
739.3	16.13	56.69
739.4	16.23	57.11
739.5	16.33	57.53
739.6	16.43	57.95
739.7	16.53	58.37
739.8	16.63	58.79
739.9	16.73	59.21
740	16.83	59.64
740.1	16.93	60.06
740.2	17.03	60.48
740.3	17.13	60.91
740.4	17.24	61.34
740.5	17.34	61.77
740.6	17.44	62.2
740.7	17.54	62.63
740.8	17.64	63.06
740.9	17.74	63.49
741	17.84	63.92
741.1	17.94	64.36
741.2	18.04	64.79
741.3	18.14	65.23
741.4	18.24	65.67
741.5	18.34	66.1
741.6	18.44	66.54
741.7	18.54	66.99
741.8	18.64	67.43
741.9	18.74	67.87
742	18.84	68.31
742.1	18.94	68.76
742.2	19.04	69.2
742.3	19.14	69.65
742.4	19.24	70.1
742.5	19.34	70.55
742.6	19.44	71
742.7	19.54	71.45
742.8	19.64	71.9
742.9	19.74	72.36
743	19.84	72.81
743.1	19.94	73.27
743.2	20.04	73.72
743.3	20.14	74.18
743.4	20.24	74.64
743.5	20.34	75.1
743.6	20.44	75.56
743.7	20.54	76.03
743.8	20.64	76.49
743.9	20.74	76.95
744	20.84	77.42
744.1	20.94	77.89
744.2	21.04	78.36
744.3	21.14	78.83
744.4	21.24	79.3
744.5	21.34	79.77
744.6	21.44	80.24
744.7	21.54	80.71
744.8	21.64	81.19
744.9	21.74	81.67
745	21.84	82.14
745.1	21.94	82.62
745.2	22.04	83.1
745.3	22.14	83.58
745.4	22.25	84.06
745.5	22.35	84.55
745.6	22.45	85.03
745.7	22.55	85.52
745.8	22.65	86.01
745.9	22.75	86.49
746	22.85	86.98
746.1	22.95	87.47
746.2	23.05	87.97
746.3	23.15	88.46
746.4	23.25	88.95
746.5	23.35	89.45
746.6	23.45	89.94
746.7	23.55	90.44
746.8	23.65	90.94
746.9	23.75	91.44
747	23.85	91.94
747.1	23.95	92.45
747.2	24.05	92.95
747.3	24.15	93.45
747.4	24.25	93.96
747.5	24.35	94.47
747.6	24.45	94.98
747.7	24.55	95.49
747.8	24.65	96
747.9	24.75	96.51
748	24.85	97.03
748.1	24.95	97.54
748.2	25.05	98.06
748.3	25.15	98.57
748.4	25.25	99.09
748.5	25.35	99.61
748.6	25.45	100.1
748.7	25.55	100.7
748.8	25.65	101.2
748.9	25.75	101.7
749	25.85	102.2
749.1	25.95	102.8
749.2	26.05	103.3
749.3	26.15	103.8
749.4	26.25	104.4
749.5	26.35	104.9
749.6	26.45	105.4
749.7	26.55	106
749.8	26.65	106.5
749.9	26.75	107
750	26.85	107.6
750.1	26.95	108.1
750.2	27.05	108.6
750.3	27.15	109.2
750.4	27.25	109.7
750.5	27.36	110.3
750.6	27.46	110.8
750.7	27.56	111.4
750.8	27.66	111.9
750.9	27.76	112.5
751	27.86	113
751.1	27.96	113.6
751.2	28.06	114.1
751.3	28.16	114.7
751.4	28.26	115.3
751.5	28.36	115.8
751.6	28.46	116.4
751.7	28.56	116.9
751.8	28.66	117.5
751.9	28.76	118.1
752	28.86	118.6
752.1	28.96	119.2
752.2	29.06	119.8
752.3	29.16	120.3
752.4	29.26	120.9
752.5	29.36	121.5
752.6	29.46	122
752.7	29.56	122.6
752.8	29.66	123.2
752.9	29.76	123.8
753	29.86	124.3
753.1	29.96	124.9
753.2	30.06	125.5
753.3	30.16	126.1
753.4	30.26	126.7
753.5	30.36	127.3
753.6	30.46	127.8
753.7	30.56	128.4
753.8	30.66	129
753.9	30.76	129.6
754	30.86	130.2
754.1	30.96	130.8
754.2	31.06	131.4
754.3	31.16	132
754.4	31.26	132.6
754.5	31.36	133.2
754.6	31.46	133.8
754.7	31.56	134.4
754.8	31.66	135
754.9	31.76	135.6
755	31.86	136.2
755.1	31.96	136.8
755.2	32.06	137.4
755.3	32.16	138
755.4	32.26	138.6
755.5	32.37	139.2
755.6	32.47	139.8
755.7	32.57	140.4
755.8	32.67	141
755.9	32.77	141.7
756	32.87	142.3
756.1	32.97	142.9
756.2	33.07	143.5
756.3	33.17	144.1
756.4	33.27	144.8
756.5	33.37	145.4
756.6	33.47	146
756.7	33.57	146.6
756.8	33.67	147.2
756.9	33.77	147.9
757	33.87	148.5
757.1	33.97	149.1
757.2	34.07	149.8
757.3	34.17	150.4
757.4	34.27	151
757.5	34.37	151.7
757.6	34.47	152.3
757.7	34.57	152.9
757.8	34.67	153.6
757.9	34.77	154.2
758	34.87	154.8
758.1	34.97	155.5
758.2	35.07	156.1
758.3	35.17	156.8
758.4	35.27	157.4
758.5	35.37	158
758.6	35.47	158.7
758.7	35.57	159.3
758.8	35.67	160
758.9	35.77	160.6
759	35.87	161.3
759.1	35.97	161.9
759.2	36.07	162.6
759.3	36.17	163.2
759.4	36.27	163.9
759.5	36.37	164.6
759.6	36.47	165.2
759.7	36.57	165.9
759.8	36.67	166.5
759.9	36.77	167.2
760	36.87	167.8
760.1	36.97	168.5
760.2	37.07	169.2
760.3	37.17	169.8
760.4	37.27	170.5
760.5	37.38	171.2
760.6	37.48	171.8
760.7	37.58	172.5
760.8	37.68	173.1
760.9	37.78	173.8
761	37.88	174.5
761.1	37.98	175.2
761.2	38.08	175.8
761.3	38.18	176.5
761.4	38.28	177.2
761.5	38.38	177.8
761.6	38.48	178.5
761.7	38.58	179.2
761.8	38.68	179.9
761.9	38.78	180.5
762	38.88	181.2
762.1	38.98	181.9
762.2	39.08	182.6
762.3	39.18	183.2
762.4	39.28	183.9
762.5	39.38	184.6
762.6	39.48	185.3
762.7	39.58	186
762.8	39.68	186.6
762.9	39.78	187.3
763	39.88	188
763.1	39.98	188.7
763.2	40.08	189.4
763.3	40.18	190.1
763.4	40.28	190.7
763.5	40.38	191.4
763.6	40.48	192.1
763.7	40.58	192.8
763.8	40.68	193.5
763.9	40.78	194.2
764	40.88	194.9
764.1	40.98	195.6
764.2	41.08	196.2
764.3	41.18	196.9
764.4	41.28	197.6
764.5	41.38	198.3
764.6	41.48	199
764.7	41.58	199.7
764.8	41.68	200.4
764.9	41.78	201.1
765	41.88	201.8
765.1	41.98	202.5
765.2	42.08	203.1
765.3	42.18	203.8
765.4	42.28	204.5
765.5	42.38	205.2
765.6	42.49	205.9
765.7	42.59	206.6
765.8	42.69	207.3
765.9	42.79	208
766	42.89	208.7
766.1	42.99	209.4
766.2	43.09	210.1
766.3	43.19	210.8
766.4	43.29	211.5
766.5	43.39	212.2
766.6	43.49	212.9
766.7	43.59	213.6
766.8	43.69	214.2
766.9	43.79	214.9
767	43.89	215.6
767.1	43.99	216.3
767.2	44.09	217
767.3	44.19	217.7
767.4	44.29	218.4
767.5	44.39	219.1
767.6	44.49	219.8
767.7	44.59	220.5
767.8	44.69	221.2
767.9	44.79	221.9
768	44.89	222.6
768.1	44.99	223.3
768.2	45.09	224
768.3	45.19	224.6
768.4	45.29	225.3
768.5	45.39	226
768.6	45.49	226.7
768.7	45.59	227.4
768.8	45.69	228.1
768.9	45.79	228.8
769	45.89	229.5
769.1	45.99	230.2
769.2	46.09	230.9
769.3	46.19	231.5
769.4	46.29	232.2
769.5	46.39	232.9
769.6	46.49	233.6
769.7	46.59	234.3
769.8	46.69	235
769.9	46.79	235.7
770	46.89	236.4
770.1	46.99	237
770.2	47.09	237.7
770.3	47.19	238.4
770.4	47.29	239.1
770.5	47.39	239.8
770.6	47.5	240.5
770.7	47.6	241.1
770.8	47.7	241.8
770.9	47.8	242.5
771	47.9	243.2
771.1	48	243.9
771.2	48.1	244.5
771.3	48.2	245.2
771.4	48.3	245.9
771.5	48.4	246.6
771.6	48.5	247.2
771.7	48.6	247.9
771.8	48.7	248.6
771.9	48.8	249.3
772	48.9	249.9
772.1	49	250.6
772.2	49.1	251.3
772.3	49.2	251.9
772.4	49.3	252.6
772.5	49.4	253.3
772.6	49.5	253.9
772.7	49.6	254.6
772.8	49.7	255.3
772.9	49.8	255.9
773	49.9	256.6
773.1	50	257.3
773.1	0.001	0.002803
773.2	0.1012	0.2838
773.3	0.2014	0.5651
773.4	0.3016	0.8468
773.5	0.4018	1.129
773.6	0.502	1.411
773.7	0.6022	1.694
773.8	0.7024	1.977
773.9	0.8026	2.261
774	0.9028	2.544
774.1	1.003	2.829
774.2	1.103	3.113
774.3	1.203	3.398
774.4	1.304	3.683
774.5	1.404	3.969
774.6	1.504	4.255
774.7	1.604	4.542
774.8	1.704	4.828
774.9	1.805	5.115
775	1.905	5.403
775.1	2.005	5.691
775.2	2.105	5.979
775.3	2.205	6.268
775.4	2.306	6.557
775.5	2.406	6.846
775.6	2.506	7.136
775.7	2.606	7.426
775.8	2.706	7.716
775.9	2.807	8.007
776	2.907	8.298
776.1	3.007	8.59
776.2	3.107	8.882
776.3	3.207	9.175
776.4	3.308	9.467
776.5	3.408	9.761
776.6	3.508	10.05
776.7	3.608	10.35
776.8	3.708	10.64
776.9	3.809	10.94
777	3.909	11.23
777.1	4.009	11.53
777.2	4.109	11.82
777.3	4.209	12.12
777.4	4.31	12.42
777.5	4.41	12.71
777.6	4.51	13.01
777.7	4.61	13.31
777.8	4.71	13.61
777.9	4.811	13.91
778	4.911	14.21
778.1	5.011	14.5
778.2	5.111	14.8
778.3	5.211	15.1
778.4	5.312	15.41
778.5	5.412	15.71
778.6	5.512	16.01
778.7	5.612	16.31
778.8	5.712	16.61
778.9	5.813	16.92
779	5.913	17.22
779.1	6.013	17.52
779.2	6.113	17.83
779.3	6.213	18.13
779.4	6.313	18.44
779.5	6.414	18.74
779.6	6.514	19.05
779.7	6.614	19.35
779.8	6.714	19.66
779.9	6.814	19.97
780	6.915	20.27
780.1	7.015	20.58
780.2	7.115	20.89
780.3	7.215	21.2
780.4	7.315	21.51
780.5	7.416	21.82
780.6	7.516	22.13
780.7	7.616	22.44
780.8	7.716	22.75
780.9	7.816	23.06
781	7.917	23.37
781.1	8.017	23.68
781.2	8.117	23.99
781.3	8.217	24.31
781.4	8.317	24.62
781.5	8.418	24.93
781.6	8.518	25.25
781.7	8.618	25.56
781.8	8.718	25.88
781.9	8.818	26.19
782	8.919	26.51
782.1	9.019	26.83
782.2	9.119	27.14
782.3	9.219	27.46
782.4	9.319	27.78
782.5	9.42	28.1
782.6	9.52	28.42
782.7	9.62	28.73
782.8	9.72	29.05
782.9	9.82	29.37
783	9.921	29.69
783.1	10.02	30.02
783.2	10.12	30.34
783.3	10.22	30.66
783.4	10.32	30.98
783.5	10.42	31.3
783.6	10.52	31.63
783.7	10.62	31.95
783.8	10.72	32.27
783.9	10.82	32.6
784	10.92	32.92
784.1	11.02	33.25
784.2	11.12	33.58
784.3	11.22	33.9
784.4	11.32	34.23
784.5	11.42	34.56
784.6	11.52	34.88
784.7	11.62	35.21
784.8	11.72	35.54
784.9	11.82	35.87
785	11.92	36.2
785.1	12.02	36.53
785.2	12.13	36.86
785.3	12.23	37.19
785.4	12.33	37.52
785.5	12.43	37.86
785.6	12.53	38.19
785.7	12.63	38.52
785.8	12.73	38.86
785.9	12.83	39.19
786	12.93	39.52
786.1	13.03	39.86
786.2	13.13	40.19
786.3	13.23	40.53
786.4	13.33	40.87
786.5	13.43	41.2
786.6	13.53	41.54
786.7	13.63	41.88
786.8	13.73	42.22
786.9	13.83	42.56
787	13.93	42.9
787.1	14.03	43.24
787.2	14.13	43.58
787.3	14.23	43.92
787.4	14.33	44.26
787.5	14.43	44.6
787.6	14.53	44.94
787.7	14.63	45.28
787.8	14.73	45.63
787.9	14.83	45.97
788	14.93	46.32
788.1	15.03	46.66
788.2	15.13	47.01
788.3	15.23	47.35
788.4	15.33	47.7
788.5	15.43	48.04
788.6	15.53	48.39
788.7	15.63	48.74
788.8	15.73	49.09
788.9	15.83	49.44
789	15.93	49.79
789.1	16.03	50.14
789.2	16.13	50.49
789.3	16.23	50.84
789.4	16.33	51.19
789.5	16.43	51.54
789.6	16.53	51.89
789.7	16.63	52.24
789.8	16.73	52.6
789.9	16.83	52.95
790	16.93	53.31
790.1	17.03	53.66
790.2	17.13	54.02
790.3	17.24	54.37
790.4	17.34	54.73
790.5	17.44	55.09
790.6	17.54	55.44
790.7	17.64	55.8
790.8	17.74	56.16
790.9	17.84	56.52
791	17.94	56.88
791.1	18.04	57.24
791.2	18.14	57.6
791.3	18.24	57.96
791.4	18.34	58.32
791.5	18.44	58.68
791.6	18.54	59.05
791.7	18.64	59.41
791.8	18.74	59.77
791.9	18.84	60.14
792	18.94	60.5
792.1	19.04	60.87
792.2	19.14	61.23
792.3	19.24	61.6
792.4	19.34	61.97
792.5	19.44	62.33
792.6	19.54	62.7
792.7	19.64	63.07
792.8	19.74	63.44
792.9	19.84	63.81
793	19.94	64.18
793.1	20.04	64.55
793.2	20.14	64.92
793.3	20.24	65.29
793.4	20.34	65.66
793.5	20.44	66.04
793.6	20.54	66.41
793.7	20.64	66.78
793.8	20.74	67.16
793.9	20.84	67.53
794	20.94	67.91
794.1	21.04	68.28
794.2	21.14	68.66
794.3	21.24	69.04
794.4	21.34	69.41
794.5	21.44	69.79
794.6	21.54	70.17
794.7	21.64	70.55
794.8	21.74	70.93
794.9	21.84	71.31
795	21.94	71.69
795.1	22.04	72.07
795.2	22.14	72.45
795.3	22.25	72.83
795.4	22.35	73.22
795.5	22.45	73.6
795.6	22.55	73.98
795.7	22.65	74.37
795.8	22.75	74.75
795.9	22.85	75.14
796	22.95	75.52
796.1	23.05	75.91
796.2	23.15	76.3
796.3	23.25	76.68
796.4	23.35	77.07
796.5	23.45	77.46
796.6	23.55	77.85
796.7	23.65	78.24
796.8	23.75	78.63
796.9	23.85	79.02
797	23.95	79.41
797.1	24.05	79.8
797.2	24.15	80.2
797.3	24.25	80.59
797.4	24.35	80.98
797.5	24.45	81.38
797.6	24.55	81.77
797.7	24.65	82.17
797.8	24.75	82.56
797.9	24.85	82.96
798	24.95	83.35
798.1	25.05	83.75
798.2	25.15	84.15
798.3	25.25	84.55
798.4	25.35	84.95
798.5	25.45	85.35
798.6	25.55	85.74
798.7	25.65	86.15
798.8	25.75	86.55
798.9	25.85	86.95
799	25.95	87.35
799.1	26.05	87.75
799.2	26.15	88.15
799.3	26.25	88.56
799.4	26.35	88.96
799.5	26.45	89.37
799.6	26.55	89.77
799.7	26.65	90.18
799.8	26.75	90.58
799.9	26.85	90.99
800	26.95	91.4
800.1	27.05	91.8
800.2	27.15	92.21
800.3	27.25	92.62
800.4	27.36	93.03
800.5	27.46	93.44
800.6	27.56	93.85
800.7	27.66	94.26
800.8	27.76	94.67
800.9	27.86	95.09
801	27.96	95.5
801.1	28.06	95.91
801.2	28.16	96.32
801.3	28.26	96.74
801.4	28.36	97.15
801.5	28.46	97.57
801.6	28.56	97.98
801.7	28.66	98.4
801.8	28.76	98.82
801.9	28.86	99.23
802	28.96	99.65
802.1	29.06	100.1
802.2	29.16	100.5
802.3	29.26	100.9
802.4	29.36	101.3
802.5	29.46	101.7
802.6	29.56	102.2
802.7	29.66	102.6
802.8	29.76	103
802.9	29.86	103.4
803	29.96	103.9
803.1	30.06	104.3
803.2	30.16	104.7
803.3	30.26	105.1
803.4	30.36	105.5
803.5	30.46	106
803.6	30.56	106.4
803.7	30.66	106.8
803.8	30.76	107.3
803.9	30.86	107.7
804	30.96	108.1
804.1	31.06	108.5
804.2	31.16	109
804.3	31.26	109.4
804.4	31.36	109.8
804.5	31.46	110.3
804.6	31.56	110.7
804.7	31.66	111.1
804.8	31.76	111.5
804.9	31.86	112
805	31.96	112.4
805.1	32.06	112.8
805.2	32.16	113.3
805.3	32.26	113.7
805.4	32.37	114.1
805.5	32.47	114.6
805.6	32.57	115
805.7	32.67	115.4
805.8	32.77	115.9
805.9	32.87	116.3
806	32.97	116.8
806.1	33.07	117.2
806.2	33.17	117.6
806.3	33.27	118.1
806.4	33.37	118.5
806.5	33.47	118.9
806.6	33.57	119.4
806.7	33.67	119.8
806.8	33.77	120.3
806.9	33.87	120.7
807	33.97	121.1
807.1	34.07	121.6
807.2	34.17	122
807.3	34.27	122.5
807.4	34.37	122.9
807.5	34.47	123.4
807.6	34.57	123.8
807.7	34.67	124.3
807.8	34.77	124.7
807.9	34.87	125.1
808	34.97	125.6
808.1	35.07	126
808.2	35.17	126.5
808.3	35.27	126.9
808.4	35.37	127.4
808.5	35.47	127.8
808.6	35.57	128.3
808.7	35.67	128.7
808.8	35.77	129.2
808.9	35.87	129.6
809	35.97	130.1
809.1	36.07	130.5
809.2	36.17	131
809.3	36.27	131.4
809.4	36.37	131.9
809.5	36.47	132.3
809.6	36.57	132.8
809.7	36.67	133.2
809.8	36.77	133.7
809.9	36.87	134.1
810	36.97	134.6
810.1	37.07	135
810.2	37.17	135.5
810.3	37.27	135.9
810.4	37.38	136.4
810.5	37.48	136.9
810.6	37.58	137.3
810.7	37.68	137.8
810.8	37.78	138.2
810.9	37.88	138.7
811	37.98	139.1
811.1	38.08	139.6
811.2	38.18	140.1
811.3	38.28	140.5
811.4	38.38	141
811.5	38.48	141.4
811.6	38.58	141.9
811.7	38.68	142.3
811.8	38.78	142.8
811.9	38.88	143.3
812	38.98	143.7
812.1	39.08	144.2
812.2	39.18	144.7
812.3	39.28	145.1
812.4	39.38	145.6
812.5	39.48	146
812.6	39.58	146.5
812.7	39.68	147
812.8	39.78	147.4
812.9	39.88	147.9
813	39.98	148.3
813.1	40.08	148.8
813.2	40.18	149.3
813.3	40.28	149.7
813.4	40.38	150.2
813.5	40.48	150.7
813.6	40.58	151.1
813.7	40.68	151.6
813.8	40.78	152.1
813.9	40.88	152.5
814	40.98	153
814.1	41.08	153.5
814.2	41.18	153.9
814.3	41.28	154.4
814.4	41.38	154.9
814.5	41.48	155.3
814.6	41.58	155.8
814.7	41.68	156.3
814.8	41.78	156.7
814.9	41.88	157.2
815	41.98	157.7
815.1	42.08	158.1
815.2	42.18	158.6
815.3	42.28	159.1
815.4	42.38	159.5
815.5	42.49	160
815.6	42.59	160.5
815.7	42.69	161
815.8	42.79	161.4
815.9	42.89	161.9
816	42.99	162.4
816.1	43.09	162.8
816.2	43.19	163.3
816.3	43.29	163.8
816.4	43.39	164.2
816.5	43.49	164.7
816.6	43.59	165.2
816.7	43.69	165.7
816.8	43.79	166.1
816.9	43.89	166.6
817	43.99	167.1
817.1	44.09	167.5
817.2	44.19	168
817.3	44.29	168.5
817.4	44.39	169
817.5	44.49	169.4
817.6	44.59	169.9
817.7	44.69	170.4
817.8	44.79	170.9
817.9	44.89	171.3
818	44.99	171.8
818.1	45.09	172.3
818.2	45.19	172.7
818.3	45.29	173.2
818.4	45.39	173.7
818.5	45.49	174.2
818.6	45.59	174.6
818.7	45.69	175.1
818.8	45.79	175.6
818.9	45.89	176.1
819	45.99	176.5
819.1	46.09	177
819.2	46.19	177.5
819.3	46.29	178
819.4	46.39	178.4
819.5	46.49	178.9
819.6	46.59	179.4
819.7	46.69	179.9
819.8	46.79	180.3
819.9	46.89	180.8
820	46.99	181.3
820.1	47.09	181.8
820.2	47.19	182.2
820.3	47.29	182.7
820.4	47.39	183.2
820.5	47.5	183.6
820.6	47.6	184.1
820.7	47.7	184.6
820.8	47.8	185.1
820.9	47.9	185.5
821	48	186
821.1	48.1	186.5
821.2	48.2	187
821.3	48.3	187.4
821.4	48.4	187.9
821.5	48.5	188.4
821.6	48.6	188.9
821.7	48.7	189.3
821.8	48.8	189.8
821.9	48.9	190.3
822	49	190.8
822.1	49.1	191.2
822.2	49.2	191.7
822.3	49.3	192.2
822.4	49.4	192.7
822.5	49.5	193.1
822.6	49.6	193.6
822.7	49.7	194.1
822.8	49.8	194.6
822.9	49.9	195
823	50	195.5
823.1	0.001	0.002632
823.2	0.1012	0.2665
823.3	0.2014	0.5306
823.4	0.3016	0.795
823.5	0.4018	1.06
823.6	0.502	1.324
823.7	0.6022	1.59
823.8	0.7024	1.855
823.9	0.8026	2.121
824	0.9028	2.386
824.1	1.003	2.653
824.2	1.103	2.919
824.3	1.203	3.186
824.4	1.304	3.452
824.5	1.404	3.72
824.6	1.504	3.987
824.7	1.604	4.255
824.8	1.704	4.522
824.9	1.805	4.791
825	1.905	5.059
825.1	2.005	5.328
825.2	2.105	5.597
825.3	2.205	5.866
825.4	2.306	6.135
825.5	2.406	6.405
825.6	2.506	6.675
825.7	2.606	6.945
825.8	2.706	7.215
825.9	2.807	7.486
826	2.907	7.757
826.1	3.007	8.028
826.2	3.107	8.3
826.3	3.207	8.571
826.4	3.308	8.843
826.5	3.408	9.116
826.6	3.508	9.388
826.7	3.608	9.661
826.8	3.708	9.934
826.9	3.809	10.21
827	3.909	10.48
827.1	4.009	10.75
827.2	4.109	11.03
827.3	4.209	11.3
827.4	4.31	11.58
827.5	4.41	11.85
827.6	4.51	12.13
827.7	4.61	12.4
827.8	4.71	12.68
827.9	4.811	12.95
828	4.911	13.23
828.1	5.011	13.51
828.2	5.111	13.78
828.3	5.211	14.06
828.4	5.312	14.34
828.5	5.412	14.62
828.6	5.512	14.89
828.7	5.612	15.17
828.8	5.712	15.45
828.9	5.813	15.73
829	5.913	16.01
829.1	6.013	16.29
829.2	6.113	16.57
829.3	6.213	16.85
829.4	6.313	17.13
829.5	6.414	17.41
829.6	6.514	17.69
829.7	6.614	17.97
829.8	6.714	18.25
829.9	6.814	18.53
830	6.915	18.81
830.1	7.015	19.09
830.2	7.115	19.38
830.3	7.215	19.66
830.4	7.315	19.94
830.5	7.416	20.22
830.6	7.516	20.51
830.7	7.616	20.79
830.8	7.716	21.08
830.9	7.816	21.36
831	7.917	21.64
831.1	8.017	21.93
831.2	8.117	22.21
831.3	8.217	22.5
831.4	8.317	22.78
831.5	8.418	23.07
831.6	8.518	23.36
831.7	8.618	23.64
831.8	8.718	23.93
831.9	8.818	24.22
832	8.919	24.5
832.1	9.019	24.79
832.2	9.119	25.08
832.3	9.219	25.37
832.4	9.319	25.65
832.5	9.42	25.94
832.6	9.52	26.23
832.7	9.62	26.52
832.8	9.72	26.81
832.9	9.82	27.1
833	9.921	27.39
833.1	10.02	27.68
833.2	10.12	27.97
833.3	10.22	28.26
833.4	10.32	28.55
833.5	10.42	28.84
833.6	10.52	29.14
833.7	10.62	29.43
833.8	10.72	29.72
833.9	10.82	30.01
834	10.92	30.31
834.1	11.02	30.6
834.2	11.12	30.89
834.3	11.22	31.19
834.4	11.32	31.48
834.5	11.42	31.77
834.6	11.52	32.07
834.7	11.62	32.36
834.8	11.72	32.66
834.9	11.82	32.95
835	11.92	33.25
835.1	12.02	33.55
835.2	12.13	33.84
835.3	12.23	34.14
835.4	12.33	34.44
835.5	12.43	34.73
835.6	12.53	35.03
835.7	12.63	35.33
835.8	12.73	35.63
835.9	12.83	35.92
836	12.93	36.22
836.1	13.03	36.52
836.2	13.13	36.82
836.3	13.23	37.12
836.4	13.33	37.42
836.5	13.43	37.72
836.6	13.53	38.02
836.7	13.63	38.32
836.8	13.73	38.62
836.9	13.83	38.92
837	13.93	39.22
837.1	14.03	39.53
837.2	14.13	39.83
837.3	14.23	40.13
837.4	14.33	40.43
837.5	14.43	40.74
837.6	14.53	41.04
837.7	14.63	41.34
837.8	14.73	41.65
837.9	14.83	41.95
838	14.93	42.26
838.1	15.03	42.56
838.2	15.13	42.86
838.3	15.23	43.17
838.4	15.33	43.48
838.5	15.43	43.78
838.6	15.53	44.09
838.7	15.63	44.39
838.8	15.73	44.7
838.9	15.83	45.01
839	15.93	45.32
839.1	16.03	45.62
839.2	16.13	45.93
839.3	16.23	46.24
839.4	16.33	46.55
839.5	16.43	46.86
839.6	16.53	47.17
839.7	16.63	47.47
839.8	16.73	47.78
839.9	16.83	48.09
840	16.93	48.4
840.1	17.03	48.71
840.2	17.13	49.03
840.3	17.24	49.34
840.4	17.34	49.65
840.5	17.44	49.96
840.6	17.54	50.27
840.7	17.64	50.58
840.8	17.74	50.9
840.9	17.84	51.21
841	17.94	51.52
841.1	18.04	51.84
841.2	18.14	52.15
841.3	18.24	52.46
841.4	18.34	52.78
841.5	18.44	53.09
841.6	18.54	53.41
841.7	18.64	53.72
841.8	18.74	54.04
841.9	18.84	54.35
842	18.94	54.67
842.1	19.04	54.99
842.2	19.14	55.3
842.3	19.24	55.62
842.4	19.34	55.94
842.5	19.44	56.26
842.6	19.54	56.57
842.7	19.64	56.89
842.8	19.74	57.21
842.9	19.84	57.53
843	19.94	57.85
843.1	20.04	58.17
843.2	20.14	58.49
843.3	20.24	58.81
843.4	20.34	59.13
843.5	20.44	59.45
843.6	20.54	59.77
843.7	20.64	60.09
843.8	20.74	60.41
843.9	20.84	60.73
844	20.94	61.05
844.1	21.04	61.38
844.2	21.14	61.7
844.3	21.24	62.02
844.4	21.34	62.34
844.5	21.44	62.67
844.6	21.54	62.99
844.7	21.64	63.31
844.8	21.74	63.64
844.9	21.84	63.96
845	21.94	64.29
845.1	22.04	64.61
845.2	22.14	64.94
845.3	22.25	65.26
845.4	22.35	65.59
845.5	22.45	65.92
845.6	22.55	66.24
845.7	22.65	66.57
845.8	22.75	66.9
845.9	22.85	67.22
846	22.95	67.55
846.1	23.05	67.88
846.2	23.15	68.21
846.3	23.25	68.53
846.4	23.35	68.86
846.5	23.45	69.19
846.6	23.55	69.52
846.7	23.65	69.85
846.8	23.75	70.18
846.9	23.85	70.51
847	23.95	70.84
847.1	24.05	71.17
847.2	24.15	71.5
847.3	24.25	71.83
847.4	24.35	72.17
847.5	24.45	72.5
847.6	24.55	72.83
847.7	24.65	73.16
847.8	24.75	73.49
847.9	24.85	73.83
848	24.95	74.16
848.1	25.05	74.49
848.2	25.15	74.83
848.3	25.25	75.16
848.4	25.35	75.5
848.5	25.45	75.83
848.6	25.55	76.17
848.7	25.65	76.5
848.8	25.75	76.84
848.9	25.85	77.17
849	25.95	77.51
849.1	26.05	77.84
849.2	26.15	78.18
849.3	26.25	78.52
849.4	26.35	78.85
849.5	26.45	79.19
849.6	26.55	79.53
849.7	26.65	79.87
849.8	26.75	80.2
849.9	26.85	80.54
850	26.95	80.88
850.1	27.05	81.22
850.2	27.15	81.56
850.3	27.25	81.9
850.4	27.36	82.24
850.5	27.46	82.58
850.6	27.56	82.92
850.7	27.66	83.26
850.8	27.76	83.6
850.9	27.86	83.94
851	27.96	84.28
851.1	28.06	84.62
851.2	28.16	84.96
851.3	28.26	85.31
851.4	28.36	85.65
851.5	28.46	85.99
851.6	28.56	86.33
851.7	28.66	86.68
851.8	28.76	87.02
851.9	28.86	87.36
852	28.96	87.71
852.1	29.06	88.05
852.2	29.16	88.39
852.3	29.26	88.74
852.4	29.36	89.08
852.5	29.46	89.43
852.6	29.56	89.77
852.7	29.66	90.12
852.8	29.76	90.46
852.9	29.86	90.81
853	29.96	91.16
853.1	30.06	91.5
853.2	30.16	91.85
853.3	30.26	92.2
853.4	30.36	92.54
853.5	30.46	92.89
853.6	30.56	93.24
853.7	30.66	93.59
853.8	30.76	93.93
853.9	30.86	94.28
854	30.96	94.63
854.1	31.06	94.98
854.2	31.16	95.33
854.3	31.26	95.68
854.4	31.36	96.03
854.5	31.46	96.38
854.6	31.56	96.73
854.7	31.66	97.08
854.8	31.76	97.43
854.9	31.86	97.78
855	31.96	98.13
855.1	32.06	98.48
855.2	32.16	98.83
855.3	32.26	99.18
855.4	32.37	99.53
855.5	32.47	99.89
855.6	32.57	100.2
855.7	32.67	100.6
855.8	32.77	100.9
855.9	32.87	101.3
856	32.97	101.6
856.1	33.07	102
856.2	33.17	102.4
856.3	33.27	102.7
856.4	33.37	103.1
856.5	33.47	103.4
856.6	33.57	103.8
856.7	33.67	104.1
856.8	33.77	104.5
856.9	33.87	104.8
857	33.97	105.2
857.1	34.07	105.5
857.2	34.17	105.9
857.3	34.27	106.3
857.4	34.37	106.6
857.5	34.47	107
857.6	34.57	107.3
857.7	34.67	107.7
857.8	34.77	108
857.9	34.87	108.4
858	34.97	108.8
858.1	35.07	109.1
858.2	35.17	109.5
858.3	35.27	109.8
858.4	35.37	110.2
858.5	35.47	110.5
858.6	35.57	110.9
858.7	35.67	111.3
858.8	35.77	111.6
858.9	35.87	112
859	35.97	112.3
859.1	36.07	112.7
859.2	36.17	113.1
859.3	36.27	113.4
859.4	36.37	113.8
859.5	36.47	114.1
859.6	36.57	114.5
859.7	36.67	114.9
859.8	36.77	115.2
859.9	36.87	115.6
860	36.97	115.9
860.1	37.07	116.3
860.2	37.17	116.7
860.3	37.27	117
860.4	37.38	117.4
860.5	37.48	117.7
860.6	37.58	118.1
860.7	37.68	118.5
860.8	37.78	118.8
860.9	37.88	119.2
861	37.98	119.6
861.1	38.08	119.9
861.2	38.18	120.3
861.3	38.28	120.6
861.4	38.38	121
861.5	38.48	121.4
861.6	38.58	121.7
861.7	38.68	122.1
861.8	38.78	122.5
861.9	38.88	122.8
862	38.98	123.2
862.1	39.08	123.5
862.2	39.18	123.9
862.3	39.28	124.3
862.4	39.38	124.6
862.5	39.48	125
862.6	39.58	125.4
862.7	39.68	125.7
862.8	39.78	126.1
862.9	39.88	126.5
863	39.98	126.8
863.1	40.08	127.2
863.2	40.18	127.6
863.3	40.28	127.9
863.4	40.38	128.3
863.5	40.48	128.7
863.6	40.58	129
863.7	40.68	129.4
863.8	40.78	129.8
863.9	40.88	130.1
864	40.98	130.5
864.1	41.08	130.9
864.2	41.18	131.2
864.3	41.28	131.6
864.4	41.38	132
864.5	41.48	132.3
864.6	41.58	132.7
864.7	41.68	133.1
864.8	41.78	133.4
864.9	41.88	133.8
865	41.98	134.2
865.1	42.08	134.5
865.2	42.18	134.9
865.3	42.28	135.3
865.4	42.38	135.6
865.5	42.49	136
865.6	42.59	136.4
865.7	42.69	136.7
865.8	42.79	137.1
865.9	42.89	137.5
866	42.99	137.8
866.1	43.09	138.2
866.2	43.19	138.6
866.3	43.29	139
866.4	43.39	139.3
866.5	43.49	139.7
866.6	43.59	140.1
866.7	43.69	140.4
866.8	43.79	140.8
866.9	43.89	141.2
867	43.99	141.5
867.1	44.09	141.9
867.2	44.19	142.3
867.3	44.29	142.6
867.4	44.39	143
867.5	44.49	143.4
867.6	44.59	143.8
867.7	44.69	144.1
867.8	44.79	144.5
867.9	44.89	144.9
868	44.99	145.2
868.1	45.09	145.6
868.2	45.19	146
868.3	45.29	146.3
868.4	45.39	146.7
868.5	45.49	147.1
868.6	45.59	147.5
868.7	45.69	147.8
868.8	45.79	148.2
868.9	45.89	148.6
869	45.99	148.9
869.1	46.09	149.3
869.2	46.19	149.7
869.3	46.29	150
869.4	46.39	150.4
869.5	46.49	150.8
869.6	46.59	151.2
869.7	46.69	151.5
869.8	46.79	151.9
869.9	46.89	152.3
870	46.99	152.6
870.1	47.09	153
870.2	47.19	153.4
870.3	47.29	153.8
870.4	47.39	154.1
870.5	47.5	154.5
870.6	47.6	154.9
870.7	47.7	155.2
870.8	47.8	155.6
870.9	47.9	156
871	48	156.4
871.1	48.1	156.7
871.2	48.2	157.1
871.3	48.3	157.5
871.4	48.4	157.8
871.5	48.5	158.2
871.6	48.6	158.6
871.7	48.7	158.9
871.8	48.8	159.3
871.9	48.9	159.7
872	49	160.1
872.1	49.1	160.4
872.2	49.2	160.8
872.3	49.3	161.2
872.4	49.4	161.5
872.5	49.5	161.9
872.6	49.6	162.3
872.7	49.7	162.7
872.8	49.8	163
872.9	49.9	163.4
873	50	163.8
873.1	0.001	0.002482
873.2	0.1012	0.2512
873.3	0.2014	0.5001
873.4	0.3016	0.7492
873.5	0.4018	0.9985
873.6	0.502	1.248
873.7	0.6022	1.498
873.8	0.7024	1.747
873.9	0.8026	1.997
874	0.9028	2.247
874.1	1.003	2.498
874.2	1.103	2.748
874.3	1.203	2.999
874.4	1.304	3.25
874.5	1.404	3.501
874.6	1.504	3.752
874.7	1.604	4.003
874.8	1.704	4.255
874.9	1.805	4.506
875	1.905	4.758
875.1	2.005	5.01
875.2	2.105	5.263
875.3	2.205	5.515
875.4	2.306	5.768
875.5	2.406	6.02
875.6	2.506	6.273
875.7	2.606	6.526
875.8	2.706	6.78
875.9	2.807	7.033
876	2.907	7.287
876.1	3.007	7.541
876.2	3.107	7.795
876.3	3.207	8.049
876.4	3.308	8.303
876.5	3.408	8.558
876.6	3.508	8.812
876.7	3.608	9.067
876.8	3.708	9.322
876.9	3.809	9.578
877	3.909	9.833
877.1	4.009	10.09
877.2	4.109	10.34
877.3	4.209	10.6
877.4	4.31	10.86
877.5	4.41	11.11
877.6	4.51	11.37
877.7	4.61	11.63
877.8	4.71	11.88
877.9	4.811	12.14
878	4.911	12.4
878.1	5.011	12.65
878.2	5.111	12.91
878.3	5.211	13.17
878.4	5.312	13.43
878.5	5.412	13.69
878.6	5.512	13.94
878.7	5.612	14.2
878.8	5.712	14.46
878.9	5.813	14.72
879	5.913	14.98
879.1	6.013	15.24
879.2	6.113	15.5
879.3	6.213	15.76
879.4	6.313	16.02
879.5	6.414	16.28
879.6	6.514	16.54
879.7	6.614	16.8
879.8	6.714	17.06
879.9	6.814	17.32
880	6.915	17.58
880.1	7.015	17.84
880.2	7.115	18.1
880.3	7.215	18.36
880.4	7.315	18.62
880.5	7.416	18.89
880.6	7.516	19.15
880.7	7.616	19.41
880.8	7.716	19.67
880.9	7.816	19.94
881	7.917	20.2
881.1	8.017	20.46
881.2	8.117	20.72
881.3	8.217	20.99
881.4	8.317	21.25
881.5	8.418	21.51
881.6	8.518	21.78
881.7	8.618	22.04
881.8	8.718	22.31
881.9	8.818	22.57
882	8.919	22.83
882.1	9.019	23.1
882.2	9.119	23.36
882.3	9.219	23.63
882.4	9.319	23.89
882.5	9.42	24.16
882.6	9.52	24.43
882.7	9.62	24.69
882.8	9.72	24.96
882.9	9.82	25.22
883	9.921	25.49
883.1	10.02	25.76
883.2	10.12	26.02
883.3	10.22	26.29
883.4	10.32	26.56
883.5	10.42	26.82
883.6	10.52	27.09
883.7	10.62	27.36
883.8	10.72	27.63
883.9	10.82	27.89
884	10.92	28.16
884.1	11.02	28.43
884.2	11.12	28.7
884.3	11.22	28.97
884.4	11.32	29.24
884.5	11.42	29.51
884.6	11.52	29.77
884.7	11.62	30.04
884.8	11.72	30.31
884.9	11.82	30.58
885	11.92	30.85
885.1	12.02	31.12
885.2	12.13	31.39
885.3	12.23	31.66
885.4	12.33	31.94
885.5	12.43	32.21
885.6	12.53	32.48
885.7	12.63	32.75
885.8	12.73	33.02
885.9	12.83	33.29
886	12.93	33.56
886.1	13.03	33.83
886.2	13.13	34.11
886.3	13.23	34.38
886.4	13.33	34.65
886.5	13.43	34.92
886.6	13.53	35.2
886.7	13.63	35.47
886.8	13.73	35.74
886.9	13.83	36.02
887	13.93	36.29
887.1	14.03	36.56
887.2	14.13	36.84
887.3	14.23	37.11
887.4	14.33	37.39
887.5	14.43	37.66
887.6	14.53	37.94
887.7	14.63	38.21
887.8	14.73	38.49
887.9	14.83	38.76
888	14.93	39.04
888.1	15.03	39.31
888.2	15.13	39.59
888.3	15.23	39.86
888.4	15.33	40.14
888.5	15.43	40.42
888.6	15.53	40.69
888.7	15.63	40.97
888.8	15.73	41.25
888.9	15.83	41.52
889	15.93	41.8
889.1	16.03	42.08
889.2	16.13	42.35
889.3	16.23	42.63
889.4	16.33	42.91
889.5	16.43	43.19
889.6	16.53	43.47
889.7	16.63	43.74
889.8	16.73	44.02
889.9	16.83	44.3
890	16.93	44.58
890.1	17.03	44.86
890.2	17.13	45.14
890.3	17.24	45.42
890.4	17.34	45.7
890.5	17.44	45.98
890.6	17.54	46.26
890.7	17.64	46.54
890.8	17.74	46.82
890.9	17.84	47.1
891	17.94	47.38
891.1	18.04	47.66
891.2	18.14	47.94
891.3	18.24	48.22
891.4	18.34	48.5
891.5	18.44	48.79
891.6	18.54	49.07
891.7	18.64	49.35
891.8	18.74	49.63
891.9	18.84	49.91
892	18.94	50.2
892.1	19.04	50.48
892.2	19.14	50.76
892.3	19.24	51.04
892.4	19.34	51.33
892.5	19.44	51.61
892.6	19.54	51.89
892.7	19.64	52.18
892.8	19.74	52.46
892.9	19.84	52.75
893	19.94	53.03
893.1	20.04	53.31
893.2	20.14	53.6
893.3	20.24	53.88
893.4	20.34	54.17
893.5	20.44	54.45
893.6	20.54	54.74
893.7	20.64	55.02
893.8	20.74	55.31
893.9	20.84	55.59
894	20.94	55.88
894.1	21.04	56.17
894.2	21.14	56.45
894.3	21.24	56.74
894.4	21.34	57.03
894.5	21.44	57.31
894.6	21.54	57.6
894.7	21.64	57.89
894.8	21.74	58.17
894.9	21.84	58.46
895	21.94	58.75
895.1	22.04	59.04
895.2	22.14	59.32
895.3	22.25	59.61
895.4	22.35	59.9
895.5	22.45	60.19
895.6	22.55	60.48
895.7	22.65	60.76
895.8	22.75	61.05
895.9	22.85	61.34
896	22.95	61.63
896.1	23.05	61.92
896.2	23.15	62.21
896.3	23.25	62.5
896.4	23.35	62.79
896.5	23.45	63.08
896.6	23.55	63.37
896.7	23.65	63.66
896.8	23.75	63.95
896.9	23.85	64.24
897	23.95	64.53
897.1	24.05	64.82
897.2	24.15	65.11
897.3	24.25	65.4
897.4	24.35	65.7
897.5	24.45	65.99
897.6	24.55	66.28
897.7	24.65	66.57
897.8	24.75	66.86
897.9	24.85	67.15
898	24.95	67.45
898.1	25.05	67.74
898.2	25.15	68.03
898.3	25.25	68.32
898.4	25.35	68.62
898.5	25.45	68.91
898.6	25.55	69.2
898.7	25.65	69.5
898.8	25.75	69.79
898.9	25.85	70.08
899	25.95	70.38
899.1	26.05	70.67
899.2	26.15	70.97
899.3	26.25	71.26
899.4	26.35	71.55
899.5	26.45	71.85
899.6	26.55	72.14
899.7	26.65	72.44
899.8	26.75	72.73
899.9	26.85	73.03
900	26.95	73.32
900.1	27.05	73.62
900.2	27.15	73.91
900.3	27.25	74.21
900.4	27.36	74.51
900.5	27.46	74.8
900.6	27.56	75.1
900.7	27.66	75.39
900.8	27.76	75.69
900.9	27.86	75.99
901	27.96	76.28
901.1	28.06	76.58
901.2	28.16	76.88
901.3	28.26	77.17
901.4	28.36	77.47
901.5	28.46	77.77
901.6	28.56	78.07
901.7	28.66	78.36
901.8	28.76	78.66
901.9	28.86	78.96
902	28.96	79.26
902.1	29.06	79.55
902.2	29.16	79.85
902.3	29.26	80.15
902.4	29.36	80.45
902.5	29.46	80.75
902.6	29.56	81.05
902.7	29.66	81.35
902.8	29.76	81.65
902.9	29.86	81.94
903	29.96	82.24
903.1	30.06	82.54
903.2	30.16	82.84
903.3	30.26	83.14
903.4	30.36	83.44
903.5	30.46	83.74
903.6	30.56	84.04
903.7	30.66	84.34
903.8	30.76	84.64
903.9	30.86	84.94
904	30.96	85.24
904.1	31.06	85.54
904.2	31.16	85.85
904.3	31.26	86.15
904.4	31.36	86.45
904.5	31.46	86.75
904.6	31.56	87.05
904.7	31.66	87.35
904.8	31.76	87.65
904.9	31.86	87.95
905	31.96	88.26
905.1	32.06	88.56
905.2	32.16	88.86
905.3	32.26	89.16
905.4	32.37	89.46
905.5	32.47	89.77
905.6	32.57	90.07
905.7	32.67	90.37
905.8	32.77	90.67
905.9	32.87	90.98
906	32.97	91.28
906.1	33.07	91.58
906.2	33.17	91.89
906.3	33.27	92.19
906.4	33.37	92.49
906.5	33.47	92.8
906.6	33.57	93.1
906.7	33.67	93.4
906.8	33.77	93.71
906.9	33.87	94.01
907	33.97	94.32
907.1	34.07	94.62
907.2	34.17	94.92
907.3	34.27	95.23
907.4	34.37	95.53
907.5	34.47	95.84
907.6	34.57	96.14
907.7	34.67	96.45
907.8	34.77	96.75
907.9	34.87	97.06
908	34.97	97.36
908.1	35.07	97.67
908.2	35.17	97.97
908.3	35.27	98.28
908.4	35.37	98.58
908.5	35.47	98.89
908.6	35.57	99.19
908.7	35.67	99.5
908.8	35.77	99.8
908.9	35.87	100.1
909	35.97	100.4
909.1	36.07	100.7
909.2	36.17	101
909.3	36.27	101.3
909.4	36.37	101.6
909.5	36.47	101.9
909.6	36.57	102.3
909.7	36.67	102.6
909.8	36.77	102.9
909.9	36.87	103.2
910	36.97	103.5
910.1	37.07	103.8
910.2	37.17	104.1
910.3	37.27	104.4
910.4	37.38	104.7
910.5	37.48	105
910.6	37.58	105.3
910.7	37.68	105.6
910.8	37.78	105.9
910.9	37.88	106.2
911	37.98	106.6
911.1	38.08	106.9
911.2	38.18	107.2
911.3	38.28	107.5
911.4	38.38	107.8
911.5	38.48	108.1
911.6	38.58	108.4
911.7	38.68	108.7
911.8	38.78	109
911.9	38.88	109.3
912	38.98	109.6
912.1	39.08	109.9
912.2	39.18	110.2
912.3	39.28	110.6
912.4	39.38	110.9
912.5	39.48	111.2
912.6	39.58	111.5
912.7	39.68	111.8
912.8	39.78	112.1
912.9	39.88	112.4
913	39.98	112.7
913.1	40.08	113
913.2	40.18	113.3
913.3	40.28	113.6
913.4	40.38	114
913.5	40.48	114.3
913.6	40.58	114.6
913.7	40.68	114.9
913.8	40.78	115.2
913.9	40.88	115.5
914	40.98	115.8
914.1	41.08	116.1
914.2	41.18	116.4
914.3	41.28	116.7
914.4	41.38	117
914.5	41.48	117.4
914.6	41.58	117.7
914.7	41.68	118
914.8	41.78	118.3
914.9	41.88	118.6
915	41.98	118.9
915.1	42.08	119.2
915.2	42.18	119.5
915.3	42.28	119.8
915.4	42.38	120.1
915.5	42.49	120.5
915.6	42.59	120.8
915.7	42.69	121.1
915.8	42.79	121.4
915.9	42.89	121.7
916	42.99	122
916.1	43.09	122.3
916.2	43.19	122.6
916.3	43.29	122.9
916.4	43.39	123.3
916.5	43.49	123.6
916.6	43.59	123.9
916.7	43.69	124.2
916.8	43.79	124.5
916.9	43.89	124.8
917	43.99	125.1
917.1	44.09	125.4
917.2	44.19	125.7
917.3	44.29	126
917.4	44.39	126.4
917.5	44.49	126.7
917.6	44.59	127
917.7	44.69	127.3
917.8	44.79	127.6
917.9	44.89	127.9
918	44.99	128.2
918.1	45.09	128.5
918.2	45.19	128.8
918.3	45.29	129.2
918.4	45.39	129.5
918.5	45.49	129.8
918.6	45.59	130.1
918.7	45.69	130.4
918.8	45.79	130.7
918.9	45.89	131
919	45.99	131.3
919.1	46.09	131.6
919.2	46.19	132
919.3	46.29	132.3
919.4	46.39	132.6
919.5	46.49	132.9
919.6	46.59	133.2
919.7	46.69	133.5
919.8	46.79	133.8
919.9	46.89	134.1
920	46.99	134.4
920.1	47.09	134.8
920.2	47.19	135.1
920.3	47.29	135.4
920.4	47.39	135.7
920.5	47.5	136
920.6	47.6	136.3
920.7	47.7	136.6
920.8	47.8	136.9
920.9	47.9	137.2
921	48	137.6
921.1	48.1	137.9
921.2	48.2	138.2
921.3	48.3	138.5
921.4	48.4	138.8
921.5	48.5	139.1
921.6	48.6	139.4
921.7	48.7	139.7
921.8	48.8	140
921.9	48.9	140.4
922	49	140.7
922.1	49.1	141
922.2	49.2	141.3
922.3	49.3	141.6
922.4	49.4	141.9
922.5	49.5	142.2
922.6	49.6	142.5
922.7	49.7	142.8
922.8	49.8	143.2
922.9	49.9	143.5
923	50	143.8
923.1	0.001	0.002347
923.2	0.1012	0.2376
923.3	0.2014	0.473
923.4	0.3016	0.7084
923.5	0.4018	0.9441
923.6	0.502	1.18
923.7	0.6022	1.416
923.8	0.7024	1.652
923.9	0.8026	1.888
924	0.9028	2.124
924.1	1.003	2.36
924.2	1.103	2.597
924.3	1.203	2.833
924.4	1.304	3.07
924.5	1.404	3.307
924.6	1.504	3.544
924.7	1.604	3.781
924.8	1.704	4.018
924.9	1.805	4.255
925	1.905	4.493
925.1	2.005	4.73
925.2	2.105	4.968
925.3	2.205	5.206
925.4	2.306	5.444
925.5	2.406	5.682
925.6	2.506	5.92
925.7	2.606	6.158
925.8	2.706	6.396
925.9	2.807	6.635
926	2.907	6.874
926.1	3.007	7.112
926.2	3.107	7.351
926.3	3.207	7.59
926.4	3.308	7.829
926.5	3.408	8.069
926.6	3.508	8.308
926.7	3.608	8.548
926.8	3.708	8.787
926.9	3.809	9.027
927	3.909	9.267
927.1	4.009	9.507
927.2	4.109	9.747
927.3	4.209	9.987
927.4	4.31	10.23
927.5	4.41	10.47
927.6	4.51	10.71
927.7	4.61	10.95
927.8	4.71	11.19
927.9	4.811	11.43
928	4.911	11.67
928.1	5.011	11.91
928.2	5.111	12.15
928.3	5.211	12.4
928.4	5.312	12.64
928.5	5.412	12.88
928.6	5.512	13.12
928.7	5.612	13.36
928.8	5.712	13.6
928.9	5.813	13.85
929	5.913	14.09
929.1	6.013	14.33
929.2	6.113	14.57
929.3	6.213	14.82
929.4	6.313	15.06
929.5	6.414	15.3
929.6	6.514	15.55
929.7	6.614	15.79
929.8	6.714	16.03
929.9	6.814	16.28
930	6.915	16.52
930.1	7.015	16.76
930.2	7.115	17.01
930.3	7.215	17.25
930.4	7.315	17.49
930.5	7.416	17.74
930.6	7.516	17.98
930.7	7.616	18.23
930.8	7.716	18.47
930.9	7.816	18.72
931	7.917	18.96
931.1	8.017	19.21
931.2	8.117	19.45
931.3	8.217	19.7
931.4	8.317	19.94
931.5	8.418	20.19
931.6	8.518	20.43
931.7	8.618	20.68
931.8	8.718	20.92
931.9	8.818	21.17
932	8.919	21.41
932.1	9.019	21.66
932.2	9.119	21.91
932.3	9.219	22.15
932.4	9.319	22.4
932.5	9.42	22.65
932.6	9.52	22.89
932.7	9.62	23.14
932.8	9.72	23.39
932.9	9.82	23.63
933	9.921	23.88
933.1	10.02	24.13
933.2	10.12	24.37
933.3	10.22	24.62
933.4	10.32	24.87
933.5	10.42	25.12
933.6	10.52	25.36
933.7	10.62	25.61
933.8	10.72	25.86
933.9	10.82	26.11
934	10.92	26.36
934.1	11.02	26.61
934.2	11.12	26.85
934.3	11.22	27.1
934.4	11.32	27.35
934.5	11.42	27.6
934.6	11.52	27.85
934.7	11.62	28.1
934.8	11.72	28.35
934.9	11.82	28.6
935	11.92	28.85
935.1	12.02	29.1
935.2	12.13	29.35
935.3	12.23	29.6
935.4	12.33	29.85
935.5	12.43	30.1
935.6	12.53	30.35
935.7	12.63	30.6
935.8	12.73	30.85
935.9	12.83	31.1
936	12.93	31.35
936.1	13.03	31.6
936.2	13.13	31.85
936.3	13.23	32.1
936.4	13.33	32.35
936.5	13.43	32.6
936.6	13.53	32.85
936.7	13.63	33.1
936.8	13.73	33.36
936.9	13.83	33.61
937	13.93	33.86
937.1	14.03	34.11
937.2	14.13	34.36
937.3	14.23	34.62
937.4	14.33	34.87
937.5	14.43	35.12
937.6	14.53	35.37
937.7	14.63	35.62
937.8	14.73	35.88
937.9	14.83	36.13
938	14.93	36.38
938.1	15.03	36.64
938.2	15.13	36.89
938.3	15.23	37.14
938.4	15.33	37.4
938.5	15.43	37.65
938.6	15.53	37.9
938.7	15.63	38.16
938.8	15.73	38.41
938.9	15.83	38.66
939	15.93	38.92
939.1	16.03	39.17
939.2	16.13	39.43
939.3	16.23	39.68
939.4	16.33	39.94
939.5	16.43	40.19
939.6	16.53	40.44
939.7	16.63	40.7
939.8	16.73	40.95
939.9	16.83	41.21
940	16.93	41.46
940.1	17.03	41.72
940.2	17.13	41.97
940.3	17.24	42.23
940.4	17.34	42.49
940.5	17.44	42.74
940.6	17.54	43
940.7	17.64	43.25
940.8	17.74	43.51
940.9	17.84	43.76
941	17.94	44.02
941.1	18.04	44.28
941.2	18.14	44.53
941.3	18.24	44.79
941.4	18.34	45.05
941.5	18.44	45.3
941.6	18.54	45.56
941.7	18.64	45.82
941.8	18.74	46.07
941.9	18.84	46.33
942	18.94	46.59
942.1	19.04	46.85
942.2	19.14	47.1
942.3	19.24	47.36
942.4	19.34	47.62
942.5	19.44	47.88
942.6	19.54	48.13
942.7	19.64	48.39
942.8	19.74	48.65
942.9	19.84	48.91
943	19.94	49.17
943.1	20.04	49.42
943.2	20.14	49.68
943.3	20.24	49.94
943.4	20.34	50.2
943.5	20.44	50.46
943.6	20.54	50.72
943.7	20.64	50.98
943.8	20.74	51.24
943.9	20.84	51.5
944	20.94	51.75
944.1	21.04	52.01
944.2	21.14	52.27
944.3	21.24	52.53
944.4	21.34	52.79
944.5	21.44	53.05
944.6	21.54	53.31
944.7	21.64	53.57
944.8	21.74	53.83
944.9	21.84	54.09
945	21.94	54.35
945.1	22.04	54.61
945.2	22.14	54.87
945.3	22.25	55.13
945.4	22.35	55.39
945.5	22.45	55.66
945.6	22.55	55.92
945.7	22.65	56.18
945.8	22.75	56.44
945.9	22.85	56.7
946	22.95	56.96
946.1	23.05	57.22
946.2	23.15	57.48
946.3	23.25	57.74
946.4	23.35	58.01
946.5	23.45	58.27
946.6	23.55	58.53
946.7	23.65	58.79
946.8	23.75	59.05
946.9	23.85	59.31
947	23.95	59.58
947.1	24.05	59.84
947.2	24.15	60.1
947.3	24.25	60.36
947.4	24.35	60.63
947.5	24.45	60.89
947.6	24.55	61.15
947.7	24.65	61.41
947.8	24.75	61.68
947.9	24.85	61.94
948	24.95	62.2
948.1	25.05	62.47
948.2	25.15	62.73
948.3	25.25	62.99
948.4	25.35	63.26
948.5	25.45	63.52
948.6	25.55	63.78
948.7	25.65	64.05
948.8	25.75	64.31
948.9	25.85	64.57
949	25.95	64.84
949.1	26.05	65.1
949.2	26.15	65.37
949.3	26.25	65.63
949.4	26.35	65.89
949.5	26.45	66.16
949.6	26.55	66.42
949.7	26.65	66.69
949.8	26.75	66.95
949.9	26.85	67.22
950	26.95	67.48
950.1	27.05	67.75
950.2	27.15	68.01
950.3	27.25	68.28
950.4	27.36	68.54
950.5	27.46	68.81
950.6	27.56	69.07
950.7	27.66	69.34
950.8	27.76	69.6
950.9	27.86	69.87
951	27.96	70.13
951.1	28.06	70.4
951.2	28.16	70.66
951.3	28.26	70.93
951.4	28.36	71.19
951.5	28.46	71.46
951.6	28.56	71.73
951.7	28.66	71.99
951.8	28.76	72.26
951.9	28.86	72.52
952	28.96	72.79
952.1	29.06	73.06
952.2	29.16	73.32
952.3	29.26	73.59
952.4	29.36	73.86
952.5	29.46	74.12
952.6	29.56	74.39
952.7	29.66	74.66
952.8	29.76	74.92
952.9	29.86	75.19
953	29.96	75.46
953.1	30.06	75.72
953.2	30.16	75.99
953.3	30.26	76.26
953.4	30.36	76.53
953.5	30.46	76.79
953.6	30.56	77.06
953.7	30.66	77.33
953.8	30.76	77.59
953.9	30.86	77.86
954	30.96	78.13
954.1	31.06	78.4
954.2	31.16	78.67
954.3	31.26	78.93
954.4	31.36	79.2
954.5	31.46	79.47
954.6	31.56	79.74
954.7	31.66	80
954.8	31.76	80.27
954.9	31.86	80.54
955	31.96	80.81
955.1	32.06	81.08
955.2	32.16	81.35
955.3	32.26	81.61
955.4	32.37	81.88
955.5	32.47	82.15
955.6	32.57	82.42
955.7	32.67	82.69
955.8	32.77	82.96
955.9	32.87	83.23
956	32.97	83.49
956.1	33.07	83.76
956.2	33.17	84.03
956.3	33.27	84.3
956.4	33.37	84.57
956.5	33.47	84.84
956.6	33.57	85.11
956.7	33.67	85.38
956.8	33.77	85.65
956.9	33.87	85.92
957	33.97	86.19
957.1	34.07	86.46
957.2	34.17	86.72
957.3	34.27	86.99
957.4	34.37	87.26
957.5	34.47	87.53
957.6	34.57	87.8
957.7	34.67	88.07
957.8	34.77	88.34
957.9	34.87	88.61
958	34.97	88.88
958.1	35.07	89.15
958.2	35.17	89.42
958.3	35.27	89.69
958.4	35.37	89.96
958.5	35.47	90.23
958.6	35.57	90.5
958.7	35.67	90.77
958.8	35.77	91.04
958.9	35.87	91.31
959	35.97	91.58
959.1	36.07	91.85
959.2	36.17	92.12
959.3	36.27	92.39
959.4	36.37	92.66
959.5	36.47	92.94
959.6	36.57	93.21
959.7	36.67	93.48
959.8	36.77	93.75
959.9	36.87	94.02
960	36.97	94.29
960.1	37.07	94.56
960.2	37.17	94.83
960.3	37.27	95.1
960.4	37.38	95.37
960.5	37.48	95.64
960.6	37.58	95.91
960.7	37.68	96.18
960.8	37.78	96.46
960.9	37.88	96.73
961	37.98	97
961.1	38.08	97.27
961.2	38.18	97.54
961.3	38.28	97.81
961.4	38.38	98.08
961.5	38.48	98.35
961.6	38.58	98.62
961.7	38.68	98.9
961.8	38.78	99.17
961.9	38.88	99.44
962	38.98	99.71
962.1	39.08	99.98
962.2	39.18	100.3
962.3	39.28	100.5
962.4	39.38	100.8
962.5	39.48	101.1
962.6	39.58	101.3
962.7	39.68	101.6
962.8	39.78	101.9
962.9	39.88	102.2
963	39.98	102.4
963.1	40.08	102.7
963.2	40.18	103
963.3	40.28	103.2
963.4	40.38	103.5
963.5	40.48	103.8
963.6	40.58	104.1
963.7	40.68	104.3
963.8	40.78	104.6
963.9	40.88	104.9
964	40.98	105.1
964.1	41.08	105.4
964.2	41.18	105.7
964.3	41.28	106
964.4	41.38	106.2
964.5	41.48	106.5
964.6	41.58	106.8
964.7	41.68	107
964.8	41.78	107.3
964.9	41.88	107.6
965	41.98	107.9
965.1	42.08	108.1
965.2	42.18	108.4
965.3	42.28	108.7
965.4	42.38	108.9
965.5	42.49	109.2
965.6	42.59	109.5
965.7	42.69	109.8
965.8	42.79	110
965.9	42.89	110.3
966	42.99	110.6
966.1	43.09	110.9
966.2	43.19	111.1
966.3	43.29	111.4
966.4	43.39	111.7
966.5	43.49	111.9
966.6	43.59	112.2
966.7	43.69	112.5
966.8	43.79	112.8
966.9	43.89	113
967	43.99	113.3
967.1	44.09	113.6
967.2	44.19	113.8
967.3	44.29	114.1
967.4	44.39	114.4
967.5	44.49	114.7
967.6	44.59	114.9
967.7	44.69	115.2
967.8	44.79	115.5
967.9	44.89	115.8
968	44.99	116
968.1	45.09	116.3
968.2	45.19	116.6
968.3	45.29	116.8
968.4	45.39	117.1
968.5	45.49	117.4
968.6	45.59	117.7
968.7	45.69	117.9
968.8	45.79	118.2
968.9	45.89	118.5
969	45.99	118.7
969.1	46.09	119
969.2	46.19	119.3
969.3	46.29	119.6
969.4	46.39	119.8
969.5	46.49	120.1
969.6	46.59	120.4
969.7	46.69	120.7
969.8	46.79	120.9
969.9	46.89	121.2
970	46.99	121.5
970.1	47.09	121.7
970.2	47.19	122
970.3	47.29	122.3
970.4	47.39	122.6
970.5	47.5	122.8
970.6	47.6	123.1
970.7	47.7	123.4
970.8	47.8	123.6
970.9	47.9	123.9
971	48	124.2
971.1	48.1	124.5
971.2	48.2	124.7
971.3	48.3	125
971.4	48.4	125.3
971.5	48.5	125.5
971.6	48.6	125.8
971.7	48.7	126.1
971.8	48.8	126.4
971.9	48.9	126.6
972	49	126.9
972.1	49.1	127.2
972.2	49.2	127.4
972.3	49.3	127.7
972.4	49.4	128
972.5	49.5	128.3
972.6	49.6	128.5
972.7	49.7	128.8
972.8	49.8	129.1
972.9	49.9	129.3
973	50	129.6
973.1	0.001	0.002227
973.2	0.1012	0.2254
973.3	0.2014	0.4486
973.4	0.3016	0.6719
973.5	0.4018	0.8953
973.6	0.502	1.119
973.7	0.6022	1.342
973.8	0.7024	1.566
973.9	0.8026	1.79
974	0.9028	2.014
974.1	1.003	2.237
974.2	1.103	2.461
974.3	1.203	2.685
974.4	1.304	2.91
974.5	1.404	3.134
974.6	1.504	3.358
974.7	1.604	3.582
974.8	1.704	3.807
974.9	1.805	4.032
975	1.905	4.256
975.1	2.005	4.481
975.2	2.105	4.706
975.3	2.205	4.931
975.4	2.306	5.156
975.5	2.406	5.381
975.6	2.506	5.606
975.7	2.606	5.831
975.8	2.706	6.056
975.9	2.807	6.282
976	2.907	6.507
976.1	3.007	6.733
976.2	3.107	6.958
976.3	3.207	7.184
976.4	3.308	7.41
976.5	3.408	7.636
976.6	3.508	7.862
976.7	3.608	8.088
976.8	3.708	8.314
976.9	3.809	8.54
977	3.909	8.766
977.1	4.009	8.993
977.2	4.109	9.219
977.3	4.209	9.446
977.4	4.31	9.672
977.5	4.41	9.899
977.6	4.51	10.13
977.7	4.61	10.35
977.8	4.71	10.58
977.9	4.811	10.81
978	4.911	11.03
978.1	5.011	11.26
978.2	5.111	11.49
978.3	5.211	11.72
978.4	5.312	11.94
978.5	5.412	12.17
978.6	5.512	12.4
978.7	5.612	12.63
978.8	5.712	12.85
978.9	5.813	13.08
979	5.913	13.31
979.1	6.013	13.54
979.2	6.113	13.76
979.3	6.213	13.99
979.4	6.313	14.22
979.5	6.414	14.45
979.6	6.514	14.68
979.7	6.614	14.91
979.8	6.714	15.14
979.9	6.814	15.36
980	6.915	15.59
980.1	7.015	15.82
980.2	7.115	16.05
980.3	7.215	16.28
980.4	7.315	16.51
980.5	7.416	16.74
980.6	7.516	16.97
980.7	7.616	17.2
980.8	7.716	17.42
980.9	7.816	17.65
981	7.917	17.88
981.1	8.017	18.11
981.2	8.117	18.34
981.3	8.217	18.57
981.4	8.317	18.8
981.5	8.418	19.03
981.6	8.518	19.26
981.7	8.618	19.49
981.8	8.718	19.72
981.9	8.818	19.95
982	8.919	20.18
982.1	9.019	20.41
982.2	9.119	20.64
982.3	9.219	20.87
982.4	9.319	21.1
982.5	9.42	21.34
982.6	9.52	21.57
982.7	9.62	21.8
982.8	9.72	22.03
982.9	9.82	22.26
983	9.921	22.49
983.1	10.02	22.72
983.2	10.12	22.95
983.3	10.22	23.18
983.4	10.32	23.42
983.5	10.42	23.65
983.6	10.52	23.88
983.7	10.62	24.11
983.8	10.72	24.34
983.9	10.82	24.57
984	10.92	24.8
984.1	11.02	25.04
984.2	11.12	25.27
984.3	11.22	25.5
984.4	11.32	25.73
984.5	11.42	25.96
984.6	11.52	26.2
984.7	11.62	26.43
984.8	11.72	26.66
984.9	11.82	26.89
985	11.92	27.13
985.1	12.02	27.36
985.2	12.13	27.59
985.3	12.23	27.83
985.4	12.33	28.06
985.5	12.43	28.29
985.6	12.53	28.52
985.7	12.63	28.76
985.8	12.73	28.99
985.9	12.83	29.22
986	12.93	29.46
986.1	13.03	29.69
986.2	13.13	29.92
986.3	13.23	30.16
986.4	13.33	30.39
986.5	13.43	30.62
986.6	13.53	30.86
986.7	13.63	31.09
986.8	13.73	31.33
986.9	13.83	31.56
987	13.93	31.79
987.1	14.03	32.03
987.2	14.13	32.26
987.3	14.23	32.5
987.4	14.33	32.73
987.5	14.43	32.96
987.6	14.53	33.2
987.7	14.63	33.43
987.8	14.73	33.67
987.9	14.83	33.9
988	14.93	34.14
988.1	15.03	34.37
988.2	15.13	34.61
988.3	15.23	34.84
988.4	15.33	35.08
988.5	15.43	35.31
988.6	15.53	35.55
988.7	15.63	35.78
988.8	15.73	36.02
988.9	15.83	36.25
989	15.93	36.49
989.1	16.03	36.72
989.2	16.13	36.96
989.3	16.23	37.2
989.4	16.33	37.43
989.5	16.43	37.67
989.6	16.53	37.9
989.7	16.63	38.14
989.8	16.73	38.37
989.9	16.83	38.61
990	16.93	38.85
990.1	17.03	39.08
990.2	17.13	39.32
990.3	17.24	39.55
990.4	17.34	39.79
990.5	17.44	40.03
990.6	17.54	40.26
990.7	17.64	40.5
990.8	17.74	40.74
990.9	17.84	40.97
991	17.94	41.21
991.1	18.04	41.45
991.2	18.14	41.68
991.3	18.24	41.92
991.4	18.34	42.16
991.5	18.44	42.4
991.6	18.54	42.63
991.7	18.64	42.87
991.8	18.74	43.11
991.9	18.84	43.34
992	18.94	43.58
992.1	19.04	43.82
992.2	19.14	44.06
992.3	19.24	44.29
992.4	19.34	44.53
992.5	19.44	44.77
992.6	19.54	45.01
992.7	19.64	45.24
992.8	19.74	45.48
992.9	19.84	45.72
993	19.94	45.96
993.1	20.04	46.2
993.2	20.14	46.43
993.3	20.24	46.67
993.4	20.34	46.91
993.5	20.44	47.15
993.6	20.54	47.39
993.7	20.64	47.63
993.8	20.74	47.86
993.9	20.84	48.1
994	20.94	48.34
994.1	21.04	48.58
994.2	21.14	48.82
994.3	21.24	49.06
994.4	21.34	49.3
994.5	21.44	49.54
994.6	21.54	49.77
994.7	21.64	50.01
994.8	21.74	50.25
994.9	21.84	50.49
995	21.94	50.73
995.1	22.04	50.97
995.2	22.14	51.21
995.3	22.25	51.45
995.4	22.35	51.69
995.5	22.45	51.93
995.6	22.55	52.17
995.7	22.65	52.41
995.8	22.75	52.65
995.9	22.85	52.89
996	22.95	53.12
996.1	23.05	53.36
996.2	23.15	53.6
996.3	23.25	53.84
996.4	23.35	54.08
996.5	23.45	54.32
996.6	23.55	54.56
996.7	23.65	54.8
996.8	23.75	55.04
996.9	23.85	55.28
997	23.95	55.52
997.1	24.05	55.76
997.2	24.15	56
997.3	24.25	56.25
997.4	24.35	56.49
997.5	24.45	56.73
997.6	24.55	56.97
997.7	24.65	57.21
997.8	24.75	57.45
997.9	24.85	57.69
998	24.95	57.93
998.1	25.05	58.17
998.2	25.15	58.41
998.3	25.25	58.65
998.4	25.35	58.89
998.5	25.45	59.13
998.6	25.55	59.37
998.7	25.65	59.62
998.8	25.75	59.86
998.9	25.85	60.1
999	25.95	60.34
999.1	26.05	60.58
999.2	26.15	60.82
999.3	26.25	61.06
999.4	26.35	61.3
999.5	26.45	61.55
999.6	26.55	61.79
999.7	26.65	62.03
1000	26.75	62.27
1000	26.85	62.51
1000	26.95	62.75
1000	27.05	62.99
1000	27.15	63.24
1000	27.25	63.48
1000	27.36	63.72
1001	27.46	63.96
1001	27.56	64.2
1001	27.66	64.45
1001	27.76	64.69
1001	27.86	64.93
1001	27.96	65.17
1001	28.06	65.41
1001	28.16	65.66
1001	28.26	65.9
1001	28.36	66.14
1002	28.46	66.38
1002	28.56	66.62
1002	28.66	66.87
1002	28.76	67.11
1002	28.86	67.35
1002	28.96	67.59
1002	29.06	67.84
1002	29.16	68.08
1002	29.26	68.32
1002	29.36	68.56
1003	29.46	68.81
1003	29.56	69.05
1003	29.66	69.29
1003	29.76	69.53
1003	29.86	69.78
1003	29.96	70.02
1003	30.06	70.26
1003	30.16	70.51
1003	30.26	70.75
1003	30.36	70.99
1004	30.46	71.23
1004	30.56	71.48
1004	30.66	71.72
1004	30.76	71.96
1004	30.86	72.21
1004	30.96	72.45
1004	31.06	72.69
1004	31.16	72.94
1004	31.26	73.18
1004	31.36	73.42
1005	31.46	73.67
1005	31.56	73.91
1005	31.66	74.15
1005	31.76	74.4
1005	31.86	74.64
1005	31.96	74.88
1005	32.06	75.13
1005	32.16	75.37
1005	32.26	75.61
1005	32.37	75.86
1006	32.47	76.1
1006	32.57	76.34
1006	32.67	76.59
1006	32.77	76.83
1006	32.87	77.07
1006	32.97	77.32
1006	33.07	77.56
1006	33.17	77.81
1006	33.27	78.05
1006	33.37	78.29
1007	33.47	78.54
1007	33.57	78.78
1007	33.67	79.02
1007	33.77	79.27
1007	33.87	79.51
1007	33.97	79.76
1007	34.07	80
1007	34.17	80.24
1007	34.27	80.49
1007	34.37	80.73
1008	34.47	80.98
1008	34.57	81.22
1008	34.67	81.46
1008	34.77	81.71
1008	34.87	81.95
1008	34.97	82.2
1008	35.07	82.44
1008	35.17	82.69
1008	35.27	82.93
1008	35.37	83.17
1009	35.47	83.42
1009	35.57	83.66
1009	35.67	83.91
1009	35.77	84.15
1009	35.87	84.39
1009	35.97	84.64
1009	36.07	84.88
1009	36.17	85.13
1009	36.27	85.37
1009	36.37	85.62
1010	36.47	85.86
1010	36.57	86.11
1010	36.67	86.35
1010	36.77	86.59
1010	36.87	86.84
1010	36.97	87.08
1010	37.07	87.33
1010	37.17	87.57
1010	37.27	87.82
1010	37.38	88.06
1011	37.48	88.31
1011	37.58	88.55
1011	37.68	88.79
1011	37.78	89.04
1011	37.88	89.28
1011	37.98	89.53
1011	38.08	89.77
1011	38.18	90.02
1011	38.28	90.26
1011	38.38	90.51
1012	38.48	90.75
1012	38.58	91
1012	38.68	91.24
1012	38.78	91.48
1012	38.88	91.73
1012	38.98	91.97
1012	39.08	92.22
1012	39.18	92.46
1012	39.28	92.71
1012	39.38	92.95
1013	39.48	93.2
1013	39.58	93.44
1013	39.68	93.69
1013	39.78	93.93
1013	39.88	94.18
1013	39.98	94.42
1013	40.08	94.67
1013	40.18	94.91
1013	40.28	95.15
1013	40.38	95.4
1014	40.48	95.64
1014	40.58	95.89
1014	40.68	96.13
1014	40.78	96.38
1014	40.88	96.62
1014	40.98	96.87
1014	41.08	97.11
1014	41.18	97.36
1014	41.28	97.6
1014	41.38	97.85
1015	41.48	98.09
1015	41.58	98.34
1015	41.68	98.58
1015	41.78	98.82
1015	41.88	99.07
1015	41.98	99.31
1015	42.08	99.56
1015	42.18	99.8
1015	42.28	100
1015	42.38	100.3
1016	42.49	100.5
1016	42.59	100.8
1016	42.69	101
1016	42.79	101.3
1016	42.89	101.5
1016	42.99	101.8
1016	43.09	102
1016	43.19	102.2
1016	43.29	102.5
1016	43.39	102.7
1017	43.49	103
1017	43.59	103.2
1017	43.69	103.5
1017	43.79	103.7
1017	43.89	104
1017	43.99	104.2
1017	44.09	104.5
1017	44.19	104.7
1017	44.29	104.9
1017	44.39	105.2
1018	44.49	105.4
1018	44.59	105.7
1018	44.69	105.9
1018	44.79	106.2
1018	44.89	106.4
1018	44.99	106.7
1018	45.09	106.9
1018	45.19	107.1
1018	45.29	107.4
1018	45.39	107.6
1019	45.49	107.9
1019	45.59	108.1
1019	45.69	108.4
1019	45.79	108.6
1019	45.89	108.8
1019	45.99	109.1
1019	46.09	109.3
1019	46.19	109.6
1019	46.29	109.8
1019	46.39	110.1
1020	46.49	110.3
1020	46.59	110.6
1020	46.69	110.8
1020	46.79	111
1020	46.89	111.3
1020	46.99	111.5
1020	47.09	111.8
1020	47.19	112
1020	47.29	112.3
1020	47.39	112.5
1021	47.5	112.8
1021	47.6	113
1021	47.7	113.2
1021	47.8	113.5
1021	47.9	113.7
1021	48	114
1021	48.1	114.2
1021	48.2	114.5
1021	48.3	114.7
1021	48.4	114.9
1022	48.5	115.2
1022	48.6	115.4
1022	48.7	115.7
1022	48.8	115.9
1022	48.9	116.2
1022	49	116.4
1022	49.1	116.7
1022	49.2	116.9
1022	49.3	117.1
1022	49.4	117.4
1023	49.5	117.6
1023	49.6	117.9
1023	49.7	118.1
1023	49.8	118.4
1023	49.9	118.6
1023	50	118.8
1023	0.001	0.002118
1023	0.1012	0.2143
1023	0.2014	0.4266
1023	0.3016	0.639
1024	0.4018	0.8514
1024	0.502	1.064
1024	0.6022	1.276
1024	0.7024	1.489
1024	0.8026	1.701
1024	0.9028	1.914
1024	1.003	2.127
1024	1.103	2.34
1024	1.203	2.553
1024	1.304	2.765
1025	1.404	2.978
1025	1.504	3.191
1025	1.604	3.404
1025	1.704	3.618
1025	1.805	3.831
1025	1.905	4.044
1025	2.005	4.257
1025	2.105	4.471
1025	2.205	4.684
1025	2.306	4.897
1026	2.406	5.111
1026	2.506	5.324
1026	2.606	5.538
1026	2.706	5.752
1026	2.807	5.965
1026	2.907	6.179
1026	3.007	6.393
1026	3.107	6.607
1026	3.207	6.821
1026	3.308	7.035
1027	3.408	7.249
1027	3.508	7.463
1027	3.608	7.677
1027	3.708	7.891
1027	3.809	8.105
1027	3.909	8.32
1027	4.009	8.534
1027	4.109	8.749
1027	4.209	8.963
1027	4.31	9.178
1028	4.41	9.392
1028	4.51	9.607
1028	4.61	9.821
1028	4.71	10.04
1028	4.811	10.25
1028	4.911	10.47
1028	5.011	10.68
1028	5.111	10.9
1028	5.211	11.11
1028	5.312	11.33
1029	5.412	11.54
1029	5.512	11.76
1029	5.612	11.97
1029	5.712	12.19
1029	5.813	12.4
1029	5.913	12.62
1029	6.013	12.83
1029	6.113	13.05
1029	6.213	13.26
1029	6.313	13.48
1030	6.414	13.69
1030	6.514	13.91
1030	6.614	14.13
1030	6.714	14.34
1030	6.814	14.56
1030	6.915	14.77
1030	7.015	14.99
1030	7.115	15.21
1030	7.215	15.42
1030	7.315	15.64
1031	7.416	15.85
1031	7.516	16.07
1031	7.616	16.29
1031	7.716	16.5
1031	7.816	16.72
1031	7.917	16.93
1031	8.017	17.15
1031	8.117	17.37
1031	8.217	17.58
1031	8.317	17.8
1032	8.418	18.02
1032	8.518	18.23
1032	8.618	18.45
1032	8.718	18.67
1032	8.818	18.88
1032	8.919	19.1
1032	9.019	19.32
1032	9.119	19.54
1032	9.219	19.75
1032	9.319	19.97
1033	9.42	20.19
1033	9.52	20.4
1033	9.62	20.62
1033	9.72	20.84
1033	9.82	21.06
1033	9.921	21.27
1033	10.02	21.49
1033	10.12	21.71
1033	10.22	21.93
1033	10.32	22.14
1034	10.42	22.36
1034	10.52	22.58
1034	10.62	22.8
1034	10.72	23.01
1034	10.82	23.23
1034	10.92	23.45
1034	11.02	23.67
1034	11.12	23.88
1034	11.22	24.1
1034	11.32	24.32
1035	11.42	24.54
1035	11.52	24.76
1035	11.62	24.98
1035	11.72	25.19
1035	11.82	25.41
1035	11.92	25.63
1035	12.02	25.85
1035	12.13	26.07
1035	12.23	26.29
1035	12.33	26.5
1036	12.43	26.72
1036	12.53	26.94
1036	12.63	27.16
1036	12.73	27.38
1036	12.83	27.6
1036	12.93	27.82
1036	13.03	28.03
1036	13.13	28.25
1036	13.23	28.47
1036	13.33	28.69
1037	13.43	28.91
1037	13.53	29.13
1037	13.63	29.35
1037	13.73	29.57
1037	13.83	29.79
1037	13.93	30.01
1037	14.03	30.22
1037	14.13	30.44
1037	14.23	30.66
1037	14.33	30.88
1038	14.43	31.1
1038	14.53	31.32
1038	14.63	31.54
1038	14.73	31.76
1038	14.83	31.98
1038	14.93	32.2
1038	15.03	32.42
1038	15.13	32.64
1038	15.23	32.86
1038	15.33	33.08
1039	15.43	33.3
1039	15.53	33.52
1039	15.63	33.74
1039	15.73	33.96
1039	15.83	34.18
1039	15.93	34.4
1039	16.03	34.62
1039	16.13	34.84
1039	16.23	35.06
1039	16.33	35.28
1040	16.43	35.5
1040	16.53	35.72
1040	16.63	35.94
1040	16.73	36.16
1040	16.83	36.38
1040	16.93	36.6
1040	17.03	36.82
1040	17.13	37.04
1040	17.24	37.26
1040	17.34	37.48
1041	17.44	37.7
1041	17.54	37.92
1041	17.64	38.14
1041	17.74	38.36
1041	17.84	38.59
1041	17.94	38.81
1041	18.04	39.03
1041	18.14	39.25
1041	18.24	39.47
1041	18.34	39.69
1042	18.44	39.91
1042	18.54	40.13
1042	18.64	40.35
1042	18.74	40.57
1042	18.84	40.79
1042	18.94	41.02
1042	19.04	41.24
1042	19.14	41.46
1042	19.24	41.68
1042	19.34	41.9
1043	19.44	42.12
1043	19.54	42.34
1043	19.64	42.56
1043	19.74	42.79
1043	19.84	43.01
1043	19.94	43.23
1043	20.04	43.45
1043	20.14	43.67
1043	20.24	43.89
1043	20.34	44.12
1044	20.44	44.34
1044	20.54	44.56
1044	20.64	44.78
1044	20.74	45
1044	20.84	45.22
1044	20.94	45.45
1044	21.04	45.67
1044	21.14	45.89
1044	21.24	46.11
1044	21.34	46.33
1045	21.44	46.55
1045	21.54	46.78
1045	21.64	47
1045	21.74	47.22
1045	21.84	47.44
1045	21.94	47.67
1045	22.04	47.89
1045	22.14	48.11
1045	22.25	48.33
1045	22.35	48.55
1046	22.45	48.78
1046	22.55	49
1046	22.65	49.22
1046	22.75	49.44
1046	22.85	49.67
1046	22.95	49.89
1046	23.05	50.11
1046	23.15	50.33
1046	23.25	50.56
1046	23.35	50.78
1047	23.45	51
1047	23.55	51.22
1047	23.65	51.45
1047	23.75	51.67
1047	23.85	51.89
1047	23.95	52.11
1047	24.05	52.34
1047	24.15	52.56
1047	24.25	52.78
1047	24.35	53
1048	24.45	53.23
1048	24.55	53.45
1048	24.65	53.67
1048	24.75	53.9
1048	24.85	54.12
1048	24.95	54.34
1048	25.05	54.56
1048	25.15	54.79
1048	25.25	55.01
1048	25.35	55.23
1049	25.45	55.46
1049	25.55	55.68
1049	25.65	55.9
1049	25.75	56.13
1049	25.85	56.35
1049	25.95	56.57
1049	26.05	56.79
1049	26.15	57.02
1049	26.25	57.24
1049	26.35	57.46
1050	26.45	57.69
1050	26.55	57.91
1050	26.65	58.13
1050	26.75	58.36
1050	26.85	58.58
1050	26.95	58.8
1050	27.05	59.03
1050	27.15	59.25
1050	27.25	59.47
1050	27.36	59.7
1051	27.46	59.92
1051	27.56	60.14
1051	27.66	60.37
1051	27.76	60.59
1051	27.86	60.82
1051	27.96	61.04
1051	28.06	61.26
1051	28.16	61.49
1051	28.26	61.71
1051	28.36	61.93
1052	28.46	62.16
1052	28.56	62.38
1052	28.66	62.6
1052	28.76	62.83
1052	28.86	63.05
1052	28.96	63.28
1052	29.06	63.5
1052	29.16	63.72
1052	29.26	63.95
1052	29.36	64.17
1053	29.46	64.39
1053	29.56	64.62
1053	29.66	64.84
1053	29.76	65.07
1053	29.86	65.29
1053	29.96	65.51
1053	30.06	65.74
1053	30.16	65.96
1053	30.26	66.18
1053	30.36	66.41
1054	30.46	66.63
1054	30.56	66.86
1054	30.66	67.08
1054	30.76	67.3
1054	30.86	67.53
1054	30.96	67.75
1054	31.06	67.98
1054	31.16	68.2
1054	31.26	68.42
1054	31.36	68.65
1055	31.46	68.87
1055	31.56	69.1
1055	31.66	69.32
1055	31.76	69.54
1055	31.86	69.77
1055	31.96	69.99
1055	32.06	70.22
1055	32.16	70.44
1055	32.26	70.66
1055	32.37	70.89
1056	32.47	71.11
1056	32.57	71.34
1056	32.67	71.56
1056	32.77	71.79
1056	32.87	72.01
1056	32.97	72.23
1056	33.07	72.46
1056	33.17	72.68
1056	33.27	72.91
1056	33.37	73.13
1057	33.47	73.35
1057	33.57	73.58
1057	33.67	73.8
1057	33.77	74.03
1057	33.87	74.25
1057	33.97	74.48
1057	34.07	74.7
1057	34.17	74.92
1057	34.27	75.15
1057	34.37	75.37
1058	34.47	75.6
1058	34.57	75.82
1058	34.67	76.05
1058	34.77	76.27
1058	34.87	76.49
1058	34.97	76.72
1058	35.07	76.94
1058	35.17	77.17
1058	35.27	77.39
1058	35.37	77.62
1059	35.47	77.84
1059	35.57	78.06
1059	35.67	78.29
1059	35.77	78.51
1059	35.87	78.74
1059	35.97	78.96
1059	36.07	79.18
1059	36.17	79.41
1059	36.27	79.63
1059	36.37	79.86
1060	36.47	80.08
1060	36.57	80.31
1060	36.67	80.53
1060	36.77	80.75
1060	36.87	80.98
1060	36.97	81.2
1060	37.07	81.43
1060	37.17	81.65
1060	37.27	81.88
1060	37.38	82.1
1061	37.48	82.32
1061	37.58	82.55
1061	37.68	82.77
1061	37.78	83
1061	37.88	83.22
1061	37.98	83.45
1061	38.08	83.67
1061	38.18	83.89
1061	38.28	84.12
1061	38.38	84.34
1062	38.48	84.57
1062	38.58	84.79
1062	38.68	85.01
1062	38.78	85.24
1062	38.88	85.46
1062	38.98	85.69
1062	39.08	85.91
1062	39.18	86.14
1062	39.28	86.36
1062	39.38	86.58
1063	39.48	86.81
1063	39.58	87.03
1063	39.68	87.26
1063	39.78	87.48
1063	39.88	87.7
1063	39.98	87.93
1063	40.08	88.15
1063	40.18	88.38
1063	40.28	88.6
1063	40.38	88.82
1064	40.48	89.05
1064	40.58	89.27
1064	40.68	89.5
1064	40.78	89.72
1064	40.88	89.94
1064	40.98	90.17
1064	41.08	90.39
1064	41.18	90.62
1064	41.28	90.84
1064	41.38	91.06
1065	41.48	91.29
1065	41.58	91.51
1065	41.68	91.74
1065	41.78	91.96
1065	41.88	92.18
1065	41.98	92.41
1065	42.08	92.63
1065	42.18	92.85
1065	42.28	93.08
1065	42.38	93.3
1066	42.49	93.53
1066	42.59	93.75
1066	42.69	93.97
1066	42.79	94.2
1066	42.89	94.42
1066	42.99	94.64
1066	43.09	94.87
1066	43.19	95.09
1066	43.29	95.31
1066	43.39	95.54
1067	43.49	95.76
1067	43.59	95.99
1067	43.69	96.21
1067	43.79	96.43
1067	43.89	96.66
1067	43.99	96.88
1067	44.09	97.1
1067	44.19	97.33
1067	44.29	97.55
1067	44.39	97.77
1068	44.49	98
1068	44.59	98.22
1068	44.69	98.44
1068	44.79	98.67
1068	44.89	98.89
1068	44.99	99.11
1068	45.09	99.34
1068	45.19	99.56
1068	45.29	99.78
1068	45.39	100
1069	45.49	100.2
1069	45.59	100.5
1069	45.69	100.7
1069	45.79	100.9
1069	45.89	101.1
1069	45.99	101.3
1069	46.09	101.6
1069	46.19	101.8
1069	46.29	102
1069	46.39	102.2
1070	46.49	102.5
1070	46.59	102.7
1070	46.69	102.9
1070	46.79	103.1
1070	46.89	103.4
1070	46.99	103.6
1070	47.09	103.8
1070	47.19	104
1070	47.29	104.2
1070	47.39	104.5
1071	47.5	104.7
1071	47.6	104.9
1071	47.7	105.1
1071	47.8	105.4
1071	47.9	105.6
1071	48	105.8
1071	48.1	106
1071	48.2	106.2
1071	48.3	106.5
1071	48.4	106.7
1072	48.5	106.9
1072	48.6	107.1
1072	48.7	107.4
1072	48.8	107.6
1072	48.9	107.8
1072	49	108
1072	49.1	108.2
1072	49.2	108.5
1072	49.3	108.7
1072	49.4	108.9
1073	49.5	109.1
1073	49.6	109.4
1073	49.7	109.6
1073	49.8	109.8
1073	49.9	110
1073	50	110.2
1073	0.001	0.002019
1073	0.1012	0.2044
1073	0.2014	0.4067
1073	0.3016	0.6091
1074	0.4018	0.8116
1074	0.502	1.014
1074	0.6022	1.217
1074	0.7024	1.419
1074	0.8026	1.622
1074	0.9028	1.824
1074	1.003	2.027
1074	1.103	2.23
1074	1.203	2.432
1074	1.304	2.635
1075	1.404	2.838
1075	1.504	3.041
1075	1.604	3.244
1075	1.704	3.446
1075	1.805	3.649
1075	1.905	3.852
1075	2.005	4.055
1075	2.105	4.258
1075	2.205	4.461
1075	2.306	4.665
1076	2.406	4.868
1076	2.506	5.071
1076	2.606	5.274
1076	2.706	5.477
1076	2.807	5.681
1076	2.907	5.884
1076	3.007	6.087
1076	3.107	6.291
1076	3.207	6.494
1076	3.308	6.697
1077	3.408	6.901
1077	3.508	7.104
1077	3.608	7.308
1077	3.708	7.511
1077	3.809	7.715
1077	3.909	7.919
1077	4.009	8.122
1077	4.109	8.326
1077	4.209	8.53
1077	4.31	8.734
1078	4.41	8.937
1078	4.51	9.141
1078	4.61	9.345
1078	4.71	9.549
1078	4.811	9.753
1078	4.911	9.957
1078	5.011	10.16
1078	5.111	10.36
1078	5.211	10.57
1078	5.312	10.77
1079	5.412	10.98
1079	5.512	11.18
1079	5.612	11.39
1079	5.712	11.59
1079	5.813	11.79
1079	5.913	12
1079	6.013	12.2
1079	6.113	12.41
1079	6.213	12.61
1079	6.313	12.82
1080	6.414	13.02
1080	6.514	13.22
1080	6.614	13.43
1080	6.714	13.63
1080	6.814	13.84
1080	6.915	14.04
1080	7.015	14.25
1080	7.115	14.45
1080	7.215	14.66
1080	7.315	14.86
1081	7.416	15.07
1081	7.516	15.27
1081	7.616	15.48
1081	7.716	15.68
1081	7.816	15.89
1081	7.917	16.09
1081	8.017	16.3
1081	8.117	16.5
1081	8.217	16.71
1081	8.317	16.91
1082	8.418	17.12
1082	8.518	17.32
1082	8.618	17.53
1082	8.718	17.73
1082	8.818	17.94
1082	8.919	18.14
1082	9.019	18.35
1082	9.119	18.55
1082	9.219	18.76
1082	9.319	18.96
1083	9.42	19.17
1083	9.52	19.37
1083	9.62	19.58
1083	9.72	19.78
1083	9.82	19.99
1083	9.921	20.19
1083	10.02	20.4
1083	10.12	20.61
1083	10.22	20.81
1083	10.32	21.02
1084	10.42	21.22
1084	10.52	21.43
1084	10.62	21.63
1084	10.72	21.84
1084	10.82	22.05
1084	10.92	22.25
1084	11.02	22.46
1084	11.12	22.66
1084	11.22	22.87
1084	11.32	23.07
1085	11.42	23.28
1085	11.52	23.49
1085	11.62	23.69
1085	11.72	23.9
1085	11.82	24.1
1085	11.92	24.31
1085	12.02	24.52
1085	12.13	24.72
1085	12.23	24.93
1085	12.33	25.13
1086	12.43	25.34
1086	12.53	25.55
1086	12.63	25.75
1086	12.73	25.96
1086	12.83	26.16
1086	12.93	26.37
1086	13.03	26.58
1086	13.13	26.78
1086	13.23	26.99
1086	13.33	27.2
1087	13.43	27.4
1087	13.53	27.61
1087	13.63	27.82
1087	13.73	28.02
1087	13.83	28.23
1087	13.93	28.44
1087	14.03	28.64
1087	14.13	28.85
1087	14.23	29.05
1087	14.33	29.26
1088	14.43	29.47
1088	14.53	29.67
1088	14.63	29.88
1088	14.73	30.09
1088	14.83	30.29
1088	14.93	30.5
1088	15.03	30.71
1088	15.13	30.91
1088	15.23	31.12
1088	15.33	31.33
1089	15.43	31.54
1089	15.53	31.74
1089	15.63	31.95
1089	15.73	32.16
1089	15.83	32.36
1089	15.93	32.57
1089	16.03	32.78
1089	16.13	32.98
1089	16.23	33.19
1089	16.33	33.4
1090	16.43	33.6
1090	16.53	33.81
1090	16.63	34.02
1090	16.73	34.23
1090	16.83	34.43
1090	16.93	34.64
1090	17.03	34.85
1090	17.13	35.05
1090	17.24	35.26
1090	17.34	35.47
1091	17.44	35.68
1091	17.54	35.88
1091	17.64	36.09
1091	17.74	36.3
1091	17.84	36.51
1091	17.94	36.71
1091	18.04	36.92
1091	18.14	37.13
1091	18.24	37.33
1091	18.34	37.54
1092	18.44	37.75
1092	18.54	37.96
1092	18.64	38.16
1092	18.74	38.37
1092	18.84	38.58
1092	18.94	38.79
1092	19.04	38.99
1092	19.14	39.2
1092	19.24	39.41
1092	19.34	39.62
1093	19.44	39.82
1093	19.54	40.03
1093	19.64	40.24
1093	19.74	40.45
1093	19.84	40.66
1093	19.94	40.86
1093	20.04	41.07
1093	20.14	41.28
1093	20.24	41.49
1093	20.34	41.69
1094	20.44	41.9
1094	20.54	42.11
1094	20.64	42.32
1094	20.74	42.53
1094	20.84	42.73
1094	20.94	42.94
1094	21.04	43.15
1094	21.14	43.36
1094	21.24	43.56
1094	21.34	43.77
1095	21.44	43.98
1095	21.54	44.19
1095	21.64	44.4
1095	21.74	44.6
1095	21.84	44.81
1095	21.94	45.02
1095	22.04	45.23
1095	22.14	45.44
1095	22.25	45.64
1095	22.35	45.85
1096	22.45	46.06
1096	22.55	46.27
1096	22.65	46.48
1096	22.75	46.68
1096	22.85	46.89
1096	22.95	47.1
1096	23.05	47.31
1096	23.15	47.52
1096	23.25	47.72
1096	23.35	47.93
1097	23.45	48.14
1097	23.55	48.35
1097	23.65	48.56
1097	23.75	48.76
1097	23.85	48.97
1097	23.95	49.18
1097	24.05	49.39
1097	24.15	49.6
1097	24.25	49.81
1097	24.35	50.01
1098	24.45	50.22
1098	24.55	50.43
1098	24.65	50.64
1098	24.75	50.85
1098	24.85	51.06
1098	24.95	51.26
1098	25.05	51.47
1098	25.15	51.68
1098	25.25	51.89
1098	25.35	52.1
1099	25.45	52.3
1099	25.55	52.51
1099	25.65	52.72
1099	25.75	52.93
1099	25.85	53.14
1099	25.95	53.35
1099	26.05	53.55
1099	26.15	53.76
1099	26.25	53.97
1099	26.35	54.18
1100	26.45	54.39
1100	26.55	54.6
1100	26.65	54.8
1100	26.75	55.01
1100	26.85	55.22
1100	26.95	55.43
1100	27.05	55.64
1100	27.15	55.85
1100	27.25	56.06
1100	27.36	56.26
1101	27.46	56.47
1101	27.56	56.68
1101	27.66	56.89
1101	27.76	57.1
1101	27.86	57.31
1101	27.96	57.51
1101	28.06	57.72
1101	28.16	57.93
1101	28.26	58.14
1101	28.36	58.35
1102	28.46	58.56
1102	28.56	58.76
1102	28.66	58.97
1102	28.76	59.18
1102	28.86	59.39
1102	28.96	59.6
1102	29.06	59.81
1102	29.16	60.02
1102	29.26	60.22
1102	29.36	60.43
1103	29.46	60.64
1103	29.56	60.85
1103	29.66	61.06
1103	29.76	61.27
1103	29.86	61.47
1103	29.96	61.68
1103	30.06	61.89
1103	30.16	62.1
1103	30.26	62.31
1103	30.36	62.52
1104	30.46	62.73
1104	30.56	62.93
1104	30.66	63.14
1104	30.76	63.35
1104	30.86	63.56
1104	30.96	63.77
1104	31.06	63.98
1104	31.16	64.18
1104	31.26	64.39
1104	31.36	64.6
1105	31.46	64.81
1105	31.56	65.02
1105	31.66	65.23
1105	31.76	65.44
1105	31.86	65.64
1105	31.96	65.85
1105	32.06	66.06
1105	32.16	66.27
1105	32.26	66.48
1105	32.37	66.69
1106	32.47	66.89
1106	32.57	67.1
1106	32.67	67.31
1106	32.77	67.52
1106	32.87	67.73
1106	32.97	67.94
1106	33.07	68.14
1106	33.17	68.35
1106	33.27	68.56
1106	33.37	68.77
1107	33.47	68.98
1107	33.57	69.19
1107	33.67	69.4
1107	33.77	69.6
1107	33.87	69.81
1107	33.97	70.02
1107	34.07	70.23
1107	34.17	70.44
1107	34.27	70.65
1107	34.37	70.85
1108	34.47	71.06
1108	34.57	71.27
1108	34.67	71.48
1108	34.77	71.69
1108	34.87	71.89
1108	34.97	72.1
1108	35.07	72.31
1108	35.17	72.52
1108	35.27	72.73
1108	35.37	72.94
1109	35.47	73.14
1109	35.57	73.35
1109	35.67	73.56
1109	35.77	73.77
1109	35.87	73.98
1109	35.97	74.19
1109	36.07	74.39
1109	36.17	74.6
1109	36.27	74.81
1109	36.37	75.02
1110	36.47	75.23
1110	36.57	75.43
1110	36.67	75.64
1110	36.77	75.85
1110	36.87	76.06
1110	36.97	76.27
1110	37.07	76.47
1110	37.17	76.68
1110	37.27	76.89
1110	37.38	77.1
1111	37.48	77.31
1111	37.58	77.51
1111	37.68	77.72
1111	37.78	77.93
1111	37.88	78.14
1111	37.98	78.35
1111	38.08	78.55
1111	38.18	78.76
1111	38.28	78.97
1111	38.38	79.18
1112	38.48	79.39
1112	38.58	79.59
1112	38.68	79.8
1112	38.78	80.01
1112	38.88	80.22
1112	38.98	80.42
1112	39.08	80.63
1112	39.18	80.84
1112	39.28	81.05
1112	39.38	81.26
1113	39.48	81.46
1113	39.58	81.67
1113	39.68	81.88
1113	39.78	82.09
1113	39.88	82.29
1113	39.98	82.5
1113	40.08	82.71
1113	40.18	82.92
1113	40.28	83.12
1113	40.38	83.33
1114	40.48	83.54
1114	40.58	83.75
1114	40.68	83.95
1114	40.78	84.16
1114	40.88	84.37
1114	40.98	84.58
1114	41.08	84.78
1114	41.18	84.99
1114	41.28	85.2
1114	41.38	85.41
1115	41.48	85.61
1115	41.58	85.82
1115	41.68	86.03
1115	41.78	86.23
1115	41.88	86.44
1115	41.98	86.65
1115	42.08	86.86
1115	42.18	87.06
1115	42.28	87.27
1115	42.38	87.48
1116	42.49	87.69
1116	42.59	87.89
1116	42.69	88.1
1116	42.79	88.31
1116	42.89	88.51
1116	42.99	88.72
1116	43.09	88.93
1116	43.19	89.13
1116	43.29	89.34
1116	43.39	89.55
1117	43.49	89.75
1117	43.59	89.96
1117	43.69	90.17
1117	43.79	90.38
1117	43.89	90.58
1117	43.99	90.79
1117	44.09	91
1117	44.19	91.2
1117	44.29	91.41
1117	44.39	91.62
1118	44.49	91.82
1118	44.59	92.03
1118	44.69	92.24
1118	44.79	92.44
1118	44.89	92.65
1118	44.99	92.86
1118	45.09	93.06
1118	45.19	93.27
1118	45.29	93.47
1118	45.39	93.68
1119	45.49	93.89
1119	45.59	94.09
1119	45.69	94.3
1119	45.79	94.51
1119	45.89	94.71
1119	45.99	94.92
1119	46.09	95.13
1119	46.19	95.33
1119	46.29	95.54
1119	46.39	95.74
1120	46.49	95.95
1120	46.59	96.16
1120	46.69	96.36
1120	46.79	96.57
1120	46.89	96.77
1120	46.99	96.98
1120	47.09	97.19
1120	47.19	97.39
1120	47.29	97.6
1120	47.39	97.8
1121	47.5	98.01
1121	47.6	98.22
1121	47.7	98.42
1121	47.8	98.63
1121	47.9	98.83
1121	48	99.04
1121	48.1	99.24
1121	48.2	99.45
1121	48.3	99.66
1121	48.4	99.86
1122	48.5	100.1
1122	48.6	100.3
1122	48.7	100.5
1122	48.8	100.7
1122	48.9	100.9
1122	49	101.1
1122	49.1	101.3
1122	49.2	101.5
1122	49.3	101.7
1122	49.4	101.9
1123	49.5	102.1
1123	49.6	102.3
1123	49.7	102.5
1123	49.8	102.7
1123	49.9	102.9
1123	50	103.1
1123	0.001	0.001929
1123	0.1012	0.1952
1123	0.2014	0.3886
1123	0.3016	0.5819
1124	0.4018	0.7753
1124	0.502	0.9687
1124	0.6022	1.162
1124	0.7024	1.356
1124	0.8026	1.549
1124	0.9028	1.743
1124	1.003	1.936
1124	1.103	2.13
1124	1.203	2.323
1124	1.304	2.517
1125	1.404	2.71
1125	1.504	2.904
1125	1.604	3.097
1125	1.704	3.291
1125	1.805	3.485
1125	1.905	3.678
1125	2.005	3.872
1125	2.105	4.066
1125	2.205	4.26
1125	2.306	4.453
1126	2.406	4.647
1126	2.506	4.841
1126	2.606	5.035
1126	2.706	5.229
1126	2.807	5.422
1126	2.907	5.616
1126	3.007	5.81
1126	3.107	6.004
1126	3.207	6.198
1126	3.308	6.392
1127	3.408	6.586
1127	3.508	6.78
1127	3.608	6.974
1127	3.708	7.168
1127	3.809	7.362
1127	3.909	7.556
1127	4.009	7.75
1127	4.109	7.944
1127	4.209	8.138
1127	4.31	8.332
1128	4.41	8.527
1128	4.51	8.721
1128	4.61	8.915
1128	4.71	9.109
1128	4.811	9.303
1128	4.911	9.498
1128	5.011	9.692
1128	5.111	9.886
1128	5.211	10.08
1128	5.312	10.27
1129	5.412	10.47
1129	5.512	10.66
1129	5.612	10.86
1129	5.712	11.05
1129	5.813	11.25
1129	5.913	11.44
1129	6.013	11.64
1129	6.113	11.83
1129	6.213	12.02
1129	6.313	12.22
1130	6.414	12.41
1130	6.514	12.61
1130	6.614	12.8
1130	6.714	13
1130	6.814	13.19
1130	6.915	13.39
1130	7.015	13.58
1130	7.115	13.78
1130	7.215	13.97
1130	7.315	14.16
1131	7.416	14.36
1131	7.516	14.55
1131	7.616	14.75
1131	7.716	14.94
1131	7.816	15.14
1131	7.917	15.33
1131	8.017	15.53
1131	8.117	15.72
1131	8.217	15.92
1131	8.317	16.11
1132	8.418	16.31
1132	8.518	16.5
1132	8.618	16.7
1132	8.718	16.89
1132	8.818	17.09
1132	8.919	17.28
1132	9.019	17.48
1132	9.119	17.67
1132	9.219	17.87
1132	9.319	18.06
1133	9.42	18.26
1133	9.52	18.45
1133	9.62	18.65
1133	9.72	18.84
1133	9.82	19.04
1133	9.921	19.23
1133	10.02	19.43
1133	10.12	19.62
1133	10.22	19.82
1133	10.32	20.01
1134	10.42	20.21
1134	10.52	20.4
1134	10.62	20.6
1134	10.72	20.79
1134	10.82	20.99
1134	10.92	21.18
1134	11.02	21.38
1134	11.12	21.57
1134	11.22	21.77
1134	11.32	21.96
1135	11.42	22.16
1135	11.52	22.35
1135	11.62	22.55
1135	11.72	22.74
1135	11.82	22.94
1135	11.92	23.13
1135	12.02	23.33
1135	12.13	23.52
1135	12.23	23.72
1135	12.33	23.91
1136	12.43	24.11
1136	12.53	24.3
1136	12.63	24.5
1136	12.73	24.7
1136	12.83	24.89
1136	12.93	25.09
1136	13.03	25.28
1136	13.13	25.48
1136	13.23	25.67
1136	13.33	25.87
1137	13.43	26.06
1137	13.53	26.26
1137	13.63	26.45
1137	13.73	26.65
1137	13.83	26.85
1137	13.93	27.04
1137	14.03	27.24
1137	14.13	27.43
1137	14.23	27.63
1137	14.33	27.82
1138	14.43	28.02
1138	14.53	28.21
1138	14.63	28.41
1138	14.73	28.6
1138	14.83	28.8
1138	14.93	29
1138	15.03	29.19
1138	15.13	29.39
1138	15.23	29.58
1138	15.33	29.78
1139	15.43	29.97
1139	15.53	30.17
1139	15.63	30.37
1139	15.73	30.56
1139	15.83	30.76
1139	15.93	30.95
1139	16.03	31.15
1139	16.13	31.34
1139	16.23	31.54
1139	16.33	31.73
1140	16.43	31.93
1140	16.53	32.13
1140	16.63	32.32
1140	16.73	32.52
1140	16.83	32.71
1140	16.93	32.91
1140	17.03	33.1
1140	17.13	33.3
1140	17.24	33.5
1140	17.34	33.69
1141	17.44	33.89
1141	17.54	34.08
1141	17.64	34.28
1141	17.74	34.48
1141	17.84	34.67
1141	17.94	34.87
1141	18.04	35.06
1141	18.14	35.26
1141	18.24	35.45
1141	18.34	35.65
1142	18.44	35.85
1142	18.54	36.04
1142	18.64	36.24
1142	18.74	36.43
1142	18.84	36.63
1142	18.94	36.83
1142	19.04	37.02
1142	19.14	37.22
1142	19.24	37.41
1142	19.34	37.61
1143	19.44	37.8
1143	19.54	38
1143	19.64	38.2
1143	19.74	38.39
1143	19.84	38.59
1143	19.94	38.78
1143	20.04	38.98
1143	20.14	39.18
1143	20.24	39.37
1143	20.34	39.57
1144	20.44	39.76
1144	20.54	39.96
1144	20.64	40.15
1144	20.74	40.35
1144	20.84	40.55
1144	20.94	40.74
1144	21.04	40.94
1144	21.14	41.13
1144	21.24	41.33
1144	21.34	41.53
1145	21.44	41.72
1145	21.54	41.92
1145	21.64	42.11
1145	21.74	42.31
1145	21.84	42.51
1145	21.94	42.7
1145	22.04	42.9
1145	22.14	43.09
1145	22.25	43.29
1145	22.35	43.49
1146	22.45	43.68
1146	22.55	43.88
1146	22.65	44.07
1146	22.75	44.27
1146	22.85	44.47
1146	22.95	44.66
1146	23.05	44.86
1146	23.15	45.05
1146	23.25	45.25
1146	23.35	45.44
1147	23.45	45.64
1147	23.55	45.84
1147	23.65	46.03
1147	23.75	46.23
1147	23.85	46.42
1147	23.95	46.62
1147	24.05	46.82
1147	24.15	47.01
1147	24.25	47.21
1147	24.35	47.4
1148	24.45	47.6
1148	24.55	47.8
1148	24.65	47.99
1148	24.75	48.19
1148	24.85	48.38
1148	24.95	48.58
1148	25.05	48.78
1148	25.15	48.97
1148	25.25	49.17
1148	25.35	49.36
1149	25.45	49.56
1149	25.55	49.75
1149	25.65	49.95
1149	25.75	50.15
1149	25.85	50.34
1149	25.95	50.54
1149	26.05	50.73
1149	26.15	50.93
1149	26.25	51.13
1149	26.35	51.32
1150	26.45	51.52
1150	26.55	51.71
1150	26.65	51.91
1150	26.75	52.11
1150	26.85	52.3
1150	26.95	52.5
1150	27.05	52.69
1150	27.15	52.89
1150	27.25	53.08
1150	27.36	53.28
1151	27.46	53.48
1151	27.56	53.67
1151	27.66	53.87
1151	27.76	54.06
1151	27.86	54.26
1151	27.96	54.45
1151	28.06	54.65
1151	28.16	54.85
1151	28.26	55.04
1151	28.36	55.24
1152	28.46	55.43
1152	28.56	55.63
1152	28.66	55.82
1152	28.76	56.02
1152	28.86	56.22
1152	28.96	56.41
1152	29.06	56.61
1152	29.16	56.8
1152	29.26	57
1152	29.36	57.19
1153	29.46	57.39
1153	29.56	57.59
1153	29.66	57.78
1153	29.76	57.98
1153	29.86	58.17
1153	29.96	58.37
1153	30.06	58.56
1153	30.16	58.76
1153	30.26	58.96
1153	30.36	59.15
1154	30.46	59.35
1154	30.56	59.54
1154	30.66	59.74
1154	30.76	59.93
1154	30.86	60.13
1154	30.96	60.32
1154	31.06	60.52
1154	31.16	60.72
1154	31.26	60.91
1154	31.36	61.11
1155	31.46	61.3
1155	31.56	61.5
1155	31.66	61.69
1155	31.76	61.89
1155	31.86	62.08
1155	31.96	62.28
1155	32.06	62.47
1155	32.16	62.67
1155	32.26	62.86
1155	32.37	63.06
1156	32.47	63.26
1156	32.57	63.45
1156	32.67	63.65
1156	32.77	63.84
1156	32.87	64.04
1156	32.97	64.23
1156	33.07	64.43
1156	33.17	64.62
1156	33.27	64.82
1156	33.37	65.01
1157	33.47	65.21
1157	33.57	65.4
1157	33.67	65.6
1157	33.77	65.79
1157	33.87	65.99
1157	33.97	66.18
1157	34.07	66.38
1157	34.17	66.57
1157	34.27	66.77
1157	34.37	66.96
1158	34.47	67.16
1158	34.57	67.35
1158	34.67	67.55
1158	34.77	67.74
1158	34.87	67.94
1158	34.97	68.13
1158	35.07	68.33
1158	35.17	68.52
1158	35.27	68.72
1158	35.37	68.91
1159	35.47	69.11
1159	35.57	69.3
1159	35.67	69.5
1159	35.77	69.69
1159	35.87	69.89
1159	35.97	70.08
1159	36.07	70.28
1159	36.17	70.47
1159	36.27	70.67
1159	36.37	70.86
1160	36.47	71.06
1160	36.57	71.25
1160	36.67	71.45
1160	36.77	71.64
1160	36.87	71.84
1160	36.97	72.03
1160	37.07	72.23
1160	37.17	72.42
1160	37.27	72.62
1160	37.38	72.81
1161	37.48	73
1161	37.58	73.2
1161	37.68	73.39
1161	37.78	73.59
1161	37.88	73.78
1161	37.98	73.98
1161	38.08	74.17
1161	38.18	74.37
1161	38.28	74.56
1161	38.38	74.76
1162	38.48	74.95
1162	38.58	75.14
1162	38.68	75.34
1162	38.78	75.53
1162	38.88	75.73
1162	38.98	75.92
1162	39.08	76.12
1162	39.18	76.31
1162	39.28	76.5
1162	39.38	76.7
1163	39.48	76.89
1163	39.58	77.09
1163	39.68	77.28
1163	39.78	77.47
1163	39.88	77.67
1163	39.98	77.86
1163	40.08	78.06
1163	40.18	78.25
1163	40.28	78.44
1163	40.38	78.64
1164	40.48	78.83
1164	40.58	79.03
1164	40.68	79.22
1164	40.78	79.41
1164	40.88	79.61
1164	40.98	79.8
1164	41.08	80
1164	41.18	80.19
1164	41.28	80.38
1164	41.38	80.58
1165	41.48	80.77
1165	41.58	80.96
1165	41.68	81.16
1165	41.78	81.35
1165	41.88	81.55
1165	41.98	81.74
1165	42.08	81.93
1165	42.18	82.13
1165	42.28	82.32
1165	42.38	82.51
1166	42.49	82.71
1166	42.59	82.9
1166	42.69	83.09
1166	42.79	83.29
1166	42.89	83.48
1166	42.99	83.67
1166	43.09	83.87
1166	43.19	84.06
1166	43.29	84.25
1166	43.39	84.45
1167	43.49	84.64
1167	43.59	84.83
1167	43.69	85.03
1167	43.79	85.22
1167	43.89	85.41
1167	43.99	85.61
1167	44.09	85.8
1167	44.19	85.99
1167	44.29	86.19
1167	44.39	86.38
1168	44.49	86.57
1168	44.59	86.76
1168	44.69	86.96
1168	44.79	87.15
1168	44.89	87.34
1168	44.99	87.54
1168	45.09	87.73
1168	45.19	87.92
1168	45.29	88.11
1168	45.39	88.31
1169	45.49	88.5
1169	45.59	88.69
1169	45.69	88.88
1169	45.79	89.08
1169	45.89	89.27
1169	45.99	89.46
1169	46.09	89.65
1169	46.19	89.85
1169	46.29	90.04
1169	46.39	90.23
1170	46.49	90.42
1170	46.59	90.62
1170	46.69	90.81
1170	46.79	91
1170	46.89	91.19
1170	46.99	91.39
1170	47.09	91.58
1170	47.19	91.77
1170	47.29	91.96
1170	47.39	92.15
1171	47.5	92.35
1171	47.6	92.54
1171	47.7	92.73
1171	47.8	92.92
1171	47.9	93.11
1171	48	93.31
1171	48.1	93.5
1171	48.2	93.69
1171	48.3	93.88
1171	48.4	94.07
1172	48.5	94.26
1172	48.6	94.46
1172	48.7	94.65
1172	48.8	94.84
1172	48.9	95.03
1172	49	95.22
1172	49.1	95.41
1172	49.2	95.61
1172	49.3	95.8
1172	49.4	95.99
1173	49.5	96.18
1173	49.6	96.37
1173	49.7	96.56
1173	49.8	96.75
1173	49.9	96.95
1173	50	97.14
1173	0.001	0.001847
1173	0.1012	0.1869
1173	0.2014	0.372
1173	0.3016	0.5571
1174	0.4018	0.7422
1174	0.502	0.9273
1174	0.6022	1.112
1174	0.7024	1.298
1174	0.8026	1.483
1174	0.9028	1.668
1174	1.003	1.853
1174	1.103	2.038
1174	1.203	2.223
1174	1.304	2.409
1175	1.404	2.594
1175	1.504	2.779
1175	1.604	2.964
1175	1.704	3.149
1175	1.805	3.335
1175	1.905	3.52
1175	2.005	3.705
1175	2.105	3.89
1175	2.205	4.076
1175	2.306	4.261
1176	2.406	4.446
1176	2.506	4.631
1176	2.606	4.817
1176	2.706	5.002
1176	2.807	5.187
1176	2.907	5.373
1176	3.007	5.558
1176	3.107	5.743
1176	3.207	5.929
1176	3.308	6.114
1177	3.408	6.299
1177	3.508	6.485
1177	3.608	6.67
1177	3.708	6.855
1177	3.809	7.041
1177	3.909	7.226
1177	4.009	7.412
1177	4.109	7.597
1177	4.209	7.782
1177	4.31	7.968
1178	4.41	8.153
1178	4.51	8.339
1178	4.61	8.524
1178	4.71	8.71
1178	4.811	8.895
1178	4.911	9.081
1178	5.011	9.266
1178	5.111	9.451
1178	5.211	9.637
1178	5.312	9.822
1179	5.412	10.01
1179	5.512	10.19
1179	5.612	10.38
1179	5.712	10.56
1179	5.813	10.75
1179	5.913	10.94
1179	6.013	11.12
1179	6.113	11.31
1179	6.213	11.49
1179	6.313	11.68
1180	6.414	11.86
1180	6.514	12.05
1180	6.614	12.23
1180	6.714	12.42
1180	6.814	12.61
1180	6.915	12.79
1180	7.015	12.98
1180	7.115	13.16
1180	7.215	13.35
1180	7.315	13.53
1181	7.416	13.72
1181	7.516	13.9
1181	7.616	14.09
1181	7.716	14.28
1181	7.816	14.46
1181	7.917	14.65
1181	8.017	14.83
1181	8.117	15.02
1181	8.217	15.2
1181	8.317	15.39
1182	8.418	15.58
1182	8.518	15.76
1182	8.618	15.95
1182	8.718	16.13
1182	8.818	16.32
1182	8.919	16.5
1182	9.019	16.69
1182	9.119	16.88
1182	9.219	17.06
1182	9.319	17.25
1183	9.42	17.43
1183	9.52	17.62
1183	9.62	17.8
1183	9.72	17.99
1183	9.82	18.18
1183	9.921	18.36
1183	10.02	18.55
1183	10.12	18.73
1183	10.22	18.92
1183	10.32	19.1
1184	10.42	19.29
1184	10.52	19.48
1184	10.62	19.66
1184	10.72	19.85
1184	10.82	20.03
1184	10.92	20.22
1184	11.02	20.4
1184	11.12	20.59
1184	11.22	20.78
1184	11.32	20.96
1185	11.42	21.15
1185	11.52	21.33
1185	11.62	21.52
1185	11.72	21.7
1185	11.82	21.89
1185	11.92	22.08
1185	12.02	22.26
1185	12.13	22.45
1185	12.23	22.63
1185	12.33	22.82
1186	12.43	23
1186	12.53	23.19
1186	12.63	23.38
1186	12.73	23.56
1186	12.83	23.75
1186	12.93	23.93
1186	13.03	24.12
1186	13.13	24.3
1186	13.23	24.49
1186	13.33	24.68
1187	13.43	24.86
1187	13.53	25.05
1187	13.63	25.23
1187	13.73	25.42
1187	13.83	25.61
1187	13.93	25.79
1187	14.03	25.98
1187	14.13	26.16
1187	14.23	26.35
1187	14.33	26.53
1188	14.43	26.72
1188	14.53	26.91
1188	14.63	27.09
1188	14.73	27.28
1188	14.83	27.46
1188	14.93	27.65
1188	15.03	27.83
1188	15.13	28.02
1188	15.23	28.21
1188	15.33	28.39
1189	15.43	28.58
1189	15.53	28.76
1189	15.63	28.95
1189	15.73	29.14
1189	15.83	29.32
1189	15.93	29.51
1189	16.03	29.69
1189	16.13	29.88
1189	16.23	30.06
1189	16.33	30.25
1190	16.43	30.44
1190	16.53	30.62
1190	16.63	30.81
1190	16.73	30.99
1190	16.83	31.18
1190	16.93	31.36
1190	17.03	31.55
1190	17.13	31.74
1190	17.24	31.92
1190	17.34	32.11
1191	17.44	32.29
1191	17.54	32.48
1191	17.64	32.66
1191	17.74	32.85
1191	17.84	33.04
1191	17.94	33.22
1191	18.04	33.41
1191	18.14	33.59
1191	18.24	33.78
1191	18.34	33.96
1192	18.44	34.15
1192	18.54	34.34
1192	18.64	34.52
1192	18.74	34.71
1192	18.84	34.89
1192	18.94	35.08
1192	19.04	35.26
1192	19.14	35.45
1192	19.24	35.64
1192	19.34	35.82
1193	19.44	36.01
1193	19.54	36.19
1193	19.64	36.38
1193	19.74	36.56
1193	19.84	36.75
1193	19.94	36.94
1193	20.04	37.12
1193	20.14	37.31
1193	20.24	37.49
1193	20.34	37.68
1194	20.44	37.86
1194	20.54	38.05
1194	20.64	38.23
1194	20.74	38.42
1194	20.84	38.61
1194	20.94	38.79
1194	21.04	38.98
1194	21.14	39.16
1194	21.24	39.35
1194	21.34	39.53
1195	21.44	39.72
1195	21.54	39.9
1195	21.64	40.09
1195	21.74	40.28
1195	21.84	40.46
1195	21.94	40.65
1195	22.04	40.83
1195	22.14	41.02
1195	22.25	41.2
1195	22.35	41.39
1196	22.45	41.57
1196	22.55	41.76
1196	22.65	41.95
1196	22.75	42.13
1196	22.85	42.32
1196	22.95	42.5
1196	23.05	42.69
1196	23.15	42.87
1196	23.25	43.06
1196	23.35	43.24
1197	23.45	43.43
1197	23.55	43.61
1197	23.65	43.8
1197	23.75	43.98
1197	23.85	44.17
1197	23.95	44.36
1197	24.05	44.54
1197	24.15	44.73
1197	24.25	44.91
1197	24.35	45.1
1198	24.45	45.28
1198	24.55	45.47
1198	24.65	45.65
1198	24.75	45.84
1198	24.85	46.02
1198	24.95	46.21
1198	25.05	46.39
1198	25.15	46.58
1198	25.25	46.76
1198	25.35	46.95
1199	25.45	47.13
1199	25.55	47.32
1199	25.65	47.5
1199	25.75	47.69
1199	25.85	47.88
1199	25.95	48.06
1199	26.05	48.25
1199	26.15	48.43
1199	26.25	48.62
1199	26.35	48.8
1200	26.45	48.99
1200	26.55	49.17
1200	26.65	49.36
1200	26.75	49.54
1200	26.85	49.73
1200	26.95	49.91
1200	27.05	50.1
1200	27.15	50.28
1200	27.25	50.47
1200	27.36	50.65
1201	27.46	50.84
1201	27.56	51.02
1201	27.66	51.21
1201	27.76	51.39
1201	27.86	51.58
1201	27.96	51.76
1201	28.06	51.95
1201	28.16	52.13
1201	28.26	52.32
1201	28.36	52.5
1202	28.46	52.69
1202	28.56	52.87
1202	28.66	53.06
1202	28.76	53.24
1202	28.86	53.42
1202	28.96	53.61
1202	29.06	53.79
1202	29.16	53.98
1202	29.26	54.16
1202	29.36	54.35
1203	29.46	54.53
1203	29.56	54.72
1203	29.66	54.9
1203	29.76	55.09
1203	29.86	55.27
1203	29.96	55.46
1203	30.06	55.64
1203	30.16	55.83
1203	30.26	56.01
1203	30.36	56.2
1204	30.46	56.38
1204	30.56	56.56
1204	30.66	56.75
1204	30.76	56.93
1204	30.86	57.12
1204	30.96	57.3
1204	31.06	57.49
1204	31.16	57.67
1204	31.26	57.86
1204	31.36	58.04
1205	31.46	58.22
1205	31.56	58.41
1205	31.66	58.59
1205	31.76	58.78
1205	31.86	58.96
1205	31.96	59.15
1205	32.06	59.33
1205	32.16	59.52
1205	32.26	59.7
1205	32.37	59.88
1206	32.47	60.07
1206	32.57	60.25
1206	32.67	60.44
1206	32.77	60.62
1206	32.87	60.8
1206	32.97	60.99
1206	33.07	61.17
1206	33.17	61.36
1206	33.27	61.54
1206	33.37	61.73
1207	33.47	61.91
1207	33.57	62.09
1207	33.67	62.28
1207	33.77	62.46
1207	33.87	62.65
1207	33.97	62.83
1207	34.07	63.01
1207	34.17	63.2
1207	34.27	63.38
1207	34.37	63.57
1208	34.47	63.75
1208	34.57	63.93
1208	34.67	64.12
1208	34.77	64.3
1208	34.87	64.48
1208	34.97	64.67
1208	35.07	64.85
1208	35.17	65.04
1208	35.27	65.22
1208	35.37	65.4
1209	35.47	65.59
1209	35.57	65.77
1209	35.67	65.95
1209	35.77	66.14
1209	35.87	66.32
1209	35.97	66.51
1209	36.07	66.69
1209	36.17	66.87
1209	36.27	67.06
1209	36.37	67.24
1210	36.47	67.42
1210	36.57	67.61
1210	36.67	67.79
1210	36.77	67.97
1210	36.87	68.16
1210	36.97	68.34
1210	37.07	68.52
1210	37.17	68.71
1210	37.27	68.89
1210	37.38	69.07
1211	37.48	69.26
1211	37.58	69.44
1211	37.68	69.62
1211	37.78	69.81
1211	37.88	69.99
1211	37.98	70.17
1211	38.08	70.36
1211	38.18	70.54
1211	38.28	70.72
1211	38.38	70.9
1212	38.48	71.09
1212	38.58	71.27
1212	38.68	71.45
1212	38.78	71.64
1212	38.88	71.82
1212	38.98	72
1212	39.08	72.19
1212	39.18	72.37
1212	39.28	72.55
1212	39.38	72.73
1213	39.48	72.92
1213	39.58	73.1
1213	39.68	73.28
1213	39.78	73.46
1213	39.88	73.65
1213	39.98	73.83
1213	40.08	74.01
1213	40.18	74.2
1213	40.28	74.38
1213	40.38	74.56
1214	40.48	74.74
1214	40.58	74.93
1214	40.68	75.11
1214	40.78	75.29
1214	40.88	75.47
1214	40.98	75.66
1214	41.08	75.84
1214	41.18	76.02
1214	41.28	76.2
1214	41.38	76.38
1215	41.48	76.57
1215	41.58	76.75
1215	41.68	76.93
1215	41.78	77.11
1215	41.88	77.3
1215	41.98	77.48
1215	42.08	77.66
1215	42.18	77.84
1215	42.28	78.02
1215	42.38	78.21
1216	42.49	78.39
1216	42.59	78.57
1216	42.69	78.75
1216	42.79	78.93
1216	42.89	79.12
1216	42.99	79.3
1216	43.09	79.48
1216	43.19	79.66
1216	43.29	79.84
1216	43.39	80.03
1217	43.49	80.21
1217	43.59	80.39
1217	43.69	80.57
1217	43.79	80.75
1217	43.89	80.93
1217	43.99	81.12
1217	44.09	81.3
1217	44.19	81.48
1217	44.29	81.66
1217	44.39	81.84
1218	44.49	82.02
1218	44.59	82.2
1218	44.69	82.39
1218	44.79	82.57
1218	44.89	82.75
1218	44.99	82.93
1218	45.09	83.11
1218	45.19	83.29
1218	45.29	83.47
1218	45.39	83.65
1219	45.49	83.84
1219	45.59	84.02
1219	45.69	84.2
1219	45.79	84.38
1219	45.89	84.56
1219	45.99	84.74
1219	46.09	84.92
1219	46.19	85.1
1219	46.29	85.28
1219	46.39	85.46
1220	46.49	85.65
1220	46.59	85.83
1220	46.69	86.01
1220	46.79	86.19
1220	46.89	86.37
1220	46.99	86.55
1220	47.09	86.73
1220	47.19	86.91
1220	47.29	87.09
1220	47.39	87.27
1221	47.5	87.45
1221	47.6	87.63
1221	47.7	87.81
1221	47.8	87.99
1221	47.9	88.17
1221	48	88.35
1221	48.1	88.53
1221	48.2	88.72
1221	48.3	88.9
1221	48.4	89.08
1222	48.5	89.26
1222	48.6	89.44
1222	48.7	89.62
1222	48.8	89.8
1222	48.9	89.98
1222	49	90.16
1222	49.1	90.34
1222	49.2	90.52
1222	49.3	90.7
1222	49.4	90.88
1223	49.5	91.06
1223	49.6	91.24
1223	49.7	91.42
1223	49.8	91.6
1223	49.9	91.78
1223	50	91.95
1223	0.001	0.001772
1223	0.1012	0.1793
1223	0.2014	0.3568
1223	0.3016	0.5343
1224	0.4018	0.7118
1224	0.502	0.8893
1224	0.6022	1.067
1224	0.7024	1.244
1224	0.8026	1.422
1224	0.9028	1.599
1224	1.003	1.777
1224	1.103	1.954
1224	1.203	2.132
1224	1.304	2.309
1225	1.404	2.487
1225	1.504	2.664
1225	1.604	2.842
1225	1.704	3.019
1225	1.805	3.197
1225	1.905	3.374
1225	2.005	3.552
1225	2.105	3.73
1225	2.205	3.907
1225	2.306	4.085
1226	2.406	4.262
1226	2.506	4.44
1226	2.606	4.617
1226	2.706	4.795
1226	2.807	4.972
1226	2.907	5.15
1226	3.007	5.327
1226	3.107	5.505
1226	3.207	5.682
1226	3.308	5.86
1227	3.408	6.037
1227	3.508	6.215
1227	3.608	6.392
1227	3.708	6.57
1227	3.809	6.747
1227	3.909	6.925
1227	4.009	7.102
1227	4.109	7.28
1227	4.209	7.457
1227	4.31	7.635
1228	4.41	7.812
1228	4.51	7.99
1228	4.61	8.167
1228	4.71	8.345
1228	4.811	8.522
1228	4.911	8.7
1228	5.011	8.877
1228	5.111	9.055
1228	5.211	9.232
1228	5.312	9.41
1229	5.412	9.587
1229	5.512	9.765
1229	5.612	9.942
1229	5.712	10.12
1229	5.813	10.3
1229	5.913	10.47
1229	6.013	10.65
1229	6.113	10.83
1229	6.213	11.01
1229	6.313	11.18
1230	6.414	11.36
1230	6.514	11.54
1230	6.614	11.72
1230	6.714	11.89
1230	6.814	12.07
1230	6.915	12.25
1230	7.015	12.43
1230	7.115	12.6
1230	7.215	12.78
1230	7.315	12.96
1231	7.416	13.14
1231	7.516	13.31
1231	7.616	13.49
1231	7.716	13.67
1231	7.816	13.85
1231	7.917	14.02
1231	8.017	14.2
1231	8.117	14.38
1231	8.217	14.56
1231	8.317	14.73
1232	8.418	14.91
1232	8.518	15.09
1232	8.618	15.27
1232	8.718	15.44
1232	8.818	15.62
1232	8.919	15.8
1232	9.019	15.98
1232	9.119	16.15
1232	9.219	16.33
1232	9.319	16.51
1233	9.42	16.69
1233	9.52	16.86
1233	9.62	17.04
1233	9.72	17.22
1233	9.82	17.39
1233	9.921	17.57
1233	10.02	17.75
1233	10.12	17.93
1233	10.22	18.1
1233	10.32	18.28
1234	10.42	18.46
1234	10.52	18.64
1234	10.62	18.81
1234	10.72	18.99
1234	10.82	19.17
1234	10.92	19.35
1234	11.02	19.52
1234	11.12	19.7
1234	11.22	19.88
1234	11.32	20.05
1235	11.42	20.23
1235	11.52	20.41
1235	11.62	20.59
1235	11.72	20.76
1235	11.82	20.94
1235	11.92	21.12
1235	12.02	21.3
1235	12.13	21.47
1235	12.23	21.65
1235	12.33	21.83
1236	12.43	22
1236	12.53	22.18
1236	12.63	22.36
1236	12.73	22.54
1236	12.83	22.71
1236	12.93	22.89
1236	13.03	23.07
1236	13.13	23.25
1236	13.23	23.42
1236	13.33	23.6
1237	13.43	23.78
1237	13.53	23.95
1237	13.63	24.13
1237	13.73	24.31
1237	13.83	24.49
1237	13.93	24.66
1237	14.03	24.84
1237	14.13	25.02
1237	14.23	25.19
1237	14.33	25.37
1238	14.43	25.55
1238	14.53	25.73
1238	14.63	25.9
1238	14.73	26.08
1238	14.83	26.26
1238	14.93	26.43
1238	15.03	26.61
1238	15.13	26.79
1238	15.23	26.96
1238	15.33	27.14
1239	15.43	27.32
1239	15.53	27.5
1239	15.63	27.67
1239	15.73	27.85
1239	15.83	28.03
1239	15.93	28.2
1239	16.03	28.38
1239	16.13	28.56
1239	16.23	28.74
1239	16.33	28.91
1240	16.43	29.09
1240	16.53	29.27
1240	16.63	29.44
1240	16.73	29.62
1240	16.83	29.8
1240	16.93	29.97
1240	17.03	30.15
1240	17.13	30.33
1240	17.24	30.5
1240	17.34	30.68
1241	17.44	30.86
1241	17.54	31.03
1241	17.64	31.21
1241	17.74	31.39
1241	17.84	31.57
1241	17.94	31.74
1241	18.04	31.92
1241	18.14	32.1
1241	18.24	32.27
1241	18.34	32.45
1242	18.44	32.63
1242	18.54	32.8
1242	18.64	32.98
1242	18.74	33.16
1242	18.84	33.33
1242	18.94	33.51
1242	19.04	33.69
1242	19.14	33.86
1242	19.24	34.04
1242	19.34	34.22
1243	19.44	34.39
1243	19.54	34.57
1243	19.64	34.75
1243	19.74	34.92
1243	19.84	35.1
1243	19.94	35.28
1243	20.04	35.45
1243	20.14	35.63
1243	20.24	35.81
1243	20.34	35.98
1244	20.44	36.16
1244	20.54	36.34
1244	20.64	36.51
1244	20.74	36.69
1244	20.84	36.87
1244	20.94	37.04
1244	21.04	37.22
1244	21.14	37.4
1244	21.24	37.57
1244	21.34	37.75
1245	21.44	37.92
1245	21.54	38.1
1245	21.64	38.28
1245	21.74	38.45
1245	21.84	38.63
1245	21.94	38.81
1245	22.04	38.98
1245	22.14	39.16
1245	22.25	39.34
1245	22.35	39.51
1246	22.45	39.69
1246	22.55	39.86
1246	22.65	40.04
1246	22.75	40.22
1246	22.85	40.39
1246	22.95	40.57
1246	23.05	40.75
1246	23.15	40.92
1246	23.25	41.1
1246	23.35	41.27
1247	23.45	41.45
1247	23.55	41.63
1247	23.65	41.8
1247	23.75	41.98
1247	23.85	42.16
1247	23.95	42.33
1247	24.05	42.51
1247	24.15	42.68
1247	24.25	42.86
1247	24.35	43.04
1248	24.45	43.21
1248	24.55	43.39
1248	24.65	43.56
1248	24.75	43.74
1248	24.85	43.92
1248	24.95	44.09
1248	25.05	44.27
1248	25.15	44.44
1248	25.25	44.62
1248	25.35	44.8
1249	25.45	44.97
1249	25.55	45.15
1249	25.65	45.32
1249	25.75	45.5
1249	25.85	45.68
1249	25.95	45.85
1249	26.05	46.03
1249	26.15	46.2
1249	26.25	46.38
1249	26.35	46.55
1250	26.45	46.73
1250	26.55	46.91
1250	26.65	47.08
1250	26.75	47.26
1250	26.85	47.43
1250	26.95	47.61
1250	27.05	47.78
1250	27.15	47.96
1250	27.25	48.14
1250	27.36	48.31
1251	27.46	48.49
1251	27.56	48.66
1251	27.66	48.84
1251	27.76	49.01
1251	27.86	49.19
1251	27.96	49.36
1251	28.06	49.54
1251	28.16	49.71
1251	28.26	49.89
1251	28.36	50.07
1252	28.46	50.24
1252	28.56	50.42
1252	28.66	50.59
1252	28.76	50.77
1252	28.86	50.94
1252	28.96	51.12
1252	29.06	51.29
1252	29.16	51.47
1252	29.26	51.64
1252	29.36	51.82
1253	29.46	51.99
1253	29.56	52.17
1253	29.66	52.34
1253	29.76	52.52
1253	29.86	52.69
1253	29.96	52.87
1253	30.06	53.05
1253	30.16	53.22
1253	30.26	53.4
1253	30.36	53.57
1254	30.46	53.75
1254	30.56	53.92
1254	30.66	54.1
1254	30.76	54.27
1254	30.86	54.45
1254	30.96	54.62
1254	31.06	54.8
1254	31.16	54.97
1254	31.26	55.15
1254	31.36	55.32
1255	31.46	55.49
1255	31.56	55.67
1255	31.66	55.84
1255	31.76	56.02
1255	31.86	56.19
1255	31.96	56.37
1255	32.06	56.54
1255	32.16	56.72
1255	32.26	56.89
1255	32.37	57.07
1256	32.47	57.24
1256	32.57	57.42
1256	32.67	57.59
1256	32.77	57.77
1256	32.87	57.94
1256	32.97	58.12
1256	33.07	58.29
1256	33.17	58.46
1256	33.27	58.64
1256	33.37	58.81
1257	33.47	58.99
1257	33.57	59.16
1257	33.67	59.34
1257	33.77	59.51
1257	33.87	59.69
1257	33.97	59.86
1257	34.07	60.03
1257	34.17	60.21
1257	34.27	60.38
1257	34.37	60.56
1258	34.47	60.73
1258	34.57	60.9
1258	34.67	61.08
1258	34.77	61.25
1258	34.87	61.43
1258	34.97	61.6
1258	35.07	61.78
1258	35.17	61.95
1258	35.27	62.12
1258	35.37	62.3
1259	35.47	62.47
1259	35.57	62.65
1259	35.67	62.82
1259	35.77	62.99
1259	35.87	63.17
1259	35.97	63.34
1259	36.07	63.52
1259	36.17	63.69
1259	36.27	63.86
1259	36.37	64.04
1260	36.47	64.21
1260	36.57	64.38
1260	36.67	64.56
1260	36.77	64.73
1260	36.87	64.91
1260	36.97	65.08
1260	37.07	65.25
1260	37.17	65.43
1260	37.27	65.6
1260	37.38	65.77
1261	37.48	65.95
1261	37.58	66.12
1261	37.68	66.29
1261	37.78	66.47
1261	37.88	66.64
1261	37.98	66.81
1261	38.08	66.99
1261	38.18	67.16
1261	38.28	67.33
1261	38.38	67.51
1262	38.48	67.68
1262	38.58	67.85
1262	38.68	68.03
1262	38.78	68.2
1262	38.88	68.37
1262	38.98	68.55
1262	39.08	68.72
1262	39.18	68.89
1262	39.28	69.07
1262	39.38	69.24
1263	39.48	69.41
1263	39.58	69.58
1263	39.68	69.76
1263	39.78	69.93
1263	39.88	70.1
1263	39.98	70.28
1263	40.08	70.45
1263	40.18	70.62
1263	40.28	70.79
1263	40.38	70.97
1264	40.48	71.14
1264	40.58	71.31
1264	40.68	71.49
1264	40.78	71.66
1264	40.88	71.83
1264	40.98	72
1264	41.08	72.18
1264	41.18	72.35
1264	41.28	72.52
1264	41.38	72.69
1265	41.48	72.87
1265	41.58	73.04
1265	41.68	73.21
1265	41.78	73.38
1265	41.88	73.56
1265	41.98	73.73
1265	42.08	73.9
1265	42.18	74.07
1265	42.28	74.24
1265	42.38	74.42
1266	42.49	74.59
1266	42.59	74.76
1266	42.69	74.93
1266	42.79	75.11
1266	42.89	75.28
1266	42.99	75.45
1266	43.09	75.62
1266	43.19	75.79
1266	43.29	75.97
1266	43.39	76.14
1267	43.49	76.31
1267	43.59	76.48
1267	43.69	76.65
1267	43.79	76.83
1267	43.89	77
1267	43.99	77.17
1267	44.09	77.34
1267	44.19	77.51
1267	44.29	77.68
1267	44.39	77.86
1268	44.49	78.03
1268	44.59	78.2
1268	44.69	78.37
1268	44.79	78.54
1268	44.89	78.71
1268	44.99	78.88
1268	45.09	79.06
1268	45.19	79.23
1268	45.29	79.4
1268	45.39	79.57
1269	45.49	79.74
1269	45.59	79.91
1269	45.69	80.08
1269	45.79	80.26
1269	45.89	80.43
1269	45.99	80.6
1269	46.09	80.77
1269	46.19	80.94
1269	46.29	81.11
1269	46.39	81.28
1270	46.49	81.45
1270	46.59	81.62
1270	46.69	81.79
1270	46.79	81.97
1270	46.89	82.14
1270	46.99	82.31
1270	47.09	82.48
1270	47.19	82.65
1270	47.29	82.82
1270	47.39	82.99
1271	47.5	83.16
1271	47.6	83.33
1271	47.7	83.5
1271	47.8	83.67
1271	47.9	83.84
1271	48	84.01
1271	48.1	84.18
1271	48.2	84.36
1271	48.3	84.53
1271	48.4	84.7
1272	48.5	84.87
1272	48.6	85.04
1272	48.7	85.21
1272	48.8	85.38
1272	48.9	85.55
1272	49	85.72
1272	49.1	85.89
1272	49.2	86.06
1272	49.3	86.23
1272	49.4	86.4
1273	49.5	86.57
1273	49.6	86.74
1273	49.7	86.91
1273	49.8	87.08
1273	49.9	87.25
1273	50	87.42
