250	0.001	991.3
250	0.05105	991.3
250	0.1011	991.3
250	0.1511	991.3
250	0.2012	991.3
250	0.2512	991.3
250	0.3013	991.4
250	0.3513	991.4
250	0.4014	991.4
250	0.4514	991.5
250	0.5015	991.5
250	0.5515	991.5
250	0.6016	991.6
250	0.6516	991.6
250	0.7017	991.6
250	0.7517	991.7
250	0.8018	991.7
250	0.8518	991.8
250	0.9019	991.8
250	0.9519	991.8
250	1.002	991.9
250	1.052	991.9
250	1.102	991.9
250	1.152	992
250	1.202	992
250	1.252	992
250	1.302	992.1
250	1.352	992.1
250	1.402	992.1
250	1.452	992.2
250	1.502	992.2
250	1.553	992.2
250	1.603	992.3
250	1.653	992.3
250	1.703	992.3
250	1.753	992.4
250	1.803	992.4
250	1.853	992.4
250	1.903	992.5
250	1.953	992.5
250	2.003	992.5
250	2.053	992.6
250	2.103	992.6
250	2.153	992.6
250	2.203	992.7
250	2.253	992.7
250	2.303	992.7
250	2.353	992.8
250	2.403	992.8
250	2.453	992.8
250	2.503	992.9
250	2.554	992.9
250	2.604	992.9
250	2.654	993
250	2.704	993
250	2.754	993
250	2.804	993.1
250	2.854	993.1
250	2.904	993.1
250	2.954	993.2
250	3.004	993.2
250	3.054	993.2
250	3.104	993.3
250	3.154	993.3
250	3.204	993.3
250	3.254	993.4
250	3.304	993.4
250	3.354	993.4
250	3.404	993.5
250	3.454	993.5
250	3.504	993.5
250	3.554	993.6
250	3.605	993.6
250	3.655	993.6
250	3.705	993.7
250	3.755	993.7
250	3.805	993.7
250	3.855	993.8
250	3.905	993.8
250	3.955	993.8
250	4.005	993.9
250	4.055	993.9
250	4.105	993.9
250	4.155	994
250	4.205	994
250	4.255	994
250	4.305	994.1
250	4.355	994.1
250	4.405	994.1
250	4.455	994.2
250	4.505	994.2
250	4.555	994.2
250	4.606	994.3
250	4.656	994.3
250	4.706	994.3
250	4.756	994.4
250	4.806	994.4
250	4.856	994.4
250	4.906	994.5
250	4.956	994.5
250	5.006	994.5
250	5.056	994.6
250	5.106	994.6
250	5.156	994.6
250	5.206	994.7
250	5.256	994.7
250	5.306	994.7
250	5.356	994.8
250	5.406	994.8
250	5.456	994.8
250	5.506	994.9
250	5.556	994.9
250	5.606	994.9
250	5.657	995
250	5.707	995
250	5.757	995
250	5.807	995.1
250	5.857	995.1
250	5.907	995.1
250	5.957	995.2
250	6.007	995.2
250	6.057	995.2
250	6.107	995.3
250	6.157	995.3
250	6.207	995.3
250	6.257	995.4
250	6.307	995.4
250	6.357	995.4
250	6.407	995.5
250	6.457	995.5
250	6.507	995.5
250	6.557	995.6
250	6.607	995.6
250	6.658	995.6
250	6.708	995.7
250	6.758	995.7
250	6.808	995.7
250	6.858	995.8
250	6.908	995.8
250	6.958	995.8
250	7.008	995.9
250	7.058	995.9
250	7.108	995.9
250	7.158	996
250	7.208	996
250	7.258	996
250	7.308	996.1
250	7.358	996.1
250	7.408	996.1
250	7.458	996.2
250	7.508	996.2
250	7.558	996.2
250	7.608	996.3
250	7.659	996.3
250	7.709	996.3
250	7.759	996.4
250	7.809	996.4
250	7.859	996.4
250	7.909	996.5
250	7.959	996.5
250	8.009	996.5
250	8.059	996.6
250	8.109	996.6
250	8.159	996.6
250	8.209	996.7
250	8.259	996.7
250	8.309	996.7
250	8.359	996.8
250	8.409	996.8
250	8.459	996.8
250	8.509	996.9
250	8.559	996.9
250	8.609	996.9
250	8.659	997
250	8.71	997
250	8.76	997
250	8.81	997.1
250	8.86	997.1
250	8.91	997.1
250	8.96	997.2
250	9.01	997.2
250	9.06	997.2
250	9.11	997.3
250	9.16	997.3
250	9.21	997.3
250	9.26	997.3
250	9.31	997.4
250	9.36	997.4
250	9.41	997.4
250	9.46	997.5
250	9.51	997.5
250	9.56	997.5
250	9.61	997.6
250	9.66	997.6
250	9.711	997.6
250	9.761	997.7
250	9.811	997.7
250	9.861	997.7
250	9.911	997.8
250	9.961	997.8
250	10.01	997.8
250	10.06	997.9
250	10.11	997.9
250	10.16	997.9
250	10.21	998
250	10.26	998
250	10.31	998
250	10.36	998.1
250	10.41	998.1
250	10.46	998.1
250	10.51	998.2
250	10.56	998.2
250	10.61	998.2
250	10.66	998.3
250	10.71	998.3
250	10.76	998.3
250	10.81	998.4
250	10.86	998.4
250	10.91	998.4
250	10.96	998.5
250	11.01	998.5
250	11.06	998.5
250	11.11	998.6
250	11.16	998.6
250	11.21	998.6
250	11.26	998.7
250	11.31	998.7
250	11.36	998.7
250	11.41	998.8
250	11.46	998.8
250	11.51	998.8
250	11.56	998.9
250	11.61	998.9
250	11.66	998.9
250	11.71	998.9
250	11.76	999
250	11.81	999
250	11.86	999
250	11.91	999.1
250	11.96	999.1
250	12.01	999.1
250	12.06	999.2
250	12.11	999.2
250	12.16	999.2
250	12.21	999.3
250	12.26	999.3
250	12.31	999.3
250	12.36	999.4
250	12.41	999.4
250	12.46	999.4
250	12.51	999.5
250	12.56	999.5
250	12.61	999.5
250	12.66	999.6
250	12.71	999.6
250	12.76	999.6
250	12.81	999.7
250	12.86	999.7
250	12.91	999.7
250	12.96	1000
250	13.01	1000
250	13.06	1000
250	13.11	1000
250	13.16	1000
250	13.21	1000
250	13.26	1000
250	13.31	1000
250	13.36	1000
250	13.41	1000
250	13.46	1000
250	13.51	1000
250	13.56	1000
250	13.61	1000
250	13.66	1000
250	13.71	1000
250	13.76	1000
250	13.81	1000
250	13.86	1000
250	13.91	1000
250	13.96	1000
250	14.01	1000
250	14.06	1000
250	14.11	1000
250	14.16	1001
250	14.21	1001
250	14.26	1001
250	14.32	1001
250	14.37	1001
250	14.42	1001
250	14.47	1001
250	14.52	1001
250	14.57	1001
250	14.62	1001
250	14.67	1001
250	14.72	1001
250	14.77	1001
250	14.82	1001
250	14.87	1001
250	14.92	1001
250	14.97	1001
250	15.02	1001
250	15.07	1001
250	15.12	1001
250	15.17	1001
250	15.22	1001
250	15.27	1001
250	15.32	1001
250	15.37	1001
250	15.42	1001
250	15.47	1001
250	15.52	1001
250	15.57	1001
250	15.62	1001
250	15.67	1001
250	15.72	1002
250	15.77	1002
250	15.82	1002
250	15.87	1002
250	15.92	1002
250	15.97	1002
250	16.02	1002
250	16.07	1002
250	16.12	1002
250	16.17	1002
250	16.22	1002
250	16.27	1002
250	16.32	1002
250	16.37	1002
250	16.42	1002
250	16.47	1002
250	16.52	1002
250	16.57	1002
250	16.62	1002
250	16.67	1002
250	16.72	1002
250	16.77	1002
250	16.82	1002
250	16.87	1002
250	16.92	1002
250	16.97	1002
250	17.02	1002
250	17.07	1002
250	17.12	1002
250	17.17	1002
250	17.22	1002
250	17.27	1003
250	17.32	1003
250	17.37	1003
250	17.42	1003
250	17.47	1003
250	17.52	1003
250	17.57	1003
250	17.62	1003
250	17.67	1003
250	17.72	1003
250	17.77	1003
250	17.82	1003
250	17.87	1003
250	17.92	1003
250	17.97	1003
250	18.02	1003
250	18.07	1003
250	18.12	1003
250	18.17	1003
250	18.22	1003
250	18.27	1003
250	18.32	1003
250	18.37	1003
250	18.42	1003
250	18.47	1003
250	18.52	1003
250	18.57	1003
250	18.62	1003
250	18.67	1003
250	18.72	1003
250	18.77	1003
250	18.82	1003
250	18.87	1004
250	18.92	1004
250	18.97	1004
250	19.02	1004
250	19.07	1004
250	19.12	1004
250	19.17	1004
250	19.22	1004
250	19.27	1004
250	19.32	1004
250	19.37	1004
250	19.42	1004
250	19.47	1004
250	19.52	1004
250	19.57	1004
250	19.62	1004
250	19.67	1004
250	19.72	1004
250	19.77	1004
250	19.82	1004
250	19.87	1004
250	19.92	1004
250	19.97	1004
250	20.02	1004
250	20.07	1004
250	20.12	1004
250	20.17	1004
250	20.22	1004
250	20.27	1004
250	20.32	1004
250	20.37	1004
250	20.42	1004
250	20.47	1005
250	20.52	1005
250	20.57	1005
250	20.62	1005
250	20.67	1005
250	20.72	1005
250	20.77	1005
250	20.82	1005
250	20.87	1005
250	20.92	1005
250	20.97	1005
250	21.02	1005
250	21.07	1005
250	21.12	1005
250	21.17	1005
250	21.22	1005
250	21.27	1005
250	21.32	1005
250	21.37	1005
250	21.42	1005
250	21.47	1005
250	21.52	1005
250	21.57	1005
250	21.62	1005
250	21.67	1005
250	21.72	1005
250	21.77	1005
250	21.82	1005
250	21.87	1005
250	21.92	1005
250	21.97	1005
250	22.02	1005
250	22.07	1006
250	22.12	1006
250	22.17	1006
250	22.22	1006
250	22.27	1006
250	22.32	1006
250	22.37	1006
250	22.42	1006
250	22.47	1006
250	22.52	1006
250	22.57	1006
250	22.62	1006
250	22.67	1006
250	22.72	1006
250	22.77	1006
250	22.82	1006
250	22.87	1006
250	22.92	1006
250	22.97	1006
250	23.02	1006
250	23.07	1006
250	23.12	1006
250	23.17	1006
250	23.22	1006
250	23.27	1006
250	23.32	1006
250	23.37	1006
250	23.42	1006
250	23.47	1006
250	23.52	1006
250	23.57	1006
250	23.62	1006
250	23.67	1007
250	23.72	1007
250	23.77	1007
250	23.82	1007
250	23.87	1007
250	23.92	1007
250	23.97	1007
250	24.02	1007
250	24.07	1007
250	24.12	1007
250	24.17	1007
250	24.22	1007
250	24.27	1007
250	24.32	1007
250	24.37	1007
250	24.42	1007
250	24.47	1007
250	24.53	1007
250	24.58	1007
250	24.63	1007
250	24.68	1007
250	24.73	1007
250	24.78	1007
250	24.83	1007
250	24.88	1007
250	24.93	1007
250	24.98	1007
250	25.03	1007
250	25.08	1007
250	25.13	1007
250	25.18	1007
250	25.23	1007
250	25.28	1008
250	25.33	1008
250	25.38	1008
250	25.43	1008
250	25.48	1008
250	25.53	1008
250	25.58	1008
250	25.63	1008
250	25.68	1008
250	25.73	1008
250	25.78	1008
250	25.83	1008
250	25.88	1008
250	25.93	1008
250	25.98	1008
250	26.03	1008
250	26.08	1008
250	26.13	1008
250	26.18	1008
250	26.23	1008
250	26.28	1008
250	26.33	1008
250	26.38	1008
250	26.43	1008
250	26.48	1008
250	26.53	1008
250	26.58	1008
250	26.63	1008
250	26.68	1008
250	26.73	1008
250	26.78	1008
250	26.83	1008
250	26.88	1008
250	26.93	1009
250	26.98	1009
250	27.03	1009
250	27.08	1009
250	27.13	1009
250	27.18	1009
250	27.23	1009
250	27.28	1009
250	27.33	1009
250	27.38	1009
250	27.43	1009
250	27.48	1009
250	27.53	1009
250	27.58	1009
250	27.63	1009
250	27.68	1009
250	27.73	1009
250	27.78	1009
250	27.83	1009
250	27.88	1009
250	27.93	1009
250	27.98	1009
250	28.03	1009
250	28.08	1009
250	28.13	1009
250	28.18	1009
250	28.23	1009
250	28.28	1009
250	28.33	1009
250	28.38	1009
250	28.43	1009
250	28.48	1009
250	28.53	1009
250	28.58	1010
250	28.63	1010
250	28.68	1010
250	28.73	1010
250	28.78	1010
250	28.83	1010
250	28.88	1010
250	28.93	1010
250	28.98	1010
250	29.03	1010
250	29.08	1010
250	29.13	1010
250	29.18	1010
250	29.23	1010
250	29.28	1010
250	29.33	1010
250	29.38	1010
250	29.43	1010
250	29.48	1010
250	29.53	1010
250	29.58	1010
250	29.63	1010
250	29.68	1010
250	29.73	1010
250	29.78	1010
250	29.83	1010
250	29.88	1010
250	29.93	1010
250	29.98	1010
250	30.03	1010
250	30.08	1010
250	30.13	1010
250	30.18	1010
250	30.23	1011
250	30.28	1011
250	30.33	1011
250	30.38	1011
250	30.43	1011
250	30.48	1011
250	30.53	1011
250	30.58	1011
250	30.63	1011
250	30.68	1011
250	30.73	1011
250	30.78	1011
250	30.83	1011
250	30.88	1011
250	30.93	1011
250	30.98	1011
250	31.03	1011
250	31.08	1011
250	31.13	1011
250	31.18	1011
250	31.23	1011
250	31.28	1011
250	31.33	1011
250	31.38	1011
250	31.43	1011
250	31.48	1011
250	31.53	1011
250	31.58	1011
250	31.63	1011
250	31.68	1011
250	31.73	1011
250	31.78	1011
250	31.83	1011
250	31.88	1012
250	31.93	1012
250	31.98	1012
250	32.03	1012
250	32.08	1012
250	32.13	1012
250	32.18	1012
250	32.23	1012
250	32.28	1012
250	32.33	1012
250	32.38	1012
250	32.43	1012
250	32.48	1012
250	32.53	1012
250	32.58	1012
250	32.63	1012
250	32.68	1012
250	32.73	1012
250	32.78	1012
250	32.83	1012
250	32.88	1012
250	32.93	1012
250	32.98	1012
250	33.03	1012
250	33.08	1012
250	33.13	1012
250	33.18	1012
250	33.23	1012
250	33.28	1012
250	33.33	1012
250	33.38	1012
250	33.43	1012
250	33.48	1012
250	33.53	1012
250	33.58	1013
250	33.63	1013
250	33.68	1013
250	33.73	1013
250	33.78	1013
250	33.83	1013
250	33.88	1013
250	33.93	1013
250	33.98	1013
250	34.03	1013
250	34.08	1013
250	34.13	1013
250	34.18	1013
250	34.23	1013
250	34.28	1013
250	34.33	1013
250	34.38	1013
250	34.43	1013
250	34.48	1013
250	34.53	1013
250	34.58	1013
250	34.63	1013
250	34.68	1013
250	34.74	1013
250	34.79	1013
250	34.84	1013
250	34.89	1013
250	34.94	1013
250	34.99	1013
250	35.04	1013
250	35.09	1013
250	35.14	1013
250	35.19	1013
250	35.24	1014
250	35.29	1014
250	35.34	1014
250	35.39	1014
250	35.44	1014
250	35.49	1014
250	35.54	1014
250	35.59	1014
250	35.64	1014
250	35.69	1014
250	35.74	1014
250	35.79	1014
250	35.84	1014
250	35.89	1014
250	35.94	1014
250	35.99	1014
250	36.04	1014
250	36.09	1014
250	36.14	1014
250	36.19	1014
250	36.24	1014
250	36.29	1014
250	36.34	1014
250	36.39	1014
250	36.44	1014
250	36.49	1014
250	36.54	1014
250	36.59	1014
250	36.64	1014
250	36.69	1014
250	36.74	1014
250	36.79	1014
250	36.84	1014
250	36.89	1014
250	36.94	1015
250	36.99	1015
250	37.04	1015
250	37.09	1015
250	37.14	1015
250	37.19	1015
250	37.24	1015
250	37.29	1015
250	37.34	1015
250	37.39	1015
250	37.44	1015
250	37.49	1015
250	37.54	1015
250	37.59	1015
250	37.64	1015
250	37.69	1015
250	37.74	1015
250	37.79	1015
250	37.84	1015
250	37.89	1015
250	37.94	1015
250	37.99	1015
250	38.04	1015
250	38.09	1015
250	38.14	1015
250	38.19	1015
250	38.24	1015
250	38.29	1015
250	38.34	1015
250	38.39	1015
250	38.44	1015
250	38.49	1015
250	38.54	1015
250	38.59	1015
250	38.64	1016
250	38.69	1016
250	38.74	1016
250	38.79	1016
250	38.84	1016
250	38.89	1016
250	38.94	1016
250	38.99	1016
250	39.04	1016
250	39.09	1016
250	39.14	1016
250	39.19	1016
250	39.24	1016
250	39.29	1016
250	39.34	1016
250	39.39	1016
250	39.44	1016
250	39.49	1016
250	39.54	1016
250	39.59	1016
250	39.64	1016
250	39.69	1016
250	39.74	1016
250	39.79	1016
250	39.84	1016
250	39.89	1016
250	39.94	1016
250	39.99	1016
250	40.04	1016
250	40.09	1016
250	40.14	1016
250	40.19	1016
250	40.24	1016
250	40.29	1016
250	40.34	1016
250	40.39	1017
250	40.44	1017
250	40.49	1017
250	40.54	1017
250	40.59	1017
250	40.64	1017
250	40.69	1017
250	40.74	1017
250	40.79	1017
250	40.84	1017
250	40.89	1017
250	40.94	1017
250	40.99	1017
250	41.04	1017
250	41.09	1017
250	41.14	1017
250	41.19	1017
250	41.24	1017
250	41.29	1017
250	41.34	1017
250	41.39	1017
250	41.44	1017
250	41.49	1017
250	41.54	1017
250	41.59	1017
250	41.64	1017
250	41.69	1017
250	41.74	1017
250	41.79	1017
250	41.84	1017
250	41.89	1017
250	41.94	1017
250	41.99	1017
250	42.04	1017
250	42.09	1018
250	42.14	1018
250	42.19	1018
250	42.24	1018
250	42.29	1018
250	42.34	1018
250	42.39	1018
250	42.44	1018
250	42.49	1018
250	42.54	1018
250	42.59	1018
250	42.64	1018
250	42.69	1018
250	42.74	1018
250	42.79	1018
250	42.84	1018
250	42.89	1018
250	42.94	1018
250	42.99	1018
250	43.04	1018
250	43.09	1018
250	43.14	1018
250	43.19	1018
250	43.24	1018
250	43.29	1018
250	43.34	1018
250	43.39	1018
250	43.44	1018
250	43.49	1018
250	43.54	1018
250	43.59	1018
250	43.64	1018
250	43.69	1018
250	43.74	1018
250	43.79	1018
250	43.84	1019
250	43.89	1019
250	43.94	1019
250	43.99	1019
250	44.04	1019
250	44.09	1019
250	44.14	1019
250	44.19	1019
250	44.24	1019
250	44.29	1019
250	44.34	1019
250	44.39	1019
250	44.44	1019
250	44.49	1019
250	44.54	1019
250	44.59	1019
250	44.64	1019
250	44.69	1019
250	44.74	1019
250	44.79	1019
250	44.84	1019
250	44.89	1019
250	44.95	1019
250	45	1019
250	45.05	1019
250	45.1	1019
250	45.15	1019
250	45.2	1019
250	45.25	1019
250	45.3	1019
250	45.35	1019
250	45.4	1019
250	45.45	1019
250	45.5	1019
250	45.55	1019
250	45.6	1020
250	45.65	1020
250	45.7	1020
250	45.75	1020
250	45.8	1020
250	45.85	1020
250	45.9	1020
250	45.95	1020
250	46	1020
250	46.05	1020
250	46.1	1020
250	46.15	1020
250	46.2	1020
250	46.25	1020
250	46.3	1020
250	46.35	1020
250	46.4	1020
250	46.45	1020
250	46.5	1020
250	46.55	1020
250	46.6	1020
250	46.65	1020
250	46.7	1020
250	46.75	1020
250	46.8	1020
250	46.85	1020
250	46.9	1020
250	46.95	1020
250	47	1020
250	47.05	1020
250	47.1	1020
250	47.15	1020
250	47.2	1020
250	47.25	1020
250	47.3	1020
250	47.35	1020
250	47.4	1021
250	47.45	1021
250	47.5	1021
250	47.55	1021
250	47.6	1021
250	47.65	1021
250	47.7	1021
250	47.75	1021
250	47.8	1021
250	47.85	1021
250	47.9	1021
250	47.95	1021
250	48	1021
250	48.05	1021
250	48.1	1021
250	48.15	1021
250	48.2	1021
250	48.25	1021
250	48.3	1021
250	48.35	1021
250	48.4	1021
250	48.45	1021
250	48.5	1021
250	48.55	1021
250	48.6	1021
250	48.65	1021
250	48.7	1021
250	48.75	1021
250	48.8	1021
250	48.85	1021
250	48.9	1021
250	48.95	1021
250	49	1021
250	49.05	1021
250	49.1	1021
250	49.15	1022
250	49.2	1022
250	49.25	1022
250	49.3	1022
250	49.35	1022
250	49.4	1022
250	49.45	1022
250	49.5	1022
250	49.55	1022
250	49.6	1022
250	49.65	1022
250	49.7	1022
250	49.75	1022
250	49.8	1022
250	49.85	1022
250	49.9	1022
250	49.95	1022
250	50	1022
267.7	0.001	999.1
267.7	0.05105	999.2
267.7	0.1011	999.2
267.7	0.1511	999.2
267.7	0.2012	999.2
267.7	0.2512	999.3
267.7	0.3013	999.3
267.7	0.3513	999.3
267.7	0.4014	999.3
267.7	0.4514	999.4
267.7	0.5015	999.4
267.7	0.5515	999.4
267.7	0.6016	999.4
267.7	0.6516	999.5
267.7	0.7017	999.5
267.7	0.7517	999.5
267.7	0.8018	999.6
267.7	0.8518	999.6
267.7	0.9019	999.6
267.7	0.9519	999.6
267.7	1.002	999.7
267.7	1.052	999.7
267.7	1.102	999.7
267.7	1.152	999.7
267.7	1.202	1000
267.7	1.252	1000
267.7	1.302	1000
267.7	1.352	1000
267.7	1.402	1000
267.7	1.452	1000
267.7	1.502	1000
267.7	1.553	1000
267.7	1.603	1000
267.7	1.653	1000
267.7	1.703	1000
267.7	1.753	1000
267.7	1.803	1000
267.7	1.853	1000
267.7	1.903	1000
267.7	1.953	1000
267.7	2.003	1000
267.7	2.053	1000
267.7	2.103	1000
267.7	2.153	1000
267.7	2.203	1000
267.7	2.253	1000
267.7	2.303	1000
267.7	2.353	1000
267.7	2.403	1000
267.7	2.453	1000
267.7	2.503	1000
267.7	2.554	1000
267.7	2.604	1001
267.7	2.654	1001
267.7	2.704	1001
267.7	2.754	1001
267.7	2.804	1001
267.7	2.854	1001
267.7	2.904	1001
267.7	2.954	1001
267.7	3.004	1001
267.7	3.054	1001
267.7	3.104	1001
267.7	3.154	1001
267.7	3.204	1001
267.7	3.254	1001
267.7	3.304	1001
267.7	3.354	1001
267.7	3.404	1001
267.7	3.454	1001
267.7	3.504	1001
267.7	3.554	1001
267.7	3.605	1001
267.7	3.655	1001
267.7	3.705	1001
267.7	3.755	1001
267.7	3.805	1001
267.7	3.855	1001
267.7	3.905	1001
267.7	3.955	1001
267.7	4.005	1001
267.7	4.055	1001
267.7	4.105	1001
267.7	4.155	1001
267.7	4.205	1001
267.7	4.255	1001
267.7	4.305	1001
267.7	4.355	1001
267.7	4.405	1001
267.7	4.455	1001
267.7	4.505	1002
267.7	4.555	1002
267.7	4.606	1002
267.7	4.656	1002
267.7	4.706	1002
267.7	4.756	1002
267.7	4.806	1002
267.7	4.856	1002
267.7	4.906	1002
267.7	4.956	1002
267.7	5.006	1002
267.7	5.056	1002
267.7	5.106	1002
267.7	5.156	1002
267.7	5.206	1002
267.7	5.256	1002
267.7	5.306	1002
267.7	5.356	1002
267.7	5.406	1002
267.7	5.456	1002
267.7	5.506	1002
267.7	5.556	1002
267.7	5.606	1002
267.7	5.657	1002
267.7	5.707	1002
267.7	5.757	1002
267.7	5.807	1002
267.7	5.857	1002
267.7	5.907	1002
267.7	5.957	1002
267.7	6.007	1002
267.7	6.057	1002
267.7	6.107	1002
267.7	6.157	1002
267.7	6.207	1002
267.7	6.257	1002
267.7	6.307	1002
267.7	6.357	1002
267.7	6.407	1003
267.7	6.457	1003
267.7	6.507	1003
267.7	6.557	1003
267.7	6.607	1003
267.7	6.658	1003
267.7	6.708	1003
267.7	6.758	1003
267.7	6.808	1003
267.7	6.858	1003
267.7	6.908	1003
267.7	6.958	1003
267.7	7.008	1003
267.7	7.058	1003
267.7	7.108	1003
267.7	7.158	1003
267.7	7.208	1003
267.7	7.258	1003
267.7	7.308	1003
267.7	7.358	1003
267.7	7.408	1003
267.7	7.458	1003
267.7	7.508	1003
267.7	7.558	1003
267.7	7.608	1003
267.7	7.659	1003
267.7	7.709	1003
267.7	7.759	1003
267.7	7.809	1003
267.7	7.859	1003
267.7	7.909	1003
267.7	7.959	1003
267.7	8.009	1003
267.7	8.059	1003
267.7	8.109	1003
267.7	8.159	1003
267.7	8.209	1003
267.7	8.259	1003
267.7	8.309	1004
267.7	8.359	1004
267.7	8.409	1004
267.7	8.459	1004
267.7	8.509	1004
267.7	8.559	1004
267.7	8.609	1004
267.7	8.659	1004
267.7	8.71	1004
267.7	8.76	1004
267.7	8.81	1004
267.7	8.86	1004
267.7	8.91	1004
267.7	8.96	1004
267.7	9.01	1004
267.7	9.06	1004
267.7	9.11	1004
267.7	9.16	1004
267.7	9.21	1004
267.7	9.26	1004
267.7	9.31	1004
267.7	9.36	1004
267.7	9.41	1004
267.7	9.46	1004
267.7	9.51	1004
267.7	9.56	1004
267.7	9.61	1004
267.7	9.66	1004
267.7	9.711	1004
267.7	9.761	1004
267.7	9.811	1004
267.7	9.861	1004
267.7	9.911	1004
267.7	9.961	1004
267.7	10.01	1004
267.7	10.06	1004
267.7	10.11	1004
267.7	10.16	1004
267.7	10.21	1004
267.7	10.26	1005
267.7	10.31	1005
267.7	10.36	1005
267.7	10.41	1005
267.7	10.46	1005
267.7	10.51	1005
267.7	10.56	1005
267.7	10.61	1005
267.7	10.66	1005
267.7	10.71	1005
267.7	10.76	1005
267.7	10.81	1005
267.7	10.86	1005
267.7	10.91	1005
267.7	10.96	1005
267.7	11.01	1005
267.7	11.06	1005
267.7	11.11	1005
267.7	11.16	1005
267.7	11.21	1005
267.7	11.26	1005
267.7	11.31	1005
267.7	11.36	1005
267.7	11.41	1005
267.7	11.46	1005
267.7	11.51	1005
267.7	11.56	1005
267.7	11.61	1005
267.7	11.66	1005
267.7	11.71	1005
267.7	11.76	1005
267.7	11.81	1005
267.7	11.86	1005
267.7	11.91	1005
267.7	11.96	1005
267.7	12.01	1005
267.7	12.06	1005
267.7	12.11	1005
267.7	12.16	1006
267.7	12.21	1006
267.7	12.26	1006
267.7	12.31	1006
267.7	12.36	1006
267.7	12.41	1006
267.7	12.46	1006
267.7	12.51	1006
267.7	12.56	1006
267.7	12.61	1006
267.7	12.66	1006
267.7	12.71	1006
267.7	12.76	1006
267.7	12.81	1006
267.7	12.86	1006
267.7	12.91	1006
267.7	12.96	1006
267.7	13.01	1006
267.7	13.06	1006
267.7	13.11	1006
267.7	13.16	1006
267.7	13.21	1006
267.7	13.26	1006
267.7	13.31	1006
267.7	13.36	1006
267.7	13.41	1006
267.7	13.46	1006
267.7	13.51	1006
267.7	13.56	1006
267.7	13.61	1006
267.7	13.66	1006
267.7	13.71	1006
267.7	13.76	1006
267.7	13.81	1006
267.7	13.86	1006
267.7	13.91	1006
267.7	13.96	1006
267.7	14.01	1006
267.7	14.06	1006
267.7	14.11	1007
267.7	14.16	1007
267.7	14.21	1007
267.7	14.26	1007
267.7	14.32	1007
267.7	14.37	1007
267.7	14.42	1007
267.7	14.47	1007
267.7	14.52	1007
267.7	14.57	1007
267.7	14.62	1007
267.7	14.67	1007
267.7	14.72	1007
267.7	14.77	1007
267.7	14.82	1007
267.7	14.87	1007
267.7	14.92	1007
267.7	14.97	1007
267.7	15.02	1007
267.7	15.07	1007
267.7	15.12	1007
267.7	15.17	1007
267.7	15.22	1007
267.7	15.27	1007
267.7	15.32	1007
267.7	15.37	1007
267.7	15.42	1007
267.7	15.47	1007
267.7	15.52	1007
267.7	15.57	1007
267.7	15.62	1007
267.7	15.67	1007
267.7	15.72	1007
267.7	15.77	1007
267.7	15.82	1007
267.7	15.87	1007
267.7	15.92	1007
267.7	15.97	1007
267.7	16.02	1007
267.7	16.07	1008
267.7	16.12	1008
267.7	16.17	1008
267.7	16.22	1008
267.7	16.27	1008
267.7	16.32	1008
267.7	16.37	1008
267.7	16.42	1008
267.7	16.47	1008
267.7	16.52	1008
267.7	16.57	1008
267.7	16.62	1008
267.7	16.67	1008
267.7	16.72	1008
267.7	16.77	1008
267.7	16.82	1008
267.7	16.87	1008
267.7	16.92	1008
267.7	16.97	1008
267.7	17.02	1008
267.7	17.07	1008
267.7	17.12	1008
267.7	17.17	1008
267.7	17.22	1008
267.7	17.27	1008
267.7	17.32	1008
267.7	17.37	1008
267.7	17.42	1008
267.7	17.47	1008
267.7	17.52	1008
267.7	17.57	1008
267.7	17.62	1008
267.7	17.67	1008
267.7	17.72	1008
267.7	17.77	1008
267.7	17.82	1008
267.7	17.87	1008
267.7	17.92	1008
267.7	17.97	1008
267.7	18.02	1009
267.7	18.07	1009
267.7	18.12	1009
267.7	18.17	1009
267.7	18.22	1009
267.7	18.27	1009
267.7	18.32	1009
267.7	18.37	1009
267.7	18.42	1009
267.7	18.47	1009
267.7	18.52	1009
267.7	18.57	1009
267.7	18.62	1009
267.7	18.67	1009
267.7	18.72	1009
267.7	18.77	1009
267.7	18.82	1009
267.7	18.87	1009
267.7	18.92	1009
267.7	18.97	1009
267.7	19.02	1009
267.7	19.07	1009
267.7	19.12	1009
267.7	19.17	1009
267.7	19.22	1009
267.7	19.27	1009
267.7	19.32	1009
267.7	19.37	1009
267.7	19.42	1009
267.7	19.47	1009
267.7	19.52	1009
267.7	19.57	1009
267.7	19.62	1009
267.7	19.67	1009
267.7	19.72	1009
267.7	19.77	1009
267.7	19.82	1009
267.7	19.87	1009
267.7	19.92	1009
267.7	19.97	1010
267.7	20.02	1010
267.7	20.07	1010
267.7	20.12	1010
267.7	20.17	1010
267.7	20.22	1010
267.7	20.27	1010
267.7	20.32	1010
267.7	20.37	1010
267.7	20.42	1010
267.7	20.47	1010
267.7	20.52	1010
267.7	20.57	1010
267.7	20.62	1010
267.7	20.67	1010
267.7	20.72	1010
267.7	20.77	1010
267.7	20.82	1010
267.7	20.87	1010
267.7	20.92	1010
267.7	20.97	1010
267.7	21.02	1010
267.7	21.07	1010
267.7	21.12	1010
267.7	21.17	1010
267.7	21.22	1010
267.7	21.27	1010
267.7	21.32	1010
267.7	21.37	1010
267.7	21.42	1010
267.7	21.47	1010
267.7	21.52	1010
267.7	21.57	1010
267.7	21.62	1010
267.7	21.67	1010
267.7	21.72	1010
267.7	21.77	1010
267.7	21.82	1010
267.7	21.87	1010
267.7	21.92	1010
267.7	21.97	1011
267.7	22.02	1011
267.7	22.07	1011
267.7	22.12	1011
267.7	22.17	1011
267.7	22.22	1011
267.7	22.27	1011
267.7	22.32	1011
267.7	22.37	1011
267.7	22.42	1011
267.7	22.47	1011
267.7	22.52	1011
267.7	22.57	1011
267.7	22.62	1011
267.7	22.67	1011
267.7	22.72	1011
267.7	22.77	1011
267.7	22.82	1011
267.7	22.87	1011
267.7	22.92	1011
267.7	22.97	1011
267.7	23.02	1011
267.7	23.07	1011
267.7	23.12	1011
267.7	23.17	1011
267.7	23.22	1011
267.7	23.27	1011
267.7	23.32	1011
267.7	23.37	1011
267.7	23.42	1011
267.7	23.47	1011
267.7	23.52	1011
267.7	23.57	1011
267.7	23.62	1011
267.7	23.67	1011
267.7	23.72	1011
267.7	23.77	1011
267.7	23.82	1011
267.7	23.87	1011
267.7	23.92	1011
267.7	23.97	1012
267.7	24.02	1012
267.7	24.07	1012
267.7	24.12	1012
267.7	24.17	1012
267.7	24.22	1012
267.7	24.27	1012
267.7	24.32	1012
267.7	24.37	1012
267.7	24.42	1012
267.7	24.47	1012
267.7	24.53	1012
267.7	24.58	1012
267.7	24.63	1012
267.7	24.68	1012
267.7	24.73	1012
267.7	24.78	1012
267.7	24.83	1012
267.7	24.88	1012
267.7	24.93	1012
267.7	24.98	1012
267.7	25.03	1012
267.7	25.08	1012
267.7	25.13	1012
267.7	25.18	1012
267.7	25.23	1012
267.7	25.28	1012
267.7	25.33	1012
267.7	25.38	1012
267.7	25.43	1012
267.7	25.48	1012
267.7	25.53	1012
267.7	25.58	1012
267.7	25.63	1012
267.7	25.68	1012
267.7	25.73	1012
267.7	25.78	1012
267.7	25.83	1012
267.7	25.88	1012
267.7	25.93	1012
267.7	25.98	1013
267.7	26.03	1013
267.7	26.08	1013
267.7	26.13	1013
267.7	26.18	1013
267.7	26.23	1013
267.7	26.28	1013
267.7	26.33	1013
267.7	26.38	1013
267.7	26.43	1013
267.7	26.48	1013
267.7	26.53	1013
267.7	26.58	1013
267.7	26.63	1013
267.7	26.68	1013
267.7	26.73	1013
267.7	26.78	1013
267.7	26.83	1013
267.7	26.88	1013
267.7	26.93	1013
267.7	26.98	1013
267.7	27.03	1013
267.7	27.08	1013
267.7	27.13	1013
267.7	27.18	1013
267.7	27.23	1013
267.7	27.28	1013
267.7	27.33	1013
267.7	27.38	1013
267.7	27.43	1013
267.7	27.48	1013
267.7	27.53	1013
267.7	27.58	1013
267.7	27.63	1013
267.7	27.68	1013
267.7	27.73	1013
267.7	27.78	1013
267.7	27.83	1013
267.7	27.88	1013
267.7	27.93	1013
267.7	27.98	1014
267.7	28.03	1014
267.7	28.08	1014
267.7	28.13	1014
267.7	28.18	1014
267.7	28.23	1014
267.7	28.28	1014
267.7	28.33	1014
267.7	28.38	1014
267.7	28.43	1014
267.7	28.48	1014
267.7	28.53	1014
267.7	28.58	1014
267.7	28.63	1014
267.7	28.68	1014
267.7	28.73	1014
267.7	28.78	1014
267.7	28.83	1014
267.7	28.88	1014
267.7	28.93	1014
267.7	28.98	1014
267.7	29.03	1014
267.7	29.08	1014
267.7	29.13	1014
267.7	29.18	1014
267.7	29.23	1014
267.7	29.28	1014
267.7	29.33	1014
267.7	29.38	1014
267.7	29.43	1014
267.7	29.48	1014
267.7	29.53	1014
267.7	29.58	1014
267.7	29.63	1014
267.7	29.68	1014
267.7	29.73	1014
267.7	29.78	1014
267.7	29.83	1014
267.7	29.88	1014
267.7	29.93	1014
267.7	29.98	1015
267.7	30.03	1015
267.7	30.08	1015
267.7	30.13	1015
267.7	30.18	1015
267.7	30.23	1015
267.7	30.28	1015
267.7	30.33	1015
267.7	30.38	1015
267.7	30.43	1015
267.7	30.48	1015
267.7	30.53	1015
267.7	30.58	1015
267.7	30.63	1015
267.7	30.68	1015
267.7	30.73	1015
267.7	30.78	1015
267.7	30.83	1015
267.7	30.88	1015
267.7	30.93	1015
267.7	30.98	1015
267.7	31.03	1015
267.7	31.08	1015
267.7	31.13	1015
267.7	31.18	1015
267.7	31.23	1015
267.7	31.28	1015
267.7	31.33	1015
267.7	31.38	1015
267.7	31.43	1015
267.7	31.48	1015
267.7	31.53	1015
267.7	31.58	1015
267.7	31.63	1015
267.7	31.68	1015
267.7	31.73	1015
267.7	31.78	1015
267.7	31.83	1015
267.7	31.88	1015
267.7	31.93	1015
267.7	31.98	1015
267.7	32.03	1016
267.7	32.08	1016
267.7	32.13	1016
267.7	32.18	1016
267.7	32.23	1016
267.7	32.28	1016
267.7	32.33	1016
267.7	32.38	1016
267.7	32.43	1016
267.7	32.48	1016
267.7	32.53	1016
267.7	32.58	1016
267.7	32.63	1016
267.7	32.68	1016
267.7	32.73	1016
267.7	32.78	1016
267.7	32.83	1016
267.7	32.88	1016
267.7	32.93	1016
267.7	32.98	1016
267.7	33.03	1016
267.7	33.08	1016
267.7	33.13	1016
267.7	33.18	1016
267.7	33.23	1016
267.7	33.28	1016
267.7	33.33	1016
267.7	33.38	1016
267.7	33.43	1016
267.7	33.48	1016
267.7	33.53	1016
267.7	33.58	1016
267.7	33.63	1016
267.7	33.68	1016
267.7	33.73	1016
267.7	33.78	1016
267.7	33.83	1016
267.7	33.88	1016
267.7	33.93	1016
267.7	33.98	1016
267.7	34.03	1017
267.7	34.08	1017
267.7	34.13	1017
267.7	34.18	1017
267.7	34.23	1017
267.7	34.28	1017
267.7	34.33	1017
267.7	34.38	1017
267.7	34.43	1017
267.7	34.48	1017
267.7	34.53	1017
267.7	34.58	1017
267.7	34.63	1017
267.7	34.68	1017
267.7	34.74	1017
267.7	34.79	1017
267.7	34.84	1017
267.7	34.89	1017
267.7	34.94	1017
267.7	34.99	1017
267.7	35.04	1017
267.7	35.09	1017
267.7	35.14	1017
267.7	35.19	1017
267.7	35.24	1017
267.7	35.29	1017
267.7	35.34	1017
267.7	35.39	1017
267.7	35.44	1017
267.7	35.49	1017
267.7	35.54	1017
267.7	35.59	1017
267.7	35.64	1017
267.7	35.69	1017
267.7	35.74	1017
267.7	35.79	1017
267.7	35.84	1017
267.7	35.89	1017
267.7	35.94	1017
267.7	35.99	1017
267.7	36.04	1017
267.7	36.09	1018
267.7	36.14	1018
267.7	36.19	1018
267.7	36.24	1018
267.7	36.29	1018
267.7	36.34	1018
267.7	36.39	1018
267.7	36.44	1018
267.7	36.49	1018
267.7	36.54	1018
267.7	36.59	1018
267.7	36.64	1018
267.7	36.69	1018
267.7	36.74	1018
267.7	36.79	1018
267.7	36.84	1018
267.7	36.89	1018
267.7	36.94	1018
267.7	36.99	1018
267.7	37.04	1018
267.7	37.09	1018
267.7	37.14	1018
267.7	37.19	1018
267.7	37.24	1018
267.7	37.29	1018
267.7	37.34	1018
267.7	37.39	1018
267.7	37.44	1018
267.7	37.49	1018
267.7	37.54	1018
267.7	37.59	1018
267.7	37.64	1018
267.7	37.69	1018
267.7	37.74	1018
267.7	37.79	1018
267.7	37.84	1018
267.7	37.89	1018
267.7	37.94	1018
267.7	37.99	1018
267.7	38.04	1018
267.7	38.09	1018
267.7	38.14	1019
267.7	38.19	1019
267.7	38.24	1019
267.7	38.29	1019
267.7	38.34	1019
267.7	38.39	1019
267.7	38.44	1019
267.7	38.49	1019
267.7	38.54	1019
267.7	38.59	1019
267.7	38.64	1019
267.7	38.69	1019
267.7	38.74	1019
267.7	38.79	1019
267.7	38.84	1019
267.7	38.89	1019
267.7	38.94	1019
267.7	38.99	1019
267.7	39.04	1019
267.7	39.09	1019
267.7	39.14	1019
267.7	39.19	1019
267.7	39.24	1019
267.7	39.29	1019
267.7	39.34	1019
267.7	39.39	1019
267.7	39.44	1019
267.7	39.49	1019
267.7	39.54	1019
267.7	39.59	1019
267.7	39.64	1019
267.7	39.69	1019
267.7	39.74	1019
267.7	39.79	1019
267.7	39.84	1019
267.7	39.89	1019
267.7	39.94	1019
267.7	39.99	1019
267.7	40.04	1019
267.7	40.09	1019
267.7	40.14	1019
267.7	40.19	1019
267.7	40.24	1020
267.7	40.29	1020
267.7	40.34	1020
267.7	40.39	1020
267.7	40.44	1020
267.7	40.49	1020
267.7	40.54	1020
267.7	40.59	1020
267.7	40.64	1020
267.7	40.69	1020
267.7	40.74	1020
267.7	40.79	1020
267.7	40.84	1020
267.7	40.89	1020
267.7	40.94	1020
267.7	40.99	1020
267.7	41.04	1020
267.7	41.09	1020
267.7	41.14	1020
267.7	41.19	1020
267.7	41.24	1020
267.7	41.29	1020
267.7	41.34	1020
267.7	41.39	1020
267.7	41.44	1020
267.7	41.49	1020
267.7	41.54	1020
267.7	41.59	1020
267.7	41.64	1020
267.7	41.69	1020
267.7	41.74	1020
267.7	41.79	1020
267.7	41.84	1020
267.7	41.89	1020
267.7	41.94	1020
267.7	41.99	1020
267.7	42.04	1020
267.7	42.09	1020
267.7	42.14	1020
267.7	42.19	1020
267.7	42.24	1020
267.7	42.29	1021
267.7	42.34	1021
267.7	42.39	1021
267.7	42.44	1021
267.7	42.49	1021
267.7	42.54	1021
267.7	42.59	1021
267.7	42.64	1021
267.7	42.69	1021
267.7	42.74	1021
267.7	42.79	1021
267.7	42.84	1021
267.7	42.89	1021
267.7	42.94	1021
267.7	42.99	1021
267.7	43.04	1021
267.7	43.09	1021
267.7	43.14	1021
267.7	43.19	1021
267.7	43.24	1021
267.7	43.29	1021
267.7	43.34	1021
267.7	43.39	1021
267.7	43.44	1021
267.7	43.49	1021
267.7	43.54	1021
267.7	43.59	1021
267.7	43.64	1021
267.7	43.69	1021
267.7	43.74	1021
267.7	43.79	1021
267.7	43.84	1021
267.7	43.89	1021
267.7	43.94	1021
267.7	43.99	1021
267.7	44.04	1021
267.7	44.09	1021
267.7	44.14	1021
267.7	44.19	1021
267.7	44.24	1021
267.7	44.29	1021
267.7	44.34	1021
267.7	44.39	1022
267.7	44.44	1022
267.7	44.49	1022
267.7	44.54	1022
267.7	44.59	1022
267.7	44.64	1022
267.7	44.69	1022
267.7	44.74	1022
267.7	44.79	1022
267.7	44.84	1022
267.7	44.89	1022
267.7	44.95	1022
267.7	45	1022
267.7	45.05	1022
267.7	45.1	1022
267.7	45.15	1022
267.7	45.2	1022
267.7	45.25	1022
267.7	45.3	1022
267.7	45.35	1022
267.7	45.4	1022
267.7	45.45	1022
267.7	45.5	1022
267.7	45.55	1022
267.7	45.6	1022
267.7	45.65	1022
267.7	45.7	1022
267.7	45.75	1022
267.7	45.8	1022
267.7	45.85	1022
267.7	45.9	1022
267.7	45.95	1022
267.7	46	1022
267.7	46.05	1022
267.7	46.1	1022
267.7	46.15	1022
267.7	46.2	1022
267.7	46.25	1022
267.7	46.3	1022
267.7	46.35	1022
267.7	46.4	1022
267.7	46.45	1022
267.7	46.5	1023
267.7	46.55	1023
267.7	46.6	1023
267.7	46.65	1023
267.7	46.7	1023
267.7	46.75	1023
267.7	46.8	1023
267.7	46.85	1023
267.7	46.9	1023
267.7	46.95	1023
267.7	47	1023
267.7	47.05	1023
267.7	47.1	1023
267.7	47.15	1023
267.7	47.2	1023
267.7	47.25	1023
267.7	47.3	1023
267.7	47.35	1023
267.7	47.4	1023
267.7	47.45	1023
267.7	47.5	1023
267.7	47.55	1023
267.7	47.6	1023
267.7	47.65	1023
267.7	47.7	1023
267.7	47.75	1023
267.7	47.8	1023
267.7	47.85	1023
267.7	47.9	1023
267.7	47.95	1023
267.7	48	1023
267.7	48.05	1023
267.7	48.1	1023
267.7	48.15	1023
267.7	48.2	1023
267.7	48.25	1023
267.7	48.3	1023
267.7	48.35	1023
267.7	48.4	1023
267.7	48.45	1023
267.7	48.5	1023
267.7	48.55	1023
267.7	48.6	1024
267.7	48.65	1024
267.7	48.7	1024
267.7	48.75	1024
267.7	48.8	1024
267.7	48.85	1024
267.7	48.9	1024
267.7	48.95	1024
267.7	49	1024
267.7	49.05	1024
267.7	49.1	1024
267.7	49.15	1024
267.7	49.2	1024
267.7	49.25	1024
267.7	49.3	1024
267.7	49.35	1024
267.7	49.4	1024
267.7	49.45	1024
267.7	49.5	1024
267.7	49.55	1024
267.7	49.6	1024
267.7	49.65	1024
267.7	49.7	1024
267.7	49.75	1024
267.7	49.8	1024
267.7	49.85	1024
267.7	49.9	1024
267.7	49.95	1024
267.7	50	1024
285.4	0.001	0.007598
285.4	0.05105	999.5
285.4	0.1011	999.5
285.4	0.1511	999.5
285.4	0.2012	999.5
285.4	0.2512	999.5
285.4	0.3013	999.6
285.4	0.3513	999.6
285.4	0.4014	999.6
285.4	0.4514	999.6
285.4	0.5015	999.7
285.4	0.5515	999.7
285.4	0.6016	999.7
285.4	0.6516	999.7
285.4	0.7017	1000
285.4	0.7517	1000
285.4	0.8018	1000
285.4	0.8518	1000
285.4	0.9019	1000
285.4	0.9519	1000
285.4	1.002	1000
285.4	1.052	1000
285.4	1.102	1000
285.4	1.152	1000
285.4	1.202	1000
285.4	1.252	1000
285.4	1.302	1000
285.4	1.352	1000
285.4	1.402	1000
285.4	1.452	1000
285.4	1.502	1000
285.4	1.553	1000
285.4	1.603	1000
285.4	1.653	1000
285.4	1.703	1000
285.4	1.753	1000
285.4	1.803	1000
285.4	1.853	1000
285.4	1.903	1000
285.4	1.953	1000
285.4	2.003	1000
285.4	2.053	1000
285.4	2.103	1000
285.4	2.153	1000
285.4	2.203	1000
285.4	2.253	1000
285.4	2.303	1001
285.4	2.353	1001
285.4	2.403	1001
285.4	2.453	1001
285.4	2.503	1001
285.4	2.554	1001
285.4	2.604	1001
285.4	2.654	1001
285.4	2.704	1001
285.4	2.754	1001
285.4	2.804	1001
285.4	2.854	1001
285.4	2.904	1001
285.4	2.954	1001
285.4	3.004	1001
285.4	3.054	1001
285.4	3.104	1001
285.4	3.154	1001
285.4	3.204	1001
285.4	3.254	1001
285.4	3.304	1001
285.4	3.354	1001
285.4	3.404	1001
285.4	3.454	1001
285.4	3.504	1001
285.4	3.554	1001
285.4	3.605	1001
285.4	3.655	1001
285.4	3.705	1001
285.4	3.755	1001
285.4	3.805	1001
285.4	3.855	1001
285.4	3.905	1001
285.4	3.955	1001
285.4	4.005	1001
285.4	4.055	1001
285.4	4.105	1001
285.4	4.155	1001
285.4	4.205	1001
285.4	4.255	1001
285.4	4.305	1001
285.4	4.355	1001
285.4	4.405	1002
285.4	4.455	1002
285.4	4.505	1002
285.4	4.555	1002
285.4	4.606	1002
285.4	4.656	1002
285.4	4.706	1002
285.4	4.756	1002
285.4	4.806	1002
285.4	4.856	1002
285.4	4.906	1002
285.4	4.956	1002
285.4	5.006	1002
285.4	5.056	1002
285.4	5.106	1002
285.4	5.156	1002
285.4	5.206	1002
285.4	5.256	1002
285.4	5.306	1002
285.4	5.356	1002
285.4	5.406	1002
285.4	5.456	1002
285.4	5.506	1002
285.4	5.556	1002
285.4	5.606	1002
285.4	5.657	1002
285.4	5.707	1002
285.4	5.757	1002
285.4	5.807	1002
285.4	5.857	1002
285.4	5.907	1002
285.4	5.957	1002
285.4	6.007	1002
285.4	6.057	1002
285.4	6.107	1002
285.4	6.157	1002
285.4	6.207	1002
285.4	6.257	1002
285.4	6.307	1002
285.4	6.357	1002
285.4	6.407	1002
285.4	6.457	1002
285.4	6.507	1002
285.4	6.557	1003
285.4	6.607	1003
285.4	6.658	1003
285.4	6.708	1003
285.4	6.758	1003
285.4	6.808	1003
285.4	6.858	1003
285.4	6.908	1003
285.4	6.958	1003
285.4	7.008	1003
285.4	7.058	1003
285.4	7.108	1003
285.4	7.158	1003
285.4	7.208	1003
285.4	7.258	1003
285.4	7.308	1003
285.4	7.358	1003
285.4	7.408	1003
285.4	7.458	1003
285.4	7.508	1003
285.4	7.558	1003
285.4	7.608	1003
285.4	7.659	1003
285.4	7.709	1003
285.4	7.759	1003
285.4	7.809	1003
285.4	7.859	1003
285.4	7.909	1003
285.4	7.959	1003
285.4	8.009	1003
285.4	8.059	1003
285.4	8.109	1003
285.4	8.159	1003
285.4	8.209	1003
285.4	8.259	1003
285.4	8.309	1003
285.4	8.359	1003
285.4	8.409	1003
285.4	8.459	1003
285.4	8.509	1003
285.4	8.559	1003
285.4	8.609	1003
285.4	8.659	1003
285.4	8.71	1004
285.4	8.76	1004
285.4	8.81	1004
285.4	8.86	1004
285.4	8.91	1004
285.4	8.96	1004
285.4	9.01	1004
285.4	9.06	1004
285.4	9.11	1004
285.4	9.16	1004
285.4	9.21	1004
285.4	9.26	1004
285.4	9.31	1004
285.4	9.36	1004
285.4	9.41	1004
285.4	9.46	1004
285.4	9.51	1004
285.4	9.56	1004
285.4	9.61	1004
285.4	9.66	1004
285.4	9.711	1004
285.4	9.761	1004
285.4	9.811	1004
285.4	9.861	1004
285.4	9.911	1004
285.4	9.961	1004
285.4	10.01	1004
285.4	10.06	1004
285.4	10.11	1004
285.4	10.16	1004
285.4	10.21	1004
285.4	10.26	1004
285.4	10.31	1004
285.4	10.36	1004
285.4	10.41	1004
285.4	10.46	1004
285.4	10.51	1004
285.4	10.56	1004
285.4	10.61	1004
285.4	10.66	1004
285.4	10.71	1004
285.4	10.76	1004
285.4	10.81	1004
285.4	10.86	1005
285.4	10.91	1005
285.4	10.96	1005
285.4	11.01	1005
285.4	11.06	1005
285.4	11.11	1005
285.4	11.16	1005
285.4	11.21	1005
285.4	11.26	1005
285.4	11.31	1005
285.4	11.36	1005
285.4	11.41	1005
285.4	11.46	1005
285.4	11.51	1005
285.4	11.56	1005
285.4	11.61	1005
285.4	11.66	1005
285.4	11.71	1005
285.4	11.76	1005
285.4	11.81	1005
285.4	11.86	1005
285.4	11.91	1005
285.4	11.96	1005
285.4	12.01	1005
285.4	12.06	1005
285.4	12.11	1005
285.4	12.16	1005
285.4	12.21	1005
285.4	12.26	1005
285.4	12.31	1005
285.4	12.36	1005
285.4	12.41	1005
285.4	12.46	1005
285.4	12.51	1005
285.4	12.56	1005
285.4	12.61	1005
285.4	12.66	1005
285.4	12.71	1005
285.4	12.76	1005
285.4	12.81	1005
285.4	12.86	1005
285.4	12.91	1005
285.4	12.96	1005
285.4	13.01	1005
285.4	13.06	1006
285.4	13.11	1006
285.4	13.16	1006
285.4	13.21	1006
285.4	13.26	1006
285.4	13.31	1006
285.4	13.36	1006
285.4	13.41	1006
285.4	13.46	1006
285.4	13.51	1006
285.4	13.56	1006
285.4	13.61	1006
285.4	13.66	1006
285.4	13.71	1006
285.4	13.76	1006
285.4	13.81	1006
285.4	13.86	1006
285.4	13.91	1006
285.4	13.96	1006
285.4	14.01	1006
285.4	14.06	1006
285.4	14.11	1006
285.4	14.16	1006
285.4	14.21	1006
285.4	14.26	1006
285.4	14.32	1006
285.4	14.37	1006
285.4	14.42	1006
285.4	14.47	1006
285.4	14.52	1006
285.4	14.57	1006
285.4	14.62	1006
285.4	14.67	1006
285.4	14.72	1006
285.4	14.77	1006
285.4	14.82	1006
285.4	14.87	1006
285.4	14.92	1006
285.4	14.97	1006
285.4	15.02	1006
285.4	15.07	1006
285.4	15.12	1006
285.4	15.17	1006
285.4	15.22	1007
285.4	15.27	1007
285.4	15.32	1007
285.4	15.37	1007
285.4	15.42	1007
285.4	15.47	1007
285.4	15.52	1007
285.4	15.57	1007
285.4	15.62	1007
285.4	15.67	1007
285.4	15.72	1007
285.4	15.77	1007
285.4	15.82	1007
285.4	15.87	1007
285.4	15.92	1007
285.4	15.97	1007
285.4	16.02	1007
285.4	16.07	1007
285.4	16.12	1007
285.4	16.17	1007
285.4	16.22	1007
285.4	16.27	1007
285.4	16.32	1007
285.4	16.37	1007
285.4	16.42	1007
285.4	16.47	1007
285.4	16.52	1007
285.4	16.57	1007
285.4	16.62	1007
285.4	16.67	1007
285.4	16.72	1007
285.4	16.77	1007
285.4	16.82	1007
285.4	16.87	1007
285.4	16.92	1007
285.4	16.97	1007
285.4	17.02	1007
285.4	17.07	1007
285.4	17.12	1007
285.4	17.17	1007
285.4	17.22	1007
285.4	17.27	1007
285.4	17.32	1007
285.4	17.37	1007
285.4	17.42	1008
285.4	17.47	1008
285.4	17.52	1008
285.4	17.57	1008
285.4	17.62	1008
285.4	17.67	1008
285.4	17.72	1008
285.4	17.77	1008
285.4	17.82	1008
285.4	17.87	1008
285.4	17.92	1008
285.4	17.97	1008
285.4	18.02	1008
285.4	18.07	1008
285.4	18.12	1008
285.4	18.17	1008
285.4	18.22	1008
285.4	18.27	1008
285.4	18.32	1008
285.4	18.37	1008
285.4	18.42	1008
285.4	18.47	1008
285.4	18.52	1008
285.4	18.57	1008
285.4	18.62	1008
285.4	18.67	1008
285.4	18.72	1008
285.4	18.77	1008
285.4	18.82	1008
285.4	18.87	1008
285.4	18.92	1008
285.4	18.97	1008
285.4	19.02	1008
285.4	19.07	1008
285.4	19.12	1008
285.4	19.17	1008
285.4	19.22	1008
285.4	19.27	1008
285.4	19.32	1008
285.4	19.37	1008
285.4	19.42	1008
285.4	19.47	1008
285.4	19.52	1008
285.4	19.57	1008
285.4	19.62	1009
285.4	19.67	1009
285.4	19.72	1009
285.4	19.77	1009
285.4	19.82	1009
285.4	19.87	1009
285.4	19.92	1009
285.4	19.97	1009
285.4	20.02	1009
285.4	20.07	1009
285.4	20.12	1009
285.4	20.17	1009
285.4	20.22	1009
285.4	20.27	1009
285.4	20.32	1009
285.4	20.37	1009
285.4	20.42	1009
285.4	20.47	1009
285.4	20.52	1009
285.4	20.57	1009
285.4	20.62	1009
285.4	20.67	1009
285.4	20.72	1009
285.4	20.77	1009
285.4	20.82	1009
285.4	20.87	1009
285.4	20.92	1009
285.4	20.97	1009
285.4	21.02	1009
285.4	21.07	1009
285.4	21.12	1009
285.4	21.17	1009
285.4	21.22	1009
285.4	21.27	1009
285.4	21.32	1009
285.4	21.37	1009
285.4	21.42	1009
285.4	21.47	1009
285.4	21.52	1009
285.4	21.57	1009
285.4	21.62	1009
285.4	21.67	1009
285.4	21.72	1009
285.4	21.77	1009
285.4	21.82	1010
285.4	21.87	1010
285.4	21.92	1010
285.4	21.97	1010
285.4	22.02	1010
285.4	22.07	1010
285.4	22.12	1010
285.4	22.17	1010
285.4	22.22	1010
285.4	22.27	1010
285.4	22.32	1010
285.4	22.37	1010
285.4	22.42	1010
285.4	22.47	1010
285.4	22.52	1010
285.4	22.57	1010
285.4	22.62	1010
285.4	22.67	1010
285.4	22.72	1010
285.4	22.77	1010
285.4	22.82	1010
285.4	22.87	1010
285.4	22.92	1010
285.4	22.97	1010
285.4	23.02	1010
285.4	23.07	1010
285.4	23.12	1010
285.4	23.17	1010
285.4	23.22	1010
285.4	23.27	1010
285.4	23.32	1010
285.4	23.37	1010
285.4	23.42	1010
285.4	23.47	1010
285.4	23.52	1010
285.4	23.57	1010
285.4	23.62	1010
285.4	23.67	1010
285.4	23.72	1010
285.4	23.77	1010
285.4	23.82	1010
285.4	23.87	1010
285.4	23.92	1010
285.4	23.97	1010
285.4	24.02	1011
285.4	24.07	1011
285.4	24.12	1011
285.4	24.17	1011
285.4	24.22	1011
285.4	24.27	1011
285.4	24.32	1011
285.4	24.37	1011
285.4	24.42	1011
285.4	24.47	1011
285.4	24.53	1011
285.4	24.58	1011
285.4	24.63	1011
285.4	24.68	1011
285.4	24.73	1011
285.4	24.78	1011
285.4	24.83	1011
285.4	24.88	1011
285.4	24.93	1011
285.4	24.98	1011
285.4	25.03	1011
285.4	25.08	1011
285.4	25.13	1011
285.4	25.18	1011
285.4	25.23	1011
285.4	25.28	1011
285.4	25.33	1011
285.4	25.38	1011
285.4	25.43	1011
285.4	25.48	1011
285.4	25.53	1011
285.4	25.58	1011
285.4	25.63	1011
285.4	25.68	1011
285.4	25.73	1011
285.4	25.78	1011
285.4	25.83	1011
285.4	25.88	1011
285.4	25.93	1011
285.4	25.98	1011
285.4	26.03	1011
285.4	26.08	1011
285.4	26.13	1011
285.4	26.18	1011
285.4	26.23	1011
285.4	26.28	1012
285.4	26.33	1012
285.4	26.38	1012
285.4	26.43	1012
285.4	26.48	1012
285.4	26.53	1012
285.4	26.58	1012
285.4	26.63	1012
285.4	26.68	1012
285.4	26.73	1012
285.4	26.78	1012
285.4	26.83	1012
285.4	26.88	1012
285.4	26.93	1012
285.4	26.98	1012
285.4	27.03	1012
285.4	27.08	1012
285.4	27.13	1012
285.4	27.18	1012
285.4	27.23	1012
285.4	27.28	1012
285.4	27.33	1012
285.4	27.38	1012
285.4	27.43	1012
285.4	27.48	1012
285.4	27.53	1012
285.4	27.58	1012
285.4	27.63	1012
285.4	27.68	1012
285.4	27.73	1012
285.4	27.78	1012
285.4	27.83	1012
285.4	27.88	1012
285.4	27.93	1012
285.4	27.98	1012
285.4	28.03	1012
285.4	28.08	1012
285.4	28.13	1012
285.4	28.18	1012
285.4	28.23	1012
285.4	28.28	1012
285.4	28.33	1012
285.4	28.38	1012
285.4	28.43	1012
285.4	28.48	1012
285.4	28.53	1013
285.4	28.58	1013
285.4	28.63	1013
285.4	28.68	1013
285.4	28.73	1013
285.4	28.78	1013
285.4	28.83	1013
285.4	28.88	1013
285.4	28.93	1013
285.4	28.98	1013
285.4	29.03	1013
285.4	29.08	1013
285.4	29.13	1013
285.4	29.18	1013
285.4	29.23	1013
285.4	29.28	1013
285.4	29.33	1013
285.4	29.38	1013
285.4	29.43	1013
285.4	29.48	1013
285.4	29.53	1013
285.4	29.58	1013
285.4	29.63	1013
285.4	29.68	1013
285.4	29.73	1013
285.4	29.78	1013
285.4	29.83	1013
285.4	29.88	1013
285.4	29.93	1013
285.4	29.98	1013
285.4	30.03	1013
285.4	30.08	1013
285.4	30.13	1013
285.4	30.18	1013
285.4	30.23	1013
285.4	30.28	1013
285.4	30.33	1013
285.4	30.38	1013
285.4	30.43	1013
285.4	30.48	1013
285.4	30.53	1013
285.4	30.58	1013
285.4	30.63	1013
285.4	30.68	1013
285.4	30.73	1013
285.4	30.78	1014
285.4	30.83	1014
285.4	30.88	1014
285.4	30.93	1014
285.4	30.98	1014
285.4	31.03	1014
285.4	31.08	1014
285.4	31.13	1014
285.4	31.18	1014
285.4	31.23	1014
285.4	31.28	1014
285.4	31.33	1014
285.4	31.38	1014
285.4	31.43	1014
285.4	31.48	1014
285.4	31.53	1014
285.4	31.58	1014
285.4	31.63	1014
285.4	31.68	1014
285.4	31.73	1014
285.4	31.78	1014
285.4	31.83	1014
285.4	31.88	1014
285.4	31.93	1014
285.4	31.98	1014
285.4	32.03	1014
285.4	32.08	1014
285.4	32.13	1014
285.4	32.18	1014
285.4	32.23	1014
285.4	32.28	1014
285.4	32.33	1014
285.4	32.38	1014
285.4	32.43	1014
285.4	32.48	1014
285.4	32.53	1014
285.4	32.58	1014
285.4	32.63	1014
285.4	32.68	1014
285.4	32.73	1014
285.4	32.78	1014
285.4	32.83	1014
285.4	32.88	1014
285.4	32.93	1014
285.4	32.98	1014
285.4	33.03	1015
285.4	33.08	1015
285.4	33.13	1015
285.4	33.18	1015
285.4	33.23	1015
285.4	33.28	1015
285.4	33.33	1015
285.4	33.38	1015
285.4	33.43	1015
285.4	33.48	1015
285.4	33.53	1015
285.4	33.58	1015
285.4	33.63	1015
285.4	33.68	1015
285.4	33.73	1015
285.4	33.78	1015
285.4	33.83	1015
285.4	33.88	1015
285.4	33.93	1015
285.4	33.98	1015
285.4	34.03	1015
285.4	34.08	1015
285.4	34.13	1015
285.4	34.18	1015
285.4	34.23	1015
285.4	34.28	1015
285.4	34.33	1015
285.4	34.38	1015
285.4	34.43	1015
285.4	34.48	1015
285.4	34.53	1015
285.4	34.58	1015
285.4	34.63	1015
285.4	34.68	1015
285.4	34.74	1015
285.4	34.79	1015
285.4	34.84	1015
285.4	34.89	1015
285.4	34.94	1015
285.4	34.99	1015
285.4	35.04	1015
285.4	35.09	1015
285.4	35.14	1015
285.4	35.19	1015
285.4	35.24	1015
285.4	35.29	1016
285.4	35.34	1016
285.4	35.39	1016
285.4	35.44	1016
285.4	35.49	1016
285.4	35.54	1016
285.4	35.59	1016
285.4	35.64	1016
285.4	35.69	1016
285.4	35.74	1016
285.4	35.79	1016
285.4	35.84	1016
285.4	35.89	1016
285.4	35.94	1016
285.4	35.99	1016
285.4	36.04	1016
285.4	36.09	1016
285.4	36.14	1016
285.4	36.19	1016
285.4	36.24	1016
285.4	36.29	1016
285.4	36.34	1016
285.4	36.39	1016
285.4	36.44	1016
285.4	36.49	1016
285.4	36.54	1016
285.4	36.59	1016
285.4	36.64	1016
285.4	36.69	1016
285.4	36.74	1016
285.4	36.79	1016
285.4	36.84	1016
285.4	36.89	1016
285.4	36.94	1016
285.4	36.99	1016
285.4	37.04	1016
285.4	37.09	1016
285.4	37.14	1016
285.4	37.19	1016
285.4	37.24	1016
285.4	37.29	1016
285.4	37.34	1016
285.4	37.39	1016
285.4	37.44	1016
285.4	37.49	1016
285.4	37.54	1016
285.4	37.59	1017
285.4	37.64	1017
285.4	37.69	1017
285.4	37.74	1017
285.4	37.79	1017
285.4	37.84	1017
285.4	37.89	1017
285.4	37.94	1017
285.4	37.99	1017
285.4	38.04	1017
285.4	38.09	1017
285.4	38.14	1017
285.4	38.19	1017
285.4	38.24	1017
285.4	38.29	1017
285.4	38.34	1017
285.4	38.39	1017
285.4	38.44	1017
285.4	38.49	1017
285.4	38.54	1017
285.4	38.59	1017
285.4	38.64	1017
285.4	38.69	1017
285.4	38.74	1017
285.4	38.79	1017
285.4	38.84	1017
285.4	38.89	1017
285.4	38.94	1017
285.4	38.99	1017
285.4	39.04	1017
285.4	39.09	1017
285.4	39.14	1017
285.4	39.19	1017
285.4	39.24	1017
285.4	39.29	1017
285.4	39.34	1017
285.4	39.39	1017
285.4	39.44	1017
285.4	39.49	1017
285.4	39.54	1017
285.4	39.59	1017
285.4	39.64	1017
285.4	39.69	1017
285.4	39.74	1017
285.4	39.79	1017
285.4	39.84	1017
285.4	39.89	1018
285.4	39.94	1018
285.4	39.99	1018
285.4	40.04	1018
285.4	40.09	1018
285.4	40.14	1018
285.4	40.19	1018
285.4	40.24	1018
285.4	40.29	1018
285.4	40.34	1018
285.4	40.39	1018
285.4	40.44	1018
285.4	40.49	1018
285.4	40.54	1018
285.4	40.59	1018
285.4	40.64	1018
285.4	40.69	1018
285.4	40.74	1018
285.4	40.79	1018
285.4	40.84	1018
285.4	40.89	1018
285.4	40.94	1018
285.4	40.99	1018
285.4	41.04	1018
285.4	41.09	1018
285.4	41.14	1018
285.4	41.19	1018
285.4	41.24	1018
285.4	41.29	1018
285.4	41.34	1018
285.4	41.39	1018
285.4	41.44	1018
285.4	41.49	1018
285.4	41.54	1018
285.4	41.59	1018
285.4	41.64	1018
285.4	41.69	1018
285.4	41.74	1018
285.4	41.79	1018
285.4	41.84	1018
285.4	41.89	1018
285.4	41.94	1018
285.4	41.99	1018
285.4	42.04	1018
285.4	42.09	1018
285.4	42.14	1018
285.4	42.19	1019
285.4	42.24	1019
285.4	42.29	1019
285.4	42.34	1019
285.4	42.39	1019
285.4	42.44	1019
285.4	42.49	1019
285.4	42.54	1019
285.4	42.59	1019
285.4	42.64	1019
285.4	42.69	1019
285.4	42.74	1019
285.4	42.79	1019
285.4	42.84	1019
285.4	42.89	1019
285.4	42.94	1019
285.4	42.99	1019
285.4	43.04	1019
285.4	43.09	1019
285.4	43.14	1019
285.4	43.19	1019
285.4	43.24	1019
285.4	43.29	1019
285.4	43.34	1019
285.4	43.39	1019
285.4	43.44	1019
285.4	43.49	1019
285.4	43.54	1019
285.4	43.59	1019
285.4	43.64	1019
285.4	43.69	1019
285.4	43.74	1019
285.4	43.79	1019
285.4	43.84	1019
285.4	43.89	1019
285.4	43.94	1019
285.4	43.99	1019
285.4	44.04	1019
285.4	44.09	1019
285.4	44.14	1019
285.4	44.19	1019
285.4	44.24	1019
285.4	44.29	1019
285.4	44.34	1019
285.4	44.39	1019
285.4	44.44	1019
285.4	44.49	1020
285.4	44.54	1020
285.4	44.59	1020
285.4	44.64	1020
285.4	44.69	1020
285.4	44.74	1020
285.4	44.79	1020
285.4	44.84	1020
285.4	44.89	1020
285.4	44.95	1020
285.4	45	1020
285.4	45.05	1020
285.4	45.1	1020
285.4	45.15	1020
285.4	45.2	1020
285.4	45.25	1020
285.4	45.3	1020
285.4	45.35	1020
285.4	45.4	1020
285.4	45.45	1020
285.4	45.5	1020
285.4	45.55	1020
285.4	45.6	1020
285.4	45.65	1020
285.4	45.7	1020
285.4	45.75	1020
285.4	45.8	1020
285.4	45.85	1020
285.4	45.9	1020
285.4	45.95	1020
285.4	46	1020
285.4	46.05	1020
285.4	46.1	1020
285.4	46.15	1020
285.4	46.2	1020
285.4	46.25	1020
285.4	46.3	1020
285.4	46.35	1020
285.4	46.4	1020
285.4	46.45	1020
285.4	46.5	1020
285.4	46.55	1020
285.4	46.6	1020
285.4	46.65	1020
285.4	46.7	1020
285.4	46.75	1020
285.4	46.8	1020
285.4	46.85	1021
285.4	46.9	1021
285.4	46.95	1021
285.4	47	1021
285.4	47.05	1021
285.4	47.1	1021
285.4	47.15	1021
285.4	47.2	1021
285.4	47.25	1021
285.4	47.3	1021
285.4	47.35	1021
285.4	47.4	1021
285.4	47.45	1021
285.4	47.5	1021
285.4	47.55	1021
285.4	47.6	1021
285.4	47.65	1021
285.4	47.7	1021
285.4	47.75	1021
285.4	47.8	1021
285.4	47.85	1021
285.4	47.9	1021
285.4	47.95	1021
285.4	48	1021
285.4	48.05	1021
285.4	48.1	1021
285.4	48.15	1021
285.4	48.2	1021
285.4	48.25	1021
285.4	48.3	1021
285.4	48.35	1021
285.4	48.4	1021
285.4	48.45	1021
285.4	48.5	1021
285.4	48.55	1021
285.4	48.6	1021
285.4	48.65	1021
285.4	48.7	1021
285.4	48.75	1021
285.4	48.8	1021
285.4	48.85	1021
285.4	48.9	1021
285.4	48.95	1021
285.4	49	1021
285.4	49.05	1021
285.4	49.1	1021
285.4	49.15	1022
285.4	49.2	1022
285.4	49.25	1022
285.4	49.3	1022
285.4	49.35	1022
285.4	49.4	1022
285.4	49.45	1022
285.4	49.5	1022
285.4	49.55	1022
285.4	49.6	1022
285.4	49.65	1022
285.4	49.7	1022
285.4	49.75	1022
285.4	49.8	1022
285.4	49.85	1022
285.4	49.9	1022
285.4	49.95	1022
285.4	50	1022
303	0.001	0.007154
303	0.05105	995.7
303	0.1011	995.7
303	0.1511	995.7
303	0.2012	995.7
303	0.2512	995.8
303	0.3013	995.8
303	0.3513	995.8
303	0.4014	995.8
303	0.4514	995.8
303	0.5015	995.9
303	0.5515	995.9
303	0.6016	995.9
303	0.6516	995.9
303	0.7017	996
303	0.7517	996
303	0.8018	996
303	0.8518	996
303	0.9019	996
303	0.9519	996.1
303	1.002	996.1
303	1.052	996.1
303	1.102	996.1
303	1.152	996.2
303	1.202	996.2
303	1.252	996.2
303	1.302	996.2
303	1.352	996.2
303	1.402	996.3
303	1.452	996.3
303	1.502	996.3
303	1.553	996.3
303	1.603	996.4
303	1.653	996.4
303	1.703	996.4
303	1.753	996.4
303	1.803	996.4
303	1.853	996.5
303	1.903	996.5
303	1.953	996.5
303	2.003	996.5
303	2.053	996.6
303	2.103	996.6
303	2.153	996.6
303	2.203	996.6
303	2.253	996.6
303	2.303	996.7
303	2.353	996.7
303	2.403	996.7
303	2.453	996.7
303	2.503	996.8
303	2.554	996.8
303	2.604	996.8
303	2.654	996.8
303	2.704	996.8
303	2.754	996.9
303	2.804	996.9
303	2.854	996.9
303	2.904	996.9
303	2.954	997
303	3.004	997
303	3.054	997
303	3.104	997
303	3.154	997
303	3.204	997.1
303	3.254	997.1
303	3.304	997.1
303	3.354	997.1
303	3.404	997.2
303	3.454	997.2
303	3.504	997.2
303	3.554	997.2
303	3.605	997.2
303	3.655	997.3
303	3.705	997.3
303	3.755	997.3
303	3.805	997.3
303	3.855	997.4
303	3.905	997.4
303	3.955	997.4
303	4.005	997.4
303	4.055	997.4
303	4.105	997.5
303	4.155	997.5
303	4.205	997.5
303	4.255	997.5
303	4.305	997.6
303	4.355	997.6
303	4.405	997.6
303	4.455	997.6
303	4.505	997.6
303	4.555	997.7
303	4.606	997.7
303	4.656	997.7
303	4.706	997.7
303	4.756	997.8
303	4.806	997.8
303	4.856	997.8
303	4.906	997.8
303	4.956	997.8
303	5.006	997.9
303	5.056	997.9
303	5.106	997.9
303	5.156	997.9
303	5.206	997.9
303	5.256	998
303	5.306	998
303	5.356	998
303	5.406	998
303	5.456	998.1
303	5.506	998.1
303	5.556	998.1
303	5.606	998.1
303	5.657	998.1
303	5.707	998.2
303	5.757	998.2
303	5.807	998.2
303	5.857	998.2
303	5.907	998.3
303	5.957	998.3
303	6.007	998.3
303	6.057	998.3
303	6.107	998.3
303	6.157	998.4
303	6.207	998.4
303	6.257	998.4
303	6.307	998.4
303	6.357	998.5
303	6.407	998.5
303	6.457	998.5
303	6.507	998.5
303	6.557	998.5
303	6.607	998.6
303	6.658	998.6
303	6.708	998.6
303	6.758	998.6
303	6.808	998.7
303	6.858	998.7
303	6.908	998.7
303	6.958	998.7
303	7.008	998.7
303	7.058	998.8
303	7.108	998.8
303	7.158	998.8
303	7.208	998.8
303	7.258	998.9
303	7.308	998.9
303	7.358	998.9
303	7.408	998.9
303	7.458	998.9
303	7.508	999
303	7.558	999
303	7.608	999
303	7.659	999
303	7.709	999.1
303	7.759	999.1
303	7.809	999.1
303	7.859	999.1
303	7.909	999.1
303	7.959	999.2
303	8.009	999.2
303	8.059	999.2
303	8.109	999.2
303	8.159	999.2
303	8.209	999.3
303	8.259	999.3
303	8.309	999.3
303	8.359	999.3
303	8.409	999.4
303	8.459	999.4
303	8.509	999.4
303	8.559	999.4
303	8.609	999.4
303	8.659	999.5
303	8.71	999.5
303	8.76	999.5
303	8.81	999.5
303	8.86	999.6
303	8.91	999.6
303	8.96	999.6
303	9.01	999.6
303	9.06	999.6
303	9.11	999.7
303	9.16	999.7
303	9.21	999.7
303	9.26	999.7
303	9.31	1000
303	9.36	1000
303	9.41	1000
303	9.46	1000
303	9.51	1000
303	9.56	1000
303	9.61	1000
303	9.66	1000
303	9.711	1000
303	9.761	1000
303	9.811	1000
303	9.861	1000
303	9.911	1000
303	9.961	1000
303	10.01	1000
303	10.06	1000
303	10.11	1000
303	10.16	1000
303	10.21	1000
303	10.26	1000
303	10.31	1000
303	10.36	1000
303	10.41	1000
303	10.46	1000
303	10.51	1000
303	10.56	1000
303	10.61	1000
303	10.66	1000
303	10.71	1000
303	10.76	1000
303	10.81	1000
303	10.86	1000
303	10.91	1000
303	10.96	1000
303	11.01	1000
303	11.06	1001
303	11.11	1001
303	11.16	1001
303	11.21	1001
303	11.26	1001
303	11.31	1001
303	11.36	1001
303	11.41	1001
303	11.46	1001
303	11.51	1001
303	11.56	1001
303	11.61	1001
303	11.66	1001
303	11.71	1001
303	11.76	1001
303	11.81	1001
303	11.86	1001
303	11.91	1001
303	11.96	1001
303	12.01	1001
303	12.06	1001
303	12.11	1001
303	12.16	1001
303	12.21	1001
303	12.26	1001
303	12.31	1001
303	12.36	1001
303	12.41	1001
303	12.46	1001
303	12.51	1001
303	12.56	1001
303	12.61	1001
303	12.66	1001
303	12.71	1001
303	12.76	1001
303	12.81	1001
303	12.86	1001
303	12.91	1001
303	12.96	1001
303	13.01	1001
303	13.06	1001
303	13.11	1001
303	13.16	1001
303	13.21	1001
303	13.26	1001
303	13.31	1001
303	13.36	1002
303	13.41	1002
303	13.46	1002
303	13.51	1002
303	13.56	1002
303	13.61	1002
303	13.66	1002
303	13.71	1002
303	13.76	1002
303	13.81	1002
303	13.86	1002
303	13.91	1002
303	13.96	1002
303	14.01	1002
303	14.06	1002
303	14.11	1002
303	14.16	1002
303	14.21	1002
303	14.26	1002
303	14.32	1002
303	14.37	1002
303	14.42	1002
303	14.47	1002
303	14.52	1002
303	14.57	1002
303	14.62	1002
303	14.67	1002
303	14.72	1002
303	14.77	1002
303	14.82	1002
303	14.87	1002
303	14.92	1002
303	14.97	1002
303	15.02	1002
303	15.07	1002
303	15.12	1002
303	15.17	1002
303	15.22	1002
303	15.27	1002
303	15.32	1002
303	15.37	1002
303	15.42	1002
303	15.47	1002
303	15.52	1002
303	15.57	1002
303	15.62	1002
303	15.67	1003
303	15.72	1003
303	15.77	1003
303	15.82	1003
303	15.87	1003
303	15.92	1003
303	15.97	1003
303	16.02	1003
303	16.07	1003
303	16.12	1003
303	16.17	1003
303	16.22	1003
303	16.27	1003
303	16.32	1003
303	16.37	1003
303	16.42	1003
303	16.47	1003
303	16.52	1003
303	16.57	1003
303	16.62	1003
303	16.67	1003
303	16.72	1003
303	16.77	1003
303	16.82	1003
303	16.87	1003
303	16.92	1003
303	16.97	1003
303	17.02	1003
303	17.07	1003
303	17.12	1003
303	17.17	1003
303	17.22	1003
303	17.27	1003
303	17.32	1003
303	17.37	1003
303	17.42	1003
303	17.47	1003
303	17.52	1003
303	17.57	1003
303	17.62	1003
303	17.67	1003
303	17.72	1003
303	17.77	1003
303	17.82	1003
303	17.87	1003
303	17.92	1003
303	17.97	1004
303	18.02	1004
303	18.07	1004
303	18.12	1004
303	18.17	1004
303	18.22	1004
303	18.27	1004
303	18.32	1004
303	18.37	1004
303	18.42	1004
303	18.47	1004
303	18.52	1004
303	18.57	1004
303	18.62	1004
303	18.67	1004
303	18.72	1004
303	18.77	1004
303	18.82	1004
303	18.87	1004
303	18.92	1004
303	18.97	1004
303	19.02	1004
303	19.07	1004
303	19.12	1004
303	19.17	1004
303	19.22	1004
303	19.27	1004
303	19.32	1004
303	19.37	1004
303	19.42	1004
303	19.47	1004
303	19.52	1004
303	19.57	1004
303	19.62	1004
303	19.67	1004
303	19.72	1004
303	19.77	1004
303	19.82	1004
303	19.87	1004
303	19.92	1004
303	19.97	1004
303	20.02	1004
303	20.07	1004
303	20.12	1004
303	20.17	1004
303	20.22	1004
303	20.27	1004
303	20.32	1005
303	20.37	1005
303	20.42	1005
303	20.47	1005
303	20.52	1005
303	20.57	1005
303	20.62	1005
303	20.67	1005
303	20.72	1005
303	20.77	1005
303	20.82	1005
303	20.87	1005
303	20.92	1005
303	20.97	1005
303	21.02	1005
303	21.07	1005
303	21.12	1005
303	21.17	1005
303	21.22	1005
303	21.27	1005
303	21.32	1005
303	21.37	1005
303	21.42	1005
303	21.47	1005
303	21.52	1005
303	21.57	1005
303	21.62	1005
303	21.67	1005
303	21.72	1005
303	21.77	1005
303	21.82	1005
303	21.87	1005
303	21.92	1005
303	21.97	1005
303	22.02	1005
303	22.07	1005
303	22.12	1005
303	22.17	1005
303	22.22	1005
303	22.27	1005
303	22.32	1005
303	22.37	1005
303	22.42	1005
303	22.47	1005
303	22.52	1005
303	22.57	1005
303	22.62	1005
303	22.67	1006
303	22.72	1006
303	22.77	1006
303	22.82	1006
303	22.87	1006
303	22.92	1006
303	22.97	1006
303	23.02	1006
303	23.07	1006
303	23.12	1006
303	23.17	1006
303	23.22	1006
303	23.27	1006
303	23.32	1006
303	23.37	1006
303	23.42	1006
303	23.47	1006
303	23.52	1006
303	23.57	1006
303	23.62	1006
303	23.67	1006
303	23.72	1006
303	23.77	1006
303	23.82	1006
303	23.87	1006
303	23.92	1006
303	23.97	1006
303	24.02	1006
303	24.07	1006
303	24.12	1006
303	24.17	1006
303	24.22	1006
303	24.27	1006
303	24.32	1006
303	24.37	1006
303	24.42	1006
303	24.47	1006
303	24.53	1006
303	24.58	1006
303	24.63	1006
303	24.68	1006
303	24.73	1006
303	24.78	1006
303	24.83	1006
303	24.88	1006
303	24.93	1006
303	24.98	1006
303	25.03	1007
303	25.08	1007
303	25.13	1007
303	25.18	1007
303	25.23	1007
303	25.28	1007
303	25.33	1007
303	25.38	1007
303	25.43	1007
303	25.48	1007
303	25.53	1007
303	25.58	1007
303	25.63	1007
303	25.68	1007
303	25.73	1007
303	25.78	1007
303	25.83	1007
303	25.88	1007
303	25.93	1007
303	25.98	1007
303	26.03	1007
303	26.08	1007
303	26.13	1007
303	26.18	1007
303	26.23	1007
303	26.28	1007
303	26.33	1007
303	26.38	1007
303	26.43	1007
303	26.48	1007
303	26.53	1007
303	26.58	1007
303	26.63	1007
303	26.68	1007
303	26.73	1007
303	26.78	1007
303	26.83	1007
303	26.88	1007
303	26.93	1007
303	26.98	1007
303	27.03	1007
303	27.08	1007
303	27.13	1007
303	27.18	1007
303	27.23	1007
303	27.28	1007
303	27.33	1007
303	27.38	1008
303	27.43	1008
303	27.48	1008
303	27.53	1008
303	27.58	1008
303	27.63	1008
303	27.68	1008
303	27.73	1008
303	27.78	1008
303	27.83	1008
303	27.88	1008
303	27.93	1008
303	27.98	1008
303	28.03	1008
303	28.08	1008
303	28.13	1008
303	28.18	1008
303	28.23	1008
303	28.28	1008
303	28.33	1008
303	28.38	1008
303	28.43	1008
303	28.48	1008
303	28.53	1008
303	28.58	1008
303	28.63	1008
303	28.68	1008
303	28.73	1008
303	28.78	1008
303	28.83	1008
303	28.88	1008
303	28.93	1008
303	28.98	1008
303	29.03	1008
303	29.08	1008
303	29.13	1008
303	29.18	1008
303	29.23	1008
303	29.28	1008
303	29.33	1008
303	29.38	1008
303	29.43	1008
303	29.48	1008
303	29.53	1008
303	29.58	1008
303	29.63	1008
303	29.68	1008
303	29.73	1008
303	29.78	1009
303	29.83	1009
303	29.88	1009
303	29.93	1009
303	29.98	1009
303	30.03	1009
303	30.08	1009
303	30.13	1009
303	30.18	1009
303	30.23	1009
303	30.28	1009
303	30.33	1009
303	30.38	1009
303	30.43	1009
303	30.48	1009
303	30.53	1009
303	30.58	1009
303	30.63	1009
303	30.68	1009
303	30.73	1009
303	30.78	1009
303	30.83	1009
303	30.88	1009
303	30.93	1009
303	30.98	1009
303	31.03	1009
303	31.08	1009
303	31.13	1009
303	31.18	1009
303	31.23	1009
303	31.28	1009
303	31.33	1009
303	31.38	1009
303	31.43	1009
303	31.48	1009
303	31.53	1009
303	31.58	1009
303	31.63	1009
303	31.68	1009
303	31.73	1009
303	31.78	1009
303	31.83	1009
303	31.88	1009
303	31.93	1009
303	31.98	1009
303	32.03	1009
303	32.08	1009
303	32.13	1010
303	32.18	1010
303	32.23	1010
303	32.28	1010
303	32.33	1010
303	32.38	1010
303	32.43	1010
303	32.48	1010
303	32.53	1010
303	32.58	1010
303	32.63	1010
303	32.68	1010
303	32.73	1010
303	32.78	1010
303	32.83	1010
303	32.88	1010
303	32.93	1010
303	32.98	1010
303	33.03	1010
303	33.08	1010
303	33.13	1010
303	33.18	1010
303	33.23	1010
303	33.28	1010
303	33.33	1010
303	33.38	1010
303	33.43	1010
303	33.48	1010
303	33.53	1010
303	33.58	1010
303	33.63	1010
303	33.68	1010
303	33.73	1010
303	33.78	1010
303	33.83	1010
303	33.88	1010
303	33.93	1010
303	33.98	1010
303	34.03	1010
303	34.08	1010
303	34.13	1010
303	34.18	1010
303	34.23	1010
303	34.28	1010
303	34.33	1010
303	34.38	1010
303	34.43	1010
303	34.48	1010
303	34.53	1011
303	34.58	1011
303	34.63	1011
303	34.68	1011
303	34.74	1011
303	34.79	1011
303	34.84	1011
303	34.89	1011
303	34.94	1011
303	34.99	1011
303	35.04	1011
303	35.09	1011
303	35.14	1011
303	35.19	1011
303	35.24	1011
303	35.29	1011
303	35.34	1011
303	35.39	1011
303	35.44	1011
303	35.49	1011
303	35.54	1011
303	35.59	1011
303	35.64	1011
303	35.69	1011
303	35.74	1011
303	35.79	1011
303	35.84	1011
303	35.89	1011
303	35.94	1011
303	35.99	1011
303	36.04	1011
303	36.09	1011
303	36.14	1011
303	36.19	1011
303	36.24	1011
303	36.29	1011
303	36.34	1011
303	36.39	1011
303	36.44	1011
303	36.49	1011
303	36.54	1011
303	36.59	1011
303	36.64	1011
303	36.69	1011
303	36.74	1011
303	36.79	1011
303	36.84	1011
303	36.89	1011
303	36.94	1011
303	36.99	1012
303	37.04	1012
303	37.09	1012
303	37.14	1012
303	37.19	1012
303	37.24	1012
303	37.29	1012
303	37.34	1012
303	37.39	1012
303	37.44	1012
303	37.49	1012
303	37.54	1012
303	37.59	1012
303	37.64	1012
303	37.69	1012
303	37.74	1012
303	37.79	1012
303	37.84	1012
303	37.89	1012
303	37.94	1012
303	37.99	1012
303	38.04	1012
303	38.09	1012
303	38.14	1012
303	38.19	1012
303	38.24	1012
303	38.29	1012
303	38.34	1012
303	38.39	1012
303	38.44	1012
303	38.49	1012
303	38.54	1012
303	38.59	1012
303	38.64	1012
303	38.69	1012
303	38.74	1012
303	38.79	1012
303	38.84	1012
303	38.89	1012
303	38.94	1012
303	38.99	1012
303	39.04	1012
303	39.09	1012
303	39.14	1012
303	39.19	1012
303	39.24	1012
303	39.29	1012
303	39.34	1012
303	39.39	1013
303	39.44	1013
303	39.49	1013
303	39.54	1013
303	39.59	1013
303	39.64	1013
303	39.69	1013
303	39.74	1013
303	39.79	1013
303	39.84	1013
303	39.89	1013
303	39.94	1013
303	39.99	1013
303	40.04	1013
303	40.09	1013
303	40.14	1013
303	40.19	1013
303	40.24	1013
303	40.29	1013
303	40.34	1013
303	40.39	1013
303	40.44	1013
303	40.49	1013
303	40.54	1013
303	40.59	1013
303	40.64	1013
303	40.69	1013
303	40.74	1013
303	40.79	1013
303	40.84	1013
303	40.89	1013
303	40.94	1013
303	40.99	1013
303	41.04	1013
303	41.09	1013
303	41.14	1013
303	41.19	1013
303	41.24	1013
303	41.29	1013
303	41.34	1013
303	41.39	1013
303	41.44	1013
303	41.49	1013
303	41.54	1013
303	41.59	1013
303	41.64	1013
303	41.69	1013
303	41.74	1013
303	41.79	1013
303	41.84	1014
303	41.89	1014
303	41.94	1014
303	41.99	1014
303	42.04	1014
303	42.09	1014
303	42.14	1014
303	42.19	1014
303	42.24	1014
303	42.29	1014
303	42.34	1014
303	42.39	1014
303	42.44	1014
303	42.49	1014
303	42.54	1014
303	42.59	1014
303	42.64	1014
303	42.69	1014
303	42.74	1014
303	42.79	1014
303	42.84	1014
303	42.89	1014
303	42.94	1014
303	42.99	1014
303	43.04	1014
303	43.09	1014
303	43.14	1014
303	43.19	1014
303	43.24	1014
303	43.29	1014
303	43.34	1014
303	43.39	1014
303	43.44	1014
303	43.49	1014
303	43.54	1014
303	43.59	1014
303	43.64	1014
303	43.69	1014
303	43.74	1014
303	43.79	1014
303	43.84	1014
303	43.89	1014
303	43.94	1014
303	43.99	1014
303	44.04	1014
303	44.09	1014
303	44.14	1014
303	44.19	1014
303	44.24	1014
303	44.29	1015
303	44.34	1015
303	44.39	1015
303	44.44	1015
303	44.49	1015
303	44.54	1015
303	44.59	1015
303	44.64	1015
303	44.69	1015
303	44.74	1015
303	44.79	1015
303	44.84	1015
303	44.89	1015
303	44.95	1015
303	45	1015
303	45.05	1015
303	45.1	1015
303	45.15	1015
303	45.2	1015
303	45.25	1015
303	45.3	1015
303	45.35	1015
303	45.4	1015
303	45.45	1015
303	45.5	1015
303	45.55	1015
303	45.6	1015
303	45.65	1015
303	45.7	1015
303	45.75	1015
303	45.8	1015
303	45.85	1015
303	45.9	1015
303	45.95	1015
303	46	1015
303	46.05	1015
303	46.1	1015
303	46.15	1015
303	46.2	1015
303	46.25	1015
303	46.3	1015
303	46.35	1015
303	46.4	1015
303	46.45	1015
303	46.5	1015
303	46.55	1015
303	46.6	1015
303	46.65	1015
303	46.7	1015
303	46.75	1016
303	46.8	1016
303	46.85	1016
303	46.9	1016
303	46.95	1016
303	47	1016
303	47.05	1016
303	47.1	1016
303	47.15	1016
303	47.2	1016
303	47.25	1016
303	47.3	1016
303	47.35	1016
303	47.4	1016
303	47.45	1016
303	47.5	1016
303	47.55	1016
303	47.6	1016
303	47.65	1016
303	47.7	1016
303	47.75	1016
303	47.8	1016
303	47.85	1016
303	47.9	1016
303	47.95	1016
303	48	1016
303	48.05	1016
303	48.1	1016
303	48.15	1016
303	48.2	1016
303	48.25	1016
303	48.3	1016
303	48.35	1016
303	48.4	1016
303	48.45	1016
303	48.5	1016
303	48.55	1016
303	48.6	1016
303	48.65	1016
303	48.7	1016
303	48.75	1016
303	48.8	1016
303	48.85	1016
303	48.9	1016
303	48.95	1016
303	49	1016
303	49.05	1016
303	49.1	1016
303	49.15	1016
303	49.2	1017
303	49.25	1017
303	49.3	1017
303	49.35	1017
303	49.4	1017
303	49.45	1017
303	49.5	1017
303	49.55	1017
303	49.6	1017
303	49.65	1017
303	49.7	1017
303	49.75	1017
303	49.8	1017
303	49.85	1017
303	49.9	1017
303	49.95	1017
303	50	1017
320.7	0.001	0.006758
320.7	0.05105	989.1
320.7	0.1011	989.1
320.7	0.1511	989.1
320.7	0.2012	989.2
320.7	0.2512	989.2
320.7	0.3013	989.2
320.7	0.3513	989.2
320.7	0.4014	989.3
320.7	0.4514	989.3
320.7	0.5015	989.3
320.7	0.5515	989.3
320.7	0.6016	989.3
320.7	0.6516	989.4
320.7	0.7017	989.4
320.7	0.7517	989.4
320.7	0.8018	989.4
320.7	0.8518	989.4
320.7	0.9019	989.5
320.7	0.9519	989.5
320.7	1.002	989.5
320.7	1.052	989.5
320.7	1.102	989.6
320.7	1.152	989.6
320.7	1.202	989.6
320.7	1.252	989.6
320.7	1.302	989.6
320.7	1.352	989.7
320.7	1.402	989.7
320.7	1.452	989.7
320.7	1.502	989.7
320.7	1.553	989.8
320.7	1.603	989.8
320.7	1.653	989.8
320.7	1.703	989.8
320.7	1.753	989.8
320.7	1.803	989.9
320.7	1.853	989.9
320.7	1.903	989.9
320.7	1.953	989.9
320.7	2.003	989.9
320.7	2.053	990
320.7	2.103	990
320.7	2.153	990
320.7	2.203	990
320.7	2.253	990.1
320.7	2.303	990.1
320.7	2.353	990.1
320.7	2.403	990.1
320.7	2.453	990.1
320.7	2.503	990.2
320.7	2.554	990.2
320.7	2.604	990.2
320.7	2.654	990.2
320.7	2.704	990.3
320.7	2.754	990.3
320.7	2.804	990.3
320.7	2.854	990.3
320.7	2.904	990.3
320.7	2.954	990.4
320.7	3.004	990.4
320.7	3.054	990.4
320.7	3.104	990.4
320.7	3.154	990.4
320.7	3.204	990.5
320.7	3.254	990.5
320.7	3.304	990.5
320.7	3.354	990.5
320.7	3.404	990.6
320.7	3.454	990.6
320.7	3.504	990.6
320.7	3.554	990.6
320.7	3.605	990.6
320.7	3.655	990.7
320.7	3.705	990.7
320.7	3.755	990.7
320.7	3.805	990.7
320.7	3.855	990.8
320.7	3.905	990.8
320.7	3.955	990.8
320.7	4.005	990.8
320.7	4.055	990.8
320.7	4.105	990.9
320.7	4.155	990.9
320.7	4.205	990.9
320.7	4.255	990.9
320.7	4.305	990.9
320.7	4.355	991
320.7	4.405	991
320.7	4.455	991
320.7	4.505	991
320.7	4.555	991.1
320.7	4.606	991.1
320.7	4.656	991.1
320.7	4.706	991.1
320.7	4.756	991.1
320.7	4.806	991.2
320.7	4.856	991.2
320.7	4.906	991.2
320.7	4.956	991.2
320.7	5.006	991.3
320.7	5.056	991.3
320.7	5.106	991.3
320.7	5.156	991.3
320.7	5.206	991.3
320.7	5.256	991.4
320.7	5.306	991.4
320.7	5.356	991.4
320.7	5.406	991.4
320.7	5.456	991.4
320.7	5.506	991.5
320.7	5.556	991.5
320.7	5.606	991.5
320.7	5.657	991.5
320.7	5.707	991.6
320.7	5.757	991.6
320.7	5.807	991.6
320.7	5.857	991.6
320.7	5.907	991.6
320.7	5.957	991.7
320.7	6.007	991.7
320.7	6.057	991.7
320.7	6.107	991.7
320.7	6.157	991.7
320.7	6.207	991.8
320.7	6.257	991.8
320.7	6.307	991.8
320.7	6.357	991.8
320.7	6.407	991.9
320.7	6.457	991.9
320.7	6.507	991.9
320.7	6.557	991.9
320.7	6.607	991.9
320.7	6.658	992
320.7	6.708	992
320.7	6.758	992
320.7	6.808	992
320.7	6.858	992
320.7	6.908	992.1
320.7	6.958	992.1
320.7	7.008	992.1
320.7	7.058	992.1
320.7	7.108	992.2
320.7	7.158	992.2
320.7	7.208	992.2
320.7	7.258	992.2
320.7	7.308	992.2
320.7	7.358	992.3
320.7	7.408	992.3
320.7	7.458	992.3
320.7	7.508	992.3
320.7	7.558	992.4
320.7	7.608	992.4
320.7	7.659	992.4
320.7	7.709	992.4
320.7	7.759	992.4
320.7	7.809	992.5
320.7	7.859	992.5
320.7	7.909	992.5
320.7	7.959	992.5
320.7	8.009	992.5
320.7	8.059	992.6
320.7	8.109	992.6
320.7	8.159	992.6
320.7	8.209	992.6
320.7	8.259	992.7
320.7	8.309	992.7
320.7	8.359	992.7
320.7	8.409	992.7
320.7	8.459	992.7
320.7	8.509	992.8
320.7	8.559	992.8
320.7	8.609	992.8
320.7	8.659	992.8
320.7	8.71	992.8
320.7	8.76	992.9
320.7	8.81	992.9
320.7	8.86	992.9
320.7	8.91	992.9
320.7	8.96	993
320.7	9.01	993
320.7	9.06	993
320.7	9.11	993
320.7	9.16	993
320.7	9.21	993.1
320.7	9.26	993.1
320.7	9.31	993.1
320.7	9.36	993.1
320.7	9.41	993.1
320.7	9.46	993.2
320.7	9.51	993.2
320.7	9.56	993.2
320.7	9.61	993.2
320.7	9.66	993.3
320.7	9.711	993.3
320.7	9.761	993.3
320.7	9.811	993.3
320.7	9.861	993.3
320.7	9.911	993.4
320.7	9.961	993.4
320.7	10.01	993.4
320.7	10.06	993.4
320.7	10.11	993.4
320.7	10.16	993.5
320.7	10.21	993.5
320.7	10.26	993.5
320.7	10.31	993.5
320.7	10.36	993.6
320.7	10.41	993.6
320.7	10.46	993.6
320.7	10.51	993.6
320.7	10.56	993.6
320.7	10.61	993.7
320.7	10.66	993.7
320.7	10.71	993.7
320.7	10.76	993.7
320.7	10.81	993.7
320.7	10.86	993.8
320.7	10.91	993.8
320.7	10.96	993.8
320.7	11.01	993.8
320.7	11.06	993.8
320.7	11.11	993.9
320.7	11.16	993.9
320.7	11.21	993.9
320.7	11.26	993.9
320.7	11.31	994
320.7	11.36	994
320.7	11.41	994
320.7	11.46	994
320.7	11.51	994
320.7	11.56	994.1
320.7	11.61	994.1
320.7	11.66	994.1
320.7	11.71	994.1
320.7	11.76	994.1
320.7	11.81	994.2
320.7	11.86	994.2
320.7	11.91	994.2
320.7	11.96	994.2
320.7	12.01	994.3
320.7	12.06	994.3
320.7	12.11	994.3
320.7	12.16	994.3
320.7	12.21	994.3
320.7	12.26	994.4
320.7	12.31	994.4
320.7	12.36	994.4
320.7	12.41	994.4
320.7	12.46	994.4
320.7	12.51	994.5
320.7	12.56	994.5
320.7	12.61	994.5
320.7	12.66	994.5
320.7	12.71	994.6
320.7	12.76	994.6
320.7	12.81	994.6
320.7	12.86	994.6
320.7	12.91	994.6
320.7	12.96	994.7
320.7	13.01	994.7
320.7	13.06	994.7
320.7	13.11	994.7
320.7	13.16	994.7
320.7	13.21	994.8
320.7	13.26	994.8
320.7	13.31	994.8
320.7	13.36	994.8
320.7	13.41	994.8
320.7	13.46	994.9
320.7	13.51	994.9
320.7	13.56	994.9
320.7	13.61	994.9
320.7	13.66	995
320.7	13.71	995
320.7	13.76	995
320.7	13.81	995
320.7	13.86	995
320.7	13.91	995.1
320.7	13.96	995.1
320.7	14.01	995.1
320.7	14.06	995.1
320.7	14.11	995.1
320.7	14.16	995.2
320.7	14.21	995.2
320.7	14.26	995.2
320.7	14.32	995.2
320.7	14.37	995.3
320.7	14.42	995.3
320.7	14.47	995.3
320.7	14.52	995.3
320.7	14.57	995.3
320.7	14.62	995.4
320.7	14.67	995.4
320.7	14.72	995.4
320.7	14.77	995.4
320.7	14.82	995.4
320.7	14.87	995.5
320.7	14.92	995.5
320.7	14.97	995.5
320.7	15.02	995.5
320.7	15.07	995.5
320.7	15.12	995.6
320.7	15.17	995.6
320.7	15.22	995.6
320.7	15.27	995.6
320.7	15.32	995.7
320.7	15.37	995.7
320.7	15.42	995.7
320.7	15.47	995.7
320.7	15.52	995.7
320.7	15.57	995.8
320.7	15.62	995.8
320.7	15.67	995.8
320.7	15.72	995.8
320.7	15.77	995.8
320.7	15.82	995.9
320.7	15.87	995.9
320.7	15.92	995.9
320.7	15.97	995.9
320.7	16.02	996
320.7	16.07	996
320.7	16.12	996
320.7	16.17	996
320.7	16.22	996
320.7	16.27	996.1
320.7	16.32	996.1
320.7	16.37	996.1
320.7	16.42	996.1
320.7	16.47	996.1
320.7	16.52	996.2
320.7	16.57	996.2
320.7	16.62	996.2
320.7	16.67	996.2
320.7	16.72	996.2
320.7	16.77	996.3
320.7	16.82	996.3
320.7	16.87	996.3
320.7	16.92	996.3
320.7	16.97	996.4
320.7	17.02	996.4
320.7	17.07	996.4
320.7	17.12	996.4
320.7	17.17	996.4
320.7	17.22	996.5
320.7	17.27	996.5
320.7	17.32	996.5
320.7	17.37	996.5
320.7	17.42	996.5
320.7	17.47	996.6
320.7	17.52	996.6
320.7	17.57	996.6
320.7	17.62	996.6
320.7	17.67	996.6
320.7	17.72	996.7
320.7	17.77	996.7
320.7	17.82	996.7
320.7	17.87	996.7
320.7	17.92	996.8
320.7	17.97	996.8
320.7	18.02	996.8
320.7	18.07	996.8
320.7	18.12	996.8
320.7	18.17	996.9
320.7	18.22	996.9
320.7	18.27	996.9
320.7	18.32	996.9
320.7	18.37	996.9
320.7	18.42	997
320.7	18.47	997
320.7	18.52	997
320.7	18.57	997
320.7	18.62	997
320.7	18.67	997.1
320.7	18.72	997.1
320.7	18.77	997.1
320.7	18.82	997.1
320.7	18.87	997.2
320.7	18.92	997.2
320.7	18.97	997.2
320.7	19.02	997.2
320.7	19.07	997.2
320.7	19.12	997.3
320.7	19.17	997.3
320.7	19.22	997.3
320.7	19.27	997.3
320.7	19.32	997.3
320.7	19.37	997.4
320.7	19.42	997.4
320.7	19.47	997.4
320.7	19.52	997.4
320.7	19.57	997.4
320.7	19.62	997.5
320.7	19.67	997.5
320.7	19.72	997.5
320.7	19.77	997.5
320.7	19.82	997.5
320.7	19.87	997.6
320.7	19.92	997.6
320.7	19.97	997.6
320.7	20.02	997.6
320.7	20.07	997.7
320.7	20.12	997.7
320.7	20.17	997.7
320.7	20.22	997.7
320.7	20.27	997.7
320.7	20.32	997.8
320.7	20.37	997.8
320.7	20.42	997.8
320.7	20.47	997.8
320.7	20.52	997.8
320.7	20.57	997.9
320.7	20.62	997.9
320.7	20.67	997.9
320.7	20.72	997.9
320.7	20.77	997.9
320.7	20.82	998
320.7	20.87	998
320.7	20.92	998
320.7	20.97	998
320.7	21.02	998.1
320.7	21.07	998.1
320.7	21.12	998.1
320.7	21.17	998.1
320.7	21.22	998.1
320.7	21.27	998.2
320.7	21.32	998.2
320.7	21.37	998.2
320.7	21.42	998.2
320.7	21.47	998.2
320.7	21.52	998.3
320.7	21.57	998.3
320.7	21.62	998.3
320.7	21.67	998.3
320.7	21.72	998.3
320.7	21.77	998.4
320.7	21.82	998.4
320.7	21.87	998.4
320.7	21.92	998.4
320.7	21.97	998.4
320.7	22.02	998.5
320.7	22.07	998.5
320.7	22.12	998.5
320.7	22.17	998.5
320.7	22.22	998.6
320.7	22.27	998.6
320.7	22.32	998.6
320.7	22.37	998.6
320.7	22.42	998.6
320.7	22.47	998.7
320.7	22.52	998.7
320.7	22.57	998.7
320.7	22.62	998.7
320.7	22.67	998.7
320.7	22.72	998.8
320.7	22.77	998.8
320.7	22.82	998.8
320.7	22.87	998.8
320.7	22.92	998.8
320.7	22.97	998.9
320.7	23.02	998.9
320.7	23.07	998.9
320.7	23.12	998.9
320.7	23.17	998.9
320.7	23.22	999
320.7	23.27	999
320.7	23.32	999
320.7	23.37	999
320.7	23.42	999.1
320.7	23.47	999.1
320.7	23.52	999.1
320.7	23.57	999.1
320.7	23.62	999.1
320.7	23.67	999.2
320.7	23.72	999.2
320.7	23.77	999.2
320.7	23.82	999.2
320.7	23.87	999.2
320.7	23.92	999.3
320.7	23.97	999.3
320.7	24.02	999.3
320.7	24.07	999.3
320.7	24.12	999.3
320.7	24.17	999.4
320.7	24.22	999.4
320.7	24.27	999.4
320.7	24.32	999.4
320.7	24.37	999.4
320.7	24.42	999.5
320.7	24.47	999.5
320.7	24.53	999.5
320.7	24.58	999.5
320.7	24.63	999.5
320.7	24.68	999.6
320.7	24.73	999.6
320.7	24.78	999.6
320.7	24.83	999.6
320.7	24.88	999.7
320.7	24.93	999.7
320.7	24.98	999.7
320.7	25.03	999.7
320.7	25.08	999.7
320.7	25.13	1000
320.7	25.18	1000
320.7	25.23	1000
320.7	25.28	1000
320.7	25.33	1000
320.7	25.38	1000
320.7	25.43	1000
320.7	25.48	1000
320.7	25.53	1000
320.7	25.58	1000
320.7	25.63	1000
320.7	25.68	1000
320.7	25.73	1000
320.7	25.78	1000
320.7	25.83	1000
320.7	25.88	1000
320.7	25.93	1000
320.7	25.98	1000
320.7	26.03	1000
320.7	26.08	1000
320.7	26.13	1000
320.7	26.18	1000
320.7	26.23	1000
320.7	26.28	1000
320.7	26.33	1000
320.7	26.38	1000
320.7	26.43	1000
320.7	26.48	1000
320.7	26.53	1000
320.7	26.58	1000
320.7	26.63	1000
320.7	26.68	1000
320.7	26.73	1000
320.7	26.78	1000
320.7	26.83	1000
320.7	26.88	1000
320.7	26.93	1001
320.7	26.98	1001
320.7	27.03	1001
320.7	27.08	1001
320.7	27.13	1001
320.7	27.18	1001
320.7	27.23	1001
320.7	27.28	1001
320.7	27.33	1001
320.7	27.38	1001
320.7	27.43	1001
320.7	27.48	1001
320.7	27.53	1001
320.7	27.58	1001
320.7	27.63	1001
320.7	27.68	1001
320.7	27.73	1001
320.7	27.78	1001
320.7	27.83	1001
320.7	27.88	1001
320.7	27.93	1001
320.7	27.98	1001
320.7	28.03	1001
320.7	28.08	1001
320.7	28.13	1001
320.7	28.18	1001
320.7	28.23	1001
320.7	28.28	1001
320.7	28.33	1001
320.7	28.38	1001
320.7	28.43	1001
320.7	28.48	1001
320.7	28.53	1001
320.7	28.58	1001
320.7	28.63	1001
320.7	28.68	1001
320.7	28.73	1001
320.7	28.78	1001
320.7	28.83	1001
320.7	28.88	1001
320.7	28.93	1001
320.7	28.98	1001
320.7	29.03	1001
320.7	29.08	1001
320.7	29.13	1001
320.7	29.18	1001
320.7	29.23	1001
320.7	29.28	1001
320.7	29.33	1001
320.7	29.38	1002
320.7	29.43	1002
320.7	29.48	1002
320.7	29.53	1002
320.7	29.58	1002
320.7	29.63	1002
320.7	29.68	1002
320.7	29.73	1002
320.7	29.78	1002
320.7	29.83	1002
320.7	29.88	1002
320.7	29.93	1002
320.7	29.98	1002
320.7	30.03	1002
320.7	30.08	1002
320.7	30.13	1002
320.7	30.18	1002
320.7	30.23	1002
320.7	30.28	1002
320.7	30.33	1002
320.7	30.38	1002
320.7	30.43	1002
320.7	30.48	1002
320.7	30.53	1002
320.7	30.58	1002
320.7	30.63	1002
320.7	30.68	1002
320.7	30.73	1002
320.7	30.78	1002
320.7	30.83	1002
320.7	30.88	1002
320.7	30.93	1002
320.7	30.98	1002
320.7	31.03	1002
320.7	31.08	1002
320.7	31.13	1002
320.7	31.18	1002
320.7	31.23	1002
320.7	31.28	1002
320.7	31.33	1002
320.7	31.38	1002
320.7	31.43	1002
320.7	31.48	1002
320.7	31.53	1002
320.7	31.58	1002
320.7	31.63	1002
320.7	31.68	1002
320.7	31.73	1002
320.7	31.78	1002
320.7	31.83	1003
320.7	31.88	1003
320.7	31.93	1003
320.7	31.98	1003
320.7	32.03	1003
320.7	32.08	1003
320.7	32.13	1003
320.7	32.18	1003
320.7	32.23	1003
320.7	32.28	1003
320.7	32.33	1003
320.7	32.38	1003
320.7	32.43	1003
320.7	32.48	1003
320.7	32.53	1003
320.7	32.58	1003
320.7	32.63	1003
320.7	32.68	1003
320.7	32.73	1003
320.7	32.78	1003
320.7	32.83	1003
320.7	32.88	1003
320.7	32.93	1003
320.7	32.98	1003
320.7	33.03	1003
320.7	33.08	1003
320.7	33.13	1003
320.7	33.18	1003
320.7	33.23	1003
320.7	33.28	1003
320.7	33.33	1003
320.7	33.38	1003
320.7	33.43	1003
320.7	33.48	1003
320.7	33.53	1003
320.7	33.58	1003
320.7	33.63	1003
320.7	33.68	1003
320.7	33.73	1003
320.7	33.78	1003
320.7	33.83	1003
320.7	33.88	1003
320.7	33.93	1003
320.7	33.98	1003
320.7	34.03	1003
320.7	34.08	1003
320.7	34.13	1003
320.7	34.18	1003
320.7	34.23	1003
320.7	34.28	1004
320.7	34.33	1004
320.7	34.38	1004
320.7	34.43	1004
320.7	34.48	1004
320.7	34.53	1004
320.7	34.58	1004
320.7	34.63	1004
320.7	34.68	1004
320.7	34.74	1004
320.7	34.79	1004
320.7	34.84	1004
320.7	34.89	1004
320.7	34.94	1004
320.7	34.99	1004
320.7	35.04	1004
320.7	35.09	1004
320.7	35.14	1004
320.7	35.19	1004
320.7	35.24	1004
320.7	35.29	1004
320.7	35.34	1004
320.7	35.39	1004
320.7	35.44	1004
320.7	35.49	1004
320.7	35.54	1004
320.7	35.59	1004
320.7	35.64	1004
320.7	35.69	1004
320.7	35.74	1004
320.7	35.79	1004
320.7	35.84	1004
320.7	35.89	1004
320.7	35.94	1004
320.7	35.99	1004
320.7	36.04	1004
320.7	36.09	1004
320.7	36.14	1004
320.7	36.19	1004
320.7	36.24	1004
320.7	36.29	1004
320.7	36.34	1004
320.7	36.39	1004
320.7	36.44	1004
320.7	36.49	1004
320.7	36.54	1004
320.7	36.59	1004
320.7	36.64	1004
320.7	36.69	1004
320.7	36.74	1005
320.7	36.79	1005
320.7	36.84	1005
320.7	36.89	1005
320.7	36.94	1005
320.7	36.99	1005
320.7	37.04	1005
320.7	37.09	1005
320.7	37.14	1005
320.7	37.19	1005
320.7	37.24	1005
320.7	37.29	1005
320.7	37.34	1005
320.7	37.39	1005
320.7	37.44	1005
320.7	37.49	1005
320.7	37.54	1005
320.7	37.59	1005
320.7	37.64	1005
320.7	37.69	1005
320.7	37.74	1005
320.7	37.79	1005
320.7	37.84	1005
320.7	37.89	1005
320.7	37.94	1005
320.7	37.99	1005
320.7	38.04	1005
320.7	38.09	1005
320.7	38.14	1005
320.7	38.19	1005
320.7	38.24	1005
320.7	38.29	1005
320.7	38.34	1005
320.7	38.39	1005
320.7	38.44	1005
320.7	38.49	1005
320.7	38.54	1005
320.7	38.59	1005
320.7	38.64	1005
320.7	38.69	1005
320.7	38.74	1005
320.7	38.79	1005
320.7	38.84	1005
320.7	38.89	1005
320.7	38.94	1005
320.7	38.99	1005
320.7	39.04	1005
320.7	39.09	1005
320.7	39.14	1005
320.7	39.19	1005
320.7	39.24	1006
320.7	39.29	1006
320.7	39.34	1006
320.7	39.39	1006
320.7	39.44	1006
320.7	39.49	1006
320.7	39.54	1006
320.7	39.59	1006
320.7	39.64	1006
320.7	39.69	1006
320.7	39.74	1006
320.7	39.79	1006
320.7	39.84	1006
320.7	39.89	1006
320.7	39.94	1006
320.7	39.99	1006
320.7	40.04	1006
320.7	40.09	1006
320.7	40.14	1006
320.7	40.19	1006
320.7	40.24	1006
320.7	40.29	1006
320.7	40.34	1006
320.7	40.39	1006
320.7	40.44	1006
320.7	40.49	1006
320.7	40.54	1006
320.7	40.59	1006
320.7	40.64	1006
320.7	40.69	1006
320.7	40.74	1006
320.7	40.79	1006
320.7	40.84	1006
320.7	40.89	1006
320.7	40.94	1006
320.7	40.99	1006
320.7	41.04	1006
320.7	41.09	1006
320.7	41.14	1006
320.7	41.19	1006
320.7	41.24	1006
320.7	41.29	1006
320.7	41.34	1006
320.7	41.39	1006
320.7	41.44	1006
320.7	41.49	1006
320.7	41.54	1006
320.7	41.59	1006
320.7	41.64	1006
320.7	41.69	1006
320.7	41.74	1007
320.7	41.79	1007
320.7	41.84	1007
320.7	41.89	1007
320.7	41.94	1007
320.7	41.99	1007
320.7	42.04	1007
320.7	42.09	1007
320.7	42.14	1007
320.7	42.19	1007
320.7	42.24	1007
320.7	42.29	1007
320.7	42.34	1007
320.7	42.39	1007
320.7	42.44	1007
320.7	42.49	1007
320.7	42.54	1007
320.7	42.59	1007
320.7	42.64	1007
320.7	42.69	1007
320.7	42.74	1007
320.7	42.79	1007
320.7	42.84	1007
320.7	42.89	1007
320.7	42.94	1007
320.7	42.99	1007
320.7	43.04	1007
320.7	43.09	1007
320.7	43.14	1007
320.7	43.19	1007
320.7	43.24	1007
320.7	43.29	1007
320.7	43.34	1007
320.7	43.39	1007
320.7	43.44	1007
320.7	43.49	1007
320.7	43.54	1007
320.7	43.59	1007
320.7	43.64	1007
320.7	43.69	1007
320.7	43.74	1007
320.7	43.79	1007
320.7	43.84	1007
320.7	43.89	1007
320.7	43.94	1007
320.7	43.99	1007
320.7	44.04	1007
320.7	44.09	1007
320.7	44.14	1007
320.7	44.19	1007
320.7	44.24	1008
320.7	44.29	1008
320.7	44.34	1008
320.7	44.39	1008
320.7	44.44	1008
320.7	44.49	1008
320.7	44.54	1008
320.7	44.59	1008
320.7	44.64	1008
320.7	44.69	1008
320.7	44.74	1008
320.7	44.79	1008
320.7	44.84	1008
320.7	44.89	1008
320.7	44.95	1008
320.7	45	1008
320.7	45.05	1008
320.7	45.1	1008
320.7	45.15	1008
320.7	45.2	1008
320.7	45.25	1008
320.7	45.3	1008
320.7	45.35	1008
320.7	45.4	1008
320.7	45.45	1008
320.7	45.5	1008
320.7	45.55	1008
320.7	45.6	1008
320.7	45.65	1008
320.7	45.7	1008
320.7	45.75	1008
320.7	45.8	1008
320.7	45.85	1008
320.7	45.9	1008
320.7	45.95	1008
320.7	46	1008
320.7	46.05	1008
320.7	46.1	1008
320.7	46.15	1008
320.7	46.2	1008
320.7	46.25	1008
320.7	46.3	1008
320.7	46.35	1008
320.7	46.4	1008
320.7	46.45	1008
320.7	46.5	1008
320.7	46.55	1008
320.7	46.6	1008
320.7	46.65	1008
320.7	46.7	1008
320.7	46.75	1009
320.7	46.8	1009
320.7	46.85	1009
320.7	46.9	1009
320.7	46.95	1009
320.7	47	1009
320.7	47.05	1009
320.7	47.1	1009
320.7	47.15	1009
320.7	47.2	1009
320.7	47.25	1009
320.7	47.3	1009
320.7	47.35	1009
320.7	47.4	1009
320.7	47.45	1009
320.7	47.5	1009
320.7	47.55	1009
320.7	47.6	1009
320.7	47.65	1009
320.7	47.7	1009
320.7	47.75	1009
320.7	47.8	1009
320.7	47.85	1009
320.7	47.9	1009
320.7	47.95	1009
320.7	48	1009
320.7	48.05	1009
320.7	48.1	1009
320.7	48.15	1009
320.7	48.2	1009
320.7	48.25	1009
320.7	48.3	1009
320.7	48.35	1009
320.7	48.4	1009
320.7	48.45	1009
320.7	48.5	1009
320.7	48.55	1009
320.7	48.6	1009
320.7	48.65	1009
320.7	48.7	1009
320.7	48.75	1009
320.7	48.8	1009
320.7	48.85	1009
320.7	48.9	1009
320.7	48.95	1009
320.7	49	1009
320.7	49.05	1009
320.7	49.1	1009
320.7	49.15	1009
320.7	49.2	1009
320.7	49.25	1009
320.7	49.3	1010
320.7	49.35	1010
320.7	49.4	1010
320.7	49.45	1010
320.7	49.5	1010
320.7	49.55	1010
320.7	49.6	1010
320.7	49.65	1010
320.7	49.7	1010
320.7	49.75	1010
320.7	49.8	1010
320.7	49.85	1010
320.7	49.9	1010
320.7	49.95	1010
320.7	50	1010
338.4	0.001	0.006405
338.4	0.05105	980.4
338.4	0.1011	980.4
338.4	0.1511	980.4
338.4	0.2012	980.5
338.4	0.2512	980.5
338.4	0.3013	980.5
338.4	0.3513	980.5
338.4	0.4014	980.6
338.4	0.4514	980.6
338.4	0.5015	980.6
338.4	0.5515	980.6
338.4	0.6016	980.6
338.4	0.6516	980.7
338.4	0.7017	980.7
338.4	0.7517	980.7
338.4	0.8018	980.7
338.4	0.8518	980.8
338.4	0.9019	980.8
338.4	0.9519	980.8
338.4	1.002	980.8
338.4	1.052	980.8
338.4	1.102	980.9
338.4	1.152	980.9
338.4	1.202	980.9
338.4	1.252	980.9
338.4	1.302	981
338.4	1.352	981
338.4	1.402	981
338.4	1.452	981
338.4	1.502	981
338.4	1.553	981.1
338.4	1.603	981.1
338.4	1.653	981.1
338.4	1.703	981.1
338.4	1.753	981.1
338.4	1.803	981.2
338.4	1.853	981.2
338.4	1.903	981.2
338.4	1.953	981.2
338.4	2.003	981.3
338.4	2.053	981.3
338.4	2.103	981.3
338.4	2.153	981.3
338.4	2.203	981.3
338.4	2.253	981.4
338.4	2.303	981.4
338.4	2.353	981.4
338.4	2.403	981.4
338.4	2.453	981.5
338.4	2.503	981.5
338.4	2.554	981.5
338.4	2.604	981.5
338.4	2.654	981.5
338.4	2.704	981.6
338.4	2.754	981.6
338.4	2.804	981.6
338.4	2.854	981.6
338.4	2.904	981.7
338.4	2.954	981.7
338.4	3.004	981.7
338.4	3.054	981.7
338.4	3.104	981.7
338.4	3.154	981.8
338.4	3.204	981.8
338.4	3.254	981.8
338.4	3.304	981.8
338.4	3.354	981.8
338.4	3.404	981.9
338.4	3.454	981.9
338.4	3.504	981.9
338.4	3.554	981.9
338.4	3.605	982
338.4	3.655	982
338.4	3.705	982
338.4	3.755	982
338.4	3.805	982
338.4	3.855	982.1
338.4	3.905	982.1
338.4	3.955	982.1
338.4	4.005	982.1
338.4	4.055	982.2
338.4	4.105	982.2
338.4	4.155	982.2
338.4	4.205	982.2
338.4	4.255	982.2
338.4	4.305	982.3
338.4	4.355	982.3
338.4	4.405	982.3
338.4	4.455	982.3
338.4	4.505	982.3
338.4	4.555	982.4
338.4	4.606	982.4
338.4	4.656	982.4
338.4	4.706	982.4
338.4	4.756	982.5
338.4	4.806	982.5
338.4	4.856	982.5
338.4	4.906	982.5
338.4	4.956	982.5
338.4	5.006	982.6
338.4	5.056	982.6
338.4	5.106	982.6
338.4	5.156	982.6
338.4	5.206	982.7
338.4	5.256	982.7
338.4	5.306	982.7
338.4	5.356	982.7
338.4	5.406	982.7
338.4	5.456	982.8
338.4	5.506	982.8
338.4	5.556	982.8
338.4	5.606	982.8
338.4	5.657	982.8
338.4	5.707	982.9
338.4	5.757	982.9
338.4	5.807	982.9
338.4	5.857	982.9
338.4	5.907	983
338.4	5.957	983
338.4	6.007	983
338.4	6.057	983
338.4	6.107	983
338.4	6.157	983.1
338.4	6.207	983.1
338.4	6.257	983.1
338.4	6.307	983.1
338.4	6.357	983.2
338.4	6.407	983.2
338.4	6.457	983.2
338.4	6.507	983.2
338.4	6.557	983.2
338.4	6.607	983.3
338.4	6.658	983.3
338.4	6.708	983.3
338.4	6.758	983.3
338.4	6.808	983.3
338.4	6.858	983.4
338.4	6.908	983.4
338.4	6.958	983.4
338.4	7.008	983.4
338.4	7.058	983.5
338.4	7.108	983.5
338.4	7.158	983.5
338.4	7.208	983.5
338.4	7.258	983.5
338.4	7.308	983.6
338.4	7.358	983.6
338.4	7.408	983.6
338.4	7.458	983.6
338.4	7.508	983.6
338.4	7.558	983.7
338.4	7.608	983.7
338.4	7.659	983.7
338.4	7.709	983.7
338.4	7.759	983.8
338.4	7.809	983.8
338.4	7.859	983.8
338.4	7.909	983.8
338.4	7.959	983.8
338.4	8.009	983.9
338.4	8.059	983.9
338.4	8.109	983.9
338.4	8.159	983.9
338.4	8.209	984
338.4	8.259	984
338.4	8.309	984
338.4	8.359	984
338.4	8.409	984
338.4	8.459	984.1
338.4	8.509	984.1
338.4	8.559	984.1
338.4	8.609	984.1
338.4	8.659	984.1
338.4	8.71	984.2
338.4	8.76	984.2
338.4	8.81	984.2
338.4	8.86	984.2
338.4	8.91	984.3
338.4	8.96	984.3
338.4	9.01	984.3
338.4	9.06	984.3
338.4	9.11	984.3
338.4	9.16	984.4
338.4	9.21	984.4
338.4	9.26	984.4
338.4	9.31	984.4
338.4	9.36	984.4
338.4	9.41	984.5
338.4	9.46	984.5
338.4	9.51	984.5
338.4	9.56	984.5
338.4	9.61	984.6
338.4	9.66	984.6
338.4	9.711	984.6
338.4	9.761	984.6
338.4	9.811	984.6
338.4	9.861	984.7
338.4	9.911	984.7
338.4	9.961	984.7
338.4	10.01	984.7
338.4	10.06	984.7
338.4	10.11	984.8
338.4	10.16	984.8
338.4	10.21	984.8
338.4	10.26	984.8
338.4	10.31	984.9
338.4	10.36	984.9
338.4	10.41	984.9
338.4	10.46	984.9
338.4	10.51	984.9
338.4	10.56	985
338.4	10.61	985
338.4	10.66	985
338.4	10.71	985
338.4	10.76	985
338.4	10.81	985.1
338.4	10.86	985.1
338.4	10.91	985.1
338.4	10.96	985.1
338.4	11.01	985.2
338.4	11.06	985.2
338.4	11.11	985.2
338.4	11.16	985.2
338.4	11.21	985.2
338.4	11.26	985.3
338.4	11.31	985.3
338.4	11.36	985.3
338.4	11.41	985.3
338.4	11.46	985.3
338.4	11.51	985.4
338.4	11.56	985.4
338.4	11.61	985.4
338.4	11.66	985.4
338.4	11.71	985.5
338.4	11.76	985.5
338.4	11.81	985.5
338.4	11.86	985.5
338.4	11.91	985.5
338.4	11.96	985.6
338.4	12.01	985.6
338.4	12.06	985.6
338.4	12.11	985.6
338.4	12.16	985.6
338.4	12.21	985.7
338.4	12.26	985.7
338.4	12.31	985.7
338.4	12.36	985.7
338.4	12.41	985.8
338.4	12.46	985.8
338.4	12.51	985.8
338.4	12.56	985.8
338.4	12.61	985.8
338.4	12.66	985.9
338.4	12.71	985.9
338.4	12.76	985.9
338.4	12.81	985.9
338.4	12.86	985.9
338.4	12.91	986
338.4	12.96	986
338.4	13.01	986
338.4	13.06	986
338.4	13.11	986.1
338.4	13.16	986.1
338.4	13.21	986.1
338.4	13.26	986.1
338.4	13.31	986.1
338.4	13.36	986.2
338.4	13.41	986.2
338.4	13.46	986.2
338.4	13.51	986.2
338.4	13.56	986.2
338.4	13.61	986.3
338.4	13.66	986.3
338.4	13.71	986.3
338.4	13.76	986.3
338.4	13.81	986.4
338.4	13.86	986.4
338.4	13.91	986.4
338.4	13.96	986.4
338.4	14.01	986.4
338.4	14.06	986.5
338.4	14.11	986.5
338.4	14.16	986.5
338.4	14.21	986.5
338.4	14.26	986.5
338.4	14.32	986.6
338.4	14.37	986.6
338.4	14.42	986.6
338.4	14.47	986.6
338.4	14.52	986.6
338.4	14.57	986.7
338.4	14.62	986.7
338.4	14.67	986.7
338.4	14.72	986.7
338.4	14.77	986.8
338.4	14.82	986.8
338.4	14.87	986.8
338.4	14.92	986.8
338.4	14.97	986.8
338.4	15.02	986.9
338.4	15.07	986.9
338.4	15.12	986.9
338.4	15.17	986.9
338.4	15.22	986.9
338.4	15.27	987
338.4	15.32	987
338.4	15.37	987
338.4	15.42	987
338.4	15.47	987.1
338.4	15.52	987.1
338.4	15.57	987.1
338.4	15.62	987.1
338.4	15.67	987.1
338.4	15.72	987.2
338.4	15.77	987.2
338.4	15.82	987.2
338.4	15.87	987.2
338.4	15.92	987.2
338.4	15.97	987.3
338.4	16.02	987.3
338.4	16.07	987.3
338.4	16.12	987.3
338.4	16.17	987.3
338.4	16.22	987.4
338.4	16.27	987.4
338.4	16.32	987.4
338.4	16.37	987.4
338.4	16.42	987.5
338.4	16.47	987.5
338.4	16.52	987.5
338.4	16.57	987.5
338.4	16.62	987.5
338.4	16.67	987.6
338.4	16.72	987.6
338.4	16.77	987.6
338.4	16.82	987.6
338.4	16.87	987.6
338.4	16.92	987.7
338.4	16.97	987.7
338.4	17.02	987.7
338.4	17.07	987.7
338.4	17.12	987.8
338.4	17.17	987.8
338.4	17.22	987.8
338.4	17.27	987.8
338.4	17.32	987.8
338.4	17.37	987.9
338.4	17.42	987.9
338.4	17.47	987.9
338.4	17.52	987.9
338.4	17.57	987.9
338.4	17.62	988
338.4	17.67	988
338.4	17.72	988
338.4	17.77	988
338.4	17.82	988
338.4	17.87	988.1
338.4	17.92	988.1
338.4	17.97	988.1
338.4	18.02	988.1
338.4	18.07	988.2
338.4	18.12	988.2
338.4	18.17	988.2
338.4	18.22	988.2
338.4	18.27	988.2
338.4	18.32	988.3
338.4	18.37	988.3
338.4	18.42	988.3
338.4	18.47	988.3
338.4	18.52	988.3
338.4	18.57	988.4
338.4	18.62	988.4
338.4	18.67	988.4
338.4	18.72	988.4
338.4	18.77	988.4
338.4	18.82	988.5
338.4	18.87	988.5
338.4	18.92	988.5
338.4	18.97	988.5
338.4	19.02	988.6
338.4	19.07	988.6
338.4	19.12	988.6
338.4	19.17	988.6
338.4	19.22	988.6
338.4	19.27	988.7
338.4	19.32	988.7
338.4	19.37	988.7
338.4	19.42	988.7
338.4	19.47	988.7
338.4	19.52	988.8
338.4	19.57	988.8
338.4	19.62	988.8
338.4	19.67	988.8
338.4	19.72	988.8
338.4	19.77	988.9
338.4	19.82	988.9
338.4	19.87	988.9
338.4	19.92	988.9
338.4	19.97	989
338.4	20.02	989
338.4	20.07	989
338.4	20.12	989
338.4	20.17	989
338.4	20.22	989.1
338.4	20.27	989.1
338.4	20.32	989.1
338.4	20.37	989.1
338.4	20.42	989.1
338.4	20.47	989.2
338.4	20.52	989.2
338.4	20.57	989.2
338.4	20.62	989.2
338.4	20.67	989.2
338.4	20.72	989.3
338.4	20.77	989.3
338.4	20.82	989.3
338.4	20.87	989.3
338.4	20.92	989.4
338.4	20.97	989.4
338.4	21.02	989.4
338.4	21.07	989.4
338.4	21.12	989.4
338.4	21.17	989.5
338.4	21.22	989.5
338.4	21.27	989.5
338.4	21.32	989.5
338.4	21.37	989.5
338.4	21.42	989.6
338.4	21.47	989.6
338.4	21.52	989.6
338.4	21.57	989.6
338.4	21.62	989.6
338.4	21.67	989.7
338.4	21.72	989.7
338.4	21.77	989.7
338.4	21.82	989.7
338.4	21.87	989.7
338.4	21.92	989.8
338.4	21.97	989.8
338.4	22.02	989.8
338.4	22.07	989.8
338.4	22.12	989.9
338.4	22.17	989.9
338.4	22.22	989.9
338.4	22.27	989.9
338.4	22.32	989.9
338.4	22.37	990
338.4	22.42	990
338.4	22.47	990
338.4	22.52	990
338.4	22.57	990
338.4	22.62	990.1
338.4	22.67	990.1
338.4	22.72	990.1
338.4	22.77	990.1
338.4	22.82	990.1
338.4	22.87	990.2
338.4	22.92	990.2
338.4	22.97	990.2
338.4	23.02	990.2
338.4	23.07	990.2
338.4	23.12	990.3
338.4	23.17	990.3
338.4	23.22	990.3
338.4	23.27	990.3
338.4	23.32	990.4
338.4	23.37	990.4
338.4	23.42	990.4
338.4	23.47	990.4
338.4	23.52	990.4
338.4	23.57	990.5
338.4	23.62	990.5
338.4	23.67	990.5
338.4	23.72	990.5
338.4	23.77	990.5
338.4	23.82	990.6
338.4	23.87	990.6
338.4	23.92	990.6
338.4	23.97	990.6
338.4	24.02	990.6
338.4	24.07	990.7
338.4	24.12	990.7
338.4	24.17	990.7
338.4	24.22	990.7
338.4	24.27	990.7
338.4	24.32	990.8
338.4	24.37	990.8
338.4	24.42	990.8
338.4	24.47	990.8
338.4	24.53	990.9
338.4	24.58	990.9
338.4	24.63	990.9
338.4	24.68	990.9
338.4	24.73	990.9
338.4	24.78	991
338.4	24.83	991
338.4	24.88	991
338.4	24.93	991
338.4	24.98	991
338.4	25.03	991.1
338.4	25.08	991.1
338.4	25.13	991.1
338.4	25.18	991.1
338.4	25.23	991.1
338.4	25.28	991.2
338.4	25.33	991.2
338.4	25.38	991.2
338.4	25.43	991.2
338.4	25.48	991.2
338.4	25.53	991.3
338.4	25.58	991.3
338.4	25.63	991.3
338.4	25.68	991.3
338.4	25.73	991.4
338.4	25.78	991.4
338.4	25.83	991.4
338.4	25.88	991.4
338.4	25.93	991.4
338.4	25.98	991.5
338.4	26.03	991.5
338.4	26.08	991.5
338.4	26.13	991.5
338.4	26.18	991.5
338.4	26.23	991.6
338.4	26.28	991.6
338.4	26.33	991.6
338.4	26.38	991.6
338.4	26.43	991.6
338.4	26.48	991.7
338.4	26.53	991.7
338.4	26.58	991.7
338.4	26.63	991.7
338.4	26.68	991.7
338.4	26.73	991.8
338.4	26.78	991.8
338.4	26.83	991.8
338.4	26.88	991.8
338.4	26.93	991.8
338.4	26.98	991.9
338.4	27.03	991.9
338.4	27.08	991.9
338.4	27.13	991.9
338.4	27.18	992
338.4	27.23	992
338.4	27.28	992
338.4	27.33	992
338.4	27.38	992
338.4	27.43	992.1
338.4	27.48	992.1
338.4	27.53	992.1
338.4	27.58	992.1
338.4	27.63	992.1
338.4	27.68	992.2
338.4	27.73	992.2
338.4	27.78	992.2
338.4	27.83	992.2
338.4	27.88	992.2
338.4	27.93	992.3
338.4	27.98	992.3
338.4	28.03	992.3
338.4	28.08	992.3
338.4	28.13	992.3
338.4	28.18	992.4
338.4	28.23	992.4
338.4	28.28	992.4
338.4	28.33	992.4
338.4	28.38	992.4
338.4	28.43	992.5
338.4	28.48	992.5
338.4	28.53	992.5
338.4	28.58	992.5
338.4	28.63	992.5
338.4	28.68	992.6
338.4	28.73	992.6
338.4	28.78	992.6
338.4	28.83	992.6
338.4	28.88	992.7
338.4	28.93	992.7
338.4	28.98	992.7
338.4	29.03	992.7
338.4	29.08	992.7
338.4	29.13	992.8
338.4	29.18	992.8
338.4	29.23	992.8
338.4	29.28	992.8
338.4	29.33	992.8
338.4	29.38	992.9
338.4	29.43	992.9
338.4	29.48	992.9
338.4	29.53	992.9
338.4	29.58	992.9
338.4	29.63	993
338.4	29.68	993
338.4	29.73	993
338.4	29.78	993
338.4	29.83	993
338.4	29.88	993.1
338.4	29.93	993.1
338.4	29.98	993.1
338.4	30.03	993.1
338.4	30.08	993.1
338.4	30.13	993.2
338.4	30.18	993.2
338.4	30.23	993.2
338.4	30.28	993.2
338.4	30.33	993.2
338.4	30.38	993.3
338.4	30.43	993.3
338.4	30.48	993.3
338.4	30.53	993.3
338.4	30.58	993.4
338.4	30.63	993.4
338.4	30.68	993.4
338.4	30.73	993.4
338.4	30.78	993.4
338.4	30.83	993.5
338.4	30.88	993.5
338.4	30.93	993.5
338.4	30.98	993.5
338.4	31.03	993.5
338.4	31.08	993.6
338.4	31.13	993.6
338.4	31.18	993.6
338.4	31.23	993.6
338.4	31.28	993.6
338.4	31.33	993.7
338.4	31.38	993.7
338.4	31.43	993.7
338.4	31.48	993.7
338.4	31.53	993.7
338.4	31.58	993.8
338.4	31.63	993.8
338.4	31.68	993.8
338.4	31.73	993.8
338.4	31.78	993.8
338.4	31.83	993.9
338.4	31.88	993.9
338.4	31.93	993.9
338.4	31.98	993.9
338.4	32.03	993.9
338.4	32.08	994
338.4	32.13	994
338.4	32.18	994
338.4	32.23	994
338.4	32.28	994
338.4	32.33	994.1
338.4	32.38	994.1
338.4	32.43	994.1
338.4	32.48	994.1
338.4	32.53	994.1
338.4	32.58	994.2
338.4	32.63	994.2
338.4	32.68	994.2
338.4	32.73	994.2
338.4	32.78	994.3
338.4	32.83	994.3
338.4	32.88	994.3
338.4	32.93	994.3
338.4	32.98	994.3
338.4	33.03	994.4
338.4	33.08	994.4
338.4	33.13	994.4
338.4	33.18	994.4
338.4	33.23	994.4
338.4	33.28	994.5
338.4	33.33	994.5
338.4	33.38	994.5
338.4	33.43	994.5
338.4	33.48	994.5
338.4	33.53	994.6
338.4	33.58	994.6
338.4	33.63	994.6
338.4	33.68	994.6
338.4	33.73	994.6
338.4	33.78	994.7
338.4	33.83	994.7
338.4	33.88	994.7
338.4	33.93	994.7
338.4	33.98	994.7
338.4	34.03	994.8
338.4	34.08	994.8
338.4	34.13	994.8
338.4	34.18	994.8
338.4	34.23	994.8
338.4	34.28	994.9
338.4	34.33	994.9
338.4	34.38	994.9
338.4	34.43	994.9
338.4	34.48	994.9
338.4	34.53	995
338.4	34.58	995
338.4	34.63	995
338.4	34.68	995
338.4	34.74	995
338.4	34.79	995.1
338.4	34.84	995.1
338.4	34.89	995.1
338.4	34.94	995.1
338.4	34.99	995.1
338.4	35.04	995.2
338.4	35.09	995.2
338.4	35.14	995.2
338.4	35.19	995.2
338.4	35.24	995.2
338.4	35.29	995.3
338.4	35.34	995.3
338.4	35.39	995.3
338.4	35.44	995.3
338.4	35.49	995.3
338.4	35.54	995.4
338.4	35.59	995.4
338.4	35.64	995.4
338.4	35.69	995.4
338.4	35.74	995.5
338.4	35.79	995.5
338.4	35.84	995.5
338.4	35.89	995.5
338.4	35.94	995.5
338.4	35.99	995.6
338.4	36.04	995.6
338.4	36.09	995.6
338.4	36.14	995.6
338.4	36.19	995.6
338.4	36.24	995.7
338.4	36.29	995.7
338.4	36.34	995.7
338.4	36.39	995.7
338.4	36.44	995.7
338.4	36.49	995.8
338.4	36.54	995.8
338.4	36.59	995.8
338.4	36.64	995.8
338.4	36.69	995.8
338.4	36.74	995.9
338.4	36.79	995.9
338.4	36.84	995.9
338.4	36.89	995.9
338.4	36.94	995.9
338.4	36.99	996
338.4	37.04	996
338.4	37.09	996
338.4	37.14	996
338.4	37.19	996
338.4	37.24	996.1
338.4	37.29	996.1
338.4	37.34	996.1
338.4	37.39	996.1
338.4	37.44	996.1
338.4	37.49	996.2
338.4	37.54	996.2
338.4	37.59	996.2
338.4	37.64	996.2
338.4	37.69	996.2
338.4	37.74	996.3
338.4	37.79	996.3
338.4	37.84	996.3
338.4	37.89	996.3
338.4	37.94	996.3
338.4	37.99	996.4
338.4	38.04	996.4
338.4	38.09	996.4
338.4	38.14	996.4
338.4	38.19	996.4
338.4	38.24	996.5
338.4	38.29	996.5
338.4	38.34	996.5
338.4	38.39	996.5
338.4	38.44	996.5
338.4	38.49	996.6
338.4	38.54	996.6
338.4	38.59	996.6
338.4	38.64	996.6
338.4	38.69	996.6
338.4	38.74	996.7
338.4	38.79	996.7
338.4	38.84	996.7
338.4	38.89	996.7
338.4	38.94	996.7
338.4	38.99	996.8
338.4	39.04	996.8
338.4	39.09	996.8
338.4	39.14	996.8
338.4	39.19	996.8
338.4	39.24	996.9
338.4	39.29	996.9
338.4	39.34	996.9
338.4	39.39	996.9
338.4	39.44	996.9
338.4	39.49	997
338.4	39.54	997
338.4	39.59	997
338.4	39.64	997
338.4	39.69	997
338.4	39.74	997.1
338.4	39.79	997.1
338.4	39.84	997.1
338.4	39.89	997.1
338.4	39.94	997.1
338.4	39.99	997.2
338.4	40.04	997.2
338.4	40.09	997.2
338.4	40.14	997.2
338.4	40.19	997.2
338.4	40.24	997.3
338.4	40.29	997.3
338.4	40.34	997.3
338.4	40.39	997.3
338.4	40.44	997.3
338.4	40.49	997.4
338.4	40.54	997.4
338.4	40.59	997.4
338.4	40.64	997.4
338.4	40.69	997.4
338.4	40.74	997.5
338.4	40.79	997.5
338.4	40.84	997.5
338.4	40.89	997.5
338.4	40.94	997.5
338.4	40.99	997.6
338.4	41.04	997.6
338.4	41.09	997.6
338.4	41.14	997.6
338.4	41.19	997.6
338.4	41.24	997.7
338.4	41.29	997.7
338.4	41.34	997.7
338.4	41.39	997.7
338.4	41.44	997.7
338.4	41.49	997.8
338.4	41.54	997.8
338.4	41.59	997.8
338.4	41.64	997.8
338.4	41.69	997.8
338.4	41.74	997.9
338.4	41.79	997.9
338.4	41.84	997.9
338.4	41.89	997.9
338.4	41.94	997.9
338.4	41.99	998
338.4	42.04	998
338.4	42.09	998
338.4	42.14	998
338.4	42.19	998
338.4	42.24	998.1
338.4	42.29	998.1
338.4	42.34	998.1
338.4	42.39	998.1
338.4	42.44	998.1
338.4	42.49	998.2
338.4	42.54	998.2
338.4	42.59	998.2
338.4	42.64	998.2
338.4	42.69	998.2
338.4	42.74	998.3
338.4	42.79	998.3
338.4	42.84	998.3
338.4	42.89	998.3
338.4	42.94	998.3
338.4	42.99	998.4
338.4	43.04	998.4
338.4	43.09	998.4
338.4	43.14	998.4
338.4	43.19	998.4
338.4	43.24	998.5
338.4	43.29	998.5
338.4	43.34	998.5
338.4	43.39	998.5
338.4	43.44	998.5
338.4	43.49	998.6
338.4	43.54	998.6
338.4	43.59	998.6
338.4	43.64	998.6
338.4	43.69	998.6
338.4	43.74	998.7
338.4	43.79	998.7
338.4	43.84	998.7
338.4	43.89	998.7
338.4	43.94	998.7
338.4	43.99	998.8
338.4	44.04	998.8
338.4	44.09	998.8
338.4	44.14	998.8
338.4	44.19	998.8
338.4	44.24	998.9
338.4	44.29	998.9
338.4	44.34	998.9
338.4	44.39	998.9
338.4	44.44	998.9
338.4	44.49	999
338.4	44.54	999
338.4	44.59	999
338.4	44.64	999
338.4	44.69	999
338.4	44.74	999.1
338.4	44.79	999.1
338.4	44.84	999.1
338.4	44.89	999.1
338.4	44.95	999.1
338.4	45	999.2
338.4	45.05	999.2
338.4	45.1	999.2
338.4	45.15	999.2
338.4	45.2	999.2
338.4	45.25	999.3
338.4	45.3	999.3
338.4	45.35	999.3
338.4	45.4	999.3
338.4	45.45	999.3
338.4	45.5	999.4
338.4	45.55	999.4
338.4	45.6	999.4
338.4	45.65	999.4
338.4	45.7	999.4
338.4	45.75	999.5
338.4	45.8	999.5
338.4	45.85	999.5
338.4	45.9	999.5
338.4	45.95	999.5
338.4	46	999.6
338.4	46.05	999.6
338.4	46.1	999.6
338.4	46.15	999.6
338.4	46.2	999.6
338.4	46.25	999.7
338.4	46.3	999.7
338.4	46.35	999.7
338.4	46.4	999.7
338.4	46.45	999.7
338.4	46.5	1000
338.4	46.55	1000
338.4	46.6	1000
338.4	46.65	1000
338.4	46.7	1000
338.4	46.75	1000
338.4	46.8	1000
338.4	46.85	1000
338.4	46.9	1000
338.4	46.95	1000
338.4	47	1000
338.4	47.05	1000
338.4	47.1	1000
338.4	47.15	1000
338.4	47.2	1000
338.4	47.25	1000
338.4	47.3	1000
338.4	47.35	1000
338.4	47.4	1000
338.4	47.45	1000
338.4	47.5	1000
338.4	47.55	1000
338.4	47.6	1000
338.4	47.65	1000
338.4	47.7	1000
338.4	47.75	1000
338.4	47.8	1000
338.4	47.85	1000
338.4	47.9	1000
338.4	47.95	1000
338.4	48	1000
338.4	48.05	1000
338.4	48.1	1000
338.4	48.15	1000
338.4	48.2	1000
338.4	48.25	1000
338.4	48.3	1000
338.4	48.35	1000
338.4	48.4	1001
338.4	48.45	1001
338.4	48.5	1001
338.4	48.55	1001
338.4	48.6	1001
338.4	48.65	1001
338.4	48.7	1001
338.4	48.75	1001
338.4	48.8	1001
338.4	48.85	1001
338.4	48.9	1001
338.4	48.95	1001
338.4	49	1001
338.4	49.05	1001
338.4	49.1	1001
338.4	49.15	1001
338.4	49.2	1001
338.4	49.25	1001
338.4	49.3	1001
338.4	49.35	1001
338.4	49.4	1001
338.4	49.45	1001
338.4	49.5	1001
338.4	49.55	1001
338.4	49.6	1001
338.4	49.65	1001
338.4	49.7	1001
338.4	49.75	1001
338.4	49.8	1001
338.4	49.85	1001
338.4	49.9	1001
338.4	49.95	1001
338.4	50	1001
356.1	0.001	0.006086
356.1	0.05105	0.3137
356.1	0.1011	970
356.1	0.1511	970
356.1	0.2012	970
356.1	0.2512	970
356.1	0.3013	970
356.1	0.3513	970.1
356.1	0.4014	970.1
356.1	0.4514	970.1
356.1	0.5015	970.1
356.1	0.5515	970.2
356.1	0.6016	970.2
356.1	0.6516	970.2
356.1	0.7017	970.2
356.1	0.7517	970.2
356.1	0.8018	970.3
356.1	0.8518	970.3
356.1	0.9019	970.3
356.1	0.9519	970.3
356.1	1.002	970.4
356.1	1.052	970.4
356.1	1.102	970.4
356.1	1.152	970.4
356.1	1.202	970.5
356.1	1.252	970.5
356.1	1.302	970.5
356.1	1.352	970.5
356.1	1.402	970.5
356.1	1.452	970.6
356.1	1.502	970.6
356.1	1.553	970.6
356.1	1.603	970.6
356.1	1.653	970.7
356.1	1.703	970.7
356.1	1.753	970.7
356.1	1.803	970.7
356.1	1.853	970.7
356.1	1.903	970.8
356.1	1.953	970.8
356.1	2.003	970.8
356.1	2.053	970.8
356.1	2.103	970.9
356.1	2.153	970.9
356.1	2.203	970.9
356.1	2.253	970.9
356.1	2.303	970.9
356.1	2.353	971
356.1	2.403	971
356.1	2.453	971
356.1	2.503	971
356.1	2.554	971.1
356.1	2.604	971.1
356.1	2.654	971.1
356.1	2.704	971.1
356.1	2.754	971.1
356.1	2.804	971.2
356.1	2.854	971.2
356.1	2.904	971.2
356.1	2.954	971.2
356.1	3.004	971.3
356.1	3.054	971.3
356.1	3.104	971.3
356.1	3.154	971.3
356.1	3.204	971.3
356.1	3.254	971.4
356.1	3.304	971.4
356.1	3.354	971.4
356.1	3.404	971.4
356.1	3.454	971.5
356.1	3.504	971.5
356.1	3.554	971.5
356.1	3.605	971.5
356.1	3.655	971.5
356.1	3.705	971.6
356.1	3.755	971.6
356.1	3.805	971.6
356.1	3.855	971.6
356.1	3.905	971.7
356.1	3.955	971.7
356.1	4.005	971.7
356.1	4.055	971.7
356.1	4.105	971.8
356.1	4.155	971.8
356.1	4.205	971.8
356.1	4.255	971.8
356.1	4.305	971.8
356.1	4.355	971.9
356.1	4.405	971.9
356.1	4.455	971.9
356.1	4.505	971.9
356.1	4.555	972
356.1	4.606	972
356.1	4.656	972
356.1	4.706	972
356.1	4.756	972
356.1	4.806	972.1
356.1	4.856	972.1
356.1	4.906	972.1
356.1	4.956	972.1
356.1	5.006	972.2
356.1	5.056	972.2
356.1	5.106	972.2
356.1	5.156	972.2
356.1	5.206	972.2
356.1	5.256	972.3
356.1	5.306	972.3
356.1	5.356	972.3
356.1	5.406	972.3
356.1	5.456	972.4
356.1	5.506	972.4
356.1	5.556	972.4
356.1	5.606	972.4
356.1	5.657	972.4
356.1	5.707	972.5
356.1	5.757	972.5
356.1	5.807	972.5
356.1	5.857	972.5
356.1	5.907	972.6
356.1	5.957	972.6
356.1	6.007	972.6
356.1	6.057	972.6
356.1	6.107	972.6
356.1	6.157	972.7
356.1	6.207	972.7
356.1	6.257	972.7
356.1	6.307	972.7
356.1	6.357	972.8
356.1	6.407	972.8
356.1	6.457	972.8
356.1	6.507	972.8
356.1	6.557	972.8
356.1	6.607	972.9
356.1	6.658	972.9
356.1	6.708	972.9
356.1	6.758	972.9
356.1	6.808	973
356.1	6.858	973
356.1	6.908	973
356.1	6.958	973
356.1	7.008	973
356.1	7.058	973.1
356.1	7.108	973.1
356.1	7.158	973.1
356.1	7.208	973.1
356.1	7.258	973.2
356.1	7.308	973.2
356.1	7.358	973.2
356.1	7.408	973.2
356.1	7.458	973.2
356.1	7.508	973.3
356.1	7.558	973.3
356.1	7.608	973.3
356.1	7.659	973.3
356.1	7.709	973.4
356.1	7.759	973.4
356.1	7.809	973.4
356.1	7.859	973.4
356.1	7.909	973.4
356.1	7.959	973.5
356.1	8.009	973.5
356.1	8.059	973.5
356.1	8.109	973.5
356.1	8.159	973.6
356.1	8.209	973.6
356.1	8.259	973.6
356.1	8.309	973.6
356.1	8.359	973.6
356.1	8.409	973.7
356.1	8.459	973.7
356.1	8.509	973.7
356.1	8.559	973.7
356.1	8.609	973.7
356.1	8.659	973.8
356.1	8.71	973.8
356.1	8.76	973.8
356.1	8.81	973.8
356.1	8.86	973.9
356.1	8.91	973.9
356.1	8.96	973.9
356.1	9.01	973.9
356.1	9.06	973.9
356.1	9.11	974
356.1	9.16	974
356.1	9.21	974
356.1	9.26	974
356.1	9.31	974.1
356.1	9.36	974.1
356.1	9.41	974.1
356.1	9.46	974.1
356.1	9.51	974.1
356.1	9.56	974.2
356.1	9.61	974.2
356.1	9.66	974.2
356.1	9.711	974.2
356.1	9.761	974.3
356.1	9.811	974.3
356.1	9.861	974.3
356.1	9.911	974.3
356.1	9.961	974.3
356.1	10.01	974.4
356.1	10.06	974.4
356.1	10.11	974.4
356.1	10.16	974.4
356.1	10.21	974.5
356.1	10.26	974.5
356.1	10.31	974.5
356.1	10.36	974.5
356.1	10.41	974.5
356.1	10.46	974.6
356.1	10.51	974.6
356.1	10.56	974.6
356.1	10.61	974.6
356.1	10.66	974.7
356.1	10.71	974.7
356.1	10.76	974.7
356.1	10.81	974.7
356.1	10.86	974.7
356.1	10.91	974.8
356.1	10.96	974.8
356.1	11.01	974.8
356.1	11.06	974.8
356.1	11.11	974.8
356.1	11.16	974.9
356.1	11.21	974.9
356.1	11.26	974.9
356.1	11.31	974.9
356.1	11.36	975
356.1	11.41	975
356.1	11.46	975
356.1	11.51	975
356.1	11.56	975
356.1	11.61	975.1
356.1	11.66	975.1
356.1	11.71	975.1
356.1	11.76	975.1
356.1	11.81	975.2
356.1	11.86	975.2
356.1	11.91	975.2
356.1	11.96	975.2
356.1	12.01	975.2
356.1	12.06	975.3
356.1	12.11	975.3
356.1	12.16	975.3
356.1	12.21	975.3
356.1	12.26	975.4
356.1	12.31	975.4
356.1	12.36	975.4
356.1	12.41	975.4
356.1	12.46	975.4
356.1	12.51	975.5
356.1	12.56	975.5
356.1	12.61	975.5
356.1	12.66	975.5
356.1	12.71	975.6
356.1	12.76	975.6
356.1	12.81	975.6
356.1	12.86	975.6
356.1	12.91	975.6
356.1	12.96	975.7
356.1	13.01	975.7
356.1	13.06	975.7
356.1	13.11	975.7
356.1	13.16	975.7
356.1	13.21	975.8
356.1	13.26	975.8
356.1	13.31	975.8
356.1	13.36	975.8
356.1	13.41	975.9
356.1	13.46	975.9
356.1	13.51	975.9
356.1	13.56	975.9
356.1	13.61	975.9
356.1	13.66	976
356.1	13.71	976
356.1	13.76	976
356.1	13.81	976
356.1	13.86	976.1
356.1	13.91	976.1
356.1	13.96	976.1
356.1	14.01	976.1
356.1	14.06	976.1
356.1	14.11	976.2
356.1	14.16	976.2
356.1	14.21	976.2
356.1	14.26	976.2
356.1	14.32	976.2
356.1	14.37	976.3
356.1	14.42	976.3
356.1	14.47	976.3
356.1	14.52	976.3
356.1	14.57	976.4
356.1	14.62	976.4
356.1	14.67	976.4
356.1	14.72	976.4
356.1	14.77	976.4
356.1	14.82	976.5
356.1	14.87	976.5
356.1	14.92	976.5
356.1	14.97	976.5
356.1	15.02	976.6
356.1	15.07	976.6
356.1	15.12	976.6
356.1	15.17	976.6
356.1	15.22	976.6
356.1	15.27	976.7
356.1	15.32	976.7
356.1	15.37	976.7
356.1	15.42	976.7
356.1	15.47	976.7
356.1	15.52	976.8
356.1	15.57	976.8
356.1	15.62	976.8
356.1	15.67	976.8
356.1	15.72	976.9
356.1	15.77	976.9
356.1	15.82	976.9
356.1	15.87	976.9
356.1	15.92	976.9
356.1	15.97	977
356.1	16.02	977
356.1	16.07	977
356.1	16.12	977
356.1	16.17	977.1
356.1	16.22	977.1
356.1	16.27	977.1
356.1	16.32	977.1
356.1	16.37	977.1
356.1	16.42	977.2
356.1	16.47	977.2
356.1	16.52	977.2
356.1	16.57	977.2
356.1	16.62	977.2
356.1	16.67	977.3
356.1	16.72	977.3
356.1	16.77	977.3
356.1	16.82	977.3
356.1	16.87	977.4
356.1	16.92	977.4
356.1	16.97	977.4
356.1	17.02	977.4
356.1	17.07	977.4
356.1	17.12	977.5
356.1	17.17	977.5
356.1	17.22	977.5
356.1	17.27	977.5
356.1	17.32	977.5
356.1	17.37	977.6
356.1	17.42	977.6
356.1	17.47	977.6
356.1	17.52	977.6
356.1	17.57	977.7
356.1	17.62	977.7
356.1	17.67	977.7
356.1	17.72	977.7
356.1	17.77	977.7
356.1	17.82	977.8
356.1	17.87	977.8
356.1	17.92	977.8
356.1	17.97	977.8
356.1	18.02	977.9
356.1	18.07	977.9
356.1	18.12	977.9
356.1	18.17	977.9
356.1	18.22	977.9
356.1	18.27	978
356.1	18.32	978
356.1	18.37	978
356.1	18.42	978
356.1	18.47	978
356.1	18.52	978.1
356.1	18.57	978.1
356.1	18.62	978.1
356.1	18.67	978.1
356.1	18.72	978.2
356.1	18.77	978.2
356.1	18.82	978.2
356.1	18.87	978.2
356.1	18.92	978.2
356.1	18.97	978.3
356.1	19.02	978.3
356.1	19.07	978.3
356.1	19.12	978.3
356.1	19.17	978.3
356.1	19.22	978.4
356.1	19.27	978.4
356.1	19.32	978.4
356.1	19.37	978.4
356.1	19.42	978.5
356.1	19.47	978.5
356.1	19.52	978.5
356.1	19.57	978.5
356.1	19.62	978.5
356.1	19.67	978.6
356.1	19.72	978.6
356.1	19.77	978.6
356.1	19.82	978.6
356.1	19.87	978.6
356.1	19.92	978.7
356.1	19.97	978.7
356.1	20.02	978.7
356.1	20.07	978.7
356.1	20.12	978.8
356.1	20.17	978.8
356.1	20.22	978.8
356.1	20.27	978.8
356.1	20.32	978.8
356.1	20.37	978.9
356.1	20.42	978.9
356.1	20.47	978.9
356.1	20.52	978.9
356.1	20.57	978.9
356.1	20.62	979
356.1	20.67	979
356.1	20.72	979
356.1	20.77	979
356.1	20.82	979.1
356.1	20.87	979.1
356.1	20.92	979.1
356.1	20.97	979.1
356.1	21.02	979.1
356.1	21.07	979.2
356.1	21.12	979.2
356.1	21.17	979.2
356.1	21.22	979.2
356.1	21.27	979.2
356.1	21.32	979.3
356.1	21.37	979.3
356.1	21.42	979.3
356.1	21.47	979.3
356.1	21.52	979.4
356.1	21.57	979.4
356.1	21.62	979.4
356.1	21.67	979.4
356.1	21.72	979.4
356.1	21.77	979.5
356.1	21.82	979.5
356.1	21.87	979.5
356.1	21.92	979.5
356.1	21.97	979.5
356.1	22.02	979.6
356.1	22.07	979.6
356.1	22.12	979.6
356.1	22.17	979.6
356.1	22.22	979.7
356.1	22.27	979.7
356.1	22.32	979.7
356.1	22.37	979.7
356.1	22.42	979.7
356.1	22.47	979.8
356.1	22.52	979.8
356.1	22.57	979.8
356.1	22.62	979.8
356.1	22.67	979.8
356.1	22.72	979.9
356.1	22.77	979.9
356.1	22.82	979.9
356.1	22.87	979.9
356.1	22.92	980
356.1	22.97	980
356.1	23.02	980
356.1	23.07	980
356.1	23.12	980
356.1	23.17	980.1
356.1	23.22	980.1
356.1	23.27	980.1
356.1	23.32	980.1
356.1	23.37	980.1
356.1	23.42	980.2
356.1	23.47	980.2
356.1	23.52	980.2
356.1	23.57	980.2
356.1	23.62	980.3
356.1	23.67	980.3
356.1	23.72	980.3
356.1	23.77	980.3
356.1	23.82	980.3
356.1	23.87	980.4
356.1	23.92	980.4
356.1	23.97	980.4
356.1	24.02	980.4
356.1	24.07	980.4
356.1	24.12	980.5
356.1	24.17	980.5
356.1	24.22	980.5
356.1	24.27	980.5
356.1	24.32	980.5
356.1	24.37	980.6
356.1	24.42	980.6
356.1	24.47	980.6
356.1	24.53	980.6
356.1	24.58	980.7
356.1	24.63	980.7
356.1	24.68	980.7
356.1	24.73	980.7
356.1	24.78	980.7
356.1	24.83	980.8
356.1	24.88	980.8
356.1	24.93	980.8
356.1	24.98	980.8
356.1	25.03	980.8
356.1	25.08	980.9
356.1	25.13	980.9
356.1	25.18	980.9
356.1	25.23	980.9
356.1	25.28	981
356.1	25.33	981
356.1	25.38	981
356.1	25.43	981
356.1	25.48	981
356.1	25.53	981.1
356.1	25.58	981.1
356.1	25.63	981.1
356.1	25.68	981.1
356.1	25.73	981.1
356.1	25.78	981.2
356.1	25.83	981.2
356.1	25.88	981.2
356.1	25.93	981.2
356.1	25.98	981.2
356.1	26.03	981.3
356.1	26.08	981.3
356.1	26.13	981.3
356.1	26.18	981.3
356.1	26.23	981.4
356.1	26.28	981.4
356.1	26.33	981.4
356.1	26.38	981.4
356.1	26.43	981.4
356.1	26.48	981.5
356.1	26.53	981.5
356.1	26.58	981.5
356.1	26.63	981.5
356.1	26.68	981.5
356.1	26.73	981.6
356.1	26.78	981.6
356.1	26.83	981.6
356.1	26.88	981.6
356.1	26.93	981.6
356.1	26.98	981.7
356.1	27.03	981.7
356.1	27.08	981.7
356.1	27.13	981.7
356.1	27.18	981.8
356.1	27.23	981.8
356.1	27.28	981.8
356.1	27.33	981.8
356.1	27.38	981.8
356.1	27.43	981.9
356.1	27.48	981.9
356.1	27.53	981.9
356.1	27.58	981.9
356.1	27.63	981.9
356.1	27.68	982
356.1	27.73	982
356.1	27.78	982
356.1	27.83	982
356.1	27.88	982
356.1	27.93	982.1
356.1	27.98	982.1
356.1	28.03	982.1
356.1	28.08	982.1
356.1	28.13	982.2
356.1	28.18	982.2
356.1	28.23	982.2
356.1	28.28	982.2
356.1	28.33	982.2
356.1	28.38	982.3
356.1	28.43	982.3
356.1	28.48	982.3
356.1	28.53	982.3
356.1	28.58	982.3
356.1	28.63	982.4
356.1	28.68	982.4
356.1	28.73	982.4
356.1	28.78	982.4
356.1	28.83	982.4
356.1	28.88	982.5
356.1	28.93	982.5
356.1	28.98	982.5
356.1	29.03	982.5
356.1	29.08	982.6
356.1	29.13	982.6
356.1	29.18	982.6
356.1	29.23	982.6
356.1	29.28	982.6
356.1	29.33	982.7
356.1	29.38	982.7
356.1	29.43	982.7
356.1	29.48	982.7
356.1	29.53	982.7
356.1	29.58	982.8
356.1	29.63	982.8
356.1	29.68	982.8
356.1	29.73	982.8
356.1	29.78	982.8
356.1	29.83	982.9
356.1	29.88	982.9
356.1	29.93	982.9
356.1	29.98	982.9
356.1	30.03	983
356.1	30.08	983
356.1	30.13	983
356.1	30.18	983
356.1	30.23	983
356.1	30.28	983.1
356.1	30.33	983.1
356.1	30.38	983.1
356.1	30.43	983.1
356.1	30.48	983.1
356.1	30.53	983.2
356.1	30.58	983.2
356.1	30.63	983.2
356.1	30.68	983.2
356.1	30.73	983.2
356.1	30.78	983.3
356.1	30.83	983.3
356.1	30.88	983.3
356.1	30.93	983.3
356.1	30.98	983.3
356.1	31.03	983.4
356.1	31.08	983.4
356.1	31.13	983.4
356.1	31.18	983.4
356.1	31.23	983.5
356.1	31.28	983.5
356.1	31.33	983.5
356.1	31.38	983.5
356.1	31.43	983.5
356.1	31.48	983.6
356.1	31.53	983.6
356.1	31.58	983.6
356.1	31.63	983.6
356.1	31.68	983.6
356.1	31.73	983.7
356.1	31.78	983.7
356.1	31.83	983.7
356.1	31.88	983.7
356.1	31.93	983.7
356.1	31.98	983.8
356.1	32.03	983.8
356.1	32.08	983.8
356.1	32.13	983.8
356.1	32.18	983.9
356.1	32.23	983.9
356.1	32.28	983.9
356.1	32.33	983.9
356.1	32.38	983.9
356.1	32.43	984
356.1	32.48	984
356.1	32.53	984
356.1	32.58	984
356.1	32.63	984
356.1	32.68	984.1
356.1	32.73	984.1
356.1	32.78	984.1
356.1	32.83	984.1
356.1	32.88	984.1
356.1	32.93	984.2
356.1	32.98	984.2
356.1	33.03	984.2
356.1	33.08	984.2
356.1	33.13	984.2
356.1	33.18	984.3
356.1	33.23	984.3
356.1	33.28	984.3
356.1	33.33	984.3
356.1	33.38	984.4
356.1	33.43	984.4
356.1	33.48	984.4
356.1	33.53	984.4
356.1	33.58	984.4
356.1	33.63	984.5
356.1	33.68	984.5
356.1	33.73	984.5
356.1	33.78	984.5
356.1	33.83	984.5
356.1	33.88	984.6
356.1	33.93	984.6
356.1	33.98	984.6
356.1	34.03	984.6
356.1	34.08	984.6
356.1	34.13	984.7
356.1	34.18	984.7
356.1	34.23	984.7
356.1	34.28	984.7
356.1	34.33	984.7
356.1	34.38	984.8
356.1	34.43	984.8
356.1	34.48	984.8
356.1	34.53	984.8
356.1	34.58	984.8
356.1	34.63	984.9
356.1	34.68	984.9
356.1	34.74	984.9
356.1	34.79	984.9
356.1	34.84	985
356.1	34.89	985
356.1	34.94	985
356.1	34.99	985
356.1	35.04	985
356.1	35.09	985.1
356.1	35.14	985.1
356.1	35.19	985.1
356.1	35.24	985.1
356.1	35.29	985.1
356.1	35.34	985.2
356.1	35.39	985.2
356.1	35.44	985.2
356.1	35.49	985.2
356.1	35.54	985.2
356.1	35.59	985.3
356.1	35.64	985.3
356.1	35.69	985.3
356.1	35.74	985.3
356.1	35.79	985.3
356.1	35.84	985.4
356.1	35.89	985.4
356.1	35.94	985.4
356.1	35.99	985.4
356.1	36.04	985.4
356.1	36.09	985.5
356.1	36.14	985.5
356.1	36.19	985.5
356.1	36.24	985.5
356.1	36.29	985.6
356.1	36.34	985.6
356.1	36.39	985.6
356.1	36.44	985.6
356.1	36.49	985.6
356.1	36.54	985.7
356.1	36.59	985.7
356.1	36.64	985.7
356.1	36.69	985.7
356.1	36.74	985.7
356.1	36.79	985.8
356.1	36.84	985.8
356.1	36.89	985.8
356.1	36.94	985.8
356.1	36.99	985.8
356.1	37.04	985.9
356.1	37.09	985.9
356.1	37.14	985.9
356.1	37.19	985.9
356.1	37.24	985.9
356.1	37.29	986
356.1	37.34	986
356.1	37.39	986
356.1	37.44	986
356.1	37.49	986
356.1	37.54	986.1
356.1	37.59	986.1
356.1	37.64	986.1
356.1	37.69	986.1
356.1	37.74	986.1
356.1	37.79	986.2
356.1	37.84	986.2
356.1	37.89	986.2
356.1	37.94	986.2
356.1	37.99	986.3
356.1	38.04	986.3
356.1	38.09	986.3
356.1	38.14	986.3
356.1	38.19	986.3
356.1	38.24	986.4
356.1	38.29	986.4
356.1	38.34	986.4
356.1	38.39	986.4
356.1	38.44	986.4
356.1	38.49	986.5
356.1	38.54	986.5
356.1	38.59	986.5
356.1	38.64	986.5
356.1	38.69	986.5
356.1	38.74	986.6
356.1	38.79	986.6
356.1	38.84	986.6
356.1	38.89	986.6
356.1	38.94	986.6
356.1	38.99	986.7
356.1	39.04	986.7
356.1	39.09	986.7
356.1	39.14	986.7
356.1	39.19	986.7
356.1	39.24	986.8
356.1	39.29	986.8
356.1	39.34	986.8
356.1	39.39	986.8
356.1	39.44	986.8
356.1	39.49	986.9
356.1	39.54	986.9
356.1	39.59	986.9
356.1	39.64	986.9
356.1	39.69	987
356.1	39.74	987
356.1	39.79	987
356.1	39.84	987
356.1	39.89	987
356.1	39.94	987.1
356.1	39.99	987.1
356.1	40.04	987.1
356.1	40.09	987.1
356.1	40.14	987.1
356.1	40.19	987.2
356.1	40.24	987.2
356.1	40.29	987.2
356.1	40.34	987.2
356.1	40.39	987.2
356.1	40.44	987.3
356.1	40.49	987.3
356.1	40.54	987.3
356.1	40.59	987.3
356.1	40.64	987.3
356.1	40.69	987.4
356.1	40.74	987.4
356.1	40.79	987.4
356.1	40.84	987.4
356.1	40.89	987.4
356.1	40.94	987.5
356.1	40.99	987.5
356.1	41.04	987.5
356.1	41.09	987.5
356.1	41.14	987.5
356.1	41.19	987.6
356.1	41.24	987.6
356.1	41.29	987.6
356.1	41.34	987.6
356.1	41.39	987.6
356.1	41.44	987.7
356.1	41.49	987.7
356.1	41.54	987.7
356.1	41.59	987.7
356.1	41.64	987.7
356.1	41.69	987.8
356.1	41.74	987.8
356.1	41.79	987.8
356.1	41.84	987.8
356.1	41.89	987.8
356.1	41.94	987.9
356.1	41.99	987.9
356.1	42.04	987.9
356.1	42.09	987.9
356.1	42.14	988
356.1	42.19	988
356.1	42.24	988
356.1	42.29	988
356.1	42.34	988
356.1	42.39	988.1
356.1	42.44	988.1
356.1	42.49	988.1
356.1	42.54	988.1
356.1	42.59	988.1
356.1	42.64	988.2
356.1	42.69	988.2
356.1	42.74	988.2
356.1	42.79	988.2
356.1	42.84	988.2
356.1	42.89	988.3
356.1	42.94	988.3
356.1	42.99	988.3
356.1	43.04	988.3
356.1	43.09	988.3
356.1	43.14	988.4
356.1	43.19	988.4
356.1	43.24	988.4
356.1	43.29	988.4
356.1	43.34	988.4
356.1	43.39	988.5
356.1	43.44	988.5
356.1	43.49	988.5
356.1	43.54	988.5
356.1	43.59	988.5
356.1	43.64	988.6
356.1	43.69	988.6
356.1	43.74	988.6
356.1	43.79	988.6
356.1	43.84	988.6
356.1	43.89	988.7
356.1	43.94	988.7
356.1	43.99	988.7
356.1	44.04	988.7
356.1	44.09	988.7
356.1	44.14	988.8
356.1	44.19	988.8
356.1	44.24	988.8
356.1	44.29	988.8
356.1	44.34	988.8
356.1	44.39	988.9
356.1	44.44	988.9
356.1	44.49	988.9
356.1	44.54	988.9
356.1	44.59	988.9
356.1	44.64	989
356.1	44.69	989
356.1	44.74	989
356.1	44.79	989
356.1	44.84	989
356.1	44.89	989.1
356.1	44.95	989.1
356.1	45	989.1
356.1	45.05	989.1
356.1	45.1	989.1
356.1	45.15	989.2
356.1	45.2	989.2
356.1	45.25	989.2
356.1	45.3	989.2
356.1	45.35	989.3
356.1	45.4	989.3
356.1	45.45	989.3
356.1	45.5	989.3
356.1	45.55	989.3
356.1	45.6	989.4
356.1	45.65	989.4
356.1	45.7	989.4
356.1	45.75	989.4
356.1	45.8	989.4
356.1	45.85	989.5
356.1	45.9	989.5
356.1	45.95	989.5
356.1	46	989.5
356.1	46.05	989.5
356.1	46.1	989.6
356.1	46.15	989.6
356.1	46.2	989.6
356.1	46.25	989.6
356.1	46.3	989.6
356.1	46.35	989.7
356.1	46.4	989.7
356.1	46.45	989.7
356.1	46.5	989.7
356.1	46.55	989.7
356.1	46.6	989.8
356.1	46.65	989.8
356.1	46.7	989.8
356.1	46.75	989.8
356.1	46.8	989.8
356.1	46.85	989.9
356.1	46.9	989.9
356.1	46.95	989.9
356.1	47	989.9
356.1	47.05	989.9
356.1	47.1	990
356.1	47.15	990
356.1	47.2	990
356.1	47.25	990
356.1	47.3	990
356.1	47.35	990.1
356.1	47.4	990.1
356.1	47.45	990.1
356.1	47.5	990.1
356.1	47.55	990.1
356.1	47.6	990.2
356.1	47.65	990.2
356.1	47.7	990.2
356.1	47.75	990.2
356.1	47.8	990.2
356.1	47.85	990.3
356.1	47.9	990.3
356.1	47.95	990.3
356.1	48	990.3
356.1	48.05	990.3
356.1	48.1	990.4
356.1	48.15	990.4
356.1	48.2	990.4
356.1	48.25	990.4
356.1	48.3	990.4
356.1	48.35	990.5
356.1	48.4	990.5
356.1	48.45	990.5
356.1	48.5	990.5
356.1	48.55	990.5
356.1	48.6	990.6
356.1	48.65	990.6
356.1	48.7	990.6
356.1	48.75	990.6
356.1	48.8	990.6
356.1	48.85	990.7
356.1	48.9	990.7
356.1	48.95	990.7
356.1	49	990.7
356.1	49.05	990.7
356.1	49.1	990.8
356.1	49.15	990.8
356.1	49.2	990.8
356.1	49.25	990.8
356.1	49.3	990.8
356.1	49.35	990.9
356.1	49.4	990.9
356.1	49.45	990.9
356.1	49.5	990.9
356.1	49.55	990.9
356.1	49.6	991
356.1	49.65	991
356.1	49.7	991
356.1	49.75	991
356.1	49.8	991
356.1	49.85	991.1
356.1	49.9	991.1
356.1	49.95	991.1
356.1	50	991.1
373.7	0.001	0.005798
373.7	0.05105	0.2982
373.7	0.1011	0.5952
373.7	0.1511	957.9
373.7	0.2012	958
373.7	0.2512	958
373.7	0.3013	958
373.7	0.3513	958
373.7	0.4014	958.1
373.7	0.4514	958.1
373.7	0.5015	958.1
373.7	0.5515	958.1
373.7	0.6016	958.2
373.7	0.6516	958.2
373.7	0.7017	958.2
373.7	0.7517	958.2
373.7	0.8018	958.3
373.7	0.8518	958.3
373.7	0.9019	958.3
373.7	0.9519	958.3
373.7	1.002	958.3
373.7	1.052	958.4
373.7	1.102	958.4
373.7	1.152	958.4
373.7	1.202	958.4
373.7	1.252	958.5
373.7	1.302	958.5
373.7	1.352	958.5
373.7	1.402	958.5
373.7	1.452	958.6
373.7	1.502	958.6
373.7	1.553	958.6
373.7	1.603	958.6
373.7	1.653	958.7
373.7	1.703	958.7
373.7	1.753	958.7
373.7	1.803	958.7
373.7	1.853	958.7
373.7	1.903	958.8
373.7	1.953	958.8
373.7	2.003	958.8
373.7	2.053	958.8
373.7	2.103	958.9
373.7	2.153	958.9
373.7	2.203	958.9
373.7	2.253	958.9
373.7	2.303	959
373.7	2.353	959
373.7	2.403	959
373.7	2.453	959
373.7	2.503	959.1
373.7	2.554	959.1
373.7	2.604	959.1
373.7	2.654	959.1
373.7	2.704	959.1
373.7	2.754	959.2
373.7	2.804	959.2
373.7	2.854	959.2
373.7	2.904	959.2
373.7	2.954	959.3
373.7	3.004	959.3
373.7	3.054	959.3
373.7	3.104	959.3
373.7	3.154	959.4
373.7	3.204	959.4
373.7	3.254	959.4
373.7	3.304	959.4
373.7	3.354	959.4
373.7	3.404	959.5
373.7	3.454	959.5
373.7	3.504	959.5
373.7	3.554	959.5
373.7	3.605	959.6
373.7	3.655	959.6
373.7	3.705	959.6
373.7	3.755	959.6
373.7	3.805	959.7
373.7	3.855	959.7
373.7	3.905	959.7
373.7	3.955	959.7
373.7	4.005	959.8
373.7	4.055	959.8
373.7	4.105	959.8
373.7	4.155	959.8
373.7	4.205	959.8
373.7	4.255	959.9
373.7	4.305	959.9
373.7	4.355	959.9
373.7	4.405	959.9
373.7	4.455	960
373.7	4.505	960
373.7	4.555	960
373.7	4.606	960
373.7	4.656	960.1
373.7	4.706	960.1
373.7	4.756	960.1
373.7	4.806	960.1
373.7	4.856	960.1
373.7	4.906	960.2
373.7	4.956	960.2
373.7	5.006	960.2
373.7	5.056	960.2
373.7	5.106	960.3
373.7	5.156	960.3
373.7	5.206	960.3
373.7	5.256	960.3
373.7	5.306	960.4
373.7	5.356	960.4
373.7	5.406	960.4
373.7	5.456	960.4
373.7	5.506	960.4
373.7	5.556	960.5
373.7	5.606	960.5
373.7	5.657	960.5
373.7	5.707	960.5
373.7	5.757	960.6
373.7	5.807	960.6
373.7	5.857	960.6
373.7	5.907	960.6
373.7	5.957	960.7
373.7	6.007	960.7
373.7	6.057	960.7
373.7	6.107	960.7
373.7	6.157	960.8
373.7	6.207	960.8
373.7	6.257	960.8
373.7	6.307	960.8
373.7	6.357	960.8
373.7	6.407	960.9
373.7	6.457	960.9
373.7	6.507	960.9
373.7	6.557	960.9
373.7	6.607	961
373.7	6.658	961
373.7	6.708	961
373.7	6.758	961
373.7	6.808	961.1
373.7	6.858	961.1
373.7	6.908	961.1
373.7	6.958	961.1
373.7	7.008	961.1
373.7	7.058	961.2
373.7	7.108	961.2
373.7	7.158	961.2
373.7	7.208	961.2
373.7	7.258	961.3
373.7	7.308	961.3
373.7	7.358	961.3
373.7	7.408	961.3
373.7	7.458	961.4
373.7	7.508	961.4
373.7	7.558	961.4
373.7	7.608	961.4
373.7	7.659	961.4
373.7	7.709	961.5
373.7	7.759	961.5
373.7	7.809	961.5
373.7	7.859	961.5
373.7	7.909	961.6
373.7	7.959	961.6
373.7	8.009	961.6
373.7	8.059	961.6
373.7	8.109	961.7
373.7	8.159	961.7
373.7	8.209	961.7
373.7	8.259	961.7
373.7	8.309	961.7
373.7	8.359	961.8
373.7	8.409	961.8
373.7	8.459	961.8
373.7	8.509	961.8
373.7	8.559	961.9
373.7	8.609	961.9
373.7	8.659	961.9
373.7	8.71	961.9
373.7	8.76	961.9
373.7	8.81	962
373.7	8.86	962
373.7	8.91	962
373.7	8.96	962
373.7	9.01	962.1
373.7	9.06	962.1
373.7	9.11	962.1
373.7	9.16	962.1
373.7	9.21	962.2
373.7	9.26	962.2
373.7	9.31	962.2
373.7	9.36	962.2
373.7	9.41	962.2
373.7	9.46	962.3
373.7	9.51	962.3
373.7	9.56	962.3
373.7	9.61	962.3
373.7	9.66	962.4
373.7	9.711	962.4
373.7	9.761	962.4
373.7	9.811	962.4
373.7	9.861	962.5
373.7	9.911	962.5
373.7	9.961	962.5
373.7	10.01	962.5
373.7	10.06	962.5
373.7	10.11	962.6
373.7	10.16	962.6
373.7	10.21	962.6
373.7	10.26	962.6
373.7	10.31	962.7
373.7	10.36	962.7
373.7	10.41	962.7
373.7	10.46	962.7
373.7	10.51	962.8
373.7	10.56	962.8
373.7	10.61	962.8
373.7	10.66	962.8
373.7	10.71	962.8
373.7	10.76	962.9
373.7	10.81	962.9
373.7	10.86	962.9
373.7	10.91	962.9
373.7	10.96	963
373.7	11.01	963
373.7	11.06	963
373.7	11.11	963
373.7	11.16	963
373.7	11.21	963.1
373.7	11.26	963.1
373.7	11.31	963.1
373.7	11.36	963.1
373.7	11.41	963.2
373.7	11.46	963.2
373.7	11.51	963.2
373.7	11.56	963.2
373.7	11.61	963.3
373.7	11.66	963.3
373.7	11.71	963.3
373.7	11.76	963.3
373.7	11.81	963.3
373.7	11.86	963.4
373.7	11.91	963.4
373.7	11.96	963.4
373.7	12.01	963.4
373.7	12.06	963.5
373.7	12.11	963.5
373.7	12.16	963.5
373.7	12.21	963.5
373.7	12.26	963.5
373.7	12.31	963.6
373.7	12.36	963.6
373.7	12.41	963.6
373.7	12.46	963.6
373.7	12.51	963.7
373.7	12.56	963.7
373.7	12.61	963.7
373.7	12.66	963.7
373.7	12.71	963.8
373.7	12.76	963.8
373.7	12.81	963.8
373.7	12.86	963.8
373.7	12.91	963.8
373.7	12.96	963.9
373.7	13.01	963.9
373.7	13.06	963.9
373.7	13.11	963.9
373.7	13.16	964
373.7	13.21	964
373.7	13.26	964
373.7	13.31	964
373.7	13.36	964
373.7	13.41	964.1
373.7	13.46	964.1
373.7	13.51	964.1
373.7	13.56	964.1
373.7	13.61	964.2
373.7	13.66	964.2
373.7	13.71	964.2
373.7	13.76	964.2
373.7	13.81	964.3
373.7	13.86	964.3
373.7	13.91	964.3
373.7	13.96	964.3
373.7	14.01	964.3
373.7	14.06	964.4
373.7	14.11	964.4
373.7	14.16	964.4
373.7	14.21	964.4
373.7	14.26	964.5
373.7	14.32	964.5
373.7	14.37	964.5
373.7	14.42	964.5
373.7	14.47	964.5
373.7	14.52	964.6
373.7	14.57	964.6
373.7	14.62	964.6
373.7	14.67	964.6
373.7	14.72	964.7
373.7	14.77	964.7
373.7	14.82	964.7
373.7	14.87	964.7
373.7	14.92	964.8
373.7	14.97	964.8
373.7	15.02	964.8
373.7	15.07	964.8
373.7	15.12	964.8
373.7	15.17	964.9
373.7	15.22	964.9
373.7	15.27	964.9
373.7	15.32	964.9
373.7	15.37	965
373.7	15.42	965
373.7	15.47	965
373.7	15.52	965
373.7	15.57	965
373.7	15.62	965.1
373.7	15.67	965.1
373.7	15.72	965.1
373.7	15.77	965.1
373.7	15.82	965.2
373.7	15.87	965.2
373.7	15.92	965.2
373.7	15.97	965.2
373.7	16.02	965.2
373.7	16.07	965.3
373.7	16.12	965.3
373.7	16.17	965.3
373.7	16.22	965.3
373.7	16.27	965.4
373.7	16.32	965.4
373.7	16.37	965.4
373.7	16.42	965.4
373.7	16.47	965.4
373.7	16.52	965.5
373.7	16.57	965.5
373.7	16.62	965.5
373.7	16.67	965.5
373.7	16.72	965.6
373.7	16.77	965.6
373.7	16.82	965.6
373.7	16.87	965.6
373.7	16.92	965.7
373.7	16.97	965.7
373.7	17.02	965.7
373.7	17.07	965.7
373.7	17.12	965.7
373.7	17.17	965.8
373.7	17.22	965.8
373.7	17.27	965.8
373.7	17.32	965.8
373.7	17.37	965.9
373.7	17.42	965.9
373.7	17.47	965.9
373.7	17.52	965.9
373.7	17.57	965.9
373.7	17.62	966
373.7	17.67	966
373.7	17.72	966
373.7	17.77	966
373.7	17.82	966.1
373.7	17.87	966.1
373.7	17.92	966.1
373.7	17.97	966.1
373.7	18.02	966.1
373.7	18.07	966.2
373.7	18.12	966.2
373.7	18.17	966.2
373.7	18.22	966.2
373.7	18.27	966.3
373.7	18.32	966.3
373.7	18.37	966.3
373.7	18.42	966.3
373.7	18.47	966.3
373.7	18.52	966.4
373.7	18.57	966.4
373.7	18.62	966.4
373.7	18.67	966.4
373.7	18.72	966.5
373.7	18.77	966.5
373.7	18.82	966.5
373.7	18.87	966.5
373.7	18.92	966.5
373.7	18.97	966.6
373.7	19.02	966.6
373.7	19.07	966.6
373.7	19.12	966.6
373.7	19.17	966.7
373.7	19.22	966.7
373.7	19.27	966.7
373.7	19.32	966.7
373.7	19.37	966.7
373.7	19.42	966.8
373.7	19.47	966.8
373.7	19.52	966.8
373.7	19.57	966.8
373.7	19.62	966.9
373.7	19.67	966.9
373.7	19.72	966.9
373.7	19.77	966.9
373.7	19.82	966.9
373.7	19.87	967
373.7	19.92	967
373.7	19.97	967
373.7	20.02	967
373.7	20.07	967.1
373.7	20.12	967.1
373.7	20.17	967.1
373.7	20.22	967.1
373.7	20.27	967.1
373.7	20.32	967.2
373.7	20.37	967.2
373.7	20.42	967.2
373.7	20.47	967.2
373.7	20.52	967.3
373.7	20.57	967.3
373.7	20.62	967.3
373.7	20.67	967.3
373.7	20.72	967.3
373.7	20.77	967.4
373.7	20.82	967.4
373.7	20.87	967.4
373.7	20.92	967.4
373.7	20.97	967.5
373.7	21.02	967.5
373.7	21.07	967.5
373.7	21.12	967.5
373.7	21.17	967.5
373.7	21.22	967.6
373.7	21.27	967.6
373.7	21.32	967.6
373.7	21.37	967.6
373.7	21.42	967.7
373.7	21.47	967.7
373.7	21.52	967.7
373.7	21.57	967.7
373.7	21.62	967.7
373.7	21.67	967.8
373.7	21.72	967.8
373.7	21.77	967.8
373.7	21.82	967.8
373.7	21.87	967.9
373.7	21.92	967.9
373.7	21.97	967.9
373.7	22.02	967.9
373.7	22.07	967.9
373.7	22.12	968
373.7	22.17	968
373.7	22.22	968
373.7	22.27	968
373.7	22.32	968.1
373.7	22.37	968.1
373.7	22.42	968.1
373.7	22.47	968.1
373.7	22.52	968.1
373.7	22.57	968.2
373.7	22.62	968.2
373.7	22.67	968.2
373.7	22.72	968.2
373.7	22.77	968.3
373.7	22.82	968.3
373.7	22.87	968.3
373.7	22.92	968.3
373.7	22.97	968.3
373.7	23.02	968.4
373.7	23.07	968.4
373.7	23.12	968.4
373.7	23.17	968.4
373.7	23.22	968.5
373.7	23.27	968.5
373.7	23.32	968.5
373.7	23.37	968.5
373.7	23.42	968.5
373.7	23.47	968.6
373.7	23.52	968.6
373.7	23.57	968.6
373.7	23.62	968.6
373.7	23.67	968.7
373.7	23.72	968.7
373.7	23.77	968.7
373.7	23.82	968.7
373.7	23.87	968.7
373.7	23.92	968.8
373.7	23.97	968.8
373.7	24.02	968.8
373.7	24.07	968.8
373.7	24.12	968.9
373.7	24.17	968.9
373.7	24.22	968.9
373.7	24.27	968.9
373.7	24.32	968.9
373.7	24.37	969
373.7	24.42	969
373.7	24.47	969
373.7	24.53	969
373.7	24.58	969.1
373.7	24.63	969.1
373.7	24.68	969.1
373.7	24.73	969.1
373.7	24.78	969.1
373.7	24.83	969.2
373.7	24.88	969.2
373.7	24.93	969.2
373.7	24.98	969.2
373.7	25.03	969.3
373.7	25.08	969.3
373.7	25.13	969.3
373.7	25.18	969.3
373.7	25.23	969.3
373.7	25.28	969.4
373.7	25.33	969.4
373.7	25.38	969.4
373.7	25.43	969.4
373.7	25.48	969.4
373.7	25.53	969.5
373.7	25.58	969.5
373.7	25.63	969.5
373.7	25.68	969.5
373.7	25.73	969.6
373.7	25.78	969.6
373.7	25.83	969.6
373.7	25.88	969.6
373.7	25.93	969.6
373.7	25.98	969.7
373.7	26.03	969.7
373.7	26.08	969.7
373.7	26.13	969.7
373.7	26.18	969.8
373.7	26.23	969.8
373.7	26.28	969.8
373.7	26.33	969.8
373.7	26.38	969.8
373.7	26.43	969.9
373.7	26.48	969.9
373.7	26.53	969.9
373.7	26.58	969.9
373.7	26.63	970
373.7	26.68	970
373.7	26.73	970
373.7	26.78	970
373.7	26.83	970
373.7	26.88	970.1
373.7	26.93	970.1
373.7	26.98	970.1
373.7	27.03	970.1
373.7	27.08	970.1
373.7	27.13	970.2
373.7	27.18	970.2
373.7	27.23	970.2
373.7	27.28	970.2
373.7	27.33	970.3
373.7	27.38	970.3
373.7	27.43	970.3
373.7	27.48	970.3
373.7	27.53	970.3
373.7	27.58	970.4
373.7	27.63	970.4
373.7	27.68	970.4
373.7	27.73	970.4
373.7	27.78	970.5
373.7	27.83	970.5
373.7	27.88	970.5
373.7	27.93	970.5
373.7	27.98	970.5
373.7	28.03	970.6
373.7	28.08	970.6
373.7	28.13	970.6
373.7	28.18	970.6
373.7	28.23	970.7
373.7	28.28	970.7
373.7	28.33	970.7
373.7	28.38	970.7
373.7	28.43	970.7
373.7	28.48	970.8
373.7	28.53	970.8
373.7	28.58	970.8
373.7	28.63	970.8
373.7	28.68	970.8
373.7	28.73	970.9
373.7	28.78	970.9
373.7	28.83	970.9
373.7	28.88	970.9
373.7	28.93	971
373.7	28.98	971
373.7	29.03	971
373.7	29.08	971
373.7	29.13	971
373.7	29.18	971.1
373.7	29.23	971.1
373.7	29.28	971.1
373.7	29.33	971.1
373.7	29.38	971.2
373.7	29.43	971.2
373.7	29.48	971.2
373.7	29.53	971.2
373.7	29.58	971.2
373.7	29.63	971.3
373.7	29.68	971.3
373.7	29.73	971.3
373.7	29.78	971.3
373.7	29.83	971.3
373.7	29.88	971.4
373.7	29.93	971.4
373.7	29.98	971.4
373.7	30.03	971.4
373.7	30.08	971.5
373.7	30.13	971.5
373.7	30.18	971.5
373.7	30.23	971.5
373.7	30.28	971.5
373.7	30.33	971.6
373.7	30.38	971.6
373.7	30.43	971.6
373.7	30.48	971.6
373.7	30.53	971.7
373.7	30.58	971.7
373.7	30.63	971.7
373.7	30.68	971.7
373.7	30.73	971.7
373.7	30.78	971.8
373.7	30.83	971.8
373.7	30.88	971.8
373.7	30.93	971.8
373.7	30.98	971.8
373.7	31.03	971.9
373.7	31.08	971.9
373.7	31.13	971.9
373.7	31.18	971.9
373.7	31.23	972
373.7	31.28	972
373.7	31.33	972
373.7	31.38	972
373.7	31.43	972
373.7	31.48	972.1
373.7	31.53	972.1
373.7	31.58	972.1
373.7	31.63	972.1
373.7	31.68	972.1
373.7	31.73	972.2
373.7	31.78	972.2
373.7	31.83	972.2
373.7	31.88	972.2
373.7	31.93	972.3
373.7	31.98	972.3
373.7	32.03	972.3
373.7	32.08	972.3
373.7	32.13	972.3
373.7	32.18	972.4
373.7	32.23	972.4
373.7	32.28	972.4
373.7	32.33	972.4
373.7	32.38	972.5
373.7	32.43	972.5
373.7	32.48	972.5
373.7	32.53	972.5
373.7	32.58	972.5
373.7	32.63	972.6
373.7	32.68	972.6
373.7	32.73	972.6
373.7	32.78	972.6
373.7	32.83	972.6
373.7	32.88	972.7
373.7	32.93	972.7
373.7	32.98	972.7
373.7	33.03	972.7
373.7	33.08	972.8
373.7	33.13	972.8
373.7	33.18	972.8
373.7	33.23	972.8
373.7	33.28	972.8
373.7	33.33	972.9
373.7	33.38	972.9
373.7	33.43	972.9
373.7	33.48	972.9
373.7	33.53	972.9
373.7	33.58	973
373.7	33.63	973
373.7	33.68	973
373.7	33.73	973
373.7	33.78	973.1
373.7	33.83	973.1
373.7	33.88	973.1
373.7	33.93	973.1
373.7	33.98	973.1
373.7	34.03	973.2
373.7	34.08	973.2
373.7	34.13	973.2
373.7	34.18	973.2
373.7	34.23	973.2
373.7	34.28	973.3
373.7	34.33	973.3
373.7	34.38	973.3
373.7	34.43	973.3
373.7	34.48	973.4
373.7	34.53	973.4
373.7	34.58	973.4
373.7	34.63	973.4
373.7	34.68	973.4
373.7	34.74	973.5
373.7	34.79	973.5
373.7	34.84	973.5
373.7	34.89	973.5
373.7	34.94	973.5
373.7	34.99	973.6
373.7	35.04	973.6
373.7	35.09	973.6
373.7	35.14	973.6
373.7	35.19	973.7
373.7	35.24	973.7
373.7	35.29	973.7
373.7	35.34	973.7
373.7	35.39	973.7
373.7	35.44	973.8
373.7	35.49	973.8
373.7	35.54	973.8
373.7	35.59	973.8
373.7	35.64	973.8
373.7	35.69	973.9
373.7	35.74	973.9
373.7	35.79	973.9
373.7	35.84	973.9
373.7	35.89	974
373.7	35.94	974
373.7	35.99	974
373.7	36.04	974
373.7	36.09	974
373.7	36.14	974.1
373.7	36.19	974.1
373.7	36.24	974.1
373.7	36.29	974.1
373.7	36.34	974.1
373.7	36.39	974.2
373.7	36.44	974.2
373.7	36.49	974.2
373.7	36.54	974.2
373.7	36.59	974.3
373.7	36.64	974.3
373.7	36.69	974.3
373.7	36.74	974.3
373.7	36.79	974.3
373.7	36.84	974.4
373.7	36.89	974.4
373.7	36.94	974.4
373.7	36.99	974.4
373.7	37.04	974.4
373.7	37.09	974.5
373.7	37.14	974.5
373.7	37.19	974.5
373.7	37.24	974.5
373.7	37.29	974.6
373.7	37.34	974.6
373.7	37.39	974.6
373.7	37.44	974.6
373.7	37.49	974.6
373.7	37.54	974.7
373.7	37.59	974.7
373.7	37.64	974.7
373.7	37.69	974.7
373.7	37.74	974.7
373.7	37.79	974.8
373.7	37.84	974.8
373.7	37.89	974.8
373.7	37.94	974.8
373.7	37.99	974.8
373.7	38.04	974.9
373.7	38.09	974.9
373.7	38.14	974.9
373.7	38.19	974.9
373.7	38.24	975
373.7	38.29	975
373.7	38.34	975
373.7	38.39	975
373.7	38.44	975
373.7	38.49	975.1
373.7	38.54	975.1
373.7	38.59	975.1
373.7	38.64	975.1
373.7	38.69	975.1
373.7	38.74	975.2
373.7	38.79	975.2
373.7	38.84	975.2
373.7	38.89	975.2
373.7	38.94	975.3
373.7	38.99	975.3
373.7	39.04	975.3
373.7	39.09	975.3
373.7	39.14	975.3
373.7	39.19	975.4
373.7	39.24	975.4
373.7	39.29	975.4
373.7	39.34	975.4
373.7	39.39	975.4
373.7	39.44	975.5
373.7	39.49	975.5
373.7	39.54	975.5
373.7	39.59	975.5
373.7	39.64	975.5
373.7	39.69	975.6
373.7	39.74	975.6
373.7	39.79	975.6
373.7	39.84	975.6
373.7	39.89	975.7
373.7	39.94	975.7
373.7	39.99	975.7
373.7	40.04	975.7
373.7	40.09	975.7
373.7	40.14	975.8
373.7	40.19	975.8
373.7	40.24	975.8
373.7	40.29	975.8
373.7	40.34	975.8
373.7	40.39	975.9
373.7	40.44	975.9
373.7	40.49	975.9
373.7	40.54	975.9
373.7	40.59	976
373.7	40.64	976
373.7	40.69	976
373.7	40.74	976
373.7	40.79	976
373.7	40.84	976.1
373.7	40.89	976.1
373.7	40.94	976.1
373.7	40.99	976.1
373.7	41.04	976.1
373.7	41.09	976.2
373.7	41.14	976.2
373.7	41.19	976.2
373.7	41.24	976.2
373.7	41.29	976.2
373.7	41.34	976.3
373.7	41.39	976.3
373.7	41.44	976.3
373.7	41.49	976.3
373.7	41.54	976.4
373.7	41.59	976.4
373.7	41.64	976.4
373.7	41.69	976.4
373.7	41.74	976.4
373.7	41.79	976.5
373.7	41.84	976.5
373.7	41.89	976.5
373.7	41.94	976.5
373.7	41.99	976.5
373.7	42.04	976.6
373.7	42.09	976.6
373.7	42.14	976.6
373.7	42.19	976.6
373.7	42.24	976.6
373.7	42.29	976.7
373.7	42.34	976.7
373.7	42.39	976.7
373.7	42.44	976.7
373.7	42.49	976.8
373.7	42.54	976.8
373.7	42.59	976.8
373.7	42.64	976.8
373.7	42.69	976.8
373.7	42.74	976.9
373.7	42.79	976.9
373.7	42.84	976.9
373.7	42.89	976.9
373.7	42.94	976.9
373.7	42.99	977
373.7	43.04	977
373.7	43.09	977
373.7	43.14	977
373.7	43.19	977
373.7	43.24	977.1
373.7	43.29	977.1
373.7	43.34	977.1
373.7	43.39	977.1
373.7	43.44	977.2
373.7	43.49	977.2
373.7	43.54	977.2
373.7	43.59	977.2
373.7	43.64	977.2
373.7	43.69	977.3
373.7	43.74	977.3
373.7	43.79	977.3
373.7	43.84	977.3
373.7	43.89	977.3
373.7	43.94	977.4
373.7	43.99	977.4
373.7	44.04	977.4
373.7	44.09	977.4
373.7	44.14	977.4
373.7	44.19	977.5
373.7	44.24	977.5
373.7	44.29	977.5
373.7	44.34	977.5
373.7	44.39	977.5
373.7	44.44	977.6
373.7	44.49	977.6
373.7	44.54	977.6
373.7	44.59	977.6
373.7	44.64	977.7
373.7	44.69	977.7
373.7	44.74	977.7
373.7	44.79	977.7
373.7	44.84	977.7
373.7	44.89	977.8
373.7	44.95	977.8
373.7	45	977.8
373.7	45.05	977.8
373.7	45.1	977.8
373.7	45.15	977.9
373.7	45.2	977.9
373.7	45.25	977.9
373.7	45.3	977.9
373.7	45.35	977.9
373.7	45.4	978
373.7	45.45	978
373.7	45.5	978
373.7	45.55	978
373.7	45.6	978.1
373.7	45.65	978.1
373.7	45.7	978.1
373.7	45.75	978.1
373.7	45.8	978.1
373.7	45.85	978.2
373.7	45.9	978.2
373.7	45.95	978.2
373.7	46	978.2
373.7	46.05	978.2
373.7	46.1	978.3
373.7	46.15	978.3
373.7	46.2	978.3
373.7	46.25	978.3
373.7	46.3	978.3
373.7	46.35	978.4
373.7	46.4	978.4
373.7	46.45	978.4
373.7	46.5	978.4
373.7	46.55	978.4
373.7	46.6	978.5
373.7	46.65	978.5
373.7	46.7	978.5
373.7	46.75	978.5
373.7	46.8	978.6
373.7	46.85	978.6
373.7	46.9	978.6
373.7	46.95	978.6
373.7	47	978.6
373.7	47.05	978.7
373.7	47.1	978.7
373.7	47.15	978.7
373.7	47.2	978.7
373.7	47.25	978.7
373.7	47.3	978.8
373.7	47.35	978.8
373.7	47.4	978.8
373.7	47.45	978.8
373.7	47.5	978.8
373.7	47.55	978.9
373.7	47.6	978.9
373.7	47.65	978.9
373.7	47.7	978.9
373.7	47.75	978.9
373.7	47.8	979
373.7	47.85	979
373.7	47.9	979
373.7	47.95	979
373.7	48	979
373.7	48.05	979.1
373.7	48.1	979.1
373.7	48.15	979.1
373.7	48.2	979.1
373.7	48.25	979.2
373.7	48.3	979.2
373.7	48.35	979.2
373.7	48.4	979.2
373.7	48.45	979.2
373.7	48.5	979.3
373.7	48.55	979.3
373.7	48.6	979.3
373.7	48.65	979.3
373.7	48.7	979.3
373.7	48.75	979.4
373.7	48.8	979.4
373.7	48.85	979.4
373.7	48.9	979.4
373.7	48.95	979.4
373.7	49	979.5
373.7	49.05	979.5
373.7	49.1	979.5
373.7	49.15	979.5
373.7	49.2	979.5
373.7	49.25	979.6
373.7	49.3	979.6
373.7	49.35	979.6
373.7	49.4	979.6
373.7	49.45	979.7
373.7	49.5	979.7
373.7	49.55	979.7
373.7	49.6	979.7
373.7	49.65	979.7
373.7	49.7	979.8
373.7	49.75	979.8
373.7	49.8	979.8
373.7	49.85	979.8
373.7	49.9	979.8
373.7	49.95	979.9
373.7	50	979.9
391.4	0.001	0.005536
391.4	0.05105	0.2843
391.4	0.1011	0.5665
391.4	0.1511	0.8524
391.4	0.2012	944.5
391.4	0.2512	944.5
391.4	0.3013	944.6
391.4	0.3513	944.6
391.4	0.4014	944.6
391.4	0.4514	944.6
391.4	0.5015	944.7
391.4	0.5515	944.7
391.4	0.6016	944.7
391.4	0.6516	944.7
391.4	0.7017	944.8
391.4	0.7517	944.8
391.4	0.8018	944.8
391.4	0.8518	944.8
391.4	0.9019	944.9
391.4	0.9519	944.9
391.4	1.002	944.9
391.4	1.052	944.9
391.4	1.102	945
391.4	1.152	945
391.4	1.202	945
391.4	1.252	945
391.4	1.302	945.1
391.4	1.352	945.1
391.4	1.402	945.1
391.4	1.452	945.1
391.4	1.502	945.2
391.4	1.553	945.2
391.4	1.603	945.2
391.4	1.653	945.2
391.4	1.703	945.3
391.4	1.753	945.3
391.4	1.803	945.3
391.4	1.853	945.3
391.4	1.903	945.4
391.4	1.953	945.4
391.4	2.003	945.4
391.4	2.053	945.4
391.4	2.103	945.4
391.4	2.153	945.5
391.4	2.203	945.5
391.4	2.253	945.5
391.4	2.303	945.5
391.4	2.353	945.6
391.4	2.403	945.6
391.4	2.453	945.6
391.4	2.503	945.6
391.4	2.554	945.7
391.4	2.604	945.7
391.4	2.654	945.7
391.4	2.704	945.7
391.4	2.754	945.8
391.4	2.804	945.8
391.4	2.854	945.8
391.4	2.904	945.8
391.4	2.954	945.9
391.4	3.004	945.9
391.4	3.054	945.9
391.4	3.104	945.9
391.4	3.154	946
391.4	3.204	946
391.4	3.254	946
391.4	3.304	946
391.4	3.354	946.1
391.4	3.404	946.1
391.4	3.454	946.1
391.4	3.504	946.1
391.4	3.554	946.2
391.4	3.605	946.2
391.4	3.655	946.2
391.4	3.705	946.2
391.4	3.755	946.3
391.4	3.805	946.3
391.4	3.855	946.3
391.4	3.905	946.3
391.4	3.955	946.4
391.4	4.005	946.4
391.4	4.055	946.4
391.4	4.105	946.4
391.4	4.155	946.5
391.4	4.205	946.5
391.4	4.255	946.5
391.4	4.305	946.5
391.4	4.355	946.6
391.4	4.405	946.6
391.4	4.455	946.6
391.4	4.505	946.6
391.4	4.555	946.7
391.4	4.606	946.7
391.4	4.656	946.7
391.4	4.706	946.7
391.4	4.756	946.8
391.4	4.806	946.8
391.4	4.856	946.8
391.4	4.906	946.8
391.4	4.956	946.9
391.4	5.006	946.9
391.4	5.056	946.9
391.4	5.106	946.9
391.4	5.156	947
391.4	5.206	947
391.4	5.256	947
391.4	5.306	947
391.4	5.356	947.1
391.4	5.406	947.1
391.4	5.456	947.1
391.4	5.506	947.1
391.4	5.556	947.1
391.4	5.606	947.2
391.4	5.657	947.2
391.4	5.707	947.2
391.4	5.757	947.2
391.4	5.807	947.3
391.4	5.857	947.3
391.4	5.907	947.3
391.4	5.957	947.3
391.4	6.007	947.4
391.4	6.057	947.4
391.4	6.107	947.4
391.4	6.157	947.4
391.4	6.207	947.5
391.4	6.257	947.5
391.4	6.307	947.5
391.4	6.357	947.5
391.4	6.407	947.6
391.4	6.457	947.6
391.4	6.507	947.6
391.4	6.557	947.6
391.4	6.607	947.7
391.4	6.658	947.7
391.4	6.708	947.7
391.4	6.758	947.7
391.4	6.808	947.8
391.4	6.858	947.8
391.4	6.908	947.8
391.4	6.958	947.8
391.4	7.008	947.9
391.4	7.058	947.9
391.4	7.108	947.9
391.4	7.158	947.9
391.4	7.208	948
391.4	7.258	948
391.4	7.308	948
391.4	7.358	948
391.4	7.408	948.1
391.4	7.458	948.1
391.4	7.508	948.1
391.4	7.558	948.1
391.4	7.608	948.1
391.4	7.659	948.2
391.4	7.709	948.2
391.4	7.759	948.2
391.4	7.809	948.2
391.4	7.859	948.3
391.4	7.909	948.3
391.4	7.959	948.3
391.4	8.009	948.3
391.4	8.059	948.4
391.4	8.109	948.4
391.4	8.159	948.4
391.4	8.209	948.4
391.4	8.259	948.5
391.4	8.309	948.5
391.4	8.359	948.5
391.4	8.409	948.5
391.4	8.459	948.6
391.4	8.509	948.6
391.4	8.559	948.6
391.4	8.609	948.6
391.4	8.659	948.7
391.4	8.71	948.7
391.4	8.76	948.7
391.4	8.81	948.7
391.4	8.86	948.8
391.4	8.91	948.8
391.4	8.96	948.8
391.4	9.01	948.8
391.4	9.06	948.9
391.4	9.11	948.9
391.4	9.16	948.9
391.4	9.21	948.9
391.4	9.26	949
391.4	9.31	949
391.4	9.36	949
391.4	9.41	949
391.4	9.46	949
391.4	9.51	949.1
391.4	9.56	949.1
391.4	9.61	949.1
391.4	9.66	949.1
391.4	9.711	949.2
391.4	9.761	949.2
391.4	9.811	949.2
391.4	9.861	949.2
391.4	9.911	949.3
391.4	9.961	949.3
391.4	10.01	949.3
391.4	10.06	949.3
391.4	10.11	949.4
391.4	10.16	949.4
391.4	10.21	949.4
391.4	10.26	949.4
391.4	10.31	949.5
391.4	10.36	949.5
391.4	10.41	949.5
391.4	10.46	949.5
391.4	10.51	949.6
391.4	10.56	949.6
391.4	10.61	949.6
391.4	10.66	949.6
391.4	10.71	949.7
391.4	10.76	949.7
391.4	10.81	949.7
391.4	10.86	949.7
391.4	10.91	949.7
391.4	10.96	949.8
391.4	11.01	949.8
391.4	11.06	949.8
391.4	11.11	949.8
391.4	11.16	949.9
391.4	11.21	949.9
391.4	11.26	949.9
391.4	11.31	949.9
391.4	11.36	950
391.4	11.41	950
391.4	11.46	950
391.4	11.51	950
391.4	11.56	950.1
391.4	11.61	950.1
391.4	11.66	950.1
391.4	11.71	950.1
391.4	11.76	950.2
391.4	11.81	950.2
391.4	11.86	950.2
391.4	11.91	950.2
391.4	11.96	950.3
391.4	12.01	950.3
391.4	12.06	950.3
391.4	12.11	950.3
391.4	12.16	950.3
391.4	12.21	950.4
391.4	12.26	950.4
391.4	12.31	950.4
391.4	12.36	950.4
391.4	12.41	950.5
391.4	12.46	950.5
391.4	12.51	950.5
391.4	12.56	950.5
391.4	12.61	950.6
391.4	12.66	950.6
391.4	12.71	950.6
391.4	12.76	950.6
391.4	12.81	950.7
391.4	12.86	950.7
391.4	12.91	950.7
391.4	12.96	950.7
391.4	13.01	950.8
391.4	13.06	950.8
391.4	13.11	950.8
391.4	13.16	950.8
391.4	13.21	950.9
391.4	13.26	950.9
391.4	13.31	950.9
391.4	13.36	950.9
391.4	13.41	950.9
391.4	13.46	951
391.4	13.51	951
391.4	13.56	951
391.4	13.61	951
391.4	13.66	951.1
391.4	13.71	951.1
391.4	13.76	951.1
391.4	13.81	951.1
391.4	13.86	951.2
391.4	13.91	951.2
391.4	13.96	951.2
391.4	14.01	951.2
391.4	14.06	951.3
391.4	14.11	951.3
391.4	14.16	951.3
391.4	14.21	951.3
391.4	14.26	951.4
391.4	14.32	951.4
391.4	14.37	951.4
391.4	14.42	951.4
391.4	14.47	951.4
391.4	14.52	951.5
391.4	14.57	951.5
391.4	14.62	951.5
391.4	14.67	951.5
391.4	14.72	951.6
391.4	14.77	951.6
391.4	14.82	951.6
391.4	14.87	951.6
391.4	14.92	951.7
391.4	14.97	951.7
391.4	15.02	951.7
391.4	15.07	951.7
391.4	15.12	951.8
391.4	15.17	951.8
391.4	15.22	951.8
391.4	15.27	951.8
391.4	15.32	951.9
391.4	15.37	951.9
391.4	15.42	951.9
391.4	15.47	951.9
391.4	15.52	951.9
391.4	15.57	952
391.4	15.62	952
391.4	15.67	952
391.4	15.72	952
391.4	15.77	952.1
391.4	15.82	952.1
391.4	15.87	952.1
391.4	15.92	952.1
391.4	15.97	952.2
391.4	16.02	952.2
391.4	16.07	952.2
391.4	16.12	952.2
391.4	16.17	952.3
391.4	16.22	952.3
391.4	16.27	952.3
391.4	16.32	952.3
391.4	16.37	952.3
391.4	16.42	952.4
391.4	16.47	952.4
391.4	16.52	952.4
391.4	16.57	952.4
391.4	16.62	952.5
391.4	16.67	952.5
391.4	16.72	952.5
391.4	16.77	952.5
391.4	16.82	952.6
391.4	16.87	952.6
391.4	16.92	952.6
391.4	16.97	952.6
391.4	17.02	952.7
391.4	17.07	952.7
391.4	17.12	952.7
391.4	17.17	952.7
391.4	17.22	952.8
391.4	17.27	952.8
391.4	17.32	952.8
391.4	17.37	952.8
391.4	17.42	952.8
391.4	17.47	952.9
391.4	17.52	952.9
391.4	17.57	952.9
391.4	17.62	952.9
391.4	17.67	953
391.4	17.72	953
391.4	17.77	953
391.4	17.82	953
391.4	17.87	953.1
391.4	17.92	953.1
391.4	17.97	953.1
391.4	18.02	953.1
391.4	18.07	953.2
391.4	18.12	953.2
391.4	18.17	953.2
391.4	18.22	953.2
391.4	18.27	953.2
391.4	18.32	953.3
391.4	18.37	953.3
391.4	18.42	953.3
391.4	18.47	953.3
391.4	18.52	953.4
391.4	18.57	953.4
391.4	18.62	953.4
391.4	18.67	953.4
391.4	18.72	953.5
391.4	18.77	953.5
391.4	18.82	953.5
391.4	18.87	953.5
391.4	18.92	953.6
391.4	18.97	953.6
391.4	19.02	953.6
391.4	19.07	953.6
391.4	19.12	953.6
391.4	19.17	953.7
391.4	19.22	953.7
391.4	19.27	953.7
391.4	19.32	953.7
391.4	19.37	953.8
391.4	19.42	953.8
391.4	19.47	953.8
391.4	19.52	953.8
391.4	19.57	953.9
391.4	19.62	953.9
391.4	19.67	953.9
391.4	19.72	953.9
391.4	19.77	954
391.4	19.82	954
391.4	19.87	954
391.4	19.92	954
391.4	19.97	954
391.4	20.02	954.1
391.4	20.07	954.1
391.4	20.12	954.1
391.4	20.17	954.1
391.4	20.22	954.2
391.4	20.27	954.2
391.4	20.32	954.2
391.4	20.37	954.2
391.4	20.42	954.3
391.4	20.47	954.3
391.4	20.52	954.3
391.4	20.57	954.3
391.4	20.62	954.3
391.4	20.67	954.4
391.4	20.72	954.4
391.4	20.77	954.4
391.4	20.82	954.4
391.4	20.87	954.5
391.4	20.92	954.5
391.4	20.97	954.5
391.4	21.02	954.5
391.4	21.07	954.6
391.4	21.12	954.6
391.4	21.17	954.6
391.4	21.22	954.6
391.4	21.27	954.7
391.4	21.32	954.7
391.4	21.37	954.7
391.4	21.42	954.7
391.4	21.47	954.7
391.4	21.52	954.8
391.4	21.57	954.8
391.4	21.62	954.8
391.4	21.67	954.8
391.4	21.72	954.9
391.4	21.77	954.9
391.4	21.82	954.9
391.4	21.87	954.9
391.4	21.92	955
391.4	21.97	955
391.4	22.02	955
391.4	22.07	955
391.4	22.12	955
391.4	22.17	955.1
391.4	22.22	955.1
391.4	22.27	955.1
391.4	22.32	955.1
391.4	22.37	955.2
391.4	22.42	955.2
391.4	22.47	955.2
391.4	22.52	955.2
391.4	22.57	955.3
391.4	22.62	955.3
391.4	22.67	955.3
391.4	22.72	955.3
391.4	22.77	955.4
391.4	22.82	955.4
391.4	22.87	955.4
391.4	22.92	955.4
391.4	22.97	955.4
391.4	23.02	955.5
391.4	23.07	955.5
391.4	23.12	955.5
391.4	23.17	955.5
391.4	23.22	955.6
391.4	23.27	955.6
391.4	23.32	955.6
391.4	23.37	955.6
391.4	23.42	955.7
391.4	23.47	955.7
391.4	23.52	955.7
391.4	23.57	955.7
391.4	23.62	955.7
391.4	23.67	955.8
391.4	23.72	955.8
391.4	23.77	955.8
391.4	23.82	955.8
391.4	23.87	955.9
391.4	23.92	955.9
391.4	23.97	955.9
391.4	24.02	955.9
391.4	24.07	956
391.4	24.12	956
391.4	24.17	956
391.4	24.22	956
391.4	24.27	956
391.4	24.32	956.1
391.4	24.37	956.1
391.4	24.42	956.1
391.4	24.47	956.1
391.4	24.53	956.2
391.4	24.58	956.2
391.4	24.63	956.2
391.4	24.68	956.2
391.4	24.73	956.3
391.4	24.78	956.3
391.4	24.83	956.3
391.4	24.88	956.3
391.4	24.93	956.3
391.4	24.98	956.4
391.4	25.03	956.4
391.4	25.08	956.4
391.4	25.13	956.4
391.4	25.18	956.5
391.4	25.23	956.5
391.4	25.28	956.5
391.4	25.33	956.5
391.4	25.38	956.6
391.4	25.43	956.6
391.4	25.48	956.6
391.4	25.53	956.6
391.4	25.58	956.6
391.4	25.63	956.7
391.4	25.68	956.7
391.4	25.73	956.7
391.4	25.78	956.7
391.4	25.83	956.8
391.4	25.88	956.8
391.4	25.93	956.8
391.4	25.98	956.8
391.4	26.03	956.9
391.4	26.08	956.9
391.4	26.13	956.9
391.4	26.18	956.9
391.4	26.23	956.9
391.4	26.28	957
391.4	26.33	957
391.4	26.38	957
391.4	26.43	957
391.4	26.48	957.1
391.4	26.53	957.1
391.4	26.58	957.1
391.4	26.63	957.1
391.4	26.68	957.2
391.4	26.73	957.2
391.4	26.78	957.2
391.4	26.83	957.2
391.4	26.88	957.2
391.4	26.93	957.3
391.4	26.98	957.3
391.4	27.03	957.3
391.4	27.08	957.3
391.4	27.13	957.4
391.4	27.18	957.4
391.4	27.23	957.4
391.4	27.28	957.4
391.4	27.33	957.5
391.4	27.38	957.5
391.4	27.43	957.5
391.4	27.48	957.5
391.4	27.53	957.5
391.4	27.58	957.6
391.4	27.63	957.6
391.4	27.68	957.6
391.4	27.73	957.6
391.4	27.78	957.7
391.4	27.83	957.7
391.4	27.88	957.7
391.4	27.93	957.7
391.4	27.98	957.7
391.4	28.03	957.8
391.4	28.08	957.8
391.4	28.13	957.8
391.4	28.18	957.8
391.4	28.23	957.9
391.4	28.28	957.9
391.4	28.33	957.9
391.4	28.38	957.9
391.4	28.43	958
391.4	28.48	958
391.4	28.53	958
391.4	28.58	958
391.4	28.63	958
391.4	28.68	958.1
391.4	28.73	958.1
391.4	28.78	958.1
391.4	28.83	958.1
391.4	28.88	958.2
391.4	28.93	958.2
391.4	28.98	958.2
391.4	29.03	958.2
391.4	29.08	958.3
391.4	29.13	958.3
391.4	29.18	958.3
391.4	29.23	958.3
391.4	29.28	958.3
391.4	29.33	958.4
391.4	29.38	958.4
391.4	29.43	958.4
391.4	29.48	958.4
391.4	29.53	958.5
391.4	29.58	958.5
391.4	29.63	958.5
391.4	29.68	958.5
391.4	29.73	958.5
391.4	29.78	958.6
391.4	29.83	958.6
391.4	29.88	958.6
391.4	29.93	958.6
391.4	29.98	958.7
391.4	30.03	958.7
391.4	30.08	958.7
391.4	30.13	958.7
391.4	30.18	958.8
391.4	30.23	958.8
391.4	30.28	958.8
391.4	30.33	958.8
391.4	30.38	958.8
391.4	30.43	958.9
391.4	30.48	958.9
391.4	30.53	958.9
391.4	30.58	958.9
391.4	30.63	959
391.4	30.68	959
391.4	30.73	959
391.4	30.78	959
391.4	30.83	959
391.4	30.88	959.1
391.4	30.93	959.1
391.4	30.98	959.1
391.4	31.03	959.1
391.4	31.08	959.2
391.4	31.13	959.2
391.4	31.18	959.2
391.4	31.23	959.2
391.4	31.28	959.3
391.4	31.33	959.3
391.4	31.38	959.3
391.4	31.43	959.3
391.4	31.48	959.3
391.4	31.53	959.4
391.4	31.58	959.4
391.4	31.63	959.4
391.4	31.68	959.4
391.4	31.73	959.5
391.4	31.78	959.5
391.4	31.83	959.5
391.4	31.88	959.5
391.4	31.93	959.5
391.4	31.98	959.6
391.4	32.03	959.6
391.4	32.08	959.6
391.4	32.13	959.6
391.4	32.18	959.7
391.4	32.23	959.7
391.4	32.28	959.7
391.4	32.33	959.7
391.4	32.38	959.7
391.4	32.43	959.8
391.4	32.48	959.8
391.4	32.53	959.8
391.4	32.58	959.8
391.4	32.63	959.9
391.4	32.68	959.9
391.4	32.73	959.9
391.4	32.78	959.9
391.4	32.83	960
391.4	32.88	960
391.4	32.93	960
391.4	32.98	960
391.4	33.03	960
391.4	33.08	960.1
391.4	33.13	960.1
391.4	33.18	960.1
391.4	33.23	960.1
391.4	33.28	960.2
391.4	33.33	960.2
391.4	33.38	960.2
391.4	33.43	960.2
391.4	33.48	960.2
391.4	33.53	960.3
391.4	33.58	960.3
391.4	33.63	960.3
391.4	33.68	960.3
391.4	33.73	960.4
391.4	33.78	960.4
391.4	33.83	960.4
391.4	33.88	960.4
391.4	33.93	960.4
391.4	33.98	960.5
391.4	34.03	960.5
391.4	34.08	960.5
391.4	34.13	960.5
391.4	34.18	960.6
391.4	34.23	960.6
391.4	34.28	960.6
391.4	34.33	960.6
391.4	34.38	960.6
391.4	34.43	960.7
391.4	34.48	960.7
391.4	34.53	960.7
391.4	34.58	960.7
391.4	34.63	960.8
391.4	34.68	960.8
391.4	34.74	960.8
391.4	34.79	960.8
391.4	34.84	960.9
391.4	34.89	960.9
391.4	34.94	960.9
391.4	34.99	960.9
391.4	35.04	960.9
391.4	35.09	961
391.4	35.14	961
391.4	35.19	961
391.4	35.24	961
391.4	35.29	961.1
391.4	35.34	961.1
391.4	35.39	961.1
391.4	35.44	961.1
391.4	35.49	961.1
391.4	35.54	961.2
391.4	35.59	961.2
391.4	35.64	961.2
391.4	35.69	961.2
391.4	35.74	961.3
391.4	35.79	961.3
391.4	35.84	961.3
391.4	35.89	961.3
391.4	35.94	961.3
391.4	35.99	961.4
391.4	36.04	961.4
391.4	36.09	961.4
391.4	36.14	961.4
391.4	36.19	961.5
391.4	36.24	961.5
391.4	36.29	961.5
391.4	36.34	961.5
391.4	36.39	961.5
391.4	36.44	961.6
391.4	36.49	961.6
391.4	36.54	961.6
391.4	36.59	961.6
391.4	36.64	961.7
391.4	36.69	961.7
391.4	36.74	961.7
391.4	36.79	961.7
391.4	36.84	961.7
391.4	36.89	961.8
391.4	36.94	961.8
391.4	36.99	961.8
391.4	37.04	961.8
391.4	37.09	961.9
391.4	37.14	961.9
391.4	37.19	961.9
391.4	37.24	961.9
391.4	37.29	961.9
391.4	37.34	962
391.4	37.39	962
391.4	37.44	962
391.4	37.49	962
391.4	37.54	962.1
391.4	37.59	962.1
391.4	37.64	962.1
391.4	37.69	962.1
391.4	37.74	962.1
391.4	37.79	962.2
391.4	37.84	962.2
391.4	37.89	962.2
391.4	37.94	962.2
391.4	37.99	962.3
391.4	38.04	962.3
391.4	38.09	962.3
391.4	38.14	962.3
391.4	38.19	962.3
391.4	38.24	962.4
391.4	38.29	962.4
391.4	38.34	962.4
391.4	38.39	962.4
391.4	38.44	962.5
391.4	38.49	962.5
391.4	38.54	962.5
391.4	38.59	962.5
391.4	38.64	962.5
391.4	38.69	962.6
391.4	38.74	962.6
391.4	38.79	962.6
391.4	38.84	962.6
391.4	38.89	962.7
391.4	38.94	962.7
391.4	38.99	962.7
391.4	39.04	962.7
391.4	39.09	962.7
391.4	39.14	962.8
391.4	39.19	962.8
391.4	39.24	962.8
391.4	39.29	962.8
391.4	39.34	962.9
391.4	39.39	962.9
391.4	39.44	962.9
391.4	39.49	962.9
391.4	39.54	962.9
391.4	39.59	963
391.4	39.64	963
391.4	39.69	963
391.4	39.74	963
391.4	39.79	963.1
391.4	39.84	963.1
391.4	39.89	963.1
391.4	39.94	963.1
391.4	39.99	963.1
391.4	40.04	963.2
391.4	40.09	963.2
391.4	40.14	963.2
391.4	40.19	963.2
391.4	40.24	963.3
391.4	40.29	963.3
391.4	40.34	963.3
391.4	40.39	963.3
391.4	40.44	963.3
391.4	40.49	963.4
391.4	40.54	963.4
391.4	40.59	963.4
391.4	40.64	963.4
391.4	40.69	963.5
391.4	40.74	963.5
391.4	40.79	963.5
391.4	40.84	963.5
391.4	40.89	963.5
391.4	40.94	963.6
391.4	40.99	963.6
391.4	41.04	963.6
391.4	41.09	963.6
391.4	41.14	963.7
391.4	41.19	963.7
391.4	41.24	963.7
391.4	41.29	963.7
391.4	41.34	963.7
391.4	41.39	963.8
391.4	41.44	963.8
391.4	41.49	963.8
391.4	41.54	963.8
391.4	41.59	963.9
391.4	41.64	963.9
391.4	41.69	963.9
391.4	41.74	963.9
391.4	41.79	963.9
391.4	41.84	964
391.4	41.89	964
391.4	41.94	964
391.4	41.99	964
391.4	42.04	964.1
391.4	42.09	964.1
391.4	42.14	964.1
391.4	42.19	964.1
391.4	42.24	964.1
391.4	42.29	964.2
391.4	42.34	964.2
391.4	42.39	964.2
391.4	42.44	964.2
391.4	42.49	964.2
391.4	42.54	964.3
391.4	42.59	964.3
391.4	42.64	964.3
391.4	42.69	964.3
391.4	42.74	964.4
391.4	42.79	964.4
391.4	42.84	964.4
391.4	42.89	964.4
391.4	42.94	964.4
391.4	42.99	964.5
391.4	43.04	964.5
391.4	43.09	964.5
391.4	43.14	964.5
391.4	43.19	964.6
391.4	43.24	964.6
391.4	43.29	964.6
391.4	43.34	964.6
391.4	43.39	964.6
391.4	43.44	964.7
391.4	43.49	964.7
391.4	43.54	964.7
391.4	43.59	964.7
391.4	43.64	964.8
391.4	43.69	964.8
391.4	43.74	964.8
391.4	43.79	964.8
391.4	43.84	964.8
391.4	43.89	964.9
391.4	43.94	964.9
391.4	43.99	964.9
391.4	44.04	964.9
391.4	44.09	965
391.4	44.14	965
391.4	44.19	965
391.4	44.24	965
391.4	44.29	965
391.4	44.34	965.1
391.4	44.39	965.1
391.4	44.44	965.1
391.4	44.49	965.1
391.4	44.54	965.1
391.4	44.59	965.2
391.4	44.64	965.2
391.4	44.69	965.2
391.4	44.74	965.2
391.4	44.79	965.3
391.4	44.84	965.3
391.4	44.89	965.3
391.4	44.95	965.3
391.4	45	965.3
391.4	45.05	965.4
391.4	45.1	965.4
391.4	45.15	965.4
391.4	45.2	965.4
391.4	45.25	965.5
391.4	45.3	965.5
391.4	45.35	965.5
391.4	45.4	965.5
391.4	45.45	965.5
391.4	45.5	965.6
391.4	45.55	965.6
391.4	45.6	965.6
391.4	45.65	965.6
391.4	45.7	965.6
391.4	45.75	965.7
391.4	45.8	965.7
391.4	45.85	965.7
391.4	45.9	965.7
391.4	45.95	965.8
391.4	46	965.8
391.4	46.05	965.8
391.4	46.1	965.8
391.4	46.15	965.8
391.4	46.2	965.9
391.4	46.25	965.9
391.4	46.3	965.9
391.4	46.35	965.9
391.4	46.4	966
391.4	46.45	966
391.4	46.5	966
391.4	46.55	966
391.4	46.6	966
391.4	46.65	966.1
391.4	46.7	966.1
391.4	46.75	966.1
391.4	46.8	966.1
391.4	46.85	966.1
391.4	46.9	966.2
391.4	46.95	966.2
391.4	47	966.2
391.4	47.05	966.2
391.4	47.1	966.3
391.4	47.15	966.3
391.4	47.2	966.3
391.4	47.25	966.3
391.4	47.3	966.3
391.4	47.35	966.4
391.4	47.4	966.4
391.4	47.45	966.4
391.4	47.5	966.4
391.4	47.55	966.5
391.4	47.6	966.5
391.4	47.65	966.5
391.4	47.7	966.5
391.4	47.75	966.5
391.4	47.8	966.6
391.4	47.85	966.6
391.4	47.9	966.6
391.4	47.95	966.6
391.4	48	966.6
391.4	48.05	966.7
391.4	48.1	966.7
391.4	48.15	966.7
391.4	48.2	966.7
391.4	48.25	966.8
391.4	48.3	966.8
391.4	48.35	966.8
391.4	48.4	966.8
391.4	48.45	966.8
391.4	48.5	966.9
391.4	48.55	966.9
391.4	48.6	966.9
391.4	48.65	966.9
391.4	48.7	967
391.4	48.75	967
391.4	48.8	967
391.4	48.85	967
391.4	48.9	967
391.4	48.95	967.1
391.4	49	967.1
391.4	49.05	967.1
391.4	49.1	967.1
391.4	49.15	967.1
391.4	49.2	967.2
391.4	49.25	967.2
391.4	49.3	967.2
391.4	49.35	967.2
391.4	49.4	967.3
391.4	49.45	967.3
391.4	49.5	967.3
391.4	49.55	967.3
391.4	49.6	967.3
391.4	49.65	967.4
391.4	49.7	967.4
391.4	49.75	967.4
391.4	49.8	967.4
391.4	49.85	967.4
391.4	49.9	967.5
391.4	49.95	967.5
391.4	50	967.5
409.1	0.001	0.005297
409.1	0.05105	0.2717
409.1	0.1011	0.5408
409.1	0.1511	0.8127
409.1	0.2012	1.087
409.1	0.2512	1.365
409.1	0.3013	1.647
409.1	0.3513	929.7
409.1	0.4014	929.8
409.1	0.4514	929.8
409.1	0.5015	929.8
409.1	0.5515	929.8
409.1	0.6016	929.9
409.1	0.6516	929.9
409.1	0.7017	929.9
409.1	0.7517	929.9
409.1	0.8018	930
409.1	0.8518	930
409.1	0.9019	930
409.1	0.9519	930.1
409.1	1.002	930.1
409.1	1.052	930.1
409.1	1.102	930.1
409.1	1.152	930.2
409.1	1.202	930.2
409.1	1.252	930.2
409.1	1.302	930.2
409.1	1.352	930.3
409.1	1.402	930.3
409.1	1.452	930.3
409.1	1.502	930.3
409.1	1.553	930.4
409.1	1.603	930.4
409.1	1.653	930.4
409.1	1.703	930.5
409.1	1.753	930.5
409.1	1.803	930.5
409.1	1.853	930.5
409.1	1.903	930.6
409.1	1.953	930.6
409.1	2.003	930.6
409.1	2.053	930.6
409.1	2.103	930.7
409.1	2.153	930.7
409.1	2.203	930.7
409.1	2.253	930.7
409.1	2.303	930.8
409.1	2.353	930.8
409.1	2.403	930.8
409.1	2.453	930.9
409.1	2.503	930.9
409.1	2.554	930.9
409.1	2.604	930.9
409.1	2.654	931
409.1	2.704	931
409.1	2.754	931
409.1	2.804	931
409.1	2.854	931.1
409.1	2.904	931.1
409.1	2.954	931.1
409.1	3.004	931.1
409.1	3.054	931.2
409.1	3.104	931.2
409.1	3.154	931.2
409.1	3.204	931.2
409.1	3.254	931.3
409.1	3.304	931.3
409.1	3.354	931.3
409.1	3.404	931.4
409.1	3.454	931.4
409.1	3.504	931.4
409.1	3.554	931.4
409.1	3.605	931.5
409.1	3.655	931.5
409.1	3.705	931.5
409.1	3.755	931.5
409.1	3.805	931.6
409.1	3.855	931.6
409.1	3.905	931.6
409.1	3.955	931.6
409.1	4.005	931.7
409.1	4.055	931.7
409.1	4.105	931.7
409.1	4.155	931.7
409.1	4.205	931.8
409.1	4.255	931.8
409.1	4.305	931.8
409.1	4.355	931.9
409.1	4.405	931.9
409.1	4.455	931.9
409.1	4.505	931.9
409.1	4.555	932
409.1	4.606	932
409.1	4.656	932
409.1	4.706	932
409.1	4.756	932.1
409.1	4.806	932.1
409.1	4.856	932.1
409.1	4.906	932.1
409.1	4.956	932.2
409.1	5.006	932.2
409.1	5.056	932.2
409.1	5.106	932.2
409.1	5.156	932.3
409.1	5.206	932.3
409.1	5.256	932.3
409.1	5.306	932.4
409.1	5.356	932.4
409.1	5.406	932.4
409.1	5.456	932.4
409.1	5.506	932.5
409.1	5.556	932.5
409.1	5.606	932.5
409.1	5.657	932.5
409.1	5.707	932.6
409.1	5.757	932.6
409.1	5.807	932.6
409.1	5.857	932.6
409.1	5.907	932.7
409.1	5.957	932.7
409.1	6.007	932.7
409.1	6.057	932.7
409.1	6.107	932.8
409.1	6.157	932.8
409.1	6.207	932.8
409.1	6.257	932.8
409.1	6.307	932.9
409.1	6.357	932.9
409.1	6.407	932.9
409.1	6.457	933
409.1	6.507	933
409.1	6.557	933
409.1	6.607	933
409.1	6.658	933.1
409.1	6.708	933.1
409.1	6.758	933.1
409.1	6.808	933.1
409.1	6.858	933.2
409.1	6.908	933.2
409.1	6.958	933.2
409.1	7.008	933.2
409.1	7.058	933.3
409.1	7.108	933.3
409.1	7.158	933.3
409.1	7.208	933.3
409.1	7.258	933.4
409.1	7.308	933.4
409.1	7.358	933.4
409.1	7.408	933.4
409.1	7.458	933.5
409.1	7.508	933.5
409.1	7.558	933.5
409.1	7.608	933.6
409.1	7.659	933.6
409.1	7.709	933.6
409.1	7.759	933.6
409.1	7.809	933.7
409.1	7.859	933.7
409.1	7.909	933.7
409.1	7.959	933.7
409.1	8.009	933.8
409.1	8.059	933.8
409.1	8.109	933.8
409.1	8.159	933.8
409.1	8.209	933.9
409.1	8.259	933.9
409.1	8.309	933.9
409.1	8.359	933.9
409.1	8.409	934
409.1	8.459	934
409.1	8.509	934
409.1	8.559	934
409.1	8.609	934.1
409.1	8.659	934.1
409.1	8.71	934.1
409.1	8.76	934.2
409.1	8.81	934.2
409.1	8.86	934.2
409.1	8.91	934.2
409.1	8.96	934.3
409.1	9.01	934.3
409.1	9.06	934.3
409.1	9.11	934.3
409.1	9.16	934.4
409.1	9.21	934.4
409.1	9.26	934.4
409.1	9.31	934.4
409.1	9.36	934.5
409.1	9.41	934.5
409.1	9.46	934.5
409.1	9.51	934.5
409.1	9.56	934.6
409.1	9.61	934.6
409.1	9.66	934.6
409.1	9.711	934.6
409.1	9.761	934.7
409.1	9.811	934.7
409.1	9.861	934.7
409.1	9.911	934.7
409.1	9.961	934.8
409.1	10.01	934.8
409.1	10.06	934.8
409.1	10.11	934.8
409.1	10.16	934.9
409.1	10.21	934.9
409.1	10.26	934.9
409.1	10.31	935
409.1	10.36	935
409.1	10.41	935
409.1	10.46	935
409.1	10.51	935.1
409.1	10.56	935.1
409.1	10.61	935.1
409.1	10.66	935.1
409.1	10.71	935.2
409.1	10.76	935.2
409.1	10.81	935.2
409.1	10.86	935.2
409.1	10.91	935.3
409.1	10.96	935.3
409.1	11.01	935.3
409.1	11.06	935.3
409.1	11.11	935.4
409.1	11.16	935.4
409.1	11.21	935.4
409.1	11.26	935.4
409.1	11.31	935.5
409.1	11.36	935.5
409.1	11.41	935.5
409.1	11.46	935.5
409.1	11.51	935.6
409.1	11.56	935.6
409.1	11.61	935.6
409.1	11.66	935.6
409.1	11.71	935.7
409.1	11.76	935.7
409.1	11.81	935.7
409.1	11.86	935.7
409.1	11.91	935.8
409.1	11.96	935.8
409.1	12.01	935.8
409.1	12.06	935.8
409.1	12.11	935.9
409.1	12.16	935.9
409.1	12.21	935.9
409.1	12.26	936
409.1	12.31	936
409.1	12.36	936
409.1	12.41	936
409.1	12.46	936.1
409.1	12.51	936.1
409.1	12.56	936.1
409.1	12.61	936.1
409.1	12.66	936.2
409.1	12.71	936.2
409.1	12.76	936.2
409.1	12.81	936.2
409.1	12.86	936.3
409.1	12.91	936.3
409.1	12.96	936.3
409.1	13.01	936.3
409.1	13.06	936.4
409.1	13.11	936.4
409.1	13.16	936.4
409.1	13.21	936.4
409.1	13.26	936.5
409.1	13.31	936.5
409.1	13.36	936.5
409.1	13.41	936.5
409.1	13.46	936.6
409.1	13.51	936.6
409.1	13.56	936.6
409.1	13.61	936.6
409.1	13.66	936.7
409.1	13.71	936.7
409.1	13.76	936.7
409.1	13.81	936.7
409.1	13.86	936.8
409.1	13.91	936.8
409.1	13.96	936.8
409.1	14.01	936.8
409.1	14.06	936.9
409.1	14.11	936.9
409.1	14.16	936.9
409.1	14.21	936.9
409.1	14.26	937
409.1	14.32	937
409.1	14.37	937
409.1	14.42	937
409.1	14.47	937.1
409.1	14.52	937.1
409.1	14.57	937.1
409.1	14.62	937.1
409.1	14.67	937.2
409.1	14.72	937.2
409.1	14.77	937.2
409.1	14.82	937.3
409.1	14.87	937.3
409.1	14.92	937.3
409.1	14.97	937.3
409.1	15.02	937.4
409.1	15.07	937.4
409.1	15.12	937.4
409.1	15.17	937.4
409.1	15.22	937.5
409.1	15.27	937.5
409.1	15.32	937.5
409.1	15.37	937.5
409.1	15.42	937.6
409.1	15.47	937.6
409.1	15.52	937.6
409.1	15.57	937.6
409.1	15.62	937.7
409.1	15.67	937.7
409.1	15.72	937.7
409.1	15.77	937.7
409.1	15.82	937.8
409.1	15.87	937.8
409.1	15.92	937.8
409.1	15.97	937.8
409.1	16.02	937.9
409.1	16.07	937.9
409.1	16.12	937.9
409.1	16.17	937.9
409.1	16.22	938
409.1	16.27	938
409.1	16.32	938
409.1	16.37	938
409.1	16.42	938.1
409.1	16.47	938.1
409.1	16.52	938.1
409.1	16.57	938.1
409.1	16.62	938.2
409.1	16.67	938.2
409.1	16.72	938.2
409.1	16.77	938.2
409.1	16.82	938.3
409.1	16.87	938.3
409.1	16.92	938.3
409.1	16.97	938.3
409.1	17.02	938.4
409.1	17.07	938.4
409.1	17.12	938.4
409.1	17.17	938.4
409.1	17.22	938.5
409.1	17.27	938.5
409.1	17.32	938.5
409.1	17.37	938.5
409.1	17.42	938.6
409.1	17.47	938.6
409.1	17.52	938.6
409.1	17.57	938.6
409.1	17.62	938.7
409.1	17.67	938.7
409.1	17.72	938.7
409.1	17.77	938.7
409.1	17.82	938.8
409.1	17.87	938.8
409.1	17.92	938.8
409.1	17.97	938.8
409.1	18.02	938.9
409.1	18.07	938.9
409.1	18.12	938.9
409.1	18.17	938.9
409.1	18.22	939
409.1	18.27	939
409.1	18.32	939
409.1	18.37	939
409.1	18.42	939.1
409.1	18.47	939.1
409.1	18.52	939.1
409.1	18.57	939.1
409.1	18.62	939.2
409.1	18.67	939.2
409.1	18.72	939.2
409.1	18.77	939.2
409.1	18.82	939.3
409.1	18.87	939.3
409.1	18.92	939.3
409.1	18.97	939.3
409.1	19.02	939.4
409.1	19.07	939.4
409.1	19.12	939.4
409.1	19.17	939.4
409.1	19.22	939.5
409.1	19.27	939.5
409.1	19.32	939.5
409.1	19.37	939.5
409.1	19.42	939.6
409.1	19.47	939.6
409.1	19.52	939.6
409.1	19.57	939.6
409.1	19.62	939.7
409.1	19.67	939.7
409.1	19.72	939.7
409.1	19.77	939.7
409.1	19.82	939.8
409.1	19.87	939.8
409.1	19.92	939.8
409.1	19.97	939.8
409.1	20.02	939.9
409.1	20.07	939.9
409.1	20.12	939.9
409.1	20.17	939.9
409.1	20.22	940
409.1	20.27	940
409.1	20.32	940
409.1	20.37	940
409.1	20.42	940.1
409.1	20.47	940.1
409.1	20.52	940.1
409.1	20.57	940.1
409.1	20.62	940.2
409.1	20.67	940.2
409.1	20.72	940.2
409.1	20.77	940.2
409.1	20.82	940.3
409.1	20.87	940.3
409.1	20.92	940.3
409.1	20.97	940.3
409.1	21.02	940.4
409.1	21.07	940.4
409.1	21.12	940.4
409.1	21.17	940.4
409.1	21.22	940.5
409.1	21.27	940.5
409.1	21.32	940.5
409.1	21.37	940.5
409.1	21.42	940.6
409.1	21.47	940.6
409.1	21.52	940.6
409.1	21.57	940.6
409.1	21.62	940.7
409.1	21.67	940.7
409.1	21.72	940.7
409.1	21.77	940.7
409.1	21.82	940.8
409.1	21.87	940.8
409.1	21.92	940.8
409.1	21.97	940.8
409.1	22.02	940.9
409.1	22.07	940.9
409.1	22.12	940.9
409.1	22.17	940.9
409.1	22.22	941
409.1	22.27	941
409.1	22.32	941
409.1	22.37	941
409.1	22.42	941.1
409.1	22.47	941.1
409.1	22.52	941.1
409.1	22.57	941.1
409.1	22.62	941.2
409.1	22.67	941.2
409.1	22.72	941.2
409.1	22.77	941.2
409.1	22.82	941.3
409.1	22.87	941.3
409.1	22.92	941.3
409.1	22.97	941.3
409.1	23.02	941.4
409.1	23.07	941.4
409.1	23.12	941.4
409.1	23.17	941.4
409.1	23.22	941.4
409.1	23.27	941.5
409.1	23.32	941.5
409.1	23.37	941.5
409.1	23.42	941.5
409.1	23.47	941.6
409.1	23.52	941.6
409.1	23.57	941.6
409.1	23.62	941.6
409.1	23.67	941.7
409.1	23.72	941.7
409.1	23.77	941.7
409.1	23.82	941.7
409.1	23.87	941.8
409.1	23.92	941.8
409.1	23.97	941.8
409.1	24.02	941.8
409.1	24.07	941.9
409.1	24.12	941.9
409.1	24.17	941.9
409.1	24.22	941.9
409.1	24.27	942
409.1	24.32	942
409.1	24.37	942
409.1	24.42	942
409.1	24.47	942.1
409.1	24.53	942.1
409.1	24.58	942.1
409.1	24.63	942.1
409.1	24.68	942.2
409.1	24.73	942.2
409.1	24.78	942.2
409.1	24.83	942.2
409.1	24.88	942.3
409.1	24.93	942.3
409.1	24.98	942.3
409.1	25.03	942.3
409.1	25.08	942.4
409.1	25.13	942.4
409.1	25.18	942.4
409.1	25.23	942.4
409.1	25.28	942.5
409.1	25.33	942.5
409.1	25.38	942.5
409.1	25.43	942.5
409.1	25.48	942.6
409.1	25.53	942.6
409.1	25.58	942.6
409.1	25.63	942.6
409.1	25.68	942.7
409.1	25.73	942.7
409.1	25.78	942.7
409.1	25.83	942.7
409.1	25.88	942.7
409.1	25.93	942.8
409.1	25.98	942.8
409.1	26.03	942.8
409.1	26.08	942.8
409.1	26.13	942.9
409.1	26.18	942.9
409.1	26.23	942.9
409.1	26.28	942.9
409.1	26.33	943
409.1	26.38	943
409.1	26.43	943
409.1	26.48	943
409.1	26.53	943.1
409.1	26.58	943.1
409.1	26.63	943.1
409.1	26.68	943.1
409.1	26.73	943.2
409.1	26.78	943.2
409.1	26.83	943.2
409.1	26.88	943.2
409.1	26.93	943.3
409.1	26.98	943.3
409.1	27.03	943.3
409.1	27.08	943.3
409.1	27.13	943.4
409.1	27.18	943.4
409.1	27.23	943.4
409.1	27.28	943.4
409.1	27.33	943.5
409.1	27.38	943.5
409.1	27.43	943.5
409.1	27.48	943.5
409.1	27.53	943.6
409.1	27.58	943.6
409.1	27.63	943.6
409.1	27.68	943.6
409.1	27.73	943.7
409.1	27.78	943.7
409.1	27.83	943.7
409.1	27.88	943.7
409.1	27.93	943.7
409.1	27.98	943.8
409.1	28.03	943.8
409.1	28.08	943.8
409.1	28.13	943.8
409.1	28.18	943.9
409.1	28.23	943.9
409.1	28.28	943.9
409.1	28.33	943.9
409.1	28.38	944
409.1	28.43	944
409.1	28.48	944
409.1	28.53	944
409.1	28.58	944.1
409.1	28.63	944.1
409.1	28.68	944.1
409.1	28.73	944.1
409.1	28.78	944.2
409.1	28.83	944.2
409.1	28.88	944.2
409.1	28.93	944.2
409.1	28.98	944.3
409.1	29.03	944.3
409.1	29.08	944.3
409.1	29.13	944.3
409.1	29.18	944.4
409.1	29.23	944.4
409.1	29.28	944.4
409.1	29.33	944.4
409.1	29.38	944.5
409.1	29.43	944.5
409.1	29.48	944.5
409.1	29.53	944.5
409.1	29.58	944.5
409.1	29.63	944.6
409.1	29.68	944.6
409.1	29.73	944.6
409.1	29.78	944.6
409.1	29.83	944.7
409.1	29.88	944.7
409.1	29.93	944.7
409.1	29.98	944.7
409.1	30.03	944.8
409.1	30.08	944.8
409.1	30.13	944.8
409.1	30.18	944.8
409.1	30.23	944.9
409.1	30.28	944.9
409.1	30.33	944.9
409.1	30.38	944.9
409.1	30.43	945
409.1	30.48	945
409.1	30.53	945
409.1	30.58	945
409.1	30.63	945.1
409.1	30.68	945.1
409.1	30.73	945.1
409.1	30.78	945.1
409.1	30.83	945.1
409.1	30.88	945.2
409.1	30.93	945.2
409.1	30.98	945.2
409.1	31.03	945.2
409.1	31.08	945.3
409.1	31.13	945.3
409.1	31.18	945.3
409.1	31.23	945.3
409.1	31.28	945.4
409.1	31.33	945.4
409.1	31.38	945.4
409.1	31.43	945.4
409.1	31.48	945.5
409.1	31.53	945.5
409.1	31.58	945.5
409.1	31.63	945.5
409.1	31.68	945.6
409.1	31.73	945.6
409.1	31.78	945.6
409.1	31.83	945.6
409.1	31.88	945.7
409.1	31.93	945.7
409.1	31.98	945.7
409.1	32.03	945.7
409.1	32.08	945.7
409.1	32.13	945.8
409.1	32.18	945.8
409.1	32.23	945.8
409.1	32.28	945.8
409.1	32.33	945.9
409.1	32.38	945.9
409.1	32.43	945.9
409.1	32.48	945.9
409.1	32.53	946
409.1	32.58	946
409.1	32.63	946
409.1	32.68	946
409.1	32.73	946.1
409.1	32.78	946.1
409.1	32.83	946.1
409.1	32.88	946.1
409.1	32.93	946.2
409.1	32.98	946.2
409.1	33.03	946.2
409.1	33.08	946.2
409.1	33.13	946.3
409.1	33.18	946.3
409.1	33.23	946.3
409.1	33.28	946.3
409.1	33.33	946.3
409.1	33.38	946.4
409.1	33.43	946.4
409.1	33.48	946.4
409.1	33.53	946.4
409.1	33.58	946.5
409.1	33.63	946.5
409.1	33.68	946.5
409.1	33.73	946.5
409.1	33.78	946.6
409.1	33.83	946.6
409.1	33.88	946.6
409.1	33.93	946.6
409.1	33.98	946.7
409.1	34.03	946.7
409.1	34.08	946.7
409.1	34.13	946.7
409.1	34.18	946.8
409.1	34.23	946.8
409.1	34.28	946.8
409.1	34.33	946.8
409.1	34.38	946.8
409.1	34.43	946.9
409.1	34.48	946.9
409.1	34.53	946.9
409.1	34.58	946.9
409.1	34.63	947
409.1	34.68	947
409.1	34.74	947
409.1	34.79	947
409.1	34.84	947.1
409.1	34.89	947.1
409.1	34.94	947.1
409.1	34.99	947.1
409.1	35.04	947.2
409.1	35.09	947.2
409.1	35.14	947.2
409.1	35.19	947.2
409.1	35.24	947.3
409.1	35.29	947.3
409.1	35.34	947.3
409.1	35.39	947.3
409.1	35.44	947.3
409.1	35.49	947.4
409.1	35.54	947.4
409.1	35.59	947.4
409.1	35.64	947.4
409.1	35.69	947.5
409.1	35.74	947.5
409.1	35.79	947.5
409.1	35.84	947.5
409.1	35.89	947.6
409.1	35.94	947.6
409.1	35.99	947.6
409.1	36.04	947.6
409.1	36.09	947.7
409.1	36.14	947.7
409.1	36.19	947.7
409.1	36.24	947.7
409.1	36.29	947.7
409.1	36.34	947.8
409.1	36.39	947.8
409.1	36.44	947.8
409.1	36.49	947.8
409.1	36.54	947.9
409.1	36.59	947.9
409.1	36.64	947.9
409.1	36.69	947.9
409.1	36.74	948
409.1	36.79	948
409.1	36.84	948
409.1	36.89	948
409.1	36.94	948.1
409.1	36.99	948.1
409.1	37.04	948.1
409.1	37.09	948.1
409.1	37.14	948.1
409.1	37.19	948.2
409.1	37.24	948.2
409.1	37.29	948.2
409.1	37.34	948.2
409.1	37.39	948.3
409.1	37.44	948.3
409.1	37.49	948.3
409.1	37.54	948.3
409.1	37.59	948.4
409.1	37.64	948.4
409.1	37.69	948.4
409.1	37.74	948.4
409.1	37.79	948.5
409.1	37.84	948.5
409.1	37.89	948.5
409.1	37.94	948.5
409.1	37.99	948.5
409.1	38.04	948.6
409.1	38.09	948.6
409.1	38.14	948.6
409.1	38.19	948.6
409.1	38.24	948.7
409.1	38.29	948.7
409.1	38.34	948.7
409.1	38.39	948.7
409.1	38.44	948.8
409.1	38.49	948.8
409.1	38.54	948.8
409.1	38.59	948.8
409.1	38.64	948.9
409.1	38.69	948.9
409.1	38.74	948.9
409.1	38.79	948.9
409.1	38.84	948.9
409.1	38.89	949
409.1	38.94	949
409.1	38.99	949
409.1	39.04	949
409.1	39.09	949.1
409.1	39.14	949.1
409.1	39.19	949.1
409.1	39.24	949.1
409.1	39.29	949.2
409.1	39.34	949.2
409.1	39.39	949.2
409.1	39.44	949.2
409.1	39.49	949.3
409.1	39.54	949.3
409.1	39.59	949.3
409.1	39.64	949.3
409.1	39.69	949.3
409.1	39.74	949.4
409.1	39.79	949.4
409.1	39.84	949.4
409.1	39.89	949.4
409.1	39.94	949.5
409.1	39.99	949.5
409.1	40.04	949.5
409.1	40.09	949.5
409.1	40.14	949.6
409.1	40.19	949.6
409.1	40.24	949.6
409.1	40.29	949.6
409.1	40.34	949.7
409.1	40.39	949.7
409.1	40.44	949.7
409.1	40.49	949.7
409.1	40.54	949.7
409.1	40.59	949.8
409.1	40.64	949.8
409.1	40.69	949.8
409.1	40.74	949.8
409.1	40.79	949.9
409.1	40.84	949.9
409.1	40.89	949.9
409.1	40.94	949.9
409.1	40.99	950
409.1	41.04	950
409.1	41.09	950
409.1	41.14	950
409.1	41.19	950
409.1	41.24	950.1
409.1	41.29	950.1
409.1	41.34	950.1
409.1	41.39	950.1
409.1	41.44	950.2
409.1	41.49	950.2
409.1	41.54	950.2
409.1	41.59	950.2
409.1	41.64	950.3
409.1	41.69	950.3
409.1	41.74	950.3
409.1	41.79	950.3
409.1	41.84	950.4
409.1	41.89	950.4
409.1	41.94	950.4
409.1	41.99	950.4
409.1	42.04	950.4
409.1	42.09	950.5
409.1	42.14	950.5
409.1	42.19	950.5
409.1	42.24	950.5
409.1	42.29	950.6
409.1	42.34	950.6
409.1	42.39	950.6
409.1	42.44	950.6
409.1	42.49	950.7
409.1	42.54	950.7
409.1	42.59	950.7
409.1	42.64	950.7
409.1	42.69	950.7
409.1	42.74	950.8
409.1	42.79	950.8
409.1	42.84	950.8
409.1	42.89	950.8
409.1	42.94	950.9
409.1	42.99	950.9
409.1	43.04	950.9
409.1	43.09	950.9
409.1	43.14	951
409.1	43.19	951
409.1	43.24	951
409.1	43.29	951
409.1	43.34	951
409.1	43.39	951.1
409.1	43.44	951.1
409.1	43.49	951.1
409.1	43.54	951.1
409.1	43.59	951.2
409.1	43.64	951.2
409.1	43.69	951.2
409.1	43.74	951.2
409.1	43.79	951.3
409.1	43.84	951.3
409.1	43.89	951.3
409.1	43.94	951.3
409.1	43.99	951.3
409.1	44.04	951.4
409.1	44.09	951.4
409.1	44.14	951.4
409.1	44.19	951.4
409.1	44.24	951.5
409.1	44.29	951.5
409.1	44.34	951.5
409.1	44.39	951.5
409.1	44.44	951.6
409.1	44.49	951.6
409.1	44.54	951.6
409.1	44.59	951.6
409.1	44.64	951.6
409.1	44.69	951.7
409.1	44.74	951.7
409.1	44.79	951.7
409.1	44.84	951.7
409.1	44.89	951.8
409.1	44.95	951.8
409.1	45	951.8
409.1	45.05	951.8
409.1	45.1	951.9
409.1	45.15	951.9
409.1	45.2	951.9
409.1	45.25	951.9
409.1	45.3	951.9
409.1	45.35	952
409.1	45.4	952
409.1	45.45	952
409.1	45.5	952
409.1	45.55	952.1
409.1	45.6	952.1
409.1	45.65	952.1
409.1	45.7	952.1
409.1	45.75	952.2
409.1	45.8	952.2
409.1	45.85	952.2
409.1	45.9	952.2
409.1	45.95	952.2
409.1	46	952.3
409.1	46.05	952.3
409.1	46.1	952.3
409.1	46.15	952.3
409.1	46.2	952.4
409.1	46.25	952.4
409.1	46.3	952.4
409.1	46.35	952.4
409.1	46.4	952.5
409.1	46.45	952.5
409.1	46.5	952.5
409.1	46.55	952.5
409.1	46.6	952.5
409.1	46.65	952.6
409.1	46.7	952.6
409.1	46.75	952.6
409.1	46.8	952.6
409.1	46.85	952.7
409.1	46.9	952.7
409.1	46.95	952.7
409.1	47	952.7
409.1	47.05	952.7
409.1	47.1	952.8
409.1	47.15	952.8
409.1	47.2	952.8
409.1	47.25	952.8
409.1	47.3	952.9
409.1	47.35	952.9
409.1	47.4	952.9
409.1	47.45	952.9
409.1	47.5	953
409.1	47.55	953
409.1	47.6	953
409.1	47.65	953
409.1	47.7	953
409.1	47.75	953.1
409.1	47.8	953.1
409.1	47.85	953.1
409.1	47.9	953.1
409.1	47.95	953.2
409.1	48	953.2
409.1	48.05	953.2
409.1	48.1	953.2
409.1	48.15	953.3
409.1	48.2	953.3
409.1	48.25	953.3
409.1	48.3	953.3
409.1	48.35	953.3
409.1	48.4	953.4
409.1	48.45	953.4
409.1	48.5	953.4
409.1	48.55	953.4
409.1	48.6	953.5
409.1	48.65	953.5
409.1	48.7	953.5
409.1	48.75	953.5
409.1	48.8	953.5
409.1	48.85	953.6
409.1	48.9	953.6
409.1	48.95	953.6
409.1	49	953.6
409.1	49.05	953.7
409.1	49.1	953.7
409.1	49.15	953.7
409.1	49.2	953.7
409.1	49.25	953.8
409.1	49.3	953.8
409.1	49.35	953.8
409.1	49.4	953.8
409.1	49.45	953.8
409.1	49.5	953.9
409.1	49.55	953.9
409.1	49.6	953.9
409.1	49.65	953.9
409.1	49.7	954
409.1	49.75	954
409.1	49.8	954
409.1	49.85	954
409.1	49.9	954
409.1	49.95	954.1
409.1	50	954.1
426.8	0.001	0.005078
426.8	0.05105	0.2602
426.8	0.1011	0.5175
426.8	0.1511	0.7769
426.8	0.2012	1.039
426.8	0.2512	1.303
426.8	0.3013	1.569
426.8	0.3513	1.838
426.8	0.4014	2.11
426.8	0.4514	2.385
426.8	0.5015	2.663
426.8	0.5515	913.6
426.8	0.6016	913.6
426.8	0.6516	913.7
426.8	0.7017	913.7
426.8	0.7517	913.7
426.8	0.8018	913.8
426.8	0.8518	913.8
426.8	0.9019	913.8
426.8	0.9519	913.8
426.8	1.002	913.9
426.8	1.052	913.9
426.8	1.102	913.9
426.8	1.152	914
426.8	1.202	914
426.8	1.252	914
426.8	1.302	914
426.8	1.352	914.1
426.8	1.402	914.1
426.8	1.452	914.1
426.8	1.502	914.2
426.8	1.553	914.2
426.8	1.603	914.2
426.8	1.653	914.3
426.8	1.703	914.3
426.8	1.753	914.3
426.8	1.803	914.3
426.8	1.853	914.4
426.8	1.903	914.4
426.8	1.953	914.4
426.8	2.003	914.5
426.8	2.053	914.5
426.8	2.103	914.5
426.8	2.153	914.5
426.8	2.203	914.6
426.8	2.253	914.6
426.8	2.303	914.6
426.8	2.353	914.7
426.8	2.403	914.7
426.8	2.453	914.7
426.8	2.503	914.7
426.8	2.554	914.8
426.8	2.604	914.8
426.8	2.654	914.8
426.8	2.704	914.9
426.8	2.754	914.9
426.8	2.804	914.9
426.8	2.854	914.9
426.8	2.904	915
426.8	2.954	915
426.8	3.004	915
426.8	3.054	915.1
426.8	3.104	915.1
426.8	3.154	915.1
426.8	3.204	915.1
426.8	3.254	915.2
426.8	3.304	915.2
426.8	3.354	915.2
426.8	3.404	915.3
426.8	3.454	915.3
426.8	3.504	915.3
426.8	3.554	915.3
426.8	3.605	915.4
426.8	3.655	915.4
426.8	3.705	915.4
426.8	3.755	915.5
426.8	3.805	915.5
426.8	3.855	915.5
426.8	3.905	915.5
426.8	3.955	915.6
426.8	4.005	915.6
426.8	4.055	915.6
426.8	4.105	915.7
426.8	4.155	915.7
426.8	4.205	915.7
426.8	4.255	915.7
426.8	4.305	915.8
426.8	4.355	915.8
426.8	4.405	915.8
426.8	4.455	915.9
426.8	4.505	915.9
426.8	4.555	915.9
426.8	4.606	915.9
426.8	4.656	916
426.8	4.706	916
426.8	4.756	916
426.8	4.806	916.1
426.8	4.856	916.1
426.8	4.906	916.1
426.8	4.956	916.1
426.8	5.006	916.2
426.8	5.056	916.2
426.8	5.106	916.2
426.8	5.156	916.3
426.8	5.206	916.3
426.8	5.256	916.3
426.8	5.306	916.3
426.8	5.356	916.4
426.8	5.406	916.4
426.8	5.456	916.4
426.8	5.506	916.5
426.8	5.556	916.5
426.8	5.606	916.5
426.8	5.657	916.5
426.8	5.707	916.6
426.8	5.757	916.6
426.8	5.807	916.6
426.8	5.857	916.7
426.8	5.907	916.7
426.8	5.957	916.7
426.8	6.007	916.7
426.8	6.057	916.8
426.8	6.107	916.8
426.8	6.157	916.8
426.8	6.207	916.9
426.8	6.257	916.9
426.8	6.307	916.9
426.8	6.357	916.9
426.8	6.407	917
426.8	6.457	917
426.8	6.507	917
426.8	6.557	917
426.8	6.607	917.1
426.8	6.658	917.1
426.8	6.708	917.1
426.8	6.758	917.2
426.8	6.808	917.2
426.8	6.858	917.2
426.8	6.908	917.2
426.8	6.958	917.3
426.8	7.008	917.3
426.8	7.058	917.3
426.8	7.108	917.4
426.8	7.158	917.4
426.8	7.208	917.4
426.8	7.258	917.4
426.8	7.308	917.5
426.8	7.358	917.5
426.8	7.408	917.5
426.8	7.458	917.6
426.8	7.508	917.6
426.8	7.558	917.6
426.8	7.608	917.6
426.8	7.659	917.7
426.8	7.709	917.7
426.8	7.759	917.7
426.8	7.809	917.8
426.8	7.859	917.8
426.8	7.909	917.8
426.8	7.959	917.8
426.8	8.009	917.9
426.8	8.059	917.9
426.8	8.109	917.9
426.8	8.159	918
426.8	8.209	918
426.8	8.259	918
426.8	8.309	918
426.8	8.359	918.1
426.8	8.409	918.1
426.8	8.459	918.1
426.8	8.509	918.1
426.8	8.559	918.2
426.8	8.609	918.2
426.8	8.659	918.2
426.8	8.71	918.3
426.8	8.76	918.3
426.8	8.81	918.3
426.8	8.86	918.3
426.8	8.91	918.4
426.8	8.96	918.4
426.8	9.01	918.4
426.8	9.06	918.5
426.8	9.11	918.5
426.8	9.16	918.5
426.8	9.21	918.5
426.8	9.26	918.6
426.8	9.31	918.6
426.8	9.36	918.6
426.8	9.41	918.7
426.8	9.46	918.7
426.8	9.51	918.7
426.8	9.56	918.7
426.8	9.61	918.8
426.8	9.66	918.8
426.8	9.711	918.8
426.8	9.761	918.8
426.8	9.811	918.9
426.8	9.861	918.9
426.8	9.911	918.9
426.8	9.961	919
426.8	10.01	919
426.8	10.06	919
426.8	10.11	919
426.8	10.16	919.1
426.8	10.21	919.1
426.8	10.26	919.1
426.8	10.31	919.2
426.8	10.36	919.2
426.8	10.41	919.2
426.8	10.46	919.2
426.8	10.51	919.3
426.8	10.56	919.3
426.8	10.61	919.3
426.8	10.66	919.3
426.8	10.71	919.4
426.8	10.76	919.4
426.8	10.81	919.4
426.8	10.86	919.5
426.8	10.91	919.5
426.8	10.96	919.5
426.8	11.01	919.5
426.8	11.06	919.6
426.8	11.11	919.6
426.8	11.16	919.6
426.8	11.21	919.7
426.8	11.26	919.7
426.8	11.31	919.7
426.8	11.36	919.7
426.8	11.41	919.8
426.8	11.46	919.8
426.8	11.51	919.8
426.8	11.56	919.8
426.8	11.61	919.9
426.8	11.66	919.9
426.8	11.71	919.9
426.8	11.76	920
426.8	11.81	920
426.8	11.86	920
426.8	11.91	920
426.8	11.96	920.1
426.8	12.01	920.1
426.8	12.06	920.1
426.8	12.11	920.2
426.8	12.16	920.2
426.8	12.21	920.2
426.8	12.26	920.2
426.8	12.31	920.3
426.8	12.36	920.3
426.8	12.41	920.3
426.8	12.46	920.3
426.8	12.51	920.4
426.8	12.56	920.4
426.8	12.61	920.4
426.8	12.66	920.5
426.8	12.71	920.5
426.8	12.76	920.5
426.8	12.81	920.5
426.8	12.86	920.6
426.8	12.91	920.6
426.8	12.96	920.6
426.8	13.01	920.6
426.8	13.06	920.7
426.8	13.11	920.7
426.8	13.16	920.7
426.8	13.21	920.8
426.8	13.26	920.8
426.8	13.31	920.8
426.8	13.36	920.8
426.8	13.41	920.9
426.8	13.46	920.9
426.8	13.51	920.9
426.8	13.56	920.9
426.8	13.61	921
426.8	13.66	921
426.8	13.71	921
426.8	13.76	921.1
426.8	13.81	921.1
426.8	13.86	921.1
426.8	13.91	921.1
426.8	13.96	921.2
426.8	14.01	921.2
426.8	14.06	921.2
426.8	14.11	921.3
426.8	14.16	921.3
426.8	14.21	921.3
426.8	14.26	921.3
426.8	14.32	921.4
426.8	14.37	921.4
426.8	14.42	921.4
426.8	14.47	921.4
426.8	14.52	921.5
426.8	14.57	921.5
426.8	14.62	921.5
426.8	14.67	921.6
426.8	14.72	921.6
426.8	14.77	921.6
426.8	14.82	921.6
426.8	14.87	921.7
426.8	14.92	921.7
426.8	14.97	921.7
426.8	15.02	921.7
426.8	15.07	921.8
426.8	15.12	921.8
426.8	15.17	921.8
426.8	15.22	921.9
426.8	15.27	921.9
426.8	15.32	921.9
426.8	15.37	921.9
426.8	15.42	922
426.8	15.47	922
426.8	15.52	922
426.8	15.57	922
426.8	15.62	922.1
426.8	15.67	922.1
426.8	15.72	922.1
426.8	15.77	922.2
426.8	15.82	922.2
426.8	15.87	922.2
426.8	15.92	922.2
426.8	15.97	922.3
426.8	16.02	922.3
426.8	16.07	922.3
426.8	16.12	922.3
426.8	16.17	922.4
426.8	16.22	922.4
426.8	16.27	922.4
426.8	16.32	922.5
426.8	16.37	922.5
426.8	16.42	922.5
426.8	16.47	922.5
426.8	16.52	922.6
426.8	16.57	922.6
426.8	16.62	922.6
426.8	16.67	922.6
426.8	16.72	922.7
426.8	16.77	922.7
426.8	16.82	922.7
426.8	16.87	922.7
426.8	16.92	922.8
426.8	16.97	922.8
426.8	17.02	922.8
426.8	17.07	922.9
426.8	17.12	922.9
426.8	17.17	922.9
426.8	17.22	922.9
426.8	17.27	923
426.8	17.32	923
426.8	17.37	923
426.8	17.42	923
426.8	17.47	923.1
426.8	17.52	923.1
426.8	17.57	923.1
426.8	17.62	923.2
426.8	17.67	923.2
426.8	17.72	923.2
426.8	17.77	923.2
426.8	17.82	923.3
426.8	17.87	923.3
426.8	17.92	923.3
426.8	17.97	923.3
426.8	18.02	923.4
426.8	18.07	923.4
426.8	18.12	923.4
426.8	18.17	923.5
426.8	18.22	923.5
426.8	18.27	923.5
426.8	18.32	923.5
426.8	18.37	923.6
426.8	18.42	923.6
426.8	18.47	923.6
426.8	18.52	923.6
426.8	18.57	923.7
426.8	18.62	923.7
426.8	18.67	923.7
426.8	18.72	923.7
426.8	18.77	923.8
426.8	18.82	923.8
426.8	18.87	923.8
426.8	18.92	923.9
426.8	18.97	923.9
426.8	19.02	923.9
426.8	19.07	923.9
426.8	19.12	924
426.8	19.17	924
426.8	19.22	924
426.8	19.27	924
426.8	19.32	924.1
426.8	19.37	924.1
426.8	19.42	924.1
426.8	19.47	924.2
426.8	19.52	924.2
426.8	19.57	924.2
426.8	19.62	924.2
426.8	19.67	924.3
426.8	19.72	924.3
426.8	19.77	924.3
426.8	19.82	924.3
426.8	19.87	924.4
426.8	19.92	924.4
426.8	19.97	924.4
426.8	20.02	924.4
426.8	20.07	924.5
426.8	20.12	924.5
426.8	20.17	924.5
426.8	20.22	924.6
426.8	20.27	924.6
426.8	20.32	924.6
426.8	20.37	924.6
426.8	20.42	924.7
426.8	20.47	924.7
426.8	20.52	924.7
426.8	20.57	924.7
426.8	20.62	924.8
426.8	20.67	924.8
426.8	20.72	924.8
426.8	20.77	924.8
426.8	20.82	924.9
426.8	20.87	924.9
426.8	20.92	924.9
426.8	20.97	925
426.8	21.02	925
426.8	21.07	925
426.8	21.12	925
426.8	21.17	925.1
426.8	21.22	925.1
426.8	21.27	925.1
426.8	21.32	925.1
426.8	21.37	925.2
426.8	21.42	925.2
426.8	21.47	925.2
426.8	21.52	925.2
426.8	21.57	925.3
426.8	21.62	925.3
426.8	21.67	925.3
426.8	21.72	925.4
426.8	21.77	925.4
426.8	21.82	925.4
426.8	21.87	925.4
426.8	21.92	925.5
426.8	21.97	925.5
426.8	22.02	925.5
426.8	22.07	925.5
426.8	22.12	925.6
426.8	22.17	925.6
426.8	22.22	925.6
426.8	22.27	925.6
426.8	22.32	925.7
426.8	22.37	925.7
426.8	22.42	925.7
426.8	22.47	925.8
426.8	22.52	925.8
426.8	22.57	925.8
426.8	22.62	925.8
426.8	22.67	925.9
426.8	22.72	925.9
426.8	22.77	925.9
426.8	22.82	925.9
426.8	22.87	926
426.8	22.92	926
426.8	22.97	926
426.8	23.02	926
426.8	23.07	926.1
426.8	23.12	926.1
426.8	23.17	926.1
426.8	23.22	926.2
426.8	23.27	926.2
426.8	23.32	926.2
426.8	23.37	926.2
426.8	23.42	926.3
426.8	23.47	926.3
426.8	23.52	926.3
426.8	23.57	926.3
426.8	23.62	926.4
426.8	23.67	926.4
426.8	23.72	926.4
426.8	23.77	926.4
426.8	23.82	926.5
426.8	23.87	926.5
426.8	23.92	926.5
426.8	23.97	926.5
426.8	24.02	926.6
426.8	24.07	926.6
426.8	24.12	926.6
426.8	24.17	926.7
426.8	24.22	926.7
426.8	24.27	926.7
426.8	24.32	926.7
426.8	24.37	926.8
426.8	24.42	926.8
426.8	24.47	926.8
426.8	24.53	926.8
426.8	24.58	926.9
426.8	24.63	926.9
426.8	24.68	926.9
426.8	24.73	926.9
426.8	24.78	927
426.8	24.83	927
426.8	24.88	927
426.8	24.93	927
426.8	24.98	927.1
426.8	25.03	927.1
426.8	25.08	927.1
426.8	25.13	927.2
426.8	25.18	927.2
426.8	25.23	927.2
426.8	25.28	927.2
426.8	25.33	927.3
426.8	25.38	927.3
426.8	25.43	927.3
426.8	25.48	927.3
426.8	25.53	927.4
426.8	25.58	927.4
426.8	25.63	927.4
426.8	25.68	927.4
426.8	25.73	927.5
426.8	25.78	927.5
426.8	25.83	927.5
426.8	25.88	927.5
426.8	25.93	927.6
426.8	25.98	927.6
426.8	26.03	927.6
426.8	26.08	927.7
426.8	26.13	927.7
426.8	26.18	927.7
426.8	26.23	927.7
426.8	26.28	927.8
426.8	26.33	927.8
426.8	26.38	927.8
426.8	26.43	927.8
426.8	26.48	927.9
426.8	26.53	927.9
426.8	26.58	927.9
426.8	26.63	927.9
426.8	26.68	928
426.8	26.73	928
426.8	26.78	928
426.8	26.83	928
426.8	26.88	928.1
426.8	26.93	928.1
426.8	26.98	928.1
426.8	27.03	928.1
426.8	27.08	928.2
426.8	27.13	928.2
426.8	27.18	928.2
426.8	27.23	928.3
426.8	27.28	928.3
426.8	27.33	928.3
426.8	27.38	928.3
426.8	27.43	928.4
426.8	27.48	928.4
426.8	27.53	928.4
426.8	27.58	928.4
426.8	27.63	928.5
426.8	27.68	928.5
426.8	27.73	928.5
426.8	27.78	928.5
426.8	27.83	928.6
426.8	27.88	928.6
426.8	27.93	928.6
426.8	27.98	928.6
426.8	28.03	928.7
426.8	28.08	928.7
426.8	28.13	928.7
426.8	28.18	928.7
426.8	28.23	928.8
426.8	28.28	928.8
426.8	28.33	928.8
426.8	28.38	928.9
426.8	28.43	928.9
426.8	28.48	928.9
426.8	28.53	928.9
426.8	28.58	929
426.8	28.63	929
426.8	28.68	929
426.8	28.73	929
426.8	28.78	929.1
426.8	28.83	929.1
426.8	28.88	929.1
426.8	28.93	929.1
426.8	28.98	929.2
426.8	29.03	929.2
426.8	29.08	929.2
426.8	29.13	929.2
426.8	29.18	929.3
426.8	29.23	929.3
426.8	29.28	929.3
426.8	29.33	929.3
426.8	29.38	929.4
426.8	29.43	929.4
426.8	29.48	929.4
426.8	29.53	929.4
426.8	29.58	929.5
426.8	29.63	929.5
426.8	29.68	929.5
426.8	29.73	929.6
426.8	29.78	929.6
426.8	29.83	929.6
426.8	29.88	929.6
426.8	29.93	929.7
426.8	29.98	929.7
426.8	30.03	929.7
426.8	30.08	929.7
426.8	30.13	929.8
426.8	30.18	929.8
426.8	30.23	929.8
426.8	30.28	929.8
426.8	30.33	929.9
426.8	30.38	929.9
426.8	30.43	929.9
426.8	30.48	929.9
426.8	30.53	930
426.8	30.58	930
426.8	30.63	930
426.8	30.68	930
426.8	30.73	930.1
426.8	30.78	930.1
426.8	30.83	930.1
426.8	30.88	930.1
426.8	30.93	930.2
426.8	30.98	930.2
426.8	31.03	930.2
426.8	31.08	930.2
426.8	31.13	930.3
426.8	31.18	930.3
426.8	31.23	930.3
426.8	31.28	930.3
426.8	31.33	930.4
426.8	31.38	930.4
426.8	31.43	930.4
426.8	31.48	930.5
426.8	31.53	930.5
426.8	31.58	930.5
426.8	31.63	930.5
426.8	31.68	930.6
426.8	31.73	930.6
426.8	31.78	930.6
426.8	31.83	930.6
426.8	31.88	930.7
426.8	31.93	930.7
426.8	31.98	930.7
426.8	32.03	930.7
426.8	32.08	930.8
426.8	32.13	930.8
426.8	32.18	930.8
426.8	32.23	930.8
426.8	32.28	930.9
426.8	32.33	930.9
426.8	32.38	930.9
426.8	32.43	930.9
426.8	32.48	931
426.8	32.53	931
426.8	32.58	931
426.8	32.63	931
426.8	32.68	931.1
426.8	32.73	931.1
426.8	32.78	931.1
426.8	32.83	931.1
426.8	32.88	931.2
426.8	32.93	931.2
426.8	32.98	931.2
426.8	33.03	931.2
426.8	33.08	931.3
426.8	33.13	931.3
426.8	33.18	931.3
426.8	33.23	931.3
426.8	33.28	931.4
426.8	33.33	931.4
426.8	33.38	931.4
426.8	33.43	931.5
426.8	33.48	931.5
426.8	33.53	931.5
426.8	33.58	931.5
426.8	33.63	931.6
426.8	33.68	931.6
426.8	33.73	931.6
426.8	33.78	931.6
426.8	33.83	931.7
426.8	33.88	931.7
426.8	33.93	931.7
426.8	33.98	931.7
426.8	34.03	931.8
426.8	34.08	931.8
426.8	34.13	931.8
426.8	34.18	931.8
426.8	34.23	931.9
426.8	34.28	931.9
426.8	34.33	931.9
426.8	34.38	931.9
426.8	34.43	932
426.8	34.48	932
426.8	34.53	932
426.8	34.58	932
426.8	34.63	932.1
426.8	34.68	932.1
426.8	34.74	932.1
426.8	34.79	932.1
426.8	34.84	932.2
426.8	34.89	932.2
426.8	34.94	932.2
426.8	34.99	932.2
426.8	35.04	932.3
426.8	35.09	932.3
426.8	35.14	932.3
426.8	35.19	932.3
426.8	35.24	932.4
426.8	35.29	932.4
426.8	35.34	932.4
426.8	35.39	932.4
426.8	35.44	932.5
426.8	35.49	932.5
426.8	35.54	932.5
426.8	35.59	932.5
426.8	35.64	932.6
426.8	35.69	932.6
426.8	35.74	932.6
426.8	35.79	932.6
426.8	35.84	932.7
426.8	35.89	932.7
426.8	35.94	932.7
426.8	35.99	932.7
426.8	36.04	932.8
426.8	36.09	932.8
426.8	36.14	932.8
426.8	36.19	932.8
426.8	36.24	932.9
426.8	36.29	932.9
426.8	36.34	932.9
426.8	36.39	932.9
426.8	36.44	933
426.8	36.49	933
426.8	36.54	933
426.8	36.59	933
426.8	36.64	933.1
426.8	36.69	933.1
426.8	36.74	933.1
426.8	36.79	933.1
426.8	36.84	933.2
426.8	36.89	933.2
426.8	36.94	933.2
426.8	36.99	933.3
426.8	37.04	933.3
426.8	37.09	933.3
426.8	37.14	933.3
426.8	37.19	933.4
426.8	37.24	933.4
426.8	37.29	933.4
426.8	37.34	933.4
426.8	37.39	933.5
426.8	37.44	933.5
426.8	37.49	933.5
426.8	37.54	933.5
426.8	37.59	933.6
426.8	37.64	933.6
426.8	37.69	933.6
426.8	37.74	933.6
426.8	37.79	933.7
426.8	37.84	933.7
426.8	37.89	933.7
426.8	37.94	933.7
426.8	37.99	933.8
426.8	38.04	933.8
426.8	38.09	933.8
426.8	38.14	933.8
426.8	38.19	933.9
426.8	38.24	933.9
426.8	38.29	933.9
426.8	38.34	933.9
426.8	38.39	934
426.8	38.44	934
426.8	38.49	934
426.8	38.54	934
426.8	38.59	934.1
426.8	38.64	934.1
426.8	38.69	934.1
426.8	38.74	934.1
426.8	38.79	934.2
426.8	38.84	934.2
426.8	38.89	934.2
426.8	38.94	934.2
426.8	38.99	934.3
426.8	39.04	934.3
426.8	39.09	934.3
426.8	39.14	934.3
426.8	39.19	934.4
426.8	39.24	934.4
426.8	39.29	934.4
426.8	39.34	934.4
426.8	39.39	934.5
426.8	39.44	934.5
426.8	39.49	934.5
426.8	39.54	934.5
426.8	39.59	934.6
426.8	39.64	934.6
426.8	39.69	934.6
426.8	39.74	934.6
426.8	39.79	934.7
426.8	39.84	934.7
426.8	39.89	934.7
426.8	39.94	934.7
426.8	39.99	934.8
426.8	40.04	934.8
426.8	40.09	934.8
426.8	40.14	934.8
426.8	40.19	934.9
426.8	40.24	934.9
426.8	40.29	934.9
426.8	40.34	934.9
426.8	40.39	935
426.8	40.44	935
426.8	40.49	935
426.8	40.54	935
426.8	40.59	935.1
426.8	40.64	935.1
426.8	40.69	935.1
426.8	40.74	935.1
426.8	40.79	935.2
426.8	40.84	935.2
426.8	40.89	935.2
426.8	40.94	935.2
426.8	40.99	935.3
426.8	41.04	935.3
426.8	41.09	935.3
426.8	41.14	935.3
426.8	41.19	935.4
426.8	41.24	935.4
426.8	41.29	935.4
426.8	41.34	935.4
426.8	41.39	935.5
426.8	41.44	935.5
426.8	41.49	935.5
426.8	41.54	935.5
426.8	41.59	935.6
426.8	41.64	935.6
426.8	41.69	935.6
426.8	41.74	935.6
426.8	41.79	935.6
426.8	41.84	935.7
426.8	41.89	935.7
426.8	41.94	935.7
426.8	41.99	935.7
426.8	42.04	935.8
426.8	42.09	935.8
426.8	42.14	935.8
426.8	42.19	935.8
426.8	42.24	935.9
426.8	42.29	935.9
426.8	42.34	935.9
426.8	42.39	935.9
426.8	42.44	936
426.8	42.49	936
426.8	42.54	936
426.8	42.59	936
426.8	42.64	936.1
426.8	42.69	936.1
426.8	42.74	936.1
426.8	42.79	936.1
426.8	42.84	936.2
426.8	42.89	936.2
426.8	42.94	936.2
426.8	42.99	936.2
426.8	43.04	936.3
426.8	43.09	936.3
426.8	43.14	936.3
426.8	43.19	936.3
426.8	43.24	936.4
426.8	43.29	936.4
426.8	43.34	936.4
426.8	43.39	936.4
426.8	43.44	936.5
426.8	43.49	936.5
426.8	43.54	936.5
426.8	43.59	936.5
426.8	43.64	936.6
426.8	43.69	936.6
426.8	43.74	936.6
426.8	43.79	936.6
426.8	43.84	936.7
426.8	43.89	936.7
426.8	43.94	936.7
426.8	43.99	936.7
426.8	44.04	936.8
426.8	44.09	936.8
426.8	44.14	936.8
426.8	44.19	936.8
426.8	44.24	936.9
426.8	44.29	936.9
426.8	44.34	936.9
426.8	44.39	936.9
426.8	44.44	937
426.8	44.49	937
426.8	44.54	937
426.8	44.59	937
426.8	44.64	937.1
426.8	44.69	937.1
426.8	44.74	937.1
426.8	44.79	937.1
426.8	44.84	937.2
426.8	44.89	937.2
426.8	44.95	937.2
426.8	45	937.2
426.8	45.05	937.3
426.8	45.1	937.3
426.8	45.15	937.3
426.8	45.2	937.3
426.8	45.25	937.4
426.8	45.3	937.4
426.8	45.35	937.4
426.8	45.4	937.4
426.8	45.45	937.4
426.8	45.5	937.5
426.8	45.55	937.5
426.8	45.6	937.5
426.8	45.65	937.5
426.8	45.7	937.6
426.8	45.75	937.6
426.8	45.8	937.6
426.8	45.85	937.6
426.8	45.9	937.7
426.8	45.95	937.7
426.8	46	937.7
426.8	46.05	937.7
426.8	46.1	937.8
426.8	46.15	937.8
426.8	46.2	937.8
426.8	46.25	937.8
426.8	46.3	937.9
426.8	46.35	937.9
426.8	46.4	937.9
426.8	46.45	937.9
426.8	46.5	938
426.8	46.55	938
426.8	46.6	938
426.8	46.65	938
426.8	46.7	938.1
426.8	46.75	938.1
426.8	46.8	938.1
426.8	46.85	938.1
426.8	46.9	938.2
426.8	46.95	938.2
426.8	47	938.2
426.8	47.05	938.2
426.8	47.1	938.3
426.8	47.15	938.3
426.8	47.2	938.3
426.8	47.25	938.3
426.8	47.3	938.4
426.8	47.35	938.4
426.8	47.4	938.4
426.8	47.45	938.4
426.8	47.5	938.4
426.8	47.55	938.5
426.8	47.6	938.5
426.8	47.65	938.5
426.8	47.7	938.5
426.8	47.75	938.6
426.8	47.8	938.6
426.8	47.85	938.6
426.8	47.9	938.6
426.8	47.95	938.7
426.8	48	938.7
426.8	48.05	938.7
426.8	48.1	938.7
426.8	48.15	938.8
426.8	48.2	938.8
426.8	48.25	938.8
426.8	48.3	938.8
426.8	48.35	938.9
426.8	48.4	938.9
426.8	48.45	938.9
426.8	48.5	938.9
426.8	48.55	939
426.8	48.6	939
426.8	48.65	939
426.8	48.7	939
426.8	48.75	939.1
426.8	48.8	939.1
426.8	48.85	939.1
426.8	48.9	939.1
426.8	48.95	939.2
426.8	49	939.2
426.8	49.05	939.2
426.8	49.1	939.2
426.8	49.15	939.2
426.8	49.2	939.3
426.8	49.25	939.3
426.8	49.3	939.3
426.8	49.35	939.3
426.8	49.4	939.4
426.8	49.45	939.4
426.8	49.5	939.4
426.8	49.55	939.4
426.8	49.6	939.5
426.8	49.65	939.5
426.8	49.7	939.5
426.8	49.75	939.5
426.8	49.8	939.6
426.8	49.85	939.6
426.8	49.9	939.6
426.8	49.95	939.6
426.8	50	939.7
444.4	0.001	0.004876
444.4	0.05105	0.2497
444.4	0.1011	0.4962
444.4	0.1511	0.7445
444.4	0.2012	0.9945
444.4	0.2512	1.246
444.4	0.3013	1.5
444.4	0.3513	1.756
444.4	0.4014	2.014
444.4	0.4514	2.273
444.4	0.5015	2.536
444.4	0.5515	2.8
444.4	0.6016	3.067
444.4	0.6516	3.336
444.4	0.7017	3.608
444.4	0.7517	3.882
444.4	0.8018	4.16
444.4	0.8518	896.1
444.4	0.9019	896.2
444.4	0.9519	896.2
444.4	1.002	896.2
444.4	1.052	896.3
444.4	1.102	896.3
444.4	1.152	896.3
444.4	1.202	896.4
444.4	1.252	896.4
444.4	1.302	896.4
444.4	1.352	896.5
444.4	1.402	896.5
444.4	1.452	896.5
444.4	1.502	896.6
444.4	1.553	896.6
444.4	1.603	896.6
444.4	1.653	896.7
444.4	1.703	896.7
444.4	1.753	896.7
444.4	1.803	896.7
444.4	1.853	896.8
444.4	1.903	896.8
444.4	1.953	896.8
444.4	2.003	896.9
444.4	2.053	896.9
444.4	2.103	896.9
444.4	2.153	897
444.4	2.203	897
444.4	2.253	897
444.4	2.303	897.1
444.4	2.353	897.1
444.4	2.403	897.1
444.4	2.453	897.2
444.4	2.503	897.2
444.4	2.554	897.2
444.4	2.604	897.3
444.4	2.654	897.3
444.4	2.704	897.3
444.4	2.754	897.4
444.4	2.804	897.4
444.4	2.854	897.4
444.4	2.904	897.4
444.4	2.954	897.5
444.4	3.004	897.5
444.4	3.054	897.5
444.4	3.104	897.6
444.4	3.154	897.6
444.4	3.204	897.6
444.4	3.254	897.7
444.4	3.304	897.7
444.4	3.354	897.7
444.4	3.404	897.8
444.4	3.454	897.8
444.4	3.504	897.8
444.4	3.554	897.9
444.4	3.605	897.9
444.4	3.655	897.9
444.4	3.705	897.9
444.4	3.755	898
444.4	3.805	898
444.4	3.855	898
444.4	3.905	898.1
444.4	3.955	898.1
444.4	4.005	898.1
444.4	4.055	898.2
444.4	4.105	898.2
444.4	4.155	898.2
444.4	4.205	898.3
444.4	4.255	898.3
444.4	4.305	898.3
444.4	4.355	898.4
444.4	4.405	898.4
444.4	4.455	898.4
444.4	4.505	898.4
444.4	4.555	898.5
444.4	4.606	898.5
444.4	4.656	898.5
444.4	4.706	898.6
444.4	4.756	898.6
444.4	4.806	898.6
444.4	4.856	898.7
444.4	4.906	898.7
444.4	4.956	898.7
444.4	5.006	898.8
444.4	5.056	898.8
444.4	5.106	898.8
444.4	5.156	898.9
444.4	5.206	898.9
444.4	5.256	898.9
444.4	5.306	898.9
444.4	5.356	899
444.4	5.406	899
444.4	5.456	899
444.4	5.506	899.1
444.4	5.556	899.1
444.4	5.606	899.1
444.4	5.657	899.2
444.4	5.707	899.2
444.4	5.757	899.2
444.4	5.807	899.3
444.4	5.857	899.3
444.4	5.907	899.3
444.4	5.957	899.4
444.4	6.007	899.4
444.4	6.057	899.4
444.4	6.107	899.4
444.4	6.157	899.5
444.4	6.207	899.5
444.4	6.257	899.5
444.4	6.307	899.6
444.4	6.357	899.6
444.4	6.407	899.6
444.4	6.457	899.7
444.4	6.507	899.7
444.4	6.557	899.7
444.4	6.607	899.8
444.4	6.658	899.8
444.4	6.708	899.8
444.4	6.758	899.8
444.4	6.808	899.9
444.4	6.858	899.9
444.4	6.908	899.9
444.4	6.958	900
444.4	7.008	900
444.4	7.058	900
444.4	7.108	900.1
444.4	7.158	900.1
444.4	7.208	900.1
444.4	7.258	900.2
444.4	7.308	900.2
444.4	7.358	900.2
444.4	7.408	900.3
444.4	7.458	900.3
444.4	7.508	900.3
444.4	7.558	900.3
444.4	7.608	900.4
444.4	7.659	900.4
444.4	7.709	900.4
444.4	7.759	900.5
444.4	7.809	900.5
444.4	7.859	900.5
444.4	7.909	900.6
444.4	7.959	900.6
444.4	8.009	900.6
444.4	8.059	900.7
444.4	8.109	900.7
444.4	8.159	900.7
444.4	8.209	900.7
444.4	8.259	900.8
444.4	8.309	900.8
444.4	8.359	900.8
444.4	8.409	900.9
444.4	8.459	900.9
444.4	8.509	900.9
444.4	8.559	901
444.4	8.609	901
444.4	8.659	901
444.4	8.71	901.1
444.4	8.76	901.1
444.4	8.81	901.1
444.4	8.86	901.1
444.4	8.91	901.2
444.4	8.96	901.2
444.4	9.01	901.2
444.4	9.06	901.3
444.4	9.11	901.3
444.4	9.16	901.3
444.4	9.21	901.4
444.4	9.26	901.4
444.4	9.31	901.4
444.4	9.36	901.4
444.4	9.41	901.5
444.4	9.46	901.5
444.4	9.51	901.5
444.4	9.56	901.6
444.4	9.61	901.6
444.4	9.66	901.6
444.4	9.711	901.7
444.4	9.761	901.7
444.4	9.811	901.7
444.4	9.861	901.8
444.4	9.911	901.8
444.4	9.961	901.8
444.4	10.01	901.8
444.4	10.06	901.9
444.4	10.11	901.9
444.4	10.16	901.9
444.4	10.21	902
444.4	10.26	902
444.4	10.31	902
444.4	10.36	902.1
444.4	10.41	902.1
444.4	10.46	902.1
444.4	10.51	902.1
444.4	10.56	902.2
444.4	10.61	902.2
444.4	10.66	902.2
444.4	10.71	902.3
444.4	10.76	902.3
444.4	10.81	902.3
444.4	10.86	902.4
444.4	10.91	902.4
444.4	10.96	902.4
444.4	11.01	902.5
444.4	11.06	902.5
444.4	11.11	902.5
444.4	11.16	902.5
444.4	11.21	902.6
444.4	11.26	902.6
444.4	11.31	902.6
444.4	11.36	902.7
444.4	11.41	902.7
444.4	11.46	902.7
444.4	11.51	902.8
444.4	11.56	902.8
444.4	11.61	902.8
444.4	11.66	902.8
444.4	11.71	902.9
444.4	11.76	902.9
444.4	11.81	902.9
444.4	11.86	903
444.4	11.91	903
444.4	11.96	903
444.4	12.01	903.1
444.4	12.06	903.1
444.4	12.11	903.1
444.4	12.16	903.1
444.4	12.21	903.2
444.4	12.26	903.2
444.4	12.31	903.2
444.4	12.36	903.3
444.4	12.41	903.3
444.4	12.46	903.3
444.4	12.51	903.4
444.4	12.56	903.4
444.4	12.61	903.4
444.4	12.66	903.4
444.4	12.71	903.5
444.4	12.76	903.5
444.4	12.81	903.5
444.4	12.86	903.6
444.4	12.91	903.6
444.4	12.96	903.6
444.4	13.01	903.7
444.4	13.06	903.7
444.4	13.11	903.7
444.4	13.16	903.7
444.4	13.21	903.8
444.4	13.26	903.8
444.4	13.31	903.8
444.4	13.36	903.9
444.4	13.41	903.9
444.4	13.46	903.9
444.4	13.51	904
444.4	13.56	904
444.4	13.61	904
444.4	13.66	904
444.4	13.71	904.1
444.4	13.76	904.1
444.4	13.81	904.1
444.4	13.86	904.2
444.4	13.91	904.2
444.4	13.96	904.2
444.4	14.01	904.3
444.4	14.06	904.3
444.4	14.11	904.3
444.4	14.16	904.3
444.4	14.21	904.4
444.4	14.26	904.4
444.4	14.32	904.4
444.4	14.37	904.5
444.4	14.42	904.5
444.4	14.47	904.5
444.4	14.52	904.6
444.4	14.57	904.6
444.4	14.62	904.6
444.4	14.67	904.6
444.4	14.72	904.7
444.4	14.77	904.7
444.4	14.82	904.7
444.4	14.87	904.8
444.4	14.92	904.8
444.4	14.97	904.8
444.4	15.02	904.9
444.4	15.07	904.9
444.4	15.12	904.9
444.4	15.17	904.9
444.4	15.22	905
444.4	15.27	905
444.4	15.32	905
444.4	15.37	905.1
444.4	15.42	905.1
444.4	15.47	905.1
444.4	15.52	905.2
444.4	15.57	905.2
444.4	15.62	905.2
444.4	15.67	905.2
444.4	15.72	905.3
444.4	15.77	905.3
444.4	15.82	905.3
444.4	15.87	905.4
444.4	15.92	905.4
444.4	15.97	905.4
444.4	16.02	905.5
444.4	16.07	905.5
444.4	16.12	905.5
444.4	16.17	905.5
444.4	16.22	905.6
444.4	16.27	905.6
444.4	16.32	905.6
444.4	16.37	905.7
444.4	16.42	905.7
444.4	16.47	905.7
444.4	16.52	905.7
444.4	16.57	905.8
444.4	16.62	905.8
444.4	16.67	905.8
444.4	16.72	905.9
444.4	16.77	905.9
444.4	16.82	905.9
444.4	16.87	906
444.4	16.92	906
444.4	16.97	906
444.4	17.02	906
444.4	17.07	906.1
444.4	17.12	906.1
444.4	17.17	906.1
444.4	17.22	906.2
444.4	17.27	906.2
444.4	17.32	906.2
444.4	17.37	906.2
444.4	17.42	906.3
444.4	17.47	906.3
444.4	17.52	906.3
444.4	17.57	906.4
444.4	17.62	906.4
444.4	17.67	906.4
444.4	17.72	906.5
444.4	17.77	906.5
444.4	17.82	906.5
444.4	17.87	906.5
444.4	17.92	906.6
444.4	17.97	906.6
444.4	18.02	906.6
444.4	18.07	906.7
444.4	18.12	906.7
444.4	18.17	906.7
444.4	18.22	906.7
444.4	18.27	906.8
444.4	18.32	906.8
444.4	18.37	906.8
444.4	18.42	906.9
444.4	18.47	906.9
444.4	18.52	906.9
444.4	18.57	907
444.4	18.62	907
444.4	18.67	907
444.4	18.72	907
444.4	18.77	907.1
444.4	18.82	907.1
444.4	18.87	907.1
444.4	18.92	907.2
444.4	18.97	907.2
444.4	19.02	907.2
444.4	19.07	907.2
444.4	19.12	907.3
444.4	19.17	907.3
444.4	19.22	907.3
444.4	19.27	907.4
444.4	19.32	907.4
444.4	19.37	907.4
444.4	19.42	907.5
444.4	19.47	907.5
444.4	19.52	907.5
444.4	19.57	907.5
444.4	19.62	907.6
444.4	19.67	907.6
444.4	19.72	907.6
444.4	19.77	907.7
444.4	19.82	907.7
444.4	19.87	907.7
444.4	19.92	907.7
444.4	19.97	907.8
444.4	20.02	907.8
444.4	20.07	907.8
444.4	20.12	907.9
444.4	20.17	907.9
444.4	20.22	907.9
444.4	20.27	907.9
444.4	20.32	908
444.4	20.37	908
444.4	20.42	908
444.4	20.47	908.1
444.4	20.52	908.1
444.4	20.57	908.1
444.4	20.62	908.1
444.4	20.67	908.2
444.4	20.72	908.2
444.4	20.77	908.2
444.4	20.82	908.3
444.4	20.87	908.3
444.4	20.92	908.3
444.4	20.97	908.4
444.4	21.02	908.4
444.4	21.07	908.4
444.4	21.12	908.4
444.4	21.17	908.5
444.4	21.22	908.5
444.4	21.27	908.5
444.4	21.32	908.6
444.4	21.37	908.6
444.4	21.42	908.6
444.4	21.47	908.6
444.4	21.52	908.7
444.4	21.57	908.7
444.4	21.62	908.7
444.4	21.67	908.8
444.4	21.72	908.8
444.4	21.77	908.8
444.4	21.82	908.8
444.4	21.87	908.9
444.4	21.92	908.9
444.4	21.97	908.9
444.4	22.02	909
444.4	22.07	909
444.4	22.12	909
444.4	22.17	909
444.4	22.22	909.1
444.4	22.27	909.1
444.4	22.32	909.1
444.4	22.37	909.2
444.4	22.42	909.2
444.4	22.47	909.2
444.4	22.52	909.2
444.4	22.57	909.3
444.4	22.62	909.3
444.4	22.67	909.3
444.4	22.72	909.4
444.4	22.77	909.4
444.4	22.82	909.4
444.4	22.87	909.4
444.4	22.92	909.5
444.4	22.97	909.5
444.4	23.02	909.5
444.4	23.07	909.6
444.4	23.12	909.6
444.4	23.17	909.6
444.4	23.22	909.7
444.4	23.27	909.7
444.4	23.32	909.7
444.4	23.37	909.7
444.4	23.42	909.8
444.4	23.47	909.8
444.4	23.52	909.8
444.4	23.57	909.9
444.4	23.62	909.9
444.4	23.67	909.9
444.4	23.72	909.9
444.4	23.77	910
444.4	23.82	910
444.4	23.87	910
444.4	23.92	910.1
444.4	23.97	910.1
444.4	24.02	910.1
444.4	24.07	910.1
444.4	24.12	910.2
444.4	24.17	910.2
444.4	24.22	910.2
444.4	24.27	910.3
444.4	24.32	910.3
444.4	24.37	910.3
444.4	24.42	910.3
444.4	24.47	910.4
444.4	24.53	910.4
444.4	24.58	910.4
444.4	24.63	910.5
444.4	24.68	910.5
444.4	24.73	910.5
444.4	24.78	910.5
444.4	24.83	910.6
444.4	24.88	910.6
444.4	24.93	910.6
444.4	24.98	910.7
444.4	25.03	910.7
444.4	25.08	910.7
444.4	25.13	910.7
444.4	25.18	910.8
444.4	25.23	910.8
444.4	25.28	910.8
444.4	25.33	910.9
444.4	25.38	910.9
444.4	25.43	910.9
444.4	25.48	910.9
444.4	25.53	911
444.4	25.58	911
444.4	25.63	911
444.4	25.68	911.1
444.4	25.73	911.1
444.4	25.78	911.1
444.4	25.83	911.1
444.4	25.88	911.2
444.4	25.93	911.2
444.4	25.98	911.2
444.4	26.03	911.2
444.4	26.08	911.3
444.4	26.13	911.3
444.4	26.18	911.3
444.4	26.23	911.4
444.4	26.28	911.4
444.4	26.33	911.4
444.4	26.38	911.4
444.4	26.43	911.5
444.4	26.48	911.5
444.4	26.53	911.5
444.4	26.58	911.6
444.4	26.63	911.6
444.4	26.68	911.6
444.4	26.73	911.6
444.4	26.78	911.7
444.4	26.83	911.7
444.4	26.88	911.7
444.4	26.93	911.8
444.4	26.98	911.8
444.4	27.03	911.8
444.4	27.08	911.8
444.4	27.13	911.9
444.4	27.18	911.9
444.4	27.23	911.9
444.4	27.28	912
444.4	27.33	912
444.4	27.38	912
444.4	27.43	912
444.4	27.48	912.1
444.4	27.53	912.1
444.4	27.58	912.1
444.4	27.63	912.2
444.4	27.68	912.2
444.4	27.73	912.2
444.4	27.78	912.2
444.4	27.83	912.3
444.4	27.88	912.3
444.4	27.93	912.3
444.4	27.98	912.4
444.4	28.03	912.4
444.4	28.08	912.4
444.4	28.13	912.4
444.4	28.18	912.5
444.4	28.23	912.5
444.4	28.28	912.5
444.4	28.33	912.5
444.4	28.38	912.6
444.4	28.43	912.6
444.4	28.48	912.6
444.4	28.53	912.7
444.4	28.58	912.7
444.4	28.63	912.7
444.4	28.68	912.7
444.4	28.73	912.8
444.4	28.78	912.8
444.4	28.83	912.8
444.4	28.88	912.9
444.4	28.93	912.9
444.4	28.98	912.9
444.4	29.03	912.9
444.4	29.08	913
444.4	29.13	913
444.4	29.18	913
444.4	29.23	913.1
444.4	29.28	913.1
444.4	29.33	913.1
444.4	29.38	913.1
444.4	29.43	913.2
444.4	29.48	913.2
444.4	29.53	913.2
444.4	29.58	913.3
444.4	29.63	913.3
444.4	29.68	913.3
444.4	29.73	913.3
444.4	29.78	913.4
444.4	29.83	913.4
444.4	29.88	913.4
444.4	29.93	913.4
444.4	29.98	913.5
444.4	30.03	913.5
444.4	30.08	913.5
444.4	30.13	913.6
444.4	30.18	913.6
444.4	30.23	913.6
444.4	30.28	913.6
444.4	30.33	913.7
444.4	30.38	913.7
444.4	30.43	913.7
444.4	30.48	913.8
444.4	30.53	913.8
444.4	30.58	913.8
444.4	30.63	913.8
444.4	30.68	913.9
444.4	30.73	913.9
444.4	30.78	913.9
444.4	30.83	913.9
444.4	30.88	914
444.4	30.93	914
444.4	30.98	914
444.4	31.03	914.1
444.4	31.08	914.1
444.4	31.13	914.1
444.4	31.18	914.1
444.4	31.23	914.2
444.4	31.28	914.2
444.4	31.33	914.2
444.4	31.38	914.3
444.4	31.43	914.3
444.4	31.48	914.3
444.4	31.53	914.3
444.4	31.58	914.4
444.4	31.63	914.4
444.4	31.68	914.4
444.4	31.73	914.4
444.4	31.78	914.5
444.4	31.83	914.5
444.4	31.88	914.5
444.4	31.93	914.6
444.4	31.98	914.6
444.4	32.03	914.6
444.4	32.08	914.6
444.4	32.13	914.7
444.4	32.18	914.7
444.4	32.23	914.7
444.4	32.28	914.8
444.4	32.33	914.8
444.4	32.38	914.8
444.4	32.43	914.8
444.4	32.48	914.9
444.4	32.53	914.9
444.4	32.58	914.9
444.4	32.63	914.9
444.4	32.68	915
444.4	32.73	915
444.4	32.78	915
444.4	32.83	915.1
444.4	32.88	915.1
444.4	32.93	915.1
444.4	32.98	915.1
444.4	33.03	915.2
444.4	33.08	915.2
444.4	33.13	915.2
444.4	33.18	915.3
444.4	33.23	915.3
444.4	33.28	915.3
444.4	33.33	915.3
444.4	33.38	915.4
444.4	33.43	915.4
444.4	33.48	915.4
444.4	33.53	915.4
444.4	33.58	915.5
444.4	33.63	915.5
444.4	33.68	915.5
444.4	33.73	915.6
444.4	33.78	915.6
444.4	33.83	915.6
444.4	33.88	915.6
444.4	33.93	915.7
444.4	33.98	915.7
444.4	34.03	915.7
444.4	34.08	915.7
444.4	34.13	915.8
444.4	34.18	915.8
444.4	34.23	915.8
444.4	34.28	915.9
444.4	34.33	915.9
444.4	34.38	915.9
444.4	34.43	915.9
444.4	34.48	916
444.4	34.53	916
444.4	34.58	916
444.4	34.63	916
444.4	34.68	916.1
444.4	34.74	916.1
444.4	34.79	916.1
444.4	34.84	916.2
444.4	34.89	916.2
444.4	34.94	916.2
444.4	34.99	916.2
444.4	35.04	916.3
444.4	35.09	916.3
444.4	35.14	916.3
444.4	35.19	916.3
444.4	35.24	916.4
444.4	35.29	916.4
444.4	35.34	916.4
444.4	35.39	916.5
444.4	35.44	916.5
444.4	35.49	916.5
444.4	35.54	916.5
444.4	35.59	916.6
444.4	35.64	916.6
444.4	35.69	916.6
444.4	35.74	916.6
444.4	35.79	916.7
444.4	35.84	916.7
444.4	35.89	916.7
444.4	35.94	916.8
444.4	35.99	916.8
444.4	36.04	916.8
444.4	36.09	916.8
444.4	36.14	916.9
444.4	36.19	916.9
444.4	36.24	916.9
444.4	36.29	916.9
444.4	36.34	917
444.4	36.39	917
444.4	36.44	917
444.4	36.49	917.1
444.4	36.54	917.1
444.4	36.59	917.1
444.4	36.64	917.1
444.4	36.69	917.2
444.4	36.74	917.2
444.4	36.79	917.2
444.4	36.84	917.2
444.4	36.89	917.3
444.4	36.94	917.3
444.4	36.99	917.3
444.4	37.04	917.4
444.4	37.09	917.4
444.4	37.14	917.4
444.4	37.19	917.4
444.4	37.24	917.5
444.4	37.29	917.5
444.4	37.34	917.5
444.4	37.39	917.5
444.4	37.44	917.6
444.4	37.49	917.6
444.4	37.54	917.6
444.4	37.59	917.7
444.4	37.64	917.7
444.4	37.69	917.7
444.4	37.74	917.7
444.4	37.79	917.8
444.4	37.84	917.8
444.4	37.89	917.8
444.4	37.94	917.8
444.4	37.99	917.9
444.4	38.04	917.9
444.4	38.09	917.9
444.4	38.14	918
444.4	38.19	918
444.4	38.24	918
444.4	38.29	918
444.4	38.34	918.1
444.4	38.39	918.1
444.4	38.44	918.1
444.4	38.49	918.1
444.4	38.54	918.2
444.4	38.59	918.2
444.4	38.64	918.2
444.4	38.69	918.3
444.4	38.74	918.3
444.4	38.79	918.3
444.4	38.84	918.3
444.4	38.89	918.4
444.4	38.94	918.4
444.4	38.99	918.4
444.4	39.04	918.4
444.4	39.09	918.5
444.4	39.14	918.5
444.4	39.19	918.5
444.4	39.24	918.5
444.4	39.29	918.6
444.4	39.34	918.6
444.4	39.39	918.6
444.4	39.44	918.7
444.4	39.49	918.7
444.4	39.54	918.7
444.4	39.59	918.7
444.4	39.64	918.8
444.4	39.69	918.8
444.4	39.74	918.8
444.4	39.79	918.8
444.4	39.84	918.9
444.4	39.89	918.9
444.4	39.94	918.9
444.4	39.99	919
444.4	40.04	919
444.4	40.09	919
444.4	40.14	919
444.4	40.19	919.1
444.4	40.24	919.1
444.4	40.29	919.1
444.4	40.34	919.1
444.4	40.39	919.2
444.4	40.44	919.2
444.4	40.49	919.2
444.4	40.54	919.2
444.4	40.59	919.3
444.4	40.64	919.3
444.4	40.69	919.3
444.4	40.74	919.4
444.4	40.79	919.4
444.4	40.84	919.4
444.4	40.89	919.4
444.4	40.94	919.5
444.4	40.99	919.5
444.4	41.04	919.5
444.4	41.09	919.5
444.4	41.14	919.6
444.4	41.19	919.6
444.4	41.24	919.6
444.4	41.29	919.6
444.4	41.34	919.7
444.4	41.39	919.7
444.4	41.44	919.7
444.4	41.49	919.8
444.4	41.54	919.8
444.4	41.59	919.8
444.4	41.64	919.8
444.4	41.69	919.9
444.4	41.74	919.9
444.4	41.79	919.9
444.4	41.84	919.9
444.4	41.89	920
444.4	41.94	920
444.4	41.99	920
444.4	42.04	920
444.4	42.09	920.1
444.4	42.14	920.1
444.4	42.19	920.1
444.4	42.24	920.2
444.4	42.29	920.2
444.4	42.34	920.2
444.4	42.39	920.2
444.4	42.44	920.3
444.4	42.49	920.3
444.4	42.54	920.3
444.4	42.59	920.3
444.4	42.64	920.4
444.4	42.69	920.4
444.4	42.74	920.4
444.4	42.79	920.4
444.4	42.84	920.5
444.4	42.89	920.5
444.4	42.94	920.5
444.4	42.99	920.6
444.4	43.04	920.6
444.4	43.09	920.6
444.4	43.14	920.6
444.4	43.19	920.7
444.4	43.24	920.7
444.4	43.29	920.7
444.4	43.34	920.7
444.4	43.39	920.8
444.4	43.44	920.8
444.4	43.49	920.8
444.4	43.54	920.8
444.4	43.59	920.9
444.4	43.64	920.9
444.4	43.69	920.9
444.4	43.74	921
444.4	43.79	921
444.4	43.84	921
444.4	43.89	921
444.4	43.94	921.1
444.4	43.99	921.1
444.4	44.04	921.1
444.4	44.09	921.1
444.4	44.14	921.2
444.4	44.19	921.2
444.4	44.24	921.2
444.4	44.29	921.2
444.4	44.34	921.3
444.4	44.39	921.3
444.4	44.44	921.3
444.4	44.49	921.3
444.4	44.54	921.4
444.4	44.59	921.4
444.4	44.64	921.4
444.4	44.69	921.5
444.4	44.74	921.5
444.4	44.79	921.5
444.4	44.84	921.5
444.4	44.89	921.6
444.4	44.95	921.6
444.4	45	921.6
444.4	45.05	921.6
444.4	45.1	921.7
444.4	45.15	921.7
444.4	45.2	921.7
444.4	45.25	921.7
444.4	45.3	921.8
444.4	45.35	921.8
444.4	45.4	921.8
444.4	45.45	921.8
444.4	45.5	921.9
444.4	45.55	921.9
444.4	45.6	921.9
444.4	45.65	922
444.4	45.7	922
444.4	45.75	922
444.4	45.8	922
444.4	45.85	922.1
444.4	45.9	922.1
444.4	45.95	922.1
444.4	46	922.1
444.4	46.05	922.2
444.4	46.1	922.2
444.4	46.15	922.2
444.4	46.2	922.2
444.4	46.25	922.3
444.4	46.3	922.3
444.4	46.35	922.3
444.4	46.4	922.3
444.4	46.45	922.4
444.4	46.5	922.4
444.4	46.55	922.4
444.4	46.6	922.5
444.4	46.65	922.5
444.4	46.7	922.5
444.4	46.75	922.5
444.4	46.8	922.6
444.4	46.85	922.6
444.4	46.9	922.6
444.4	46.95	922.6
444.4	47	922.7
444.4	47.05	922.7
444.4	47.1	922.7
444.4	47.15	922.7
444.4	47.2	922.8
444.4	47.25	922.8
444.4	47.3	922.8
444.4	47.35	922.8
444.4	47.4	922.9
444.4	47.45	922.9
444.4	47.5	922.9
444.4	47.55	922.9
444.4	47.6	923
444.4	47.65	923
444.4	47.7	923
444.4	47.75	923.1
444.4	47.8	923.1
444.4	47.85	923.1
444.4	47.9	923.1
444.4	47.95	923.2
444.4	48	923.2
444.4	48.05	923.2
444.4	48.1	923.2
444.4	48.15	923.3
444.4	48.2	923.3
444.4	48.25	923.3
444.4	48.3	923.3
444.4	48.35	923.4
444.4	48.4	923.4
444.4	48.45	923.4
444.4	48.5	923.4
444.4	48.55	923.5
444.4	48.6	923.5
444.4	48.65	923.5
444.4	48.7	923.5
444.4	48.75	923.6
444.4	48.8	923.6
444.4	48.85	923.6
444.4	48.9	923.7
444.4	48.95	923.7
444.4	49	923.7
444.4	49.05	923.7
444.4	49.1	923.8
444.4	49.15	923.8
444.4	49.2	923.8
444.4	49.25	923.8
444.4	49.3	923.9
444.4	49.35	923.9
444.4	49.4	923.9
444.4	49.45	923.9
444.4	49.5	924
444.4	49.55	924
444.4	49.6	924
444.4	49.65	924
444.4	49.7	924.1
444.4	49.75	924.1
444.4	49.8	924.1
444.4	49.85	924.1
444.4	49.9	924.2
444.4	49.95	924.2
444.4	50	924.2
462.1	0.001	0.004689
462.1	0.05105	0.24
462.1	0.1011	0.4768
462.1	0.1511	0.7149
462.1	0.2012	0.9544
462.1	0.2512	1.195
462.1	0.3013	1.438
462.1	0.3513	1.682
462.1	0.4014	1.928
462.1	0.4514	2.175
462.1	0.5015	2.424
462.1	0.5515	2.674
462.1	0.6016	2.927
462.1	0.6516	3.181
462.1	0.7017	3.437
462.1	0.7517	3.695
462.1	0.8018	3.955
462.1	0.8518	4.218
462.1	0.9019	4.482
462.1	0.9519	4.748
462.1	1.002	5.017
462.1	1.052	5.288
462.1	1.102	5.562
462.1	1.152	5.839
462.1	1.202	6.118
462.1	1.252	877.2
462.1	1.302	877.3
462.1	1.352	877.3
462.1	1.402	877.3
462.1	1.452	877.4
462.1	1.502	877.4
462.1	1.553	877.5
462.1	1.603	877.5
462.1	1.653	877.5
462.1	1.703	877.6
462.1	1.753	877.6
462.1	1.803	877.6
462.1	1.853	877.7
462.1	1.903	877.7
462.1	1.953	877.7
462.1	2.003	877.8
462.1	2.053	877.8
462.1	2.103	877.8
462.1	2.153	877.9
462.1	2.203	877.9
462.1	2.253	877.9
462.1	2.303	878
462.1	2.353	878
462.1	2.403	878.1
462.1	2.453	878.1
462.1	2.503	878.1
462.1	2.554	878.2
462.1	2.604	878.2
462.1	2.654	878.2
462.1	2.704	878.3
462.1	2.754	878.3
462.1	2.804	878.3
462.1	2.854	878.4
462.1	2.904	878.4
462.1	2.954	878.4
462.1	3.004	878.5
462.1	3.054	878.5
462.1	3.104	878.5
462.1	3.154	878.6
462.1	3.204	878.6
462.1	3.254	878.6
462.1	3.304	878.7
462.1	3.354	878.7
462.1	3.404	878.8
462.1	3.454	878.8
462.1	3.504	878.8
462.1	3.554	878.9
462.1	3.605	878.9
462.1	3.655	878.9
462.1	3.705	879
462.1	3.755	879
462.1	3.805	879
462.1	3.855	879.1
462.1	3.905	879.1
462.1	3.955	879.1
462.1	4.005	879.2
462.1	4.055	879.2
462.1	4.105	879.2
462.1	4.155	879.3
462.1	4.205	879.3
462.1	4.255	879.3
462.1	4.305	879.4
462.1	4.355	879.4
462.1	4.405	879.5
462.1	4.455	879.5
462.1	4.505	879.5
462.1	4.555	879.6
462.1	4.606	879.6
462.1	4.656	879.6
462.1	4.706	879.7
462.1	4.756	879.7
462.1	4.806	879.7
462.1	4.856	879.8
462.1	4.906	879.8
462.1	4.956	879.8
462.1	5.006	879.9
462.1	5.056	879.9
462.1	5.106	879.9
462.1	5.156	880
462.1	5.206	880
462.1	5.256	880
462.1	5.306	880.1
462.1	5.356	880.1
462.1	5.406	880.1
462.1	5.456	880.2
462.1	5.506	880.2
462.1	5.556	880.3
462.1	5.606	880.3
462.1	5.657	880.3
462.1	5.707	880.4
462.1	5.757	880.4
462.1	5.807	880.4
462.1	5.857	880.5
462.1	5.907	880.5
462.1	5.957	880.5
462.1	6.007	880.6
462.1	6.057	880.6
462.1	6.107	880.6
462.1	6.157	880.7
462.1	6.207	880.7
462.1	6.257	880.7
462.1	6.307	880.8
462.1	6.357	880.8
462.1	6.407	880.8
462.1	6.457	880.9
462.1	6.507	880.9
462.1	6.557	880.9
462.1	6.607	881
462.1	6.658	881
462.1	6.708	881
462.1	6.758	881.1
462.1	6.808	881.1
462.1	6.858	881.1
462.1	6.908	881.2
462.1	6.958	881.2
462.1	7.008	881.3
462.1	7.058	881.3
462.1	7.108	881.3
462.1	7.158	881.4
462.1	7.208	881.4
462.1	7.258	881.4
462.1	7.308	881.5
462.1	7.358	881.5
462.1	7.408	881.5
462.1	7.458	881.6
462.1	7.508	881.6
462.1	7.558	881.6
462.1	7.608	881.7
462.1	7.659	881.7
462.1	7.709	881.7
462.1	7.759	881.8
462.1	7.809	881.8
462.1	7.859	881.8
462.1	7.909	881.9
462.1	7.959	881.9
462.1	8.009	881.9
462.1	8.059	882
462.1	8.109	882
462.1	8.159	882
462.1	8.209	882.1
462.1	8.259	882.1
462.1	8.309	882.1
462.1	8.359	882.2
462.1	8.409	882.2
462.1	8.459	882.2
462.1	8.509	882.3
462.1	8.559	882.3
462.1	8.609	882.3
462.1	8.659	882.4
462.1	8.71	882.4
462.1	8.76	882.4
462.1	8.81	882.5
462.1	8.86	882.5
462.1	8.91	882.5
462.1	8.96	882.6
462.1	9.01	882.6
462.1	9.06	882.6
462.1	9.11	882.7
462.1	9.16	882.7
462.1	9.21	882.8
462.1	9.26	882.8
462.1	9.31	882.8
462.1	9.36	882.9
462.1	9.41	882.9
462.1	9.46	882.9
462.1	9.51	883
462.1	9.56	883
462.1	9.61	883
462.1	9.66	883.1
462.1	9.711	883.1
462.1	9.761	883.1
462.1	9.811	883.2
462.1	9.861	883.2
462.1	9.911	883.2
462.1	9.961	883.3
462.1	10.01	883.3
462.1	10.06	883.3
462.1	10.11	883.4
462.1	10.16	883.4
462.1	10.21	883.4
462.1	10.26	883.5
462.1	10.31	883.5
462.1	10.36	883.5
462.1	10.41	883.6
462.1	10.46	883.6
462.1	10.51	883.6
462.1	10.56	883.7
462.1	10.61	883.7
462.1	10.66	883.7
462.1	10.71	883.8
462.1	10.76	883.8
462.1	10.81	883.8
462.1	10.86	883.9
462.1	10.91	883.9
462.1	10.96	883.9
462.1	11.01	884
462.1	11.06	884
462.1	11.11	884
462.1	11.16	884.1
462.1	11.21	884.1
462.1	11.26	884.1
462.1	11.31	884.2
462.1	11.36	884.2
462.1	11.41	884.2
462.1	11.46	884.3
462.1	11.51	884.3
462.1	11.56	884.3
462.1	11.61	884.4
462.1	11.66	884.4
462.1	11.71	884.4
462.1	11.76	884.5
462.1	11.81	884.5
462.1	11.86	884.5
462.1	11.91	884.6
462.1	11.96	884.6
462.1	12.01	884.6
462.1	12.06	884.7
462.1	12.11	884.7
462.1	12.16	884.7
462.1	12.21	884.8
462.1	12.26	884.8
462.1	12.31	884.8
462.1	12.36	884.9
462.1	12.41	884.9
462.1	12.46	884.9
462.1	12.51	885
462.1	12.56	885
462.1	12.61	885
462.1	12.66	885.1
462.1	12.71	885.1
462.1	12.76	885.1
462.1	12.81	885.2
462.1	12.86	885.2
462.1	12.91	885.2
462.1	12.96	885.3
462.1	13.01	885.3
462.1	13.06	885.3
462.1	13.11	885.4
462.1	13.16	885.4
462.1	13.21	885.4
462.1	13.26	885.5
462.1	13.31	885.5
462.1	13.36	885.5
462.1	13.41	885.6
462.1	13.46	885.6
462.1	13.51	885.6
462.1	13.56	885.7
462.1	13.61	885.7
462.1	13.66	885.7
462.1	13.71	885.8
462.1	13.76	885.8
462.1	13.81	885.8
462.1	13.86	885.9
462.1	13.91	885.9
462.1	13.96	885.9
462.1	14.01	886
462.1	14.06	886
462.1	14.11	886
462.1	14.16	886.1
462.1	14.21	886.1
462.1	14.26	886.1
462.1	14.32	886.2
462.1	14.37	886.2
462.1	14.42	886.2
462.1	14.47	886.3
462.1	14.52	886.3
462.1	14.57	886.3
462.1	14.62	886.4
462.1	14.67	886.4
462.1	14.72	886.4
462.1	14.77	886.5
462.1	14.82	886.5
462.1	14.87	886.5
462.1	14.92	886.6
462.1	14.97	886.6
462.1	15.02	886.6
462.1	15.07	886.7
462.1	15.12	886.7
462.1	15.17	886.7
462.1	15.22	886.8
462.1	15.27	886.8
462.1	15.32	886.8
462.1	15.37	886.9
462.1	15.42	886.9
462.1	15.47	886.9
462.1	15.52	886.9
462.1	15.57	887
462.1	15.62	887
462.1	15.67	887
462.1	15.72	887.1
462.1	15.77	887.1
462.1	15.82	887.1
462.1	15.87	887.2
462.1	15.92	887.2
462.1	15.97	887.2
462.1	16.02	887.3
462.1	16.07	887.3
462.1	16.12	887.3
462.1	16.17	887.4
462.1	16.22	887.4
462.1	16.27	887.4
462.1	16.32	887.5
462.1	16.37	887.5
462.1	16.42	887.5
462.1	16.47	887.6
462.1	16.52	887.6
462.1	16.57	887.6
462.1	16.62	887.7
462.1	16.67	887.7
462.1	16.72	887.7
462.1	16.77	887.8
462.1	16.82	887.8
462.1	16.87	887.8
462.1	16.92	887.9
462.1	16.97	887.9
462.1	17.02	887.9
462.1	17.07	888
462.1	17.12	888
462.1	17.17	888
462.1	17.22	888.1
462.1	17.27	888.1
462.1	17.32	888.1
462.1	17.37	888.2
462.1	17.42	888.2
462.1	17.47	888.2
462.1	17.52	888.3
462.1	17.57	888.3
462.1	17.62	888.3
462.1	17.67	888.4
462.1	17.72	888.4
462.1	17.77	888.4
462.1	17.82	888.4
462.1	17.87	888.5
462.1	17.92	888.5
462.1	17.97	888.5
462.1	18.02	888.6
462.1	18.07	888.6
462.1	18.12	888.6
462.1	18.17	888.7
462.1	18.22	888.7
462.1	18.27	888.7
462.1	18.32	888.8
462.1	18.37	888.8
462.1	18.42	888.8
462.1	18.47	888.9
462.1	18.52	888.9
462.1	18.57	888.9
462.1	18.62	889
462.1	18.67	889
462.1	18.72	889
462.1	18.77	889.1
462.1	18.82	889.1
462.1	18.87	889.1
462.1	18.92	889.2
462.1	18.97	889.2
462.1	19.02	889.2
462.1	19.07	889.3
462.1	19.12	889.3
462.1	19.17	889.3
462.1	19.22	889.4
462.1	19.27	889.4
462.1	19.32	889.4
462.1	19.37	889.4
462.1	19.42	889.5
462.1	19.47	889.5
462.1	19.52	889.5
462.1	19.57	889.6
462.1	19.62	889.6
462.1	19.67	889.6
462.1	19.72	889.7
462.1	19.77	889.7
462.1	19.82	889.7
462.1	19.87	889.8
462.1	19.92	889.8
462.1	19.97	889.8
462.1	20.02	889.9
462.1	20.07	889.9
462.1	20.12	889.9
462.1	20.17	890
462.1	20.22	890
462.1	20.27	890
462.1	20.32	890.1
462.1	20.37	890.1
462.1	20.42	890.1
462.1	20.47	890.2
462.1	20.52	890.2
462.1	20.57	890.2
462.1	20.62	890.2
462.1	20.67	890.3
462.1	20.72	890.3
462.1	20.77	890.3
462.1	20.82	890.4
462.1	20.87	890.4
462.1	20.92	890.4
462.1	20.97	890.5
462.1	21.02	890.5
462.1	21.07	890.5
462.1	21.12	890.6
462.1	21.17	890.6
462.1	21.22	890.6
462.1	21.27	890.7
462.1	21.32	890.7
462.1	21.37	890.7
462.1	21.42	890.8
462.1	21.47	890.8
462.1	21.52	890.8
462.1	21.57	890.9
462.1	21.62	890.9
462.1	21.67	890.9
462.1	21.72	890.9
462.1	21.77	891
462.1	21.82	891
462.1	21.87	891
462.1	21.92	891.1
462.1	21.97	891.1
462.1	22.02	891.1
462.1	22.07	891.2
462.1	22.12	891.2
462.1	22.17	891.2
462.1	22.22	891.3
462.1	22.27	891.3
462.1	22.32	891.3
462.1	22.37	891.4
462.1	22.42	891.4
462.1	22.47	891.4
462.1	22.52	891.5
462.1	22.57	891.5
462.1	22.62	891.5
462.1	22.67	891.6
462.1	22.72	891.6
462.1	22.77	891.6
462.1	22.82	891.6
462.1	22.87	891.7
462.1	22.92	891.7
462.1	22.97	891.7
462.1	23.02	891.8
462.1	23.07	891.8
462.1	23.12	891.8
462.1	23.17	891.9
462.1	23.22	891.9
462.1	23.27	891.9
462.1	23.32	892
462.1	23.37	892
462.1	23.42	892
462.1	23.47	892.1
462.1	23.52	892.1
462.1	23.57	892.1
462.1	23.62	892.1
462.1	23.67	892.2
462.1	23.72	892.2
462.1	23.77	892.2
462.1	23.82	892.3
462.1	23.87	892.3
462.1	23.92	892.3
462.1	23.97	892.4
462.1	24.02	892.4
462.1	24.07	892.4
462.1	24.12	892.5
462.1	24.17	892.5
462.1	24.22	892.5
462.1	24.27	892.6
462.1	24.32	892.6
462.1	24.37	892.6
462.1	24.42	892.7
462.1	24.47	892.7
462.1	24.53	892.7
462.1	24.58	892.7
462.1	24.63	892.8
462.1	24.68	892.8
462.1	24.73	892.8
462.1	24.78	892.9
462.1	24.83	892.9
462.1	24.88	892.9
462.1	24.93	893
462.1	24.98	893
462.1	25.03	893
462.1	25.08	893.1
462.1	25.13	893.1
462.1	25.18	893.1
462.1	25.23	893.2
462.1	25.28	893.2
462.1	25.33	893.2
462.1	25.38	893.2
462.1	25.43	893.3
462.1	25.48	893.3
462.1	25.53	893.3
462.1	25.58	893.4
462.1	25.63	893.4
462.1	25.68	893.4
462.1	25.73	893.5
462.1	25.78	893.5
462.1	25.83	893.5
462.1	25.88	893.6
462.1	25.93	893.6
462.1	25.98	893.6
462.1	26.03	893.7
462.1	26.08	893.7
462.1	26.13	893.7
462.1	26.18	893.7
462.1	26.23	893.8
462.1	26.28	893.8
462.1	26.33	893.8
462.1	26.38	893.9
462.1	26.43	893.9
462.1	26.48	893.9
462.1	26.53	894
462.1	26.58	894
462.1	26.63	894
462.1	26.68	894.1
462.1	26.73	894.1
462.1	26.78	894.1
462.1	26.83	894.1
462.1	26.88	894.2
462.1	26.93	894.2
462.1	26.98	894.2
462.1	27.03	894.3
462.1	27.08	894.3
462.1	27.13	894.3
462.1	27.18	894.4
462.1	27.23	894.4
462.1	27.28	894.4
462.1	27.33	894.5
462.1	27.38	894.5
462.1	27.43	894.5
462.1	27.48	894.5
462.1	27.53	894.6
462.1	27.58	894.6
462.1	27.63	894.6
462.1	27.68	894.7
462.1	27.73	894.7
462.1	27.78	894.7
462.1	27.83	894.8
462.1	27.88	894.8
462.1	27.93	894.8
462.1	27.98	894.9
462.1	28.03	894.9
462.1	28.08	894.9
462.1	28.13	895
462.1	28.18	895
462.1	28.23	895
462.1	28.28	895
462.1	28.33	895.1
462.1	28.38	895.1
462.1	28.43	895.1
462.1	28.48	895.2
462.1	28.53	895.2
462.1	28.58	895.2
462.1	28.63	895.3
462.1	28.68	895.3
462.1	28.73	895.3
462.1	28.78	895.4
462.1	28.83	895.4
462.1	28.88	895.4
462.1	28.93	895.4
462.1	28.98	895.5
462.1	29.03	895.5
462.1	29.08	895.5
462.1	29.13	895.6
462.1	29.18	895.6
462.1	29.23	895.6
462.1	29.28	895.7
462.1	29.33	895.7
462.1	29.38	895.7
462.1	29.43	895.7
462.1	29.48	895.8
462.1	29.53	895.8
462.1	29.58	895.8
462.1	29.63	895.9
462.1	29.68	895.9
462.1	29.73	895.9
462.1	29.78	896
462.1	29.83	896
462.1	29.88	896
462.1	29.93	896.1
462.1	29.98	896.1
462.1	30.03	896.1
462.1	30.08	896.1
462.1	30.13	896.2
462.1	30.18	896.2
462.1	30.23	896.2
462.1	30.28	896.3
462.1	30.33	896.3
462.1	30.38	896.3
462.1	30.43	896.4
462.1	30.48	896.4
462.1	30.53	896.4
462.1	30.58	896.5
462.1	30.63	896.5
462.1	30.68	896.5
462.1	30.73	896.5
462.1	30.78	896.6
462.1	30.83	896.6
462.1	30.88	896.6
462.1	30.93	896.7
462.1	30.98	896.7
462.1	31.03	896.7
462.1	31.08	896.8
462.1	31.13	896.8
462.1	31.18	896.8
462.1	31.23	896.8
462.1	31.28	896.9
462.1	31.33	896.9
462.1	31.38	896.9
462.1	31.43	897
462.1	31.48	897
462.1	31.53	897
462.1	31.58	897.1
462.1	31.63	897.1
462.1	31.68	897.1
462.1	31.73	897.1
462.1	31.78	897.2
462.1	31.83	897.2
462.1	31.88	897.2
462.1	31.93	897.3
462.1	31.98	897.3
462.1	32.03	897.3
462.1	32.08	897.4
462.1	32.13	897.4
462.1	32.18	897.4
462.1	32.23	897.5
462.1	32.28	897.5
462.1	32.33	897.5
462.1	32.38	897.5
462.1	32.43	897.6
462.1	32.48	897.6
462.1	32.53	897.6
462.1	32.58	897.7
462.1	32.63	897.7
462.1	32.68	897.7
462.1	32.73	897.8
462.1	32.78	897.8
462.1	32.83	897.8
462.1	32.88	897.8
462.1	32.93	897.9
462.1	32.98	897.9
462.1	33.03	897.9
462.1	33.08	898
462.1	33.13	898
462.1	33.18	898
462.1	33.23	898.1
462.1	33.28	898.1
462.1	33.33	898.1
462.1	33.38	898.1
462.1	33.43	898.2
462.1	33.48	898.2
462.1	33.53	898.2
462.1	33.58	898.3
462.1	33.63	898.3
462.1	33.68	898.3
462.1	33.73	898.4
462.1	33.78	898.4
462.1	33.83	898.4
462.1	33.88	898.4
462.1	33.93	898.5
462.1	33.98	898.5
462.1	34.03	898.5
462.1	34.08	898.6
462.1	34.13	898.6
462.1	34.18	898.6
462.1	34.23	898.7
462.1	34.28	898.7
462.1	34.33	898.7
462.1	34.38	898.7
462.1	34.43	898.8
462.1	34.48	898.8
462.1	34.53	898.8
462.1	34.58	898.9
462.1	34.63	898.9
462.1	34.68	898.9
462.1	34.74	899
462.1	34.79	899
462.1	34.84	899
462.1	34.89	899
462.1	34.94	899.1
462.1	34.99	899.1
462.1	35.04	899.1
462.1	35.09	899.2
462.1	35.14	899.2
462.1	35.19	899.2
462.1	35.24	899.3
462.1	35.29	899.3
462.1	35.34	899.3
462.1	35.39	899.3
462.1	35.44	899.4
462.1	35.49	899.4
462.1	35.54	899.4
462.1	35.59	899.5
462.1	35.64	899.5
462.1	35.69	899.5
462.1	35.74	899.5
462.1	35.79	899.6
462.1	35.84	899.6
462.1	35.89	899.6
462.1	35.94	899.7
462.1	35.99	899.7
462.1	36.04	899.7
462.1	36.09	899.8
462.1	36.14	899.8
462.1	36.19	899.8
462.1	36.24	899.8
462.1	36.29	899.9
462.1	36.34	899.9
462.1	36.39	899.9
462.1	36.44	900
462.1	36.49	900
462.1	36.54	900
462.1	36.59	900.1
462.1	36.64	900.1
462.1	36.69	900.1
462.1	36.74	900.1
462.1	36.79	900.2
462.1	36.84	900.2
462.1	36.89	900.2
462.1	36.94	900.3
462.1	36.99	900.3
462.1	37.04	900.3
462.1	37.09	900.3
462.1	37.14	900.4
462.1	37.19	900.4
462.1	37.24	900.4
462.1	37.29	900.5
462.1	37.34	900.5
462.1	37.39	900.5
462.1	37.44	900.6
462.1	37.49	900.6
462.1	37.54	900.6
462.1	37.59	900.6
462.1	37.64	900.7
462.1	37.69	900.7
462.1	37.74	900.7
462.1	37.79	900.8
462.1	37.84	900.8
462.1	37.89	900.8
462.1	37.94	900.9
462.1	37.99	900.9
462.1	38.04	900.9
462.1	38.09	900.9
462.1	38.14	901
462.1	38.19	901
462.1	38.24	901
462.1	38.29	901.1
462.1	38.34	901.1
462.1	38.39	901.1
462.1	38.44	901.1
462.1	38.49	901.2
462.1	38.54	901.2
462.1	38.59	901.2
462.1	38.64	901.3
462.1	38.69	901.3
462.1	38.74	901.3
462.1	38.79	901.3
462.1	38.84	901.4
462.1	38.89	901.4
462.1	38.94	901.4
462.1	38.99	901.5
462.1	39.04	901.5
462.1	39.09	901.5
462.1	39.14	901.6
462.1	39.19	901.6
462.1	39.24	901.6
462.1	39.29	901.6
462.1	39.34	901.7
462.1	39.39	901.7
462.1	39.44	901.7
462.1	39.49	901.8
462.1	39.54	901.8
462.1	39.59	901.8
462.1	39.64	901.8
462.1	39.69	901.9
462.1	39.74	901.9
462.1	39.79	901.9
462.1	39.84	902
462.1	39.89	902
462.1	39.94	902
462.1	39.99	902.1
462.1	40.04	902.1
462.1	40.09	902.1
462.1	40.14	902.1
462.1	40.19	902.2
462.1	40.24	902.2
462.1	40.29	902.2
462.1	40.34	902.3
462.1	40.39	902.3
462.1	40.44	902.3
462.1	40.49	902.3
462.1	40.54	902.4
462.1	40.59	902.4
462.1	40.64	902.4
462.1	40.69	902.5
462.1	40.74	902.5
462.1	40.79	902.5
462.1	40.84	902.5
462.1	40.89	902.6
462.1	40.94	902.6
462.1	40.99	902.6
462.1	41.04	902.7
462.1	41.09	902.7
462.1	41.14	902.7
462.1	41.19	902.8
462.1	41.24	902.8
462.1	41.29	902.8
462.1	41.34	902.8
462.1	41.39	902.9
462.1	41.44	902.9
462.1	41.49	902.9
462.1	41.54	903
462.1	41.59	903
462.1	41.64	903
462.1	41.69	903
462.1	41.74	903.1
462.1	41.79	903.1
462.1	41.84	903.1
462.1	41.89	903.2
462.1	41.94	903.2
462.1	41.99	903.2
462.1	42.04	903.2
462.1	42.09	903.3
462.1	42.14	903.3
462.1	42.19	903.3
462.1	42.24	903.4
462.1	42.29	903.4
462.1	42.34	903.4
462.1	42.39	903.4
462.1	42.44	903.5
462.1	42.49	903.5
462.1	42.54	903.5
462.1	42.59	903.6
462.1	42.64	903.6
462.1	42.69	903.6
462.1	42.74	903.6
462.1	42.79	903.7
462.1	42.84	903.7
462.1	42.89	903.7
462.1	42.94	903.8
462.1	42.99	903.8
462.1	43.04	903.8
462.1	43.09	903.8
462.1	43.14	903.9
462.1	43.19	903.9
462.1	43.24	903.9
462.1	43.29	904
462.1	43.34	904
462.1	43.39	904
462.1	43.44	904.1
462.1	43.49	904.1
462.1	43.54	904.1
462.1	43.59	904.1
462.1	43.64	904.2
462.1	43.69	904.2
462.1	43.74	904.2
462.1	43.79	904.3
462.1	43.84	904.3
462.1	43.89	904.3
462.1	43.94	904.3
462.1	43.99	904.4
462.1	44.04	904.4
462.1	44.09	904.4
462.1	44.14	904.5
462.1	44.19	904.5
462.1	44.24	904.5
462.1	44.29	904.5
462.1	44.34	904.6
462.1	44.39	904.6
462.1	44.44	904.6
462.1	44.49	904.7
462.1	44.54	904.7
462.1	44.59	904.7
462.1	44.64	904.7
462.1	44.69	904.8
462.1	44.74	904.8
462.1	44.79	904.8
462.1	44.84	904.9
462.1	44.89	904.9
462.1	44.95	904.9
462.1	45	904.9
462.1	45.05	905
462.1	45.1	905
462.1	45.15	905
462.1	45.2	905.1
462.1	45.25	905.1
462.1	45.3	905.1
462.1	45.35	905.1
462.1	45.4	905.2
462.1	45.45	905.2
462.1	45.5	905.2
462.1	45.55	905.3
462.1	45.6	905.3
462.1	45.65	905.3
462.1	45.7	905.3
462.1	45.75	905.4
462.1	45.8	905.4
462.1	45.85	905.4
462.1	45.9	905.5
462.1	45.95	905.5
462.1	46	905.5
462.1	46.05	905.5
462.1	46.1	905.6
462.1	46.15	905.6
462.1	46.2	905.6
462.1	46.25	905.7
462.1	46.3	905.7
462.1	46.35	905.7
462.1	46.4	905.7
462.1	46.45	905.8
462.1	46.5	905.8
462.1	46.55	905.8
462.1	46.6	905.9
462.1	46.65	905.9
462.1	46.7	905.9
462.1	46.75	905.9
462.1	46.8	906
462.1	46.85	906
462.1	46.9	906
462.1	46.95	906
462.1	47	906.1
462.1	47.05	906.1
462.1	47.1	906.1
462.1	47.15	906.2
462.1	47.2	906.2
462.1	47.25	906.2
462.1	47.3	906.2
462.1	47.35	906.3
462.1	47.4	906.3
462.1	47.45	906.3
462.1	47.5	906.4
462.1	47.55	906.4
462.1	47.6	906.4
462.1	47.65	906.4
462.1	47.7	906.5
462.1	47.75	906.5
462.1	47.8	906.5
462.1	47.85	906.6
462.1	47.9	906.6
462.1	47.95	906.6
462.1	48	906.6
462.1	48.05	906.7
462.1	48.1	906.7
462.1	48.15	906.7
462.1	48.2	906.8
462.1	48.25	906.8
462.1	48.3	906.8
462.1	48.35	906.8
462.1	48.4	906.9
462.1	48.45	906.9
462.1	48.5	906.9
462.1	48.55	907
462.1	48.6	907
462.1	48.65	907
462.1	48.7	907
462.1	48.75	907.1
462.1	48.8	907.1
462.1	48.85	907.1
462.1	48.9	907.2
462.1	48.95	907.2
462.1	49	907.2
462.1	49.05	907.2
462.1	49.1	907.3
462.1	49.15	907.3
462.1	49.2	907.3
462.1	49.25	907.3
462.1	49.3	907.4
462.1	49.35	907.4
462.1	49.4	907.4
462.1	49.45	907.5
462.1	49.5	907.5
462.1	49.55	907.5
462.1	49.6	907.5
462.1	49.65	907.6
462.1	49.7	907.6
462.1	49.75	907.6
462.1	49.8	907.7
462.1	49.85	907.7
462.1	49.9	907.7
462.1	49.95	907.7
462.1	50	907.8
479.8	0.001	0.004516
479.8	0.05105	0.2311
479.8	0.1011	0.4588
479.8	0.1511	0.6877
479.8	0.2012	0.9177
479.8	0.2512	1.149
479.8	0.3013	1.381
479.8	0.3513	1.615
479.8	0.4014	1.85
479.8	0.4514	2.086
479.8	0.5015	2.323
479.8	0.5515	2.562
479.8	0.6016	2.803
479.8	0.6516	3.044
479.8	0.7017	3.287
479.8	0.7517	3.532
479.8	0.8018	3.778
479.8	0.8518	4.026
479.8	0.9019	4.275
479.8	0.9519	4.526
479.8	1.002	4.778
479.8	1.052	5.033
479.8	1.102	5.289
479.8	1.152	5.546
479.8	1.202	5.806
479.8	1.252	6.068
479.8	1.302	6.331
479.8	1.352	6.597
479.8	1.402	6.865
479.8	1.452	7.135
479.8	1.502	7.407
479.8	1.553	7.681
479.8	1.603	7.958
479.8	1.653	8.237
479.8	1.703	8.519
479.8	1.753	8.804
479.8	1.803	856.8
479.8	1.853	856.8
479.8	1.903	856.9
479.8	1.953	856.9
479.8	2.003	857
479.8	2.053	857
479.8	2.103	857
479.8	2.153	857.1
479.8	2.203	857.1
479.8	2.253	857.2
479.8	2.303	857.2
479.8	2.353	857.2
479.8	2.403	857.3
479.8	2.453	857.3
479.8	2.503	857.4
479.8	2.554	857.4
479.8	2.604	857.4
479.8	2.654	857.5
479.8	2.704	857.5
479.8	2.754	857.6
479.8	2.804	857.6
479.8	2.854	857.6
479.8	2.904	857.7
479.8	2.954	857.7
479.8	3.004	857.8
479.8	3.054	857.8
479.8	3.104	857.8
479.8	3.154	857.9
479.8	3.204	857.9
479.8	3.254	858
479.8	3.304	858
479.8	3.354	858
479.8	3.404	858.1
479.8	3.454	858.1
479.8	3.504	858.2
479.8	3.554	858.2
479.8	3.605	858.2
479.8	3.655	858.3
479.8	3.705	858.3
479.8	3.755	858.3
479.8	3.805	858.4
479.8	3.855	858.4
479.8	3.905	858.5
479.8	3.955	858.5
479.8	4.005	858.5
479.8	4.055	858.6
479.8	4.105	858.6
479.8	4.155	858.7
479.8	4.205	858.7
479.8	4.255	858.7
479.8	4.305	858.8
479.8	4.355	858.8
479.8	4.405	858.9
479.8	4.455	858.9
479.8	4.505	858.9
479.8	4.555	859
479.8	4.606	859
479.8	4.656	859.1
479.8	4.706	859.1
479.8	4.756	859.1
479.8	4.806	859.2
479.8	4.856	859.2
479.8	4.906	859.3
479.8	4.956	859.3
479.8	5.006	859.3
479.8	5.056	859.4
479.8	5.106	859.4
479.8	5.156	859.5
479.8	5.206	859.5
479.8	5.256	859.5
479.8	5.306	859.6
479.8	5.356	859.6
479.8	5.406	859.6
479.8	5.456	859.7
479.8	5.506	859.7
479.8	5.556	859.8
479.8	5.606	859.8
479.8	5.657	859.8
479.8	5.707	859.9
479.8	5.757	859.9
479.8	5.807	860
479.8	5.857	860
479.8	5.907	860
479.8	5.957	860.1
479.8	6.007	860.1
479.8	6.057	860.2
479.8	6.107	860.2
479.8	6.157	860.2
479.8	6.207	860.3
479.8	6.257	860.3
479.8	6.307	860.3
479.8	6.357	860.4
479.8	6.407	860.4
479.8	6.457	860.5
479.8	6.507	860.5
479.8	6.557	860.5
479.8	6.607	860.6
479.8	6.658	860.6
479.8	6.708	860.7
479.8	6.758	860.7
479.8	6.808	860.7
479.8	6.858	860.8
479.8	6.908	860.8
479.8	6.958	860.9
479.8	7.008	860.9
479.8	7.058	860.9
479.8	7.108	861
479.8	7.158	861
479.8	7.208	861
479.8	7.258	861.1
479.8	7.308	861.1
479.8	7.358	861.2
479.8	7.408	861.2
479.8	7.458	861.2
479.8	7.508	861.3
479.8	7.558	861.3
479.8	7.608	861.4
479.8	7.659	861.4
479.8	7.709	861.4
479.8	7.759	861.5
479.8	7.809	861.5
479.8	7.859	861.5
479.8	7.909	861.6
479.8	7.959	861.6
479.8	8.009	861.7
479.8	8.059	861.7
479.8	8.109	861.7
479.8	8.159	861.8
479.8	8.209	861.8
479.8	8.259	861.9
479.8	8.309	861.9
479.8	8.359	861.9
479.8	8.409	862
479.8	8.459	862
479.8	8.509	862
479.8	8.559	862.1
479.8	8.609	862.1
479.8	8.659	862.2
479.8	8.71	862.2
479.8	8.76	862.2
479.8	8.81	862.3
479.8	8.86	862.3
479.8	8.91	862.4
479.8	8.96	862.4
479.8	9.01	862.4
479.8	9.06	862.5
479.8	9.11	862.5
479.8	9.16	862.5
479.8	9.21	862.6
479.8	9.26	862.6
479.8	9.31	862.7
479.8	9.36	862.7
479.8	9.41	862.7
479.8	9.46	862.8
479.8	9.51	862.8
479.8	9.56	862.8
479.8	9.61	862.9
479.8	9.66	862.9
479.8	9.711	863
479.8	9.761	863
479.8	9.811	863
479.8	9.861	863.1
479.8	9.911	863.1
479.8	9.961	863.2
479.8	10.01	863.2
479.8	10.06	863.2
479.8	10.11	863.3
479.8	10.16	863.3
479.8	10.21	863.3
479.8	10.26	863.4
479.8	10.31	863.4
479.8	10.36	863.5
479.8	10.41	863.5
479.8	10.46	863.5
479.8	10.51	863.6
479.8	10.56	863.6
479.8	10.61	863.6
479.8	10.66	863.7
479.8	10.71	863.7
479.8	10.76	863.8
479.8	10.81	863.8
479.8	10.86	863.8
479.8	10.91	863.9
479.8	10.96	863.9
479.8	11.01	863.9
479.8	11.06	864
479.8	11.11	864
479.8	11.16	864.1
479.8	11.21	864.1
479.8	11.26	864.1
479.8	11.31	864.2
479.8	11.36	864.2
479.8	11.41	864.2
479.8	11.46	864.3
479.8	11.51	864.3
479.8	11.56	864.4
479.8	11.61	864.4
479.8	11.66	864.4
479.8	11.71	864.5
479.8	11.76	864.5
479.8	11.81	864.5
479.8	11.86	864.6
479.8	11.91	864.6
479.8	11.96	864.7
479.8	12.01	864.7
479.8	12.06	864.7
479.8	12.11	864.8
479.8	12.16	864.8
479.8	12.21	864.8
479.8	12.26	864.9
479.8	12.31	864.9
479.8	12.36	865
479.8	12.41	865
479.8	12.46	865
479.8	12.51	865.1
479.8	12.56	865.1
479.8	12.61	865.1
479.8	12.66	865.2
479.8	12.71	865.2
479.8	12.76	865.3
479.8	12.81	865.3
479.8	12.86	865.3
479.8	12.91	865.4
479.8	12.96	865.4
479.8	13.01	865.4
479.8	13.06	865.5
479.8	13.11	865.5
479.8	13.16	865.6
479.8	13.21	865.6
479.8	13.26	865.6
479.8	13.31	865.7
479.8	13.36	865.7
479.8	13.41	865.7
479.8	13.46	865.8
479.8	13.51	865.8
479.8	13.56	865.9
479.8	13.61	865.9
479.8	13.66	865.9
479.8	13.71	866
479.8	13.76	866
479.8	13.81	866
479.8	13.86	866.1
479.8	13.91	866.1
479.8	13.96	866.1
479.8	14.01	866.2
479.8	14.06	866.2
479.8	14.11	866.3
479.8	14.16	866.3
479.8	14.21	866.3
479.8	14.26	866.4
479.8	14.32	866.4
479.8	14.37	866.4
479.8	14.42	866.5
479.8	14.47	866.5
479.8	14.52	866.6
479.8	14.57	866.6
479.8	14.62	866.6
479.8	14.67	866.7
479.8	14.72	866.7
479.8	14.77	866.7
479.8	14.82	866.8
479.8	14.87	866.8
479.8	14.92	866.8
479.8	14.97	866.9
479.8	15.02	866.9
479.8	15.07	867
479.8	15.12	867
479.8	15.17	867
479.8	15.22	867.1
479.8	15.27	867.1
479.8	15.32	867.1
479.8	15.37	867.2
479.8	15.42	867.2
479.8	15.47	867.3
479.8	15.52	867.3
479.8	15.57	867.3
479.8	15.62	867.4
479.8	15.67	867.4
479.8	15.72	867.4
479.8	15.77	867.5
479.8	15.82	867.5
479.8	15.87	867.5
479.8	15.92	867.6
479.8	15.97	867.6
479.8	16.02	867.7
479.8	16.07	867.7
479.8	16.12	867.7
479.8	16.17	867.8
479.8	16.22	867.8
479.8	16.27	867.8
479.8	16.32	867.9
479.8	16.37	867.9
479.8	16.42	867.9
479.8	16.47	868
479.8	16.52	868
479.8	16.57	868.1
479.8	16.62	868.1
479.8	16.67	868.1
479.8	16.72	868.2
479.8	16.77	868.2
479.8	16.82	868.2
479.8	16.87	868.3
479.8	16.92	868.3
479.8	16.97	868.3
479.8	17.02	868.4
479.8	17.07	868.4
479.8	17.12	868.5
479.8	17.17	868.5
479.8	17.22	868.5
479.8	17.27	868.6
479.8	17.32	868.6
479.8	17.37	868.6
479.8	17.42	868.7
479.8	17.47	868.7
479.8	17.52	868.7
479.8	17.57	868.8
479.8	17.62	868.8
479.8	17.67	868.9
479.8	17.72	868.9
479.8	17.77	868.9
479.8	17.82	869
479.8	17.87	869
479.8	17.92	869
479.8	17.97	869.1
479.8	18.02	869.1
479.8	18.07	869.1
479.8	18.12	869.2
479.8	18.17	869.2
479.8	18.22	869.2
479.8	18.27	869.3
479.8	18.32	869.3
479.8	18.37	869.4
479.8	18.42	869.4
479.8	18.47	869.4
479.8	18.52	869.5
479.8	18.57	869.5
479.8	18.62	869.5
479.8	18.67	869.6
479.8	18.72	869.6
479.8	18.77	869.6
479.8	18.82	869.7
479.8	18.87	869.7
479.8	18.92	869.8
479.8	18.97	869.8
479.8	19.02	869.8
479.8	19.07	869.9
479.8	19.12	869.9
479.8	19.17	869.9
479.8	19.22	870
479.8	19.27	870
479.8	19.32	870
479.8	19.37	870.1
479.8	19.42	870.1
479.8	19.47	870.1
479.8	19.52	870.2
479.8	19.57	870.2
479.8	19.62	870.3
479.8	19.67	870.3
479.8	19.72	870.3
479.8	19.77	870.4
479.8	19.82	870.4
479.8	19.87	870.4
479.8	19.92	870.5
479.8	19.97	870.5
479.8	20.02	870.5
479.8	20.07	870.6
479.8	20.12	870.6
479.8	20.17	870.6
479.8	20.22	870.7
479.8	20.27	870.7
479.8	20.32	870.8
479.8	20.37	870.8
479.8	20.42	870.8
479.8	20.47	870.9
479.8	20.52	870.9
479.8	20.57	870.9
479.8	20.62	871
479.8	20.67	871
479.8	20.72	871
479.8	20.77	871.1
479.8	20.82	871.1
479.8	20.87	871.1
479.8	20.92	871.2
479.8	20.97	871.2
479.8	21.02	871.3
479.8	21.07	871.3
479.8	21.12	871.3
479.8	21.17	871.4
479.8	21.22	871.4
479.8	21.27	871.4
479.8	21.32	871.5
479.8	21.37	871.5
479.8	21.42	871.5
479.8	21.47	871.6
479.8	21.52	871.6
479.8	21.57	871.6
479.8	21.62	871.7
479.8	21.67	871.7
479.8	21.72	871.7
479.8	21.77	871.8
479.8	21.82	871.8
479.8	21.87	871.9
479.8	21.92	871.9
479.8	21.97	871.9
479.8	22.02	872
479.8	22.07	872
479.8	22.12	872
479.8	22.17	872.1
479.8	22.22	872.1
479.8	22.27	872.1
479.8	22.32	872.2
479.8	22.37	872.2
479.8	22.42	872.2
479.8	22.47	872.3
479.8	22.52	872.3
479.8	22.57	872.3
479.8	22.62	872.4
479.8	22.67	872.4
479.8	22.72	872.4
479.8	22.77	872.5
479.8	22.82	872.5
479.8	22.87	872.6
479.8	22.92	872.6
479.8	22.97	872.6
479.8	23.02	872.7
479.8	23.07	872.7
479.8	23.12	872.7
479.8	23.17	872.8
479.8	23.22	872.8
479.8	23.27	872.8
479.8	23.32	872.9
479.8	23.37	872.9
479.8	23.42	872.9
479.8	23.47	873
479.8	23.52	873
479.8	23.57	873
479.8	23.62	873.1
479.8	23.67	873.1
479.8	23.72	873.1
479.8	23.77	873.2
479.8	23.82	873.2
479.8	23.87	873.3
479.8	23.92	873.3
479.8	23.97	873.3
479.8	24.02	873.4
479.8	24.07	873.4
479.8	24.12	873.4
479.8	24.17	873.5
479.8	24.22	873.5
479.8	24.27	873.5
479.8	24.32	873.6
479.8	24.37	873.6
479.8	24.42	873.6
479.8	24.47	873.7
479.8	24.53	873.7
479.8	24.58	873.7
479.8	24.63	873.8
479.8	24.68	873.8
479.8	24.73	873.8
479.8	24.78	873.9
479.8	24.83	873.9
479.8	24.88	873.9
479.8	24.93	874
479.8	24.98	874
479.8	25.03	874.1
479.8	25.08	874.1
479.8	25.13	874.1
479.8	25.18	874.2
479.8	25.23	874.2
479.8	25.28	874.2
479.8	25.33	874.3
479.8	25.38	874.3
479.8	25.43	874.3
479.8	25.48	874.4
479.8	25.53	874.4
479.8	25.58	874.4
479.8	25.63	874.5
479.8	25.68	874.5
479.8	25.73	874.5
479.8	25.78	874.6
479.8	25.83	874.6
479.8	25.88	874.6
479.8	25.93	874.7
479.8	25.98	874.7
479.8	26.03	874.7
479.8	26.08	874.8
479.8	26.13	874.8
479.8	26.18	874.8
479.8	26.23	874.9
479.8	26.28	874.9
479.8	26.33	875
479.8	26.38	875
479.8	26.43	875
479.8	26.48	875.1
479.8	26.53	875.1
479.8	26.58	875.1
479.8	26.63	875.2
479.8	26.68	875.2
479.8	26.73	875.2
479.8	26.78	875.3
479.8	26.83	875.3
479.8	26.88	875.3
479.8	26.93	875.4
479.8	26.98	875.4
479.8	27.03	875.4
479.8	27.08	875.5
479.8	27.13	875.5
479.8	27.18	875.5
479.8	27.23	875.6
479.8	27.28	875.6
479.8	27.33	875.6
479.8	27.38	875.7
479.8	27.43	875.7
479.8	27.48	875.7
479.8	27.53	875.8
479.8	27.58	875.8
479.8	27.63	875.8
479.8	27.68	875.9
479.8	27.73	875.9
479.8	27.78	875.9
479.8	27.83	876
479.8	27.88	876
479.8	27.93	876
479.8	27.98	876.1
479.8	28.03	876.1
479.8	28.08	876.1
479.8	28.13	876.2
479.8	28.18	876.2
479.8	28.23	876.3
479.8	28.28	876.3
479.8	28.33	876.3
479.8	28.38	876.4
479.8	28.43	876.4
479.8	28.48	876.4
479.8	28.53	876.5
479.8	28.58	876.5
479.8	28.63	876.5
479.8	28.68	876.6
479.8	28.73	876.6
479.8	28.78	876.6
479.8	28.83	876.7
479.8	28.88	876.7
479.8	28.93	876.7
479.8	28.98	876.8
479.8	29.03	876.8
479.8	29.08	876.8
479.8	29.13	876.9
479.8	29.18	876.9
479.8	29.23	876.9
479.8	29.28	877
479.8	29.33	877
479.8	29.38	877
479.8	29.43	877.1
479.8	29.48	877.1
479.8	29.53	877.1
479.8	29.58	877.2
479.8	29.63	877.2
479.8	29.68	877.2
479.8	29.73	877.3
479.8	29.78	877.3
479.8	29.83	877.3
479.8	29.88	877.4
479.8	29.93	877.4
479.8	29.98	877.4
479.8	30.03	877.5
479.8	30.08	877.5
479.8	30.13	877.5
479.8	30.18	877.6
479.8	30.23	877.6
479.8	30.28	877.6
479.8	30.33	877.7
479.8	30.38	877.7
479.8	30.43	877.7
479.8	30.48	877.8
479.8	30.53	877.8
479.8	30.58	877.8
479.8	30.63	877.9
479.8	30.68	877.9
479.8	30.73	877.9
479.8	30.78	878
479.8	30.83	878
479.8	30.88	878
479.8	30.93	878.1
479.8	30.98	878.1
479.8	31.03	878.1
479.8	31.08	878.2
479.8	31.13	878.2
479.8	31.18	878.2
479.8	31.23	878.3
479.8	31.28	878.3
479.8	31.33	878.3
479.8	31.38	878.4
479.8	31.43	878.4
479.8	31.48	878.4
479.8	31.53	878.5
479.8	31.58	878.5
479.8	31.63	878.5
479.8	31.68	878.6
479.8	31.73	878.6
479.8	31.78	878.6
479.8	31.83	878.7
479.8	31.88	878.7
479.8	31.93	878.7
479.8	31.98	878.8
479.8	32.03	878.8
479.8	32.08	878.8
479.8	32.13	878.9
479.8	32.18	878.9
479.8	32.23	878.9
479.8	32.28	879
479.8	32.33	879
479.8	32.38	879
479.8	32.43	879.1
479.8	32.48	879.1
479.8	32.53	879.1
479.8	32.58	879.2
479.8	32.63	879.2
479.8	32.68	879.2
479.8	32.73	879.3
479.8	32.78	879.3
479.8	32.83	879.3
479.8	32.88	879.4
479.8	32.93	879.4
479.8	32.98	879.4
479.8	33.03	879.5
479.8	33.08	879.5
479.8	33.13	879.5
479.8	33.18	879.6
479.8	33.23	879.6
479.8	33.28	879.6
479.8	33.33	879.7
479.8	33.38	879.7
479.8	33.43	879.7
479.8	33.48	879.8
479.8	33.53	879.8
479.8	33.58	879.8
479.8	33.63	879.9
479.8	33.68	879.9
479.8	33.73	879.9
479.8	33.78	880
479.8	33.83	880
479.8	33.88	880
479.8	33.93	880.1
479.8	33.98	880.1
479.8	34.03	880.1
479.8	34.08	880.2
479.8	34.13	880.2
479.8	34.18	880.2
479.8	34.23	880.3
479.8	34.28	880.3
479.8	34.33	880.3
479.8	34.38	880.4
479.8	34.43	880.4
479.8	34.48	880.4
479.8	34.53	880.5
479.8	34.58	880.5
479.8	34.63	880.5
479.8	34.68	880.6
479.8	34.74	880.6
479.8	34.79	880.6
479.8	34.84	880.7
479.8	34.89	880.7
479.8	34.94	880.7
479.8	34.99	880.8
479.8	35.04	880.8
479.8	35.09	880.8
479.8	35.14	880.9
479.8	35.19	880.9
479.8	35.24	880.9
479.8	35.29	881
479.8	35.34	881
479.8	35.39	881
479.8	35.44	881.1
479.8	35.49	881.1
479.8	35.54	881.1
479.8	35.59	881.2
479.8	35.64	881.2
479.8	35.69	881.2
479.8	35.74	881.3
479.8	35.79	881.3
479.8	35.84	881.3
479.8	35.89	881.4
479.8	35.94	881.4
479.8	35.99	881.4
479.8	36.04	881.5
479.8	36.09	881.5
479.8	36.14	881.5
479.8	36.19	881.5
479.8	36.24	881.6
479.8	36.29	881.6
479.8	36.34	881.6
479.8	36.39	881.7
479.8	36.44	881.7
479.8	36.49	881.7
479.8	36.54	881.8
479.8	36.59	881.8
479.8	36.64	881.8
479.8	36.69	881.9
479.8	36.74	881.9
479.8	36.79	881.9
479.8	36.84	882
479.8	36.89	882
479.8	36.94	882
479.8	36.99	882.1
479.8	37.04	882.1
479.8	37.09	882.1
479.8	37.14	882.2
479.8	37.19	882.2
479.8	37.24	882.2
479.8	37.29	882.3
479.8	37.34	882.3
479.8	37.39	882.3
479.8	37.44	882.4
479.8	37.49	882.4
479.8	37.54	882.4
479.8	37.59	882.5
479.8	37.64	882.5
479.8	37.69	882.5
479.8	37.74	882.6
479.8	37.79	882.6
479.8	37.84	882.6
479.8	37.89	882.7
479.8	37.94	882.7
479.8	37.99	882.7
479.8	38.04	882.8
479.8	38.09	882.8
479.8	38.14	882.8
479.8	38.19	882.8
479.8	38.24	882.9
479.8	38.29	882.9
479.8	38.34	882.9
479.8	38.39	883
479.8	38.44	883
479.8	38.49	883
479.8	38.54	883.1
479.8	38.59	883.1
479.8	38.64	883.1
479.8	38.69	883.2
479.8	38.74	883.2
479.8	38.79	883.2
479.8	38.84	883.3
479.8	38.89	883.3
479.8	38.94	883.3
479.8	38.99	883.4
479.8	39.04	883.4
479.8	39.09	883.4
479.8	39.14	883.5
479.8	39.19	883.5
479.8	39.24	883.5
479.8	39.29	883.6
479.8	39.34	883.6
479.8	39.39	883.6
479.8	39.44	883.7
479.8	39.49	883.7
479.8	39.54	883.7
479.8	39.59	883.8
479.8	39.64	883.8
479.8	39.69	883.8
479.8	39.74	883.8
479.8	39.79	883.9
479.8	39.84	883.9
479.8	39.89	883.9
479.8	39.94	884
479.8	39.99	884
479.8	40.04	884
479.8	40.09	884.1
479.8	40.14	884.1
479.8	40.19	884.1
479.8	40.24	884.2
479.8	40.29	884.2
479.8	40.34	884.2
479.8	40.39	884.3
479.8	40.44	884.3
479.8	40.49	884.3
479.8	40.54	884.4
479.8	40.59	884.4
479.8	40.64	884.4
479.8	40.69	884.5
479.8	40.74	884.5
479.8	40.79	884.5
479.8	40.84	884.5
479.8	40.89	884.6
479.8	40.94	884.6
479.8	40.99	884.6
479.8	41.04	884.7
479.8	41.09	884.7
479.8	41.14	884.7
479.8	41.19	884.8
479.8	41.24	884.8
479.8	41.29	884.8
479.8	41.34	884.9
479.8	41.39	884.9
479.8	41.44	884.9
479.8	41.49	885
479.8	41.54	885
479.8	41.59	885
479.8	41.64	885.1
479.8	41.69	885.1
479.8	41.74	885.1
479.8	41.79	885.2
479.8	41.84	885.2
479.8	41.89	885.2
479.8	41.94	885.2
479.8	41.99	885.3
479.8	42.04	885.3
479.8	42.09	885.3
479.8	42.14	885.4
479.8	42.19	885.4
479.8	42.24	885.4
479.8	42.29	885.5
479.8	42.34	885.5
479.8	42.39	885.5
479.8	42.44	885.6
479.8	42.49	885.6
479.8	42.54	885.6
479.8	42.59	885.7
479.8	42.64	885.7
479.8	42.69	885.7
479.8	42.74	885.8
479.8	42.79	885.8
479.8	42.84	885.8
479.8	42.89	885.9
479.8	42.94	885.9
479.8	42.99	885.9
479.8	43.04	885.9
479.8	43.09	886
479.8	43.14	886
479.8	43.19	886
479.8	43.24	886.1
479.8	43.29	886.1
479.8	43.34	886.1
479.8	43.39	886.2
479.8	43.44	886.2
479.8	43.49	886.2
479.8	43.54	886.3
479.8	43.59	886.3
479.8	43.64	886.3
479.8	43.69	886.4
479.8	43.74	886.4
479.8	43.79	886.4
479.8	43.84	886.4
479.8	43.89	886.5
479.8	43.94	886.5
479.8	43.99	886.5
479.8	44.04	886.6
479.8	44.09	886.6
479.8	44.14	886.6
479.8	44.19	886.7
479.8	44.24	886.7
479.8	44.29	886.7
479.8	44.34	886.8
479.8	44.39	886.8
479.8	44.44	886.8
479.8	44.49	886.9
479.8	44.54	886.9
479.8	44.59	886.9
479.8	44.64	887
479.8	44.69	887
479.8	44.74	887
479.8	44.79	887
479.8	44.84	887.1
479.8	44.89	887.1
479.8	44.95	887.1
479.8	45	887.2
479.8	45.05	887.2
479.8	45.1	887.2
479.8	45.15	887.3
479.8	45.2	887.3
479.8	45.25	887.3
479.8	45.3	887.4
479.8	45.35	887.4
479.8	45.4	887.4
479.8	45.45	887.5
479.8	45.5	887.5
479.8	45.55	887.5
479.8	45.6	887.5
479.8	45.65	887.6
479.8	45.7	887.6
479.8	45.75	887.6
479.8	45.8	887.7
479.8	45.85	887.7
479.8	45.9	887.7
479.8	45.95	887.8
479.8	46	887.8
479.8	46.05	887.8
479.8	46.1	887.9
479.8	46.15	887.9
479.8	46.2	887.9
479.8	46.25	887.9
479.8	46.3	888
479.8	46.35	888
479.8	46.4	888
479.8	46.45	888.1
479.8	46.5	888.1
479.8	46.55	888.1
479.8	46.6	888.2
479.8	46.65	888.2
479.8	46.7	888.2
479.8	46.75	888.3
479.8	46.8	888.3
479.8	46.85	888.3
479.8	46.9	888.4
479.8	46.95	888.4
479.8	47	888.4
479.8	47.05	888.4
479.8	47.1	888.5
479.8	47.15	888.5
479.8	47.2	888.5
479.8	47.25	888.6
479.8	47.3	888.6
479.8	47.35	888.6
479.8	47.4	888.7
479.8	47.45	888.7
479.8	47.5	888.7
479.8	47.55	888.8
479.8	47.6	888.8
479.8	47.65	888.8
479.8	47.7	888.8
479.8	47.75	888.9
479.8	47.8	888.9
479.8	47.85	888.9
479.8	47.9	889
479.8	47.95	889
479.8	48	889
479.8	48.05	889.1
479.8	48.1	889.1
479.8	48.15	889.1
479.8	48.2	889.2
479.8	48.25	889.2
479.8	48.3	889.2
479.8	48.35	889.2
479.8	48.4	889.3
479.8	48.45	889.3
479.8	48.5	889.3
479.8	48.55	889.4
479.8	48.6	889.4
479.8	48.65	889.4
479.8	48.7	889.5
479.8	48.75	889.5
479.8	48.8	889.5
479.8	48.85	889.6
479.8	48.9	889.6
479.8	48.95	889.6
479.8	49	889.6
479.8	49.05	889.7
479.8	49.1	889.7
479.8	49.15	889.7
479.8	49.2	889.8
479.8	49.25	889.8
479.8	49.3	889.8
479.8	49.35	889.9
479.8	49.4	889.9
479.8	49.45	889.9
479.8	49.5	890
479.8	49.55	890
479.8	49.6	890
479.8	49.65	890
479.8	49.7	890.1
479.8	49.75	890.1
479.8	49.8	890.1
479.8	49.85	890.2
479.8	49.9	890.2
479.8	49.95	890.2
479.8	50	890.3
497.5	0.001	0.004356
497.5	0.05105	0.2228
497.5	0.1011	0.4422
497.5	0.1511	0.6625
497.5	0.2012	0.8838
497.5	0.2512	1.106
497.5	0.3013	1.329
497.5	0.3513	1.554
497.5	0.4014	1.779
497.5	0.4514	2.005
497.5	0.5015	2.233
497.5	0.5515	2.461
497.5	0.6016	2.691
497.5	0.6516	2.921
497.5	0.7017	3.153
497.5	0.7517	3.386
497.5	0.8018	3.62
497.5	0.8518	3.856
497.5	0.9019	4.092
497.5	0.9519	4.33
497.5	1.002	4.57
497.5	1.052	4.81
497.5	1.102	5.052
497.5	1.152	5.295
497.5	1.202	5.54
497.5	1.252	5.786
497.5	1.302	6.033
497.5	1.352	6.282
497.5	1.402	6.532
497.5	1.452	6.784
497.5	1.502	7.038
497.5	1.553	7.293
497.5	1.603	7.55
497.5	1.653	7.809
497.5	1.703	8.069
497.5	1.753	8.331
497.5	1.803	8.595
497.5	1.853	8.86
497.5	1.903	9.128
497.5	1.953	9.398
497.5	2.003	9.669
497.5	2.053	9.943
497.5	2.103	10.22
497.5	2.153	10.5
497.5	2.203	10.78
497.5	2.253	11.06
497.5	2.303	11.34
497.5	2.353	11.63
497.5	2.403	11.92
497.5	2.453	12.22
497.5	2.503	12.51
497.5	2.554	834.7
497.5	2.604	834.7
497.5	2.654	834.8
497.5	2.704	834.8
497.5	2.754	834.8
497.5	2.804	834.9
497.5	2.854	834.9
497.5	2.904	835
497.5	2.954	835
497.5	3.004	835.1
497.5	3.054	835.1
497.5	3.104	835.2
497.5	3.154	835.2
497.5	3.204	835.3
497.5	3.254	835.3
497.5	3.304	835.4
497.5	3.354	835.4
497.5	3.404	835.4
497.5	3.454	835.5
497.5	3.504	835.5
497.5	3.554	835.6
497.5	3.605	835.6
497.5	3.655	835.7
497.5	3.705	835.7
497.5	3.755	835.8
497.5	3.805	835.8
497.5	3.855	835.9
497.5	3.905	835.9
497.5	3.955	835.9
497.5	4.005	836
497.5	4.055	836
497.5	4.105	836.1
497.5	4.155	836.1
497.5	4.205	836.2
497.5	4.255	836.2
497.5	4.305	836.3
497.5	4.355	836.3
497.5	4.405	836.4
497.5	4.455	836.4
497.5	4.505	836.4
497.5	4.555	836.5
497.5	4.606	836.5
497.5	4.656	836.6
497.5	4.706	836.6
497.5	4.756	836.7
497.5	4.806	836.7
497.5	4.856	836.8
497.5	4.906	836.8
497.5	4.956	836.9
497.5	5.006	836.9
497.5	5.056	836.9
497.5	5.106	837
497.5	5.156	837
497.5	5.206	837.1
497.5	5.256	837.1
497.5	5.306	837.2
497.5	5.356	837.2
497.5	5.406	837.3
497.5	5.456	837.3
497.5	5.506	837.3
497.5	5.556	837.4
497.5	5.606	837.4
497.5	5.657	837.5
497.5	5.707	837.5
497.5	5.757	837.6
497.5	5.807	837.6
497.5	5.857	837.7
497.5	5.907	837.7
497.5	5.957	837.8
497.5	6.007	837.8
497.5	6.057	837.8
497.5	6.107	837.9
497.5	6.157	837.9
497.5	6.207	838
497.5	6.257	838
497.5	6.307	838.1
497.5	6.357	838.1
497.5	6.407	838.2
497.5	6.457	838.2
497.5	6.507	838.2
497.5	6.557	838.3
497.5	6.607	838.3
497.5	6.658	838.4
497.5	6.708	838.4
497.5	6.758	838.5
497.5	6.808	838.5
497.5	6.858	838.6
497.5	6.908	838.6
497.5	6.958	838.6
497.5	7.008	838.7
497.5	7.058	838.7
497.5	7.108	838.8
497.5	7.158	838.8
497.5	7.208	838.9
497.5	7.258	838.9
497.5	7.308	839
497.5	7.358	839
497.5	7.408	839
497.5	7.458	839.1
497.5	7.508	839.1
497.5	7.558	839.2
497.5	7.608	839.2
497.5	7.659	839.3
497.5	7.709	839.3
497.5	7.759	839.4
497.5	7.809	839.4
497.5	7.859	839.4
497.5	7.909	839.5
497.5	7.959	839.5
497.5	8.009	839.6
497.5	8.059	839.6
497.5	8.109	839.7
497.5	8.159	839.7
497.5	8.209	839.7
497.5	8.259	839.8
497.5	8.309	839.8
497.5	8.359	839.9
497.5	8.409	839.9
497.5	8.459	840
497.5	8.509	840
497.5	8.559	840.1
497.5	8.609	840.1
497.5	8.659	840.1
497.5	8.71	840.2
497.5	8.76	840.2
497.5	8.81	840.3
497.5	8.86	840.3
497.5	8.91	840.4
497.5	8.96	840.4
497.5	9.01	840.4
497.5	9.06	840.5
497.5	9.11	840.5
497.5	9.16	840.6
497.5	9.21	840.6
497.5	9.26	840.7
497.5	9.31	840.7
497.5	9.36	840.8
497.5	9.41	840.8
497.5	9.46	840.8
497.5	9.51	840.9
497.5	9.56	840.9
497.5	9.61	841
497.5	9.66	841
497.5	9.711	841.1
497.5	9.761	841.1
497.5	9.811	841.1
497.5	9.861	841.2
497.5	9.911	841.2
497.5	9.961	841.3
497.5	10.01	841.3
497.5	10.06	841.4
497.5	10.11	841.4
497.5	10.16	841.4
497.5	10.21	841.5
497.5	10.26	841.5
497.5	10.31	841.6
497.5	10.36	841.6
497.5	10.41	841.7
497.5	10.46	841.7
497.5	10.51	841.8
497.5	10.56	841.8
497.5	10.61	841.8
497.5	10.66	841.9
497.5	10.71	841.9
497.5	10.76	842
497.5	10.81	842
497.5	10.86	842.1
497.5	10.91	842.1
497.5	10.96	842.1
497.5	11.01	842.2
497.5	11.06	842.2
497.5	11.11	842.3
497.5	11.16	842.3
497.5	11.21	842.4
497.5	11.26	842.4
497.5	11.31	842.4
497.5	11.36	842.5
497.5	11.41	842.5
497.5	11.46	842.6
497.5	11.51	842.6
497.5	11.56	842.7
497.5	11.61	842.7
497.5	11.66	842.7
497.5	11.71	842.8
497.5	11.76	842.8
497.5	11.81	842.9
497.5	11.86	842.9
497.5	11.91	843
497.5	11.96	843
497.5	12.01	843
497.5	12.06	843.1
497.5	12.11	843.1
497.5	12.16	843.2
497.5	12.21	843.2
497.5	12.26	843.3
497.5	12.31	843.3
497.5	12.36	843.3
497.5	12.41	843.4
497.5	12.46	843.4
497.5	12.51	843.5
497.5	12.56	843.5
497.5	12.61	843.6
497.5	12.66	843.6
497.5	12.71	843.6
497.5	12.76	843.7
497.5	12.81	843.7
497.5	12.86	843.8
497.5	12.91	843.8
497.5	12.96	843.8
497.5	13.01	843.9
497.5	13.06	843.9
497.5	13.11	844
497.5	13.16	844
497.5	13.21	844.1
497.5	13.26	844.1
497.5	13.31	844.1
497.5	13.36	844.2
497.5	13.41	844.2
497.5	13.46	844.3
497.5	13.51	844.3
497.5	13.56	844.4
497.5	13.61	844.4
497.5	13.66	844.4
497.5	13.71	844.5
497.5	13.76	844.5
497.5	13.81	844.6
497.5	13.86	844.6
497.5	13.91	844.6
497.5	13.96	844.7
497.5	14.01	844.7
497.5	14.06	844.8
497.5	14.11	844.8
497.5	14.16	844.9
497.5	14.21	844.9
497.5	14.26	844.9
497.5	14.32	845
497.5	14.37	845
497.5	14.42	845.1
497.5	14.47	845.1
497.5	14.52	845.2
497.5	14.57	845.2
497.5	14.62	845.2
497.5	14.67	845.3
497.5	14.72	845.3
497.5	14.77	845.4
497.5	14.82	845.4
497.5	14.87	845.4
497.5	14.92	845.5
497.5	14.97	845.5
497.5	15.02	845.6
497.5	15.07	845.6
497.5	15.12	845.7
497.5	15.17	845.7
497.5	15.22	845.7
497.5	15.27	845.8
497.5	15.32	845.8
497.5	15.37	845.9
497.5	15.42	845.9
497.5	15.47	845.9
497.5	15.52	846
497.5	15.57	846
497.5	15.62	846.1
497.5	15.67	846.1
497.5	15.72	846.2
497.5	15.77	846.2
497.5	15.82	846.2
497.5	15.87	846.3
497.5	15.92	846.3
497.5	15.97	846.4
497.5	16.02	846.4
497.5	16.07	846.4
497.5	16.12	846.5
497.5	16.17	846.5
497.5	16.22	846.6
497.5	16.27	846.6
497.5	16.32	846.7
497.5	16.37	846.7
497.5	16.42	846.7
497.5	16.47	846.8
497.5	16.52	846.8
497.5	16.57	846.9
497.5	16.62	846.9
497.5	16.67	846.9
497.5	16.72	847
497.5	16.77	847
497.5	16.82	847.1
497.5	16.87	847.1
497.5	16.92	847.1
497.5	16.97	847.2
497.5	17.02	847.2
497.5	17.07	847.3
497.5	17.12	847.3
497.5	17.17	847.4
497.5	17.22	847.4
497.5	17.27	847.4
497.5	17.32	847.5
497.5	17.37	847.5
497.5	17.42	847.6
497.5	17.47	847.6
497.5	17.52	847.6
497.5	17.57	847.7
497.5	17.62	847.7
497.5	17.67	847.8
497.5	17.72	847.8
497.5	17.77	847.8
497.5	17.82	847.9
497.5	17.87	847.9
497.5	17.92	848
497.5	17.97	848
497.5	18.02	848
497.5	18.07	848.1
497.5	18.12	848.1
497.5	18.17	848.2
497.5	18.22	848.2
497.5	18.27	848.3
497.5	18.32	848.3
497.5	18.37	848.3
497.5	18.42	848.4
497.5	18.47	848.4
497.5	18.52	848.5
497.5	18.57	848.5
497.5	18.62	848.5
497.5	18.67	848.6
497.5	18.72	848.6
497.5	18.77	848.7
497.5	18.82	848.7
497.5	18.87	848.7
497.5	18.92	848.8
497.5	18.97	848.8
497.5	19.02	848.9
497.5	19.07	848.9
497.5	19.12	848.9
497.5	19.17	849
497.5	19.22	849
497.5	19.27	849.1
497.5	19.32	849.1
497.5	19.37	849.1
497.5	19.42	849.2
497.5	19.47	849.2
497.5	19.52	849.3
497.5	19.57	849.3
497.5	19.62	849.3
497.5	19.67	849.4
497.5	19.72	849.4
497.5	19.77	849.5
497.5	19.82	849.5
497.5	19.87	849.5
497.5	19.92	849.6
497.5	19.97	849.6
497.5	20.02	849.7
497.5	20.07	849.7
497.5	20.12	849.7
497.5	20.17	849.8
497.5	20.22	849.8
497.5	20.27	849.9
497.5	20.32	849.9
497.5	20.37	850
497.5	20.42	850
497.5	20.47	850
497.5	20.52	850.1
497.5	20.57	850.1
497.5	20.62	850.2
497.5	20.67	850.2
497.5	20.72	850.2
497.5	20.77	850.3
497.5	20.82	850.3
497.5	20.87	850.4
497.5	20.92	850.4
497.5	20.97	850.4
497.5	21.02	850.5
497.5	21.07	850.5
497.5	21.12	850.6
497.5	21.17	850.6
497.5	21.22	850.6
497.5	21.27	850.7
497.5	21.32	850.7
497.5	21.37	850.8
497.5	21.42	850.8
497.5	21.47	850.8
497.5	21.52	850.9
497.5	21.57	850.9
497.5	21.62	850.9
497.5	21.67	851
497.5	21.72	851
497.5	21.77	851.1
497.5	21.82	851.1
497.5	21.87	851.1
497.5	21.92	851.2
497.5	21.97	851.2
497.5	22.02	851.3
497.5	22.07	851.3
497.5	22.12	851.3
497.5	22.17	851.4
497.5	22.22	851.4
497.5	22.27	851.5
497.5	22.32	851.5
497.5	22.37	851.5
497.5	22.42	851.6
497.5	22.47	851.6
497.5	22.52	851.7
497.5	22.57	851.7
497.5	22.62	851.7
497.5	22.67	851.8
497.5	22.72	851.8
497.5	22.77	851.9
497.5	22.82	851.9
497.5	22.87	851.9
497.5	22.92	852
497.5	22.97	852
497.5	23.02	852.1
497.5	23.07	852.1
497.5	23.12	852.1
497.5	23.17	852.2
497.5	23.22	852.2
497.5	23.27	852.3
497.5	23.32	852.3
497.5	23.37	852.3
497.5	23.42	852.4
497.5	23.47	852.4
497.5	23.52	852.5
497.5	23.57	852.5
497.5	23.62	852.5
497.5	23.67	852.6
497.5	23.72	852.6
497.5	23.77	852.6
497.5	23.82	852.7
497.5	23.87	852.7
497.5	23.92	852.8
497.5	23.97	852.8
497.5	24.02	852.8
497.5	24.07	852.9
497.5	24.12	852.9
497.5	24.17	853
497.5	24.22	853
497.5	24.27	853
497.5	24.32	853.1
497.5	24.37	853.1
497.5	24.42	853.2
497.5	24.47	853.2
497.5	24.53	853.2
497.5	24.58	853.3
497.5	24.63	853.3
497.5	24.68	853.4
497.5	24.73	853.4
497.5	24.78	853.4
497.5	24.83	853.5
497.5	24.88	853.5
497.5	24.93	853.5
497.5	24.98	853.6
497.5	25.03	853.6
497.5	25.08	853.7
497.5	25.13	853.7
497.5	25.18	853.7
497.5	25.23	853.8
497.5	25.28	853.8
497.5	25.33	853.9
497.5	25.38	853.9
497.5	25.43	853.9
497.5	25.48	854
497.5	25.53	854
497.5	25.58	854.1
497.5	25.63	854.1
497.5	25.68	854.1
497.5	25.73	854.2
497.5	25.78	854.2
497.5	25.83	854.2
497.5	25.88	854.3
497.5	25.93	854.3
497.5	25.98	854.4
497.5	26.03	854.4
497.5	26.08	854.4
497.5	26.13	854.5
497.5	26.18	854.5
497.5	26.23	854.6
497.5	26.28	854.6
497.5	26.33	854.6
497.5	26.38	854.7
497.5	26.43	854.7
497.5	26.48	854.7
497.5	26.53	854.8
497.5	26.58	854.8
497.5	26.63	854.9
497.5	26.68	854.9
497.5	26.73	854.9
497.5	26.78	855
497.5	26.83	855
497.5	26.88	855.1
497.5	26.93	855.1
497.5	26.98	855.1
497.5	27.03	855.2
497.5	27.08	855.2
497.5	27.13	855.2
497.5	27.18	855.3
497.5	27.23	855.3
497.5	27.28	855.4
497.5	27.33	855.4
497.5	27.38	855.4
497.5	27.43	855.5
497.5	27.48	855.5
497.5	27.53	855.6
497.5	27.58	855.6
497.5	27.63	855.6
497.5	27.68	855.7
497.5	27.73	855.7
497.5	27.78	855.7
497.5	27.83	855.8
497.5	27.88	855.8
497.5	27.93	855.9
497.5	27.98	855.9
497.5	28.03	855.9
497.5	28.08	856
497.5	28.13	856
497.5	28.18	856.1
497.5	28.23	856.1
497.5	28.28	856.1
497.5	28.33	856.2
497.5	28.38	856.2
497.5	28.43	856.2
497.5	28.48	856.3
497.5	28.53	856.3
497.5	28.58	856.4
497.5	28.63	856.4
497.5	28.68	856.4
497.5	28.73	856.5
497.5	28.78	856.5
497.5	28.83	856.5
497.5	28.88	856.6
497.5	28.93	856.6
497.5	28.98	856.7
497.5	29.03	856.7
497.5	29.08	856.7
497.5	29.13	856.8
497.5	29.18	856.8
497.5	29.23	856.8
497.5	29.28	856.9
497.5	29.33	856.9
497.5	29.38	857
497.5	29.43	857
497.5	29.48	857
497.5	29.53	857.1
497.5	29.58	857.1
497.5	29.63	857.2
497.5	29.68	857.2
497.5	29.73	857.2
497.5	29.78	857.3
497.5	29.83	857.3
497.5	29.88	857.3
497.5	29.93	857.4
497.5	29.98	857.4
497.5	30.03	857.5
497.5	30.08	857.5
497.5	30.13	857.5
497.5	30.18	857.6
497.5	30.23	857.6
497.5	30.28	857.6
497.5	30.33	857.7
497.5	30.38	857.7
497.5	30.43	857.8
497.5	30.48	857.8
497.5	30.53	857.8
497.5	30.58	857.9
497.5	30.63	857.9
497.5	30.68	857.9
497.5	30.73	858
497.5	30.78	858
497.5	30.83	858.1
497.5	30.88	858.1
497.5	30.93	858.1
497.5	30.98	858.2
497.5	31.03	858.2
497.5	31.08	858.2
497.5	31.13	858.3
497.5	31.18	858.3
497.5	31.23	858.4
497.5	31.28	858.4
497.5	31.33	858.4
497.5	31.38	858.5
497.5	31.43	858.5
497.5	31.48	858.5
497.5	31.53	858.6
497.5	31.58	858.6
497.5	31.63	858.7
497.5	31.68	858.7
497.5	31.73	858.7
497.5	31.78	858.8
497.5	31.83	858.8
497.5	31.88	858.8
497.5	31.93	858.9
497.5	31.98	858.9
497.5	32.03	859
497.5	32.08	859
497.5	32.13	859
497.5	32.18	859.1
497.5	32.23	859.1
497.5	32.28	859.1
497.5	32.33	859.2
497.5	32.38	859.2
497.5	32.43	859.2
497.5	32.48	859.3
497.5	32.53	859.3
497.5	32.58	859.4
497.5	32.63	859.4
497.5	32.68	859.4
497.5	32.73	859.5
497.5	32.78	859.5
497.5	32.83	859.5
497.5	32.88	859.6
497.5	32.93	859.6
497.5	32.98	859.7
497.5	33.03	859.7
497.5	33.08	859.7
497.5	33.13	859.8
497.5	33.18	859.8
497.5	33.23	859.8
497.5	33.28	859.9
497.5	33.33	859.9
497.5	33.38	860
497.5	33.43	860
497.5	33.48	860
497.5	33.53	860.1
497.5	33.58	860.1
497.5	33.63	860.1
497.5	33.68	860.2
497.5	33.73	860.2
497.5	33.78	860.2
497.5	33.83	860.3
497.5	33.88	860.3
497.5	33.93	860.4
497.5	33.98	860.4
497.5	34.03	860.4
497.5	34.08	860.5
497.5	34.13	860.5
497.5	34.18	860.5
497.5	34.23	860.6
497.5	34.28	860.6
497.5	34.33	860.7
497.5	34.38	860.7
497.5	34.43	860.7
497.5	34.48	860.8
497.5	34.53	860.8
497.5	34.58	860.8
497.5	34.63	860.9
497.5	34.68	860.9
497.5	34.74	860.9
497.5	34.79	861
497.5	34.84	861
497.5	34.89	861.1
497.5	34.94	861.1
497.5	34.99	861.1
497.5	35.04	861.2
497.5	35.09	861.2
497.5	35.14	861.2
497.5	35.19	861.3
497.5	35.24	861.3
497.5	35.29	861.3
497.5	35.34	861.4
497.5	35.39	861.4
497.5	35.44	861.5
497.5	35.49	861.5
497.5	35.54	861.5
497.5	35.59	861.6
497.5	35.64	861.6
497.5	35.69	861.6
497.5	35.74	861.7
497.5	35.79	861.7
497.5	35.84	861.7
497.5	35.89	861.8
497.5	35.94	861.8
497.5	35.99	861.9
497.5	36.04	861.9
497.5	36.09	861.9
497.5	36.14	862
497.5	36.19	862
497.5	36.24	862
497.5	36.29	862.1
497.5	36.34	862.1
497.5	36.39	862.1
497.5	36.44	862.2
497.5	36.49	862.2
497.5	36.54	862.3
497.5	36.59	862.3
497.5	36.64	862.3
497.5	36.69	862.4
497.5	36.74	862.4
497.5	36.79	862.4
497.5	36.84	862.5
497.5	36.89	862.5
497.5	36.94	862.5
497.5	36.99	862.6
497.5	37.04	862.6
497.5	37.09	862.7
497.5	37.14	862.7
497.5	37.19	862.7
497.5	37.24	862.8
497.5	37.29	862.8
497.5	37.34	862.8
497.5	37.39	862.9
497.5	37.44	862.9
497.5	37.49	862.9
497.5	37.54	863
497.5	37.59	863
497.5	37.64	863.1
497.5	37.69	863.1
497.5	37.74	863.1
497.5	37.79	863.2
497.5	37.84	863.2
497.5	37.89	863.2
497.5	37.94	863.3
497.5	37.99	863.3
497.5	38.04	863.3
497.5	38.09	863.4
497.5	38.14	863.4
497.5	38.19	863.4
497.5	38.24	863.5
497.5	38.29	863.5
497.5	38.34	863.6
497.5	38.39	863.6
497.5	38.44	863.6
497.5	38.49	863.7
497.5	38.54	863.7
497.5	38.59	863.7
497.5	38.64	863.8
497.5	38.69	863.8
497.5	38.74	863.8
497.5	38.79	863.9
497.5	38.84	863.9
497.5	38.89	863.9
497.5	38.94	864
497.5	38.99	864
497.5	39.04	864.1
497.5	39.09	864.1
497.5	39.14	864.1
497.5	39.19	864.2
497.5	39.24	864.2
497.5	39.29	864.2
497.5	39.34	864.3
497.5	39.39	864.3
497.5	39.44	864.3
497.5	39.49	864.4
497.5	39.54	864.4
497.5	39.59	864.4
497.5	39.64	864.5
497.5	39.69	864.5
497.5	39.74	864.6
497.5	39.79	864.6
497.5	39.84	864.6
497.5	39.89	864.7
497.5	39.94	864.7
497.5	39.99	864.7
497.5	40.04	864.8
497.5	40.09	864.8
497.5	40.14	864.8
497.5	40.19	864.9
497.5	40.24	864.9
497.5	40.29	864.9
497.5	40.34	865
497.5	40.39	865
497.5	40.44	865
497.5	40.49	865.1
497.5	40.54	865.1
497.5	40.59	865.2
497.5	40.64	865.2
497.5	40.69	865.2
497.5	40.74	865.3
497.5	40.79	865.3
497.5	40.84	865.3
497.5	40.89	865.4
497.5	40.94	865.4
497.5	40.99	865.4
497.5	41.04	865.5
497.5	41.09	865.5
497.5	41.14	865.5
497.5	41.19	865.6
497.5	41.24	865.6
497.5	41.29	865.6
497.5	41.34	865.7
497.5	41.39	865.7
497.5	41.44	865.8
497.5	41.49	865.8
497.5	41.54	865.8
497.5	41.59	865.9
497.5	41.64	865.9
497.5	41.69	865.9
497.5	41.74	866
497.5	41.79	866
497.5	41.84	866
497.5	41.89	866.1
497.5	41.94	866.1
497.5	41.99	866.1
497.5	42.04	866.2
497.5	42.09	866.2
497.5	42.14	866.2
497.5	42.19	866.3
497.5	42.24	866.3
497.5	42.29	866.4
497.5	42.34	866.4
497.5	42.39	866.4
497.5	42.44	866.5
497.5	42.49	866.5
497.5	42.54	866.5
497.5	42.59	866.6
497.5	42.64	866.6
497.5	42.69	866.6
497.5	42.74	866.7
497.5	42.79	866.7
497.5	42.84	866.7
497.5	42.89	866.8
497.5	42.94	866.8
497.5	42.99	866.8
497.5	43.04	866.9
497.5	43.09	866.9
497.5	43.14	866.9
497.5	43.19	867
497.5	43.24	867
497.5	43.29	867.1
497.5	43.34	867.1
497.5	43.39	867.1
497.5	43.44	867.2
497.5	43.49	867.2
497.5	43.54	867.2
497.5	43.59	867.3
497.5	43.64	867.3
497.5	43.69	867.3
497.5	43.74	867.4
497.5	43.79	867.4
497.5	43.84	867.4
497.5	43.89	867.5
497.5	43.94	867.5
497.5	43.99	867.5
497.5	44.04	867.6
497.5	44.09	867.6
497.5	44.14	867.6
497.5	44.19	867.7
497.5	44.24	867.7
497.5	44.29	867.7
497.5	44.34	867.8
497.5	44.39	867.8
497.5	44.44	867.9
497.5	44.49	867.9
497.5	44.54	867.9
497.5	44.59	868
497.5	44.64	868
497.5	44.69	868
497.5	44.74	868.1
497.5	44.79	868.1
497.5	44.84	868.1
497.5	44.89	868.2
497.5	44.95	868.2
497.5	45	868.2
497.5	45.05	868.3
497.5	45.1	868.3
497.5	45.15	868.3
497.5	45.2	868.4
497.5	45.25	868.4
497.5	45.3	868.4
497.5	45.35	868.5
497.5	45.4	868.5
497.5	45.45	868.5
497.5	45.5	868.6
497.5	45.55	868.6
497.5	45.6	868.6
497.5	45.65	868.7
497.5	45.7	868.7
497.5	45.75	868.7
497.5	45.8	868.8
497.5	45.85	868.8
497.5	45.9	868.9
497.5	45.95	868.9
497.5	46	868.9
497.5	46.05	869
497.5	46.1	869
497.5	46.15	869
497.5	46.2	869.1
497.5	46.25	869.1
497.5	46.3	869.1
497.5	46.35	869.2
497.5	46.4	869.2
497.5	46.45	869.2
497.5	46.5	869.3
497.5	46.55	869.3
497.5	46.6	869.3
497.5	46.65	869.4
497.5	46.7	869.4
497.5	46.75	869.4
497.5	46.8	869.5
497.5	46.85	869.5
497.5	46.9	869.5
497.5	46.95	869.6
497.5	47	869.6
497.5	47.05	869.6
497.5	47.1	869.7
497.5	47.15	869.7
497.5	47.2	869.7
497.5	47.25	869.8
497.5	47.3	869.8
497.5	47.35	869.8
497.5	47.4	869.9
497.5	47.45	869.9
497.5	47.5	869.9
497.5	47.55	870
497.5	47.6	870
497.5	47.65	870
497.5	47.7	870.1
497.5	47.75	870.1
497.5	47.8	870.1
497.5	47.85	870.2
497.5	47.9	870.2
497.5	47.95	870.3
497.5	48	870.3
497.5	48.05	870.3
497.5	48.1	870.4
497.5	48.15	870.4
497.5	48.2	870.4
497.5	48.25	870.5
497.5	48.3	870.5
497.5	48.35	870.5
497.5	48.4	870.6
497.5	48.45	870.6
497.5	48.5	870.6
497.5	48.55	870.7
497.5	48.6	870.7
497.5	48.65	870.7
497.5	48.7	870.8
497.5	48.75	870.8
497.5	48.8	870.8
497.5	48.85	870.9
497.5	48.9	870.9
497.5	48.95	870.9
497.5	49	871
497.5	49.05	871
497.5	49.1	871
497.5	49.15	871.1
497.5	49.2	871.1
497.5	49.25	871.1
497.5	49.3	871.2
497.5	49.35	871.2
497.5	49.4	871.2
497.5	49.45	871.3
497.5	49.5	871.3
497.5	49.55	871.3
497.5	49.6	871.4
497.5	49.65	871.4
497.5	49.7	871.4
497.5	49.75	871.5
497.5	49.8	871.5
497.5	49.85	871.5
497.5	49.9	871.6
497.5	49.95	871.6
497.5	50	871.6
515.2	0.001	0.004206
515.2	0.05105	0.2151
515.2	0.1011	0.4268
515.2	0.1511	0.6393
515.2	0.2012	0.8525
515.2	0.2512	1.067
515.2	0.3013	1.282
515.2	0.3513	1.497
515.2	0.4014	1.714
515.2	0.4514	1.931
515.2	0.5015	2.15
515.2	0.5515	2.369
515.2	0.6016	2.589
515.2	0.6516	2.81
515.2	0.7017	3.032
515.2	0.7517	3.255
515.2	0.8018	3.478
515.2	0.8518	3.703
515.2	0.9019	3.929
515.2	0.9519	4.156
515.2	1.002	4.383
515.2	1.052	4.612
515.2	1.102	4.842
515.2	1.152	5.073
515.2	1.202	5.305
515.2	1.252	5.538
515.2	1.302	5.772
515.2	1.352	6.008
515.2	1.402	6.244
515.2	1.452	6.482
515.2	1.502	6.721
515.2	1.553	6.961
515.2	1.603	7.202
515.2	1.653	7.445
515.2	1.703	7.689
515.2	1.753	7.934
515.2	1.803	8.18
515.2	1.853	8.428
515.2	1.903	8.677
515.2	1.953	8.928
515.2	2.003	9.18
515.2	2.053	9.434
515.2	2.103	9.689
515.2	2.153	9.945
515.2	2.203	10.2
515.2	2.253	10.46
515.2	2.303	10.72
515.2	2.353	10.99
515.2	2.403	11.25
515.2	2.453	11.52
515.2	2.503	11.79
515.2	2.554	12.06
515.2	2.604	12.33
515.2	2.654	12.6
515.2	2.704	12.88
515.2	2.754	13.15
515.2	2.804	13.43
515.2	2.854	13.72
515.2	2.904	14
515.2	2.954	14.29
515.2	3.004	14.57
515.2	3.054	14.86
515.2	3.104	15.16
515.2	3.154	15.45
515.2	3.204	15.75
515.2	3.254	16.05
515.2	3.304	16.35
515.2	3.354	16.66
515.2	3.404	16.97
515.2	3.454	17.28
515.2	3.504	810.6
515.2	3.554	810.6
515.2	3.605	810.7
515.2	3.655	810.7
515.2	3.705	810.8
515.2	3.755	810.8
515.2	3.805	810.9
515.2	3.855	810.9
515.2	3.905	811
515.2	3.955	811.1
515.2	4.005	811.1
515.2	4.055	811.2
515.2	4.105	811.2
515.2	4.155	811.3
515.2	4.205	811.3
515.2	4.255	811.4
515.2	4.305	811.4
515.2	4.355	811.5
515.2	4.405	811.5
515.2	4.455	811.6
515.2	4.505	811.6
515.2	4.555	811.7
515.2	4.606	811.8
515.2	4.656	811.8
515.2	4.706	811.9
515.2	4.756	811.9
515.2	4.806	812
515.2	4.856	812
515.2	4.906	812.1
515.2	4.956	812.1
515.2	5.006	812.2
515.2	5.056	812.2
515.2	5.106	812.3
515.2	5.156	812.3
515.2	5.206	812.4
515.2	5.256	812.4
515.2	5.306	812.5
515.2	5.356	812.6
515.2	5.406	812.6
515.2	5.456	812.7
515.2	5.506	812.7
515.2	5.556	812.8
515.2	5.606	812.8
515.2	5.657	812.9
515.2	5.707	812.9
515.2	5.757	813
515.2	5.807	813
515.2	5.857	813.1
515.2	5.907	813.1
515.2	5.957	813.2
515.2	6.007	813.2
515.2	6.057	813.3
515.2	6.107	813.3
515.2	6.157	813.4
515.2	6.207	813.4
515.2	6.257	813.5
515.2	6.307	813.6
515.2	6.357	813.6
515.2	6.407	813.7
515.2	6.457	813.7
515.2	6.507	813.8
515.2	6.557	813.8
515.2	6.607	813.9
515.2	6.658	813.9
515.2	6.708	814
515.2	6.758	814
515.2	6.808	814.1
515.2	6.858	814.1
515.2	6.908	814.2
515.2	6.958	814.2
515.2	7.008	814.3
515.2	7.058	814.3
515.2	7.108	814.4
515.2	7.158	814.4
515.2	7.208	814.5
515.2	7.258	814.5
515.2	7.308	814.6
515.2	7.358	814.6
515.2	7.408	814.7
515.2	7.458	814.8
515.2	7.508	814.8
515.2	7.558	814.9
515.2	7.608	814.9
515.2	7.659	815
515.2	7.709	815
515.2	7.759	815.1
515.2	7.809	815.1
515.2	7.859	815.2
515.2	7.909	815.2
515.2	7.959	815.3
515.2	8.009	815.3
515.2	8.059	815.4
515.2	8.109	815.4
515.2	8.159	815.5
515.2	8.209	815.5
515.2	8.259	815.6
515.2	8.309	815.6
515.2	8.359	815.7
515.2	8.409	815.7
515.2	8.459	815.8
515.2	8.509	815.8
515.2	8.559	815.9
515.2	8.609	815.9
515.2	8.659	816
515.2	8.71	816
515.2	8.76	816.1
515.2	8.81	816.1
515.2	8.86	816.2
515.2	8.91	816.2
515.2	8.96	816.3
515.2	9.01	816.3
515.2	9.06	816.4
515.2	9.11	816.4
515.2	9.16	816.5
515.2	9.21	816.6
515.2	9.26	816.6
515.2	9.31	816.7
515.2	9.36	816.7
515.2	9.41	816.8
515.2	9.46	816.8
515.2	9.51	816.9
515.2	9.56	816.9
515.2	9.61	817
515.2	9.66	817
515.2	9.711	817.1
515.2	9.761	817.1
515.2	9.811	817.2
515.2	9.861	817.2
515.2	9.911	817.3
515.2	9.961	817.3
515.2	10.01	817.4
515.2	10.06	817.4
515.2	10.11	817.5
515.2	10.16	817.5
515.2	10.21	817.6
515.2	10.26	817.6
515.2	10.31	817.7
515.2	10.36	817.7
515.2	10.41	817.8
515.2	10.46	817.8
515.2	10.51	817.9
515.2	10.56	817.9
515.2	10.61	818
515.2	10.66	818
515.2	10.71	818.1
515.2	10.76	818.1
515.2	10.81	818.2
515.2	10.86	818.2
515.2	10.91	818.3
515.2	10.96	818.3
515.2	11.01	818.4
515.2	11.06	818.4
515.2	11.11	818.5
515.2	11.16	818.5
515.2	11.21	818.6
515.2	11.26	818.6
515.2	11.31	818.7
515.2	11.36	818.7
515.2	11.41	818.8
515.2	11.46	818.8
515.2	11.51	818.9
515.2	11.56	818.9
515.2	11.61	819
515.2	11.66	819
515.2	11.71	819.1
515.2	11.76	819.1
515.2	11.81	819.2
515.2	11.86	819.2
515.2	11.91	819.3
515.2	11.96	819.3
515.2	12.01	819.4
515.2	12.06	819.4
515.2	12.11	819.5
515.2	12.16	819.5
515.2	12.21	819.6
515.2	12.26	819.6
515.2	12.31	819.7
515.2	12.36	819.7
515.2	12.41	819.8
515.2	12.46	819.8
515.2	12.51	819.9
515.2	12.56	819.9
515.2	12.61	820
515.2	12.66	820
515.2	12.71	820.1
515.2	12.76	820.1
515.2	12.81	820.2
515.2	12.86	820.2
515.2	12.91	820.3
515.2	12.96	820.3
515.2	13.01	820.4
515.2	13.06	820.4
515.2	13.11	820.5
515.2	13.16	820.5
515.2	13.21	820.6
515.2	13.26	820.6
515.2	13.31	820.6
515.2	13.36	820.7
515.2	13.41	820.7
515.2	13.46	820.8
515.2	13.51	820.8
515.2	13.56	820.9
515.2	13.61	820.9
515.2	13.66	821
515.2	13.71	821
515.2	13.76	821.1
515.2	13.81	821.1
515.2	13.86	821.2
515.2	13.91	821.2
515.2	13.96	821.3
515.2	14.01	821.3
515.2	14.06	821.4
515.2	14.11	821.4
515.2	14.16	821.5
515.2	14.21	821.5
515.2	14.26	821.6
515.2	14.32	821.6
515.2	14.37	821.7
515.2	14.42	821.7
515.2	14.47	821.8
515.2	14.52	821.8
515.2	14.57	821.9
515.2	14.62	821.9
515.2	14.67	822
515.2	14.72	822
515.2	14.77	822.1
515.2	14.82	822.1
515.2	14.87	822.2
515.2	14.92	822.2
515.2	14.97	822.3
515.2	15.02	822.3
515.2	15.07	822.4
515.2	15.12	822.4
515.2	15.17	822.4
515.2	15.22	822.5
515.2	15.27	822.5
515.2	15.32	822.6
515.2	15.37	822.6
515.2	15.42	822.7
515.2	15.47	822.7
515.2	15.52	822.8
515.2	15.57	822.8
515.2	15.62	822.9
515.2	15.67	822.9
515.2	15.72	823
515.2	15.77	823
515.2	15.82	823.1
515.2	15.87	823.1
515.2	15.92	823.2
515.2	15.97	823.2
515.2	16.02	823.3
515.2	16.07	823.3
515.2	16.12	823.4
515.2	16.17	823.4
515.2	16.22	823.5
515.2	16.27	823.5
515.2	16.32	823.5
515.2	16.37	823.6
515.2	16.42	823.6
515.2	16.47	823.7
515.2	16.52	823.7
515.2	16.57	823.8
515.2	16.62	823.8
515.2	16.67	823.9
515.2	16.72	823.9
515.2	16.77	824
515.2	16.82	824
515.2	16.87	824.1
515.2	16.92	824.1
515.2	16.97	824.2
515.2	17.02	824.2
515.2	17.07	824.3
515.2	17.12	824.3
515.2	17.17	824.4
515.2	17.22	824.4
515.2	17.27	824.5
515.2	17.32	824.5
515.2	17.37	824.5
515.2	17.42	824.6
515.2	17.47	824.6
515.2	17.52	824.7
515.2	17.57	824.7
515.2	17.62	824.8
515.2	17.67	824.8
515.2	17.72	824.9
515.2	17.77	824.9
515.2	17.82	825
515.2	17.87	825
515.2	17.92	825.1
515.2	17.97	825.1
515.2	18.02	825.2
515.2	18.07	825.2
515.2	18.12	825.3
515.2	18.17	825.3
515.2	18.22	825.3
515.2	18.27	825.4
515.2	18.32	825.4
515.2	18.37	825.5
515.2	18.42	825.5
515.2	18.47	825.6
515.2	18.52	825.6
515.2	18.57	825.7
515.2	18.62	825.7
515.2	18.67	825.8
515.2	18.72	825.8
515.2	18.77	825.9
515.2	18.82	825.9
515.2	18.87	826
515.2	18.92	826
515.2	18.97	826
515.2	19.02	826.1
515.2	19.07	826.1
515.2	19.12	826.2
515.2	19.17	826.2
515.2	19.22	826.3
515.2	19.27	826.3
515.2	19.32	826.4
515.2	19.37	826.4
515.2	19.42	826.5
515.2	19.47	826.5
515.2	19.52	826.6
515.2	19.57	826.6
515.2	19.62	826.7
515.2	19.67	826.7
515.2	19.72	826.7
515.2	19.77	826.8
515.2	19.82	826.8
515.2	19.87	826.9
515.2	19.92	826.9
515.2	19.97	827
515.2	20.02	827
515.2	20.07	827.1
515.2	20.12	827.1
515.2	20.17	827.2
515.2	20.22	827.2
515.2	20.27	827.3
515.2	20.32	827.3
515.2	20.37	827.3
515.2	20.42	827.4
515.2	20.47	827.4
515.2	20.52	827.5
515.2	20.57	827.5
515.2	20.62	827.6
515.2	20.67	827.6
515.2	20.72	827.7
515.2	20.77	827.7
515.2	20.82	827.8
515.2	20.87	827.8
515.2	20.92	827.9
515.2	20.97	827.9
515.2	21.02	827.9
515.2	21.07	828
515.2	21.12	828
515.2	21.17	828.1
515.2	21.22	828.1
515.2	21.27	828.2
515.2	21.32	828.2
515.2	21.37	828.3
515.2	21.42	828.3
515.2	21.47	828.4
515.2	21.52	828.4
515.2	21.57	828.4
515.2	21.62	828.5
515.2	21.67	828.5
515.2	21.72	828.6
515.2	21.77	828.6
515.2	21.82	828.7
515.2	21.87	828.7
515.2	21.92	828.8
515.2	21.97	828.8
515.2	22.02	828.9
515.2	22.07	828.9
515.2	22.12	828.9
515.2	22.17	829
515.2	22.22	829
515.2	22.27	829.1
515.2	22.32	829.1
515.2	22.37	829.2
515.2	22.42	829.2
515.2	22.47	829.3
515.2	22.52	829.3
515.2	22.57	829.4
515.2	22.62	829.4
515.2	22.67	829.4
515.2	22.72	829.5
515.2	22.77	829.5
515.2	22.82	829.6
515.2	22.87	829.6
515.2	22.92	829.7
515.2	22.97	829.7
515.2	23.02	829.8
515.2	23.07	829.8
515.2	23.12	829.9
515.2	23.17	829.9
515.2	23.22	829.9
515.2	23.27	830
515.2	23.32	830
515.2	23.37	830.1
515.2	23.42	830.1
515.2	23.47	830.2
515.2	23.52	830.2
515.2	23.57	830.3
515.2	23.62	830.3
515.2	23.67	830.3
515.2	23.72	830.4
515.2	23.77	830.4
515.2	23.82	830.5
515.2	23.87	830.5
515.2	23.92	830.6
515.2	23.97	830.6
515.2	24.02	830.7
515.2	24.07	830.7
515.2	24.12	830.7
515.2	24.17	830.8
515.2	24.22	830.8
515.2	24.27	830.9
515.2	24.32	830.9
515.2	24.37	831
515.2	24.42	831
515.2	24.47	831.1
515.2	24.53	831.1
515.2	24.58	831.1
515.2	24.63	831.2
515.2	24.68	831.2
515.2	24.73	831.3
515.2	24.78	831.3
515.2	24.83	831.4
515.2	24.88	831.4
515.2	24.93	831.5
515.2	24.98	831.5
515.2	25.03	831.5
515.2	25.08	831.6
515.2	25.13	831.6
515.2	25.18	831.7
515.2	25.23	831.7
515.2	25.28	831.8
515.2	25.33	831.8
515.2	25.38	831.9
515.2	25.43	831.9
515.2	25.48	831.9
515.2	25.53	832
515.2	25.58	832
515.2	25.63	832.1
515.2	25.68	832.1
515.2	25.73	832.2
515.2	25.78	832.2
515.2	25.83	832.3
515.2	25.88	832.3
515.2	25.93	832.3
515.2	25.98	832.4
515.2	26.03	832.4
515.2	26.08	832.5
515.2	26.13	832.5
515.2	26.18	832.6
515.2	26.23	832.6
515.2	26.28	832.7
515.2	26.33	832.7
515.2	26.38	832.7
515.2	26.43	832.8
515.2	26.48	832.8
515.2	26.53	832.9
515.2	26.58	832.9
515.2	26.63	833
515.2	26.68	833
515.2	26.73	833
515.2	26.78	833.1
515.2	26.83	833.1
515.2	26.88	833.2
515.2	26.93	833.2
515.2	26.98	833.3
515.2	27.03	833.3
515.2	27.08	833.4
515.2	27.13	833.4
515.2	27.18	833.4
515.2	27.23	833.5
515.2	27.28	833.5
515.2	27.33	833.6
515.2	27.38	833.6
515.2	27.43	833.7
515.2	27.48	833.7
515.2	27.53	833.7
515.2	27.58	833.8
515.2	27.63	833.8
515.2	27.68	833.9
515.2	27.73	833.9
515.2	27.78	834
515.2	27.83	834
515.2	27.88	834.1
515.2	27.93	834.1
515.2	27.98	834.1
515.2	28.03	834.2
515.2	28.08	834.2
515.2	28.13	834.3
515.2	28.18	834.3
515.2	28.23	834.4
515.2	28.28	834.4
515.2	28.33	834.4
515.2	28.38	834.5
515.2	28.43	834.5
515.2	28.48	834.6
515.2	28.53	834.6
515.2	28.58	834.7
515.2	28.63	834.7
515.2	28.68	834.7
515.2	28.73	834.8
515.2	28.78	834.8
515.2	28.83	834.9
515.2	28.88	834.9
515.2	28.93	835
515.2	28.98	835
515.2	29.03	835
515.2	29.08	835.1
515.2	29.13	835.1
515.2	29.18	835.2
515.2	29.23	835.2
515.2	29.28	835.3
515.2	29.33	835.3
515.2	29.38	835.3
515.2	29.43	835.4
515.2	29.48	835.4
515.2	29.53	835.5
515.2	29.58	835.5
515.2	29.63	835.6
515.2	29.68	835.6
515.2	29.73	835.6
515.2	29.78	835.7
515.2	29.83	835.7
515.2	29.88	835.8
515.2	29.93	835.8
515.2	29.98	835.9
515.2	30.03	835.9
515.2	30.08	835.9
515.2	30.13	836
515.2	30.18	836
515.2	30.23	836.1
515.2	30.28	836.1
515.2	30.33	836.2
515.2	30.38	836.2
515.2	30.43	836.2
515.2	30.48	836.3
515.2	30.53	836.3
515.2	30.58	836.4
515.2	30.63	836.4
515.2	30.68	836.5
515.2	30.73	836.5
515.2	30.78	836.5
515.2	30.83	836.6
515.2	30.88	836.6
515.2	30.93	836.7
515.2	30.98	836.7
515.2	31.03	836.8
515.2	31.08	836.8
515.2	31.13	836.8
515.2	31.18	836.9
515.2	31.23	836.9
515.2	31.28	837
515.2	31.33	837
515.2	31.38	837
515.2	31.43	837.1
515.2	31.48	837.1
515.2	31.53	837.2
515.2	31.58	837.2
515.2	31.63	837.3
515.2	31.68	837.3
515.2	31.73	837.3
515.2	31.78	837.4
515.2	31.83	837.4
515.2	31.88	837.5
515.2	31.93	837.5
515.2	31.98	837.6
515.2	32.03	837.6
515.2	32.08	837.6
515.2	32.13	837.7
515.2	32.18	837.7
515.2	32.23	837.8
515.2	32.28	837.8
515.2	32.33	837.8
515.2	32.38	837.9
515.2	32.43	837.9
515.2	32.48	838
515.2	32.53	838
515.2	32.58	838.1
515.2	32.63	838.1
515.2	32.68	838.1
515.2	32.73	838.2
515.2	32.78	838.2
515.2	32.83	838.3
515.2	32.88	838.3
515.2	32.93	838.4
515.2	32.98	838.4
515.2	33.03	838.4
515.2	33.08	838.5
515.2	33.13	838.5
515.2	33.18	838.6
515.2	33.23	838.6
515.2	33.28	838.6
515.2	33.33	838.7
515.2	33.38	838.7
515.2	33.43	838.8
515.2	33.48	838.8
515.2	33.53	838.9
515.2	33.58	838.9
515.2	33.63	838.9
515.2	33.68	839
515.2	33.73	839
515.2	33.78	839.1
515.2	33.83	839.1
515.2	33.88	839.1
515.2	33.93	839.2
515.2	33.98	839.2
515.2	34.03	839.3
515.2	34.08	839.3
515.2	34.13	839.3
515.2	34.18	839.4
515.2	34.23	839.4
515.2	34.28	839.5
515.2	34.33	839.5
515.2	34.38	839.6
515.2	34.43	839.6
515.2	34.48	839.6
515.2	34.53	839.7
515.2	34.58	839.7
515.2	34.63	839.8
515.2	34.68	839.8
515.2	34.74	839.8
515.2	34.79	839.9
515.2	34.84	839.9
515.2	34.89	840
515.2	34.94	840
515.2	34.99	840.1
515.2	35.04	840.1
515.2	35.09	840.1
515.2	35.14	840.2
515.2	35.19	840.2
515.2	35.24	840.3
515.2	35.29	840.3
515.2	35.34	840.3
515.2	35.39	840.4
515.2	35.44	840.4
515.2	35.49	840.5
515.2	35.54	840.5
515.2	35.59	840.5
515.2	35.64	840.6
515.2	35.69	840.6
515.2	35.74	840.7
515.2	35.79	840.7
515.2	35.84	840.7
515.2	35.89	840.8
515.2	35.94	840.8
515.2	35.99	840.9
515.2	36.04	840.9
515.2	36.09	841
515.2	36.14	841
515.2	36.19	841
515.2	36.24	841.1
515.2	36.29	841.1
515.2	36.34	841.2
515.2	36.39	841.2
515.2	36.44	841.2
515.2	36.49	841.3
515.2	36.54	841.3
515.2	36.59	841.4
515.2	36.64	841.4
515.2	36.69	841.4
515.2	36.74	841.5
515.2	36.79	841.5
515.2	36.84	841.6
515.2	36.89	841.6
515.2	36.94	841.6
515.2	36.99	841.7
515.2	37.04	841.7
515.2	37.09	841.8
515.2	37.14	841.8
515.2	37.19	841.9
515.2	37.24	841.9
515.2	37.29	841.9
515.2	37.34	842
515.2	37.39	842
515.2	37.44	842.1
515.2	37.49	842.1
515.2	37.54	842.1
515.2	37.59	842.2
515.2	37.64	842.2
515.2	37.69	842.3
515.2	37.74	842.3
515.2	37.79	842.3
515.2	37.84	842.4
515.2	37.89	842.4
515.2	37.94	842.5
515.2	37.99	842.5
515.2	38.04	842.5
515.2	38.09	842.6
515.2	38.14	842.6
515.2	38.19	842.7
515.2	38.24	842.7
515.2	38.29	842.7
515.2	38.34	842.8
515.2	38.39	842.8
515.2	38.44	842.9
515.2	38.49	842.9
515.2	38.54	842.9
515.2	38.59	843
515.2	38.64	843
515.2	38.69	843.1
515.2	38.74	843.1
515.2	38.79	843.1
515.2	38.84	843.2
515.2	38.89	843.2
515.2	38.94	843.3
515.2	38.99	843.3
515.2	39.04	843.3
515.2	39.09	843.4
515.2	39.14	843.4
515.2	39.19	843.5
515.2	39.24	843.5
515.2	39.29	843.5
515.2	39.34	843.6
515.2	39.39	843.6
515.2	39.44	843.7
515.2	39.49	843.7
515.2	39.54	843.7
515.2	39.59	843.8
515.2	39.64	843.8
515.2	39.69	843.9
515.2	39.74	843.9
515.2	39.79	843.9
515.2	39.84	844
515.2	39.89	844
515.2	39.94	844.1
515.2	39.99	844.1
515.2	40.04	844.1
515.2	40.09	844.2
515.2	40.14	844.2
515.2	40.19	844.3
515.2	40.24	844.3
515.2	40.29	844.3
515.2	40.34	844.4
515.2	40.39	844.4
515.2	40.44	844.5
515.2	40.49	844.5
515.2	40.54	844.5
515.2	40.59	844.6
515.2	40.64	844.6
515.2	40.69	844.7
515.2	40.74	844.7
515.2	40.79	844.7
515.2	40.84	844.8
515.2	40.89	844.8
515.2	40.94	844.9
515.2	40.99	844.9
515.2	41.04	844.9
515.2	41.09	845
515.2	41.14	845
515.2	41.19	845.1
515.2	41.24	845.1
515.2	41.29	845.1
515.2	41.34	845.2
515.2	41.39	845.2
515.2	41.44	845.2
515.2	41.49	845.3
515.2	41.54	845.3
515.2	41.59	845.4
515.2	41.64	845.4
515.2	41.69	845.4
515.2	41.74	845.5
515.2	41.79	845.5
515.2	41.84	845.6
515.2	41.89	845.6
515.2	41.94	845.6
515.2	41.99	845.7
515.2	42.04	845.7
515.2	42.09	845.8
515.2	42.14	845.8
515.2	42.19	845.8
515.2	42.24	845.9
515.2	42.29	845.9
515.2	42.34	846
515.2	42.39	846
515.2	42.44	846
515.2	42.49	846.1
515.2	42.54	846.1
515.2	42.59	846.2
515.2	42.64	846.2
515.2	42.69	846.2
515.2	42.74	846.3
515.2	42.79	846.3
515.2	42.84	846.3
515.2	42.89	846.4
515.2	42.94	846.4
515.2	42.99	846.5
515.2	43.04	846.5
515.2	43.09	846.5
515.2	43.14	846.6
515.2	43.19	846.6
515.2	43.24	846.7
515.2	43.29	846.7
515.2	43.34	846.7
515.2	43.39	846.8
515.2	43.44	846.8
515.2	43.49	846.9
515.2	43.54	846.9
515.2	43.59	846.9
515.2	43.64	847
515.2	43.69	847
515.2	43.74	847
515.2	43.79	847.1
515.2	43.84	847.1
515.2	43.89	847.2
515.2	43.94	847.2
515.2	43.99	847.2
515.2	44.04	847.3
515.2	44.09	847.3
515.2	44.14	847.4
515.2	44.19	847.4
515.2	44.24	847.4
515.2	44.29	847.5
515.2	44.34	847.5
515.2	44.39	847.6
515.2	44.44	847.6
515.2	44.49	847.6
515.2	44.54	847.7
515.2	44.59	847.7
515.2	44.64	847.7
515.2	44.69	847.8
515.2	44.74	847.8
515.2	44.79	847.9
515.2	44.84	847.9
515.2	44.89	847.9
515.2	44.95	848
515.2	45	848
515.2	45.05	848.1
515.2	45.1	848.1
515.2	45.15	848.1
515.2	45.2	848.2
515.2	45.25	848.2
515.2	45.3	848.2
515.2	45.35	848.3
515.2	45.4	848.3
515.2	45.45	848.4
515.2	45.5	848.4
515.2	45.55	848.4
515.2	45.6	848.5
515.2	45.65	848.5
515.2	45.7	848.6
515.2	45.75	848.6
515.2	45.8	848.6
515.2	45.85	848.7
515.2	45.9	848.7
515.2	45.95	848.7
515.2	46	848.8
515.2	46.05	848.8
515.2	46.1	848.9
515.2	46.15	848.9
515.2	46.2	848.9
515.2	46.25	849
515.2	46.3	849
515.2	46.35	849.1
515.2	46.4	849.1
515.2	46.45	849.1
515.2	46.5	849.2
515.2	46.55	849.2
515.2	46.6	849.2
515.2	46.65	849.3
515.2	46.7	849.3
515.2	46.75	849.4
515.2	46.8	849.4
515.2	46.85	849.4
515.2	46.9	849.5
515.2	46.95	849.5
515.2	47	849.5
515.2	47.05	849.6
515.2	47.1	849.6
515.2	47.15	849.7
515.2	47.2	849.7
515.2	47.25	849.7
515.2	47.3	849.8
515.2	47.35	849.8
515.2	47.4	849.9
515.2	47.45	849.9
515.2	47.5	849.9
515.2	47.55	850
515.2	47.6	850
515.2	47.65	850
515.2	47.7	850.1
515.2	47.75	850.1
515.2	47.8	850.2
515.2	47.85	850.2
515.2	47.9	850.2
515.2	47.95	850.3
515.2	48	850.3
515.2	48.05	850.3
515.2	48.1	850.4
515.2	48.15	850.4
515.2	48.2	850.5
515.2	48.25	850.5
515.2	48.3	850.5
515.2	48.35	850.6
515.2	48.4	850.6
515.2	48.45	850.6
515.2	48.5	850.7
515.2	48.55	850.7
515.2	48.6	850.8
515.2	48.65	850.8
515.2	48.7	850.8
515.2	48.75	850.9
515.2	48.8	850.9
515.2	48.85	850.9
515.2	48.9	851
515.2	48.95	851
515.2	49	851.1
515.2	49.05	851.1
515.2	49.1	851.1
515.2	49.15	851.2
515.2	49.2	851.2
515.2	49.25	851.2
515.2	49.3	851.3
515.2	49.35	851.3
515.2	49.4	851.4
515.2	49.45	851.4
515.2	49.5	851.4
515.2	49.55	851.5
515.2	49.6	851.5
515.2	49.65	851.5
515.2	49.7	851.6
515.2	49.75	851.6
515.2	49.8	851.7
515.2	49.85	851.7
515.2	49.9	851.7
515.2	49.95	851.8
515.2	50	851.8
532.8	0.001	0.004067
532.8	0.05105	0.2079
532.8	0.1011	0.4124
532.8	0.1511	0.6176
532.8	0.2012	0.8235
532.8	0.2512	1.03
532.8	0.3013	1.237
532.8	0.3513	1.445
532.8	0.4014	1.654
532.8	0.4514	1.863
532.8	0.5015	2.073
532.8	0.5515	2.284
532.8	0.6016	2.495
532.8	0.6516	2.708
532.8	0.7017	2.921
532.8	0.7517	3.135
532.8	0.8018	3.349
532.8	0.8518	3.564
532.8	0.9019	3.781
532.8	0.9519	3.998
532.8	1.002	4.215
532.8	1.052	4.434
532.8	1.102	4.653
532.8	1.152	4.874
532.8	1.202	5.095
532.8	1.252	5.317
532.8	1.302	5.54
532.8	1.352	5.764
532.8	1.402	5.989
532.8	1.452	6.214
532.8	1.502	6.441
532.8	1.553	6.668
532.8	1.603	6.897
532.8	1.653	7.126
532.8	1.703	7.357
532.8	1.753	7.588
532.8	1.803	7.821
532.8	1.853	8.054
532.8	1.903	8.289
532.8	1.953	8.525
532.8	2.003	8.762
532.8	2.053	8.999
532.8	2.103	9.238
532.8	2.153	9.478
532.8	2.203	9.72
532.8	2.253	9.962
532.8	2.303	10.21
532.8	2.353	10.45
532.8	2.403	10.7
532.8	2.453	10.94
532.8	2.503	11.19
532.8	2.554	11.44
532.8	2.604	11.69
532.8	2.654	11.95
532.8	2.704	12.2
532.8	2.754	12.46
532.8	2.804	12.71
532.8	2.854	12.97
532.8	2.904	13.23
532.8	2.954	13.49
532.8	3.004	13.75
532.8	3.054	14.02
532.8	3.104	14.28
532.8	3.154	14.55
532.8	3.204	14.82
532.8	3.254	15.09
532.8	3.304	15.36
532.8	3.354	15.63
532.8	3.404	15.91
532.8	3.454	16.19
532.8	3.504	16.47
532.8	3.554	16.75
532.8	3.605	17.03
532.8	3.655	17.32
532.8	3.705	17.6
532.8	3.755	17.89
532.8	3.805	18.18
532.8	3.855	18.47
532.8	3.905	18.77
532.8	3.955	19.07
532.8	4.005	19.37
532.8	4.055	19.67
532.8	4.105	19.97
532.8	4.155	20.28
532.8	4.205	20.59
532.8	4.255	20.9
532.8	4.305	21.22
532.8	4.355	21.53
532.8	4.405	21.85
532.8	4.455	22.18
532.8	4.505	22.5
532.8	4.555	22.83
532.8	4.606	23.16
532.8	4.656	23.5
532.8	4.706	784.3
532.8	4.756	784.3
532.8	4.806	784.3
532.8	4.856	784.4
532.8	4.906	784.4
532.8	4.956	784.5
532.8	5.006	784.6
532.8	5.056	784.6
532.8	5.106	784.7
532.8	5.156	784.8
532.8	5.206	784.8
532.8	5.256	784.9
532.8	5.306	785
532.8	5.356	785
532.8	5.406	785.1
532.8	5.456	785.1
532.8	5.506	785.2
532.8	5.556	785.3
532.8	5.606	785.3
532.8	5.657	785.4
532.8	5.707	785.5
532.8	5.757	785.5
532.8	5.807	785.6
532.8	5.857	785.7
532.8	5.907	785.7
532.8	5.957	785.8
532.8	6.007	785.9
532.8	6.057	785.9
532.8	6.107	786
532.8	6.157	786
532.8	6.207	786.1
532.8	6.257	786.2
532.8	6.307	786.2
532.8	6.357	786.3
532.8	6.407	786.4
532.8	6.457	786.4
532.8	6.507	786.5
532.8	6.557	786.6
532.8	6.607	786.6
532.8	6.658	786.7
532.8	6.708	786.7
532.8	6.758	786.8
532.8	6.808	786.9
532.8	6.858	786.9
532.8	6.908	787
532.8	6.958	787.1
532.8	7.008	787.1
532.8	7.058	787.2
532.8	7.108	787.2
532.8	7.158	787.3
532.8	7.208	787.4
532.8	7.258	787.4
532.8	7.308	787.5
532.8	7.358	787.6
532.8	7.408	787.6
532.8	7.458	787.7
532.8	7.508	787.7
532.8	7.558	787.8
532.8	7.608	787.9
532.8	7.659	787.9
532.8	7.709	788
532.8	7.759	788.1
532.8	7.809	788.1
532.8	7.859	788.2
532.8	7.909	788.2
532.8	7.959	788.3
532.8	8.009	788.4
532.8	8.059	788.4
532.8	8.109	788.5
532.8	8.159	788.6
532.8	8.209	788.6
532.8	8.259	788.7
532.8	8.309	788.7
532.8	8.359	788.8
532.8	8.409	788.9
532.8	8.459	788.9
532.8	8.509	789
532.8	8.559	789.1
532.8	8.609	789.1
532.8	8.659	789.2
532.8	8.71	789.2
532.8	8.76	789.3
532.8	8.81	789.4
532.8	8.86	789.4
532.8	8.91	789.5
532.8	8.96	789.5
532.8	9.01	789.6
532.8	9.06	789.7
532.8	9.11	789.7
532.8	9.16	789.8
532.8	9.21	789.9
532.8	9.26	789.9
532.8	9.31	790
532.8	9.36	790
532.8	9.41	790.1
532.8	9.46	790.2
532.8	9.51	790.2
532.8	9.56	790.3
532.8	9.61	790.3
532.8	9.66	790.4
532.8	9.711	790.5
532.8	9.761	790.5
532.8	9.811	790.6
532.8	9.861	790.6
532.8	9.911	790.7
532.8	9.961	790.8
532.8	10.01	790.8
532.8	10.06	790.9
532.8	10.11	791
532.8	10.16	791
532.8	10.21	791.1
532.8	10.26	791.1
532.8	10.31	791.2
532.8	10.36	791.3
532.8	10.41	791.3
532.8	10.46	791.4
532.8	10.51	791.4
532.8	10.56	791.5
532.8	10.61	791.6
532.8	10.66	791.6
532.8	10.71	791.7
532.8	10.76	791.7
532.8	10.81	791.8
532.8	10.86	791.9
532.8	10.91	791.9
532.8	10.96	792
532.8	11.01	792
532.8	11.06	792.1
532.8	11.11	792.2
532.8	11.16	792.2
532.8	11.21	792.3
532.8	11.26	792.3
532.8	11.31	792.4
532.8	11.36	792.5
532.8	11.41	792.5
532.8	11.46	792.6
532.8	11.51	792.6
532.8	11.56	792.7
532.8	11.61	792.7
532.8	11.66	792.8
532.8	11.71	792.9
532.8	11.76	792.9
532.8	11.81	793
532.8	11.86	793
532.8	11.91	793.1
532.8	11.96	793.2
532.8	12.01	793.2
532.8	12.06	793.3
532.8	12.11	793.3
532.8	12.16	793.4
532.8	12.21	793.5
532.8	12.26	793.5
532.8	12.31	793.6
532.8	12.36	793.6
532.8	12.41	793.7
532.8	12.46	793.8
532.8	12.51	793.8
532.8	12.56	793.9
532.8	12.61	793.9
532.8	12.66	794
532.8	12.71	794
532.8	12.76	794.1
532.8	12.81	794.2
532.8	12.86	794.2
532.8	12.91	794.3
532.8	12.96	794.3
532.8	13.01	794.4
532.8	13.06	794.5
532.8	13.11	794.5
532.8	13.16	794.6
532.8	13.21	794.6
532.8	13.26	794.7
532.8	13.31	794.8
532.8	13.36	794.8
532.8	13.41	794.9
532.8	13.46	794.9
532.8	13.51	795
532.8	13.56	795
532.8	13.61	795.1
532.8	13.66	795.2
532.8	13.71	795.2
532.8	13.76	795.3
532.8	13.81	795.3
532.8	13.86	795.4
532.8	13.91	795.4
532.8	13.96	795.5
532.8	14.01	795.6
532.8	14.06	795.6
532.8	14.11	795.7
532.8	14.16	795.7
532.8	14.21	795.8
532.8	14.26	795.9
532.8	14.32	795.9
532.8	14.37	796
532.8	14.42	796
532.8	14.47	796.1
532.8	14.52	796.1
532.8	14.57	796.2
532.8	14.62	796.3
532.8	14.67	796.3
532.8	14.72	796.4
532.8	14.77	796.4
532.8	14.82	796.5
532.8	14.87	796.5
532.8	14.92	796.6
532.8	14.97	796.7
532.8	15.02	796.7
532.8	15.07	796.8
532.8	15.12	796.8
532.8	15.17	796.9
532.8	15.22	796.9
532.8	15.27	797
532.8	15.32	797.1
532.8	15.37	797.1
532.8	15.42	797.2
532.8	15.47	797.2
532.8	15.52	797.3
532.8	15.57	797.3
532.8	15.62	797.4
532.8	15.67	797.5
532.8	15.72	797.5
532.8	15.77	797.6
532.8	15.82	797.6
532.8	15.87	797.7
532.8	15.92	797.7
532.8	15.97	797.8
532.8	16.02	797.8
532.8	16.07	797.9
532.8	16.12	798
532.8	16.17	798
532.8	16.22	798.1
532.8	16.27	798.1
532.8	16.32	798.2
532.8	16.37	798.2
532.8	16.42	798.3
532.8	16.47	798.4
532.8	16.52	798.4
532.8	16.57	798.5
532.8	16.62	798.5
532.8	16.67	798.6
532.8	16.72	798.6
532.8	16.77	798.7
532.8	16.82	798.7
532.8	16.87	798.8
532.8	16.92	798.9
532.8	16.97	798.9
532.8	17.02	799
532.8	17.07	799
532.8	17.12	799.1
532.8	17.17	799.1
532.8	17.22	799.2
532.8	17.27	799.3
532.8	17.32	799.3
532.8	17.37	799.4
532.8	17.42	799.4
532.8	17.47	799.5
532.8	17.52	799.5
532.8	17.57	799.6
532.8	17.62	799.6
532.8	17.67	799.7
532.8	17.72	799.8
532.8	17.77	799.8
532.8	17.82	799.9
532.8	17.87	799.9
532.8	17.92	800
532.8	17.97	800
532.8	18.02	800.1
532.8	18.07	800.1
532.8	18.12	800.2
532.8	18.17	800.2
532.8	18.22	800.3
532.8	18.27	800.4
532.8	18.32	800.4
532.8	18.37	800.5
532.8	18.42	800.5
532.8	18.47	800.6
532.8	18.52	800.6
532.8	18.57	800.7
532.8	18.62	800.7
532.8	18.67	800.8
532.8	18.72	800.9
532.8	18.77	800.9
532.8	18.82	801
532.8	18.87	801
532.8	18.92	801.1
532.8	18.97	801.1
532.8	19.02	801.2
532.8	19.07	801.2
532.8	19.12	801.3
532.8	19.17	801.3
532.8	19.22	801.4
532.8	19.27	801.5
532.8	19.32	801.5
532.8	19.37	801.6
532.8	19.42	801.6
532.8	19.47	801.7
532.8	19.52	801.7
532.8	19.57	801.8
532.8	19.62	801.8
532.8	19.67	801.9
532.8	19.72	801.9
532.8	19.77	802
532.8	19.82	802.1
532.8	19.87	802.1
532.8	19.92	802.2
532.8	19.97	802.2
532.8	20.02	802.3
532.8	20.07	802.3
532.8	20.12	802.4
532.8	20.17	802.4
532.8	20.22	802.5
532.8	20.27	802.5
532.8	20.32	802.6
532.8	20.37	802.6
532.8	20.42	802.7
532.8	20.47	802.8
532.8	20.52	802.8
532.8	20.57	802.9
532.8	20.62	802.9
532.8	20.67	803
532.8	20.72	803
532.8	20.77	803.1
532.8	20.82	803.1
532.8	20.87	803.2
532.8	20.92	803.2
532.8	20.97	803.3
532.8	21.02	803.3
532.8	21.07	803.4
532.8	21.12	803.5
532.8	21.17	803.5
532.8	21.22	803.6
532.8	21.27	803.6
532.8	21.32	803.7
532.8	21.37	803.7
532.8	21.42	803.8
532.8	21.47	803.8
532.8	21.52	803.9
532.8	21.57	803.9
532.8	21.62	804
532.8	21.67	804
532.8	21.72	804.1
532.8	21.77	804.1
532.8	21.82	804.2
532.8	21.87	804.3
532.8	21.92	804.3
532.8	21.97	804.4
532.8	22.02	804.4
532.8	22.07	804.5
532.8	22.12	804.5
532.8	22.17	804.6
532.8	22.22	804.6
532.8	22.27	804.7
532.8	22.32	804.7
532.8	22.37	804.8
532.8	22.42	804.8
532.8	22.47	804.9
532.8	22.52	804.9
532.8	22.57	805
532.8	22.62	805
532.8	22.67	805.1
532.8	22.72	805.2
532.8	22.77	805.2
532.8	22.82	805.3
532.8	22.87	805.3
532.8	22.92	805.4
532.8	22.97	805.4
532.8	23.02	805.5
532.8	23.07	805.5
532.8	23.12	805.6
532.8	23.17	805.6
532.8	23.22	805.7
532.8	23.27	805.7
532.8	23.32	805.8
532.8	23.37	805.8
532.8	23.42	805.9
532.8	23.47	805.9
532.8	23.52	806
532.8	23.57	806
532.8	23.62	806.1
532.8	23.67	806.1
532.8	23.72	806.2
532.8	23.77	806.3
532.8	23.82	806.3
532.8	23.87	806.4
532.8	23.92	806.4
532.8	23.97	806.5
532.8	24.02	806.5
532.8	24.07	806.6
532.8	24.12	806.6
532.8	24.17	806.7
532.8	24.22	806.7
532.8	24.27	806.8
532.8	24.32	806.8
532.8	24.37	806.9
532.8	24.42	806.9
532.8	24.47	807
532.8	24.53	807
532.8	24.58	807.1
532.8	24.63	807.1
532.8	24.68	807.2
532.8	24.73	807.2
532.8	24.78	807.3
532.8	24.83	807.3
532.8	24.88	807.4
532.8	24.93	807.4
532.8	24.98	807.5
532.8	25.03	807.5
532.8	25.08	807.6
532.8	25.13	807.7
532.8	25.18	807.7
532.8	25.23	807.8
532.8	25.28	807.8
532.8	25.33	807.9
532.8	25.38	807.9
532.8	25.43	808
532.8	25.48	808
532.8	25.53	808.1
532.8	25.58	808.1
532.8	25.63	808.2
532.8	25.68	808.2
532.8	25.73	808.3
532.8	25.78	808.3
532.8	25.83	808.4
532.8	25.88	808.4
532.8	25.93	808.5
532.8	25.98	808.5
532.8	26.03	808.6
532.8	26.08	808.6
532.8	26.13	808.7
532.8	26.18	808.7
532.8	26.23	808.8
532.8	26.28	808.8
532.8	26.33	808.9
532.8	26.38	808.9
532.8	26.43	809
532.8	26.48	809
532.8	26.53	809.1
532.8	26.58	809.1
532.8	26.63	809.2
532.8	26.68	809.2
532.8	26.73	809.3
532.8	26.78	809.3
532.8	26.83	809.4
532.8	26.88	809.4
532.8	26.93	809.5
532.8	26.98	809.5
532.8	27.03	809.6
532.8	27.08	809.6
532.8	27.13	809.7
532.8	27.18	809.7
532.8	27.23	809.8
532.8	27.28	809.8
532.8	27.33	809.9
532.8	27.38	809.9
532.8	27.43	810
532.8	27.48	810
532.8	27.53	810.1
532.8	27.58	810.1
532.8	27.63	810.2
532.8	27.68	810.2
532.8	27.73	810.3
532.8	27.78	810.3
532.8	27.83	810.4
532.8	27.88	810.4
532.8	27.93	810.5
532.8	27.98	810.5
532.8	28.03	810.6
532.8	28.08	810.6
532.8	28.13	810.7
532.8	28.18	810.7
532.8	28.23	810.8
532.8	28.28	810.8
532.8	28.33	810.9
532.8	28.38	810.9
532.8	28.43	811
532.8	28.48	811
532.8	28.53	811.1
532.8	28.58	811.1
532.8	28.63	811.2
532.8	28.68	811.2
532.8	28.73	811.3
532.8	28.78	811.3
532.8	28.83	811.4
532.8	28.88	811.4
532.8	28.93	811.5
532.8	28.98	811.5
532.8	29.03	811.6
532.8	29.08	811.6
532.8	29.13	811.7
532.8	29.18	811.7
532.8	29.23	811.8
532.8	29.28	811.8
532.8	29.33	811.9
532.8	29.38	811.9
532.8	29.43	812
532.8	29.48	812
532.8	29.53	812.1
532.8	29.58	812.1
532.8	29.63	812.2
532.8	29.68	812.2
532.8	29.73	812.3
532.8	29.78	812.3
532.8	29.83	812.4
532.8	29.88	812.4
532.8	29.93	812.5
532.8	29.98	812.5
532.8	30.03	812.6
532.8	30.08	812.6
532.8	30.13	812.7
532.8	30.18	812.7
532.8	30.23	812.8
532.8	30.28	812.8
532.8	30.33	812.9
532.8	30.38	812.9
532.8	30.43	813
532.8	30.48	813
532.8	30.53	813.1
532.8	30.58	813.1
532.8	30.63	813.2
532.8	30.68	813.2
532.8	30.73	813.3
532.8	30.78	813.3
532.8	30.83	813.4
532.8	30.88	813.4
532.8	30.93	813.5
532.8	30.98	813.5
532.8	31.03	813.6
532.8	31.08	813.6
532.8	31.13	813.7
532.8	31.18	813.7
532.8	31.23	813.7
532.8	31.28	813.8
532.8	31.33	813.8
532.8	31.38	813.9
532.8	31.43	813.9
532.8	31.48	814
532.8	31.53	814
532.8	31.58	814.1
532.8	31.63	814.1
532.8	31.68	814.2
532.8	31.73	814.2
532.8	31.78	814.3
532.8	31.83	814.3
532.8	31.88	814.4
532.8	31.93	814.4
532.8	31.98	814.5
532.8	32.03	814.5
532.8	32.08	814.6
532.8	32.13	814.6
532.8	32.18	814.7
532.8	32.23	814.7
532.8	32.28	814.8
532.8	32.33	814.8
532.8	32.38	814.9
532.8	32.43	814.9
532.8	32.48	815
532.8	32.53	815
532.8	32.58	815.1
532.8	32.63	815.1
532.8	32.68	815.2
532.8	32.73	815.2
532.8	32.78	815.2
532.8	32.83	815.3
532.8	32.88	815.3
532.8	32.93	815.4
532.8	32.98	815.4
532.8	33.03	815.5
532.8	33.08	815.5
532.8	33.13	815.6
532.8	33.18	815.6
532.8	33.23	815.7
532.8	33.28	815.7
532.8	33.33	815.8
532.8	33.38	815.8
532.8	33.43	815.9
532.8	33.48	815.9
532.8	33.53	816
532.8	33.58	816
532.8	33.63	816.1
532.8	33.68	816.1
532.8	33.73	816.2
532.8	33.78	816.2
532.8	33.83	816.2
532.8	33.88	816.3
532.8	33.93	816.3
532.8	33.98	816.4
532.8	34.03	816.4
532.8	34.08	816.5
532.8	34.13	816.5
532.8	34.18	816.6
532.8	34.23	816.6
532.8	34.28	816.7
532.8	34.33	816.7
532.8	34.38	816.8
532.8	34.43	816.8
532.8	34.48	816.9
532.8	34.53	816.9
532.8	34.58	817
532.8	34.63	817
532.8	34.68	817.1
532.8	34.74	817.1
532.8	34.79	817.1
532.8	34.84	817.2
532.8	34.89	817.2
532.8	34.94	817.3
532.8	34.99	817.3
532.8	35.04	817.4
532.8	35.09	817.4
532.8	35.14	817.5
532.8	35.19	817.5
532.8	35.24	817.6
532.8	35.29	817.6
532.8	35.34	817.7
532.8	35.39	817.7
532.8	35.44	817.8
532.8	35.49	817.8
532.8	35.54	817.9
532.8	35.59	817.9
532.8	35.64	817.9
532.8	35.69	818
532.8	35.74	818
532.8	35.79	818.1
532.8	35.84	818.1
532.8	35.89	818.2
532.8	35.94	818.2
532.8	35.99	818.3
532.8	36.04	818.3
532.8	36.09	818.4
532.8	36.14	818.4
532.8	36.19	818.5
532.8	36.24	818.5
532.8	36.29	818.6
532.8	36.34	818.6
532.8	36.39	818.6
532.8	36.44	818.7
532.8	36.49	818.7
532.8	36.54	818.8
532.8	36.59	818.8
532.8	36.64	818.9
532.8	36.69	818.9
532.8	36.74	819
532.8	36.79	819
532.8	36.84	819.1
532.8	36.89	819.1
532.8	36.94	819.2
532.8	36.99	819.2
532.8	37.04	819.3
532.8	37.09	819.3
532.8	37.14	819.3
532.8	37.19	819.4
532.8	37.24	819.4
532.8	37.29	819.5
532.8	37.34	819.5
532.8	37.39	819.6
532.8	37.44	819.6
532.8	37.49	819.7
532.8	37.54	819.7
532.8	37.59	819.8
532.8	37.64	819.8
532.8	37.69	819.9
532.8	37.74	819.9
532.8	37.79	819.9
532.8	37.84	820
532.8	37.89	820
532.8	37.94	820.1
532.8	37.99	820.1
532.8	38.04	820.2
532.8	38.09	820.2
532.8	38.14	820.3
532.8	38.19	820.3
532.8	38.24	820.4
532.8	38.29	820.4
532.8	38.34	820.4
532.8	38.39	820.5
532.8	38.44	820.5
532.8	38.49	820.6
532.8	38.54	820.6
532.8	38.59	820.7
532.8	38.64	820.7
532.8	38.69	820.8
532.8	38.74	820.8
532.8	38.79	820.9
532.8	38.84	820.9
532.8	38.89	821
532.8	38.94	821
532.8	38.99	821
532.8	39.04	821.1
532.8	39.09	821.1
532.8	39.14	821.2
532.8	39.19	821.2
532.8	39.24	821.3
532.8	39.29	821.3
532.8	39.34	821.4
532.8	39.39	821.4
532.8	39.44	821.5
532.8	39.49	821.5
532.8	39.54	821.5
532.8	39.59	821.6
532.8	39.64	821.6
532.8	39.69	821.7
532.8	39.74	821.7
532.8	39.79	821.8
532.8	39.84	821.8
532.8	39.89	821.9
532.8	39.94	821.9
532.8	39.99	821.9
532.8	40.04	822
532.8	40.09	822
532.8	40.14	822.1
532.8	40.19	822.1
532.8	40.24	822.2
532.8	40.29	822.2
532.8	40.34	822.3
532.8	40.39	822.3
532.8	40.44	822.4
532.8	40.49	822.4
532.8	40.54	822.4
532.8	40.59	822.5
532.8	40.64	822.5
532.8	40.69	822.6
532.8	40.74	822.6
532.8	40.79	822.7
532.8	40.84	822.7
532.8	40.89	822.8
532.8	40.94	822.8
532.8	40.99	822.9
532.8	41.04	822.9
532.8	41.09	822.9
532.8	41.14	823
532.8	41.19	823
532.8	41.24	823.1
532.8	41.29	823.1
532.8	41.34	823.2
532.8	41.39	823.2
532.8	41.44	823.3
532.8	41.49	823.3
532.8	41.54	823.3
532.8	41.59	823.4
532.8	41.64	823.4
532.8	41.69	823.5
532.8	41.74	823.5
532.8	41.79	823.6
532.8	41.84	823.6
532.8	41.89	823.7
532.8	41.94	823.7
532.8	41.99	823.7
532.8	42.04	823.8
532.8	42.09	823.8
532.8	42.14	823.9
532.8	42.19	823.9
532.8	42.24	824
532.8	42.29	824
532.8	42.34	824.1
532.8	42.39	824.1
532.8	42.44	824.1
532.8	42.49	824.2
532.8	42.54	824.2
532.8	42.59	824.3
532.8	42.64	824.3
532.8	42.69	824.4
532.8	42.74	824.4
532.8	42.79	824.5
532.8	42.84	824.5
532.8	42.89	824.5
532.8	42.94	824.6
532.8	42.99	824.6
532.8	43.04	824.7
532.8	43.09	824.7
532.8	43.14	824.8
532.8	43.19	824.8
532.8	43.24	824.9
532.8	43.29	824.9
532.8	43.34	824.9
532.8	43.39	825
532.8	43.44	825
532.8	43.49	825.1
532.8	43.54	825.1
532.8	43.59	825.2
532.8	43.64	825.2
532.8	43.69	825.2
532.8	43.74	825.3
532.8	43.79	825.3
532.8	43.84	825.4
532.8	43.89	825.4
532.8	43.94	825.5
532.8	43.99	825.5
532.8	44.04	825.6
532.8	44.09	825.6
532.8	44.14	825.6
532.8	44.19	825.7
532.8	44.24	825.7
532.8	44.29	825.8
532.8	44.34	825.8
532.8	44.39	825.9
532.8	44.44	825.9
532.8	44.49	825.9
532.8	44.54	826
532.8	44.59	826
532.8	44.64	826.1
532.8	44.69	826.1
532.8	44.74	826.2
532.8	44.79	826.2
532.8	44.84	826.3
532.8	44.89	826.3
532.8	44.95	826.3
532.8	45	826.4
532.8	45.05	826.4
532.8	45.1	826.5
532.8	45.15	826.5
532.8	45.2	826.6
532.8	45.25	826.6
532.8	45.3	826.6
532.8	45.35	826.7
532.8	45.4	826.7
532.8	45.45	826.8
532.8	45.5	826.8
532.8	45.55	826.9
532.8	45.6	826.9
532.8	45.65	826.9
532.8	45.7	827
532.8	45.75	827
532.8	45.8	827.1
532.8	45.85	827.1
532.8	45.9	827.2
532.8	45.95	827.2
532.8	46	827.3
532.8	46.05	827.3
532.8	46.1	827.3
532.8	46.15	827.4
532.8	46.2	827.4
532.8	46.25	827.5
532.8	46.3	827.5
532.8	46.35	827.6
532.8	46.4	827.6
532.8	46.45	827.6
532.8	46.5	827.7
532.8	46.55	827.7
532.8	46.6	827.8
532.8	46.65	827.8
532.8	46.7	827.9
532.8	46.75	827.9
532.8	46.8	827.9
532.8	46.85	828
532.8	46.9	828
532.8	46.95	828.1
532.8	47	828.1
532.8	47.05	828.2
532.8	47.1	828.2
532.8	47.15	828.2
532.8	47.2	828.3
532.8	47.25	828.3
532.8	47.3	828.4
532.8	47.35	828.4
532.8	47.4	828.5
532.8	47.45	828.5
532.8	47.5	828.5
532.8	47.55	828.6
532.8	47.6	828.6
532.8	47.65	828.7
532.8	47.7	828.7
532.8	47.75	828.8
532.8	47.8	828.8
532.8	47.85	828.8
532.8	47.9	828.9
532.8	47.95	828.9
532.8	48	829
532.8	48.05	829
532.8	48.1	829.1
532.8	48.15	829.1
532.8	48.2	829.1
532.8	48.25	829.2
532.8	48.3	829.2
532.8	48.35	829.3
532.8	48.4	829.3
532.8	48.45	829.3
532.8	48.5	829.4
532.8	48.55	829.4
532.8	48.6	829.5
532.8	48.65	829.5
532.8	48.7	829.6
532.8	48.75	829.6
532.8	48.8	829.6
532.8	48.85	829.7
532.8	48.9	829.7
532.8	48.95	829.8
532.8	49	829.8
532.8	49.05	829.9
532.8	49.1	829.9
532.8	49.15	829.9
532.8	49.2	830
532.8	49.25	830
532.8	49.3	830.1
532.8	49.35	830.1
532.8	49.4	830.2
532.8	49.45	830.2
532.8	49.5	830.2
532.8	49.55	830.3
532.8	49.6	830.3
532.8	49.65	830.4
532.8	49.7	830.4
532.8	49.75	830.4
532.8	49.8	830.5
532.8	49.85	830.5
532.8	49.9	830.6
532.8	49.95	830.6
532.8	50	830.7
550.5	0.001	0.003936
550.5	0.05105	0.2012
550.5	0.1011	0.399
550.5	0.1511	0.5974
550.5	0.2012	0.7964
550.5	0.2512	0.996
550.5	0.3013	1.196
550.5	0.3513	1.397
550.5	0.4014	1.598
550.5	0.4514	1.8
550.5	0.5015	2.002
550.5	0.5515	2.206
550.5	0.6016	2.409
550.5	0.6516	2.614
550.5	0.7017	2.819
550.5	0.7517	3.024
550.5	0.8018	3.231
550.5	0.8518	3.437
550.5	0.9019	3.645
550.5	0.9519	3.853
550.5	1.002	4.062
550.5	1.052	4.272
550.5	1.102	4.482
550.5	1.152	4.693
550.5	1.202	4.905
550.5	1.252	5.117
550.5	1.302	5.33
550.5	1.352	5.544
550.5	1.402	5.759
550.5	1.452	5.974
550.5	1.502	6.19
550.5	1.553	6.407
550.5	1.603	6.624
550.5	1.653	6.843
550.5	1.703	7.062
550.5	1.753	7.282
550.5	1.803	7.503
550.5	1.853	7.724
550.5	1.903	7.947
550.5	1.953	8.17
550.5	2.003	8.394
550.5	2.053	8.619
550.5	2.103	8.845
550.5	2.153	9.072
550.5	2.203	9.299
550.5	2.253	9.528
550.5	2.303	9.757
550.5	2.353	9.988
550.5	2.403	10.22
550.5	2.453	10.45
550.5	2.503	10.68
550.5	2.554	10.92
550.5	2.604	11.15
550.5	2.654	11.39
550.5	2.704	11.63
550.5	2.754	11.86
550.5	2.804	12.1
550.5	2.854	12.34
550.5	2.904	12.59
550.5	2.954	12.83
550.5	3.004	13.07
550.5	3.054	13.32
550.5	3.104	13.56
550.5	3.154	13.81
550.5	3.204	14.06
550.5	3.254	14.31
550.5	3.304	14.56
550.5	3.354	14.81
550.5	3.404	15.06
550.5	3.454	15.32
550.5	3.504	15.57
550.5	3.554	15.83
550.5	3.605	16.09
550.5	3.655	16.34
550.5	3.705	16.61
550.5	3.755	16.87
550.5	3.805	17.13
550.5	3.855	17.4
550.5	3.905	17.66
550.5	3.955	17.93
550.5	4.005	18.2
550.5	4.055	18.47
550.5	4.105	18.74
550.5	4.155	19.02
550.5	4.205	19.29
550.5	4.255	19.57
550.5	4.305	19.85
550.5	4.355	20.13
550.5	4.405	20.41
550.5	4.455	20.69
550.5	4.505	20.98
550.5	4.555	21.27
550.5	4.606	21.55
550.5	4.656	21.85
550.5	4.706	22.14
550.5	4.756	22.43
550.5	4.806	22.73
550.5	4.856	23.03
550.5	4.906	23.33
550.5	4.956	23.63
550.5	5.006	23.94
550.5	5.056	24.25
550.5	5.106	24.56
550.5	5.156	24.87
550.5	5.206	25.18
550.5	5.256	25.5
550.5	5.306	25.82
550.5	5.356	26.14
550.5	5.406	26.46
550.5	5.456	26.79
550.5	5.506	27.12
550.5	5.556	27.45
550.5	5.606	27.79
550.5	5.657	28.13
550.5	5.707	28.47
550.5	5.757	28.81
550.5	5.807	29.16
550.5	5.857	29.51
550.5	5.907	29.86
550.5	5.957	30.22
550.5	6.007	30.58
550.5	6.057	30.94
550.5	6.107	31.31
550.5	6.157	31.68
550.5	6.207	755.1
550.5	6.257	755.1
550.5	6.307	755.2
550.5	6.357	755.2
550.5	6.407	755.3
550.5	6.457	755.4
550.5	6.507	755.5
550.5	6.557	755.6
550.5	6.607	755.6
550.5	6.658	755.7
550.5	6.708	755.8
550.5	6.758	755.9
550.5	6.808	756
550.5	6.858	756
550.5	6.908	756.1
550.5	6.958	756.2
550.5	7.008	756.3
550.5	7.058	756.4
550.5	7.108	756.4
550.5	7.158	756.5
550.5	7.208	756.6
550.5	7.258	756.7
550.5	7.308	756.8
550.5	7.358	756.8
550.5	7.408	756.9
550.5	7.458	757
550.5	7.508	757.1
550.5	7.558	757.1
550.5	7.608	757.2
550.5	7.659	757.3
550.5	7.709	757.4
550.5	7.759	757.5
550.5	7.809	757.5
550.5	7.859	757.6
550.5	7.909	757.7
550.5	7.959	757.8
550.5	8.009	757.9
550.5	8.059	757.9
550.5	8.109	758
550.5	8.159	758.1
550.5	8.209	758.2
550.5	8.259	758.2
550.5	8.309	758.3
550.5	8.359	758.4
550.5	8.409	758.5
550.5	8.459	758.6
550.5	8.509	758.6
550.5	8.559	758.7
550.5	8.609	758.8
550.5	8.659	758.9
550.5	8.71	758.9
550.5	8.76	759
550.5	8.81	759.1
550.5	8.86	759.2
550.5	8.91	759.2
550.5	8.96	759.3
550.5	9.01	759.4
550.5	9.06	759.5
550.5	9.11	759.6
550.5	9.16	759.6
550.5	9.21	759.7
550.5	9.26	759.8
550.5	9.31	759.9
550.5	9.36	759.9
550.5	9.41	760
550.5	9.46	760.1
550.5	9.51	760.2
550.5	9.56	760.2
550.5	9.61	760.3
550.5	9.66	760.4
550.5	9.711	760.5
550.5	9.761	760.5
550.5	9.811	760.6
550.5	9.861	760.7
550.5	9.911	760.8
550.5	9.961	760.8
550.5	10.01	760.9
550.5	10.06	761
550.5	10.11	761.1
550.5	10.16	761.2
550.5	10.21	761.2
550.5	10.26	761.3
550.5	10.31	761.4
550.5	10.36	761.5
550.5	10.41	761.5
550.5	10.46	761.6
550.5	10.51	761.7
550.5	10.56	761.8
550.5	10.61	761.8
550.5	10.66	761.9
550.5	10.71	762
550.5	10.76	762
550.5	10.81	762.1
550.5	10.86	762.2
550.5	10.91	762.3
550.5	10.96	762.3
550.5	11.01	762.4
550.5	11.06	762.5
550.5	11.11	762.6
550.5	11.16	762.6
550.5	11.21	762.7
550.5	11.26	762.8
550.5	11.31	762.9
550.5	11.36	762.9
550.5	11.41	763
550.5	11.46	763.1
550.5	11.51	763.2
550.5	11.56	763.2
550.5	11.61	763.3
550.5	11.66	763.4
550.5	11.71	763.5
550.5	11.76	763.5
550.5	11.81	763.6
550.5	11.86	763.7
550.5	11.91	763.7
550.5	11.96	763.8
550.5	12.01	763.9
550.5	12.06	764
550.5	12.11	764
550.5	12.16	764.1
550.5	12.21	764.2
550.5	12.26	764.3
550.5	12.31	764.3
550.5	12.36	764.4
550.5	12.41	764.5
550.5	12.46	764.5
550.5	12.51	764.6
550.5	12.56	764.7
550.5	12.61	764.8
550.5	12.66	764.8
550.5	12.71	764.9
550.5	12.76	765
550.5	12.81	765.1
550.5	12.86	765.1
550.5	12.91	765.2
550.5	12.96	765.3
550.5	13.01	765.3
550.5	13.06	765.4
550.5	13.11	765.5
550.5	13.16	765.6
550.5	13.21	765.6
550.5	13.26	765.7
550.5	13.31	765.8
550.5	13.36	765.8
550.5	13.41	765.9
550.5	13.46	766
550.5	13.51	766.1
550.5	13.56	766.1
550.5	13.61	766.2
550.5	13.66	766.3
550.5	13.71	766.3
550.5	13.76	766.4
550.5	13.81	766.5
550.5	13.86	766.6
550.5	13.91	766.6
550.5	13.96	766.7
550.5	14.01	766.8
550.5	14.06	766.8
550.5	14.11	766.9
550.5	14.16	767
550.5	14.21	767.1
550.5	14.26	767.1
550.5	14.32	767.2
550.5	14.37	767.3
550.5	14.42	767.3
550.5	14.47	767.4
550.5	14.52	767.5
550.5	14.57	767.5
550.5	14.62	767.6
550.5	14.67	767.7
550.5	14.72	767.8
550.5	14.77	767.8
550.5	14.82	767.9
550.5	14.87	768
550.5	14.92	768
550.5	14.97	768.1
550.5	15.02	768.2
550.5	15.07	768.2
550.5	15.12	768.3
550.5	15.17	768.4
550.5	15.22	768.5
550.5	15.27	768.5
550.5	15.32	768.6
550.5	15.37	768.7
550.5	15.42	768.7
550.5	15.47	768.8
550.5	15.52	768.9
550.5	15.57	768.9
550.5	15.62	769
550.5	15.67	769.1
550.5	15.72	769.1
550.5	15.77	769.2
550.5	15.82	769.3
550.5	15.87	769.4
550.5	15.92	769.4
550.5	15.97	769.5
550.5	16.02	769.6
550.5	16.07	769.6
550.5	16.12	769.7
550.5	16.17	769.8
550.5	16.22	769.8
550.5	16.27	769.9
550.5	16.32	770
550.5	16.37	770
550.5	16.42	770.1
550.5	16.47	770.2
550.5	16.52	770.2
550.5	16.57	770.3
550.5	16.62	770.4
550.5	16.67	770.5
550.5	16.72	770.5
550.5	16.77	770.6
550.5	16.82	770.7
550.5	16.87	770.7
550.5	16.92	770.8
550.5	16.97	770.9
550.5	17.02	770.9
550.5	17.07	771
550.5	17.12	771.1
550.5	17.17	771.1
550.5	17.22	771.2
550.5	17.27	771.3
550.5	17.32	771.3
550.5	17.37	771.4
550.5	17.42	771.5
550.5	17.47	771.5
550.5	17.52	771.6
550.5	17.57	771.7
550.5	17.62	771.7
550.5	17.67	771.8
550.5	17.72	771.9
550.5	17.77	771.9
550.5	17.82	772
550.5	17.87	772.1
550.5	17.92	772.1
550.5	17.97	772.2
550.5	18.02	772.3
550.5	18.07	772.3
550.5	18.12	772.4
550.5	18.17	772.5
550.5	18.22	772.5
550.5	18.27	772.6
550.5	18.32	772.7
550.5	18.37	772.7
550.5	18.42	772.8
550.5	18.47	772.9
550.5	18.52	772.9
550.5	18.57	773
550.5	18.62	773.1
550.5	18.67	773.1
550.5	18.72	773.2
550.5	18.77	773.3
550.5	18.82	773.3
550.5	18.87	773.4
550.5	18.92	773.5
550.5	18.97	773.5
550.5	19.02	773.6
550.5	19.07	773.7
550.5	19.12	773.7
550.5	19.17	773.8
550.5	19.22	773.9
550.5	19.27	773.9
550.5	19.32	774
550.5	19.37	774.1
550.5	19.42	774.1
550.5	19.47	774.2
550.5	19.52	774.3
550.5	19.57	774.3
550.5	19.62	774.4
550.5	19.67	774.5
550.5	19.72	774.5
550.5	19.77	774.6
550.5	19.82	774.7
550.5	19.87	774.7
550.5	19.92	774.8
550.5	19.97	774.8
550.5	20.02	774.9
550.5	20.07	775
550.5	20.12	775
550.5	20.17	775.1
550.5	20.22	775.2
550.5	20.27	775.2
550.5	20.32	775.3
550.5	20.37	775.4
550.5	20.42	775.4
550.5	20.47	775.5
550.5	20.52	775.6
550.5	20.57	775.6
550.5	20.62	775.7
550.5	20.67	775.8
550.5	20.72	775.8
550.5	20.77	775.9
550.5	20.82	775.9
550.5	20.87	776
550.5	20.92	776.1
550.5	20.97	776.1
550.5	21.02	776.2
550.5	21.07	776.3
550.5	21.12	776.3
550.5	21.17	776.4
550.5	21.22	776.5
550.5	21.27	776.5
550.5	21.32	776.6
550.5	21.37	776.7
550.5	21.42	776.7
550.5	21.47	776.8
550.5	21.52	776.8
550.5	21.57	776.9
550.5	21.62	777
550.5	21.67	777
550.5	21.72	777.1
550.5	21.77	777.2
550.5	21.82	777.2
550.5	21.87	777.3
550.5	21.92	777.4
550.5	21.97	777.4
550.5	22.02	777.5
550.5	22.07	777.5
550.5	22.12	777.6
550.5	22.17	777.7
550.5	22.22	777.7
550.5	22.27	777.8
550.5	22.32	777.9
550.5	22.37	777.9
550.5	22.42	778
550.5	22.47	778.1
550.5	22.52	778.1
550.5	22.57	778.2
550.5	22.62	778.2
550.5	22.67	778.3
550.5	22.72	778.4
550.5	22.77	778.4
550.5	22.82	778.5
550.5	22.87	778.6
550.5	22.92	778.6
550.5	22.97	778.7
550.5	23.02	778.7
550.5	23.07	778.8
550.5	23.12	778.9
550.5	23.17	778.9
550.5	23.22	779
550.5	23.27	779.1
550.5	23.32	779.1
550.5	23.37	779.2
550.5	23.42	779.2
550.5	23.47	779.3
550.5	23.52	779.4
550.5	23.57	779.4
550.5	23.62	779.5
550.5	23.67	779.6
550.5	23.72	779.6
550.5	23.77	779.7
550.5	23.82	779.7
550.5	23.87	779.8
550.5	23.92	779.9
550.5	23.97	779.9
550.5	24.02	780
550.5	24.07	780
550.5	24.12	780.1
550.5	24.17	780.2
550.5	24.22	780.2
550.5	24.27	780.3
550.5	24.32	780.4
550.5	24.37	780.4
550.5	24.42	780.5
550.5	24.47	780.5
550.5	24.53	780.6
550.5	24.58	780.7
550.5	24.63	780.7
550.5	24.68	780.8
550.5	24.73	780.8
550.5	24.78	780.9
550.5	24.83	781
550.5	24.88	781
550.5	24.93	781.1
550.5	24.98	781.2
550.5	25.03	781.2
550.5	25.08	781.3
550.5	25.13	781.3
550.5	25.18	781.4
550.5	25.23	781.5
550.5	25.28	781.5
550.5	25.33	781.6
550.5	25.38	781.6
550.5	25.43	781.7
550.5	25.48	781.8
550.5	25.53	781.8
550.5	25.58	781.9
550.5	25.63	781.9
550.5	25.68	782
550.5	25.73	782.1
550.5	25.78	782.1
550.5	25.83	782.2
550.5	25.88	782.2
550.5	25.93	782.3
550.5	25.98	782.4
550.5	26.03	782.4
550.5	26.08	782.5
550.5	26.13	782.5
550.5	26.18	782.6
550.5	26.23	782.7
550.5	26.28	782.7
550.5	26.33	782.8
550.5	26.38	782.9
550.5	26.43	782.9
550.5	26.48	783
550.5	26.53	783
550.5	26.58	783.1
550.5	26.63	783.2
550.5	26.68	783.2
550.5	26.73	783.3
550.5	26.78	783.3
550.5	26.83	783.4
550.5	26.88	783.5
550.5	26.93	783.5
550.5	26.98	783.6
550.5	27.03	783.6
550.5	27.08	783.7
550.5	27.13	783.7
550.5	27.18	783.8
550.5	27.23	783.9
550.5	27.28	783.9
550.5	27.33	784
550.5	27.38	784
550.5	27.43	784.1
550.5	27.48	784.2
550.5	27.53	784.2
550.5	27.58	784.3
550.5	27.63	784.3
550.5	27.68	784.4
550.5	27.73	784.5
550.5	27.78	784.5
550.5	27.83	784.6
550.5	27.88	784.6
550.5	27.93	784.7
550.5	27.98	784.8
550.5	28.03	784.8
550.5	28.08	784.9
550.5	28.13	784.9
550.5	28.18	785
550.5	28.23	785.1
550.5	28.28	785.1
550.5	28.33	785.2
550.5	28.38	785.2
550.5	28.43	785.3
550.5	28.48	785.3
550.5	28.53	785.4
550.5	28.58	785.5
550.5	28.63	785.5
550.5	28.68	785.6
550.5	28.73	785.6
550.5	28.78	785.7
550.5	28.83	785.8
550.5	28.88	785.8
550.5	28.93	785.9
550.5	28.98	785.9
550.5	29.03	786
550.5	29.08	786
550.5	29.13	786.1
550.5	29.18	786.2
550.5	29.23	786.2
550.5	29.28	786.3
550.5	29.33	786.3
550.5	29.38	786.4
550.5	29.43	786.5
550.5	29.48	786.5
550.5	29.53	786.6
550.5	29.58	786.6
550.5	29.63	786.7
550.5	29.68	786.7
550.5	29.73	786.8
550.5	29.78	786.9
550.5	29.83	786.9
550.5	29.88	787
550.5	29.93	787
550.5	29.98	787.1
550.5	30.03	787.1
550.5	30.08	787.2
550.5	30.13	787.3
550.5	30.18	787.3
550.5	30.23	787.4
550.5	30.28	787.4
550.5	30.33	787.5
550.5	30.38	787.6
550.5	30.43	787.6
550.5	30.48	787.7
550.5	30.53	787.7
550.5	30.58	787.8
550.5	30.63	787.8
550.5	30.68	787.9
550.5	30.73	788
550.5	30.78	788
550.5	30.83	788.1
550.5	30.88	788.1
550.5	30.93	788.2
550.5	30.98	788.2
550.5	31.03	788.3
550.5	31.08	788.4
550.5	31.13	788.4
550.5	31.18	788.5
550.5	31.23	788.5
550.5	31.28	788.6
550.5	31.33	788.6
550.5	31.38	788.7
550.5	31.43	788.8
550.5	31.48	788.8
550.5	31.53	788.9
550.5	31.58	788.9
550.5	31.63	789
550.5	31.68	789
550.5	31.73	789.1
550.5	31.78	789.1
550.5	31.83	789.2
550.5	31.88	789.3
550.5	31.93	789.3
550.5	31.98	789.4
550.5	32.03	789.4
550.5	32.08	789.5
550.5	32.13	789.5
550.5	32.18	789.6
550.5	32.23	789.7
550.5	32.28	789.7
550.5	32.33	789.8
550.5	32.38	789.8
550.5	32.43	789.9
550.5	32.48	789.9
550.5	32.53	790
550.5	32.58	790
550.5	32.63	790.1
550.5	32.68	790.2
550.5	32.73	790.2
550.5	32.78	790.3
550.5	32.83	790.3
550.5	32.88	790.4
550.5	32.93	790.4
550.5	32.98	790.5
550.5	33.03	790.6
550.5	33.08	790.6
550.5	33.13	790.7
550.5	33.18	790.7
550.5	33.23	790.8
550.5	33.28	790.8
550.5	33.33	790.9
550.5	33.38	790.9
550.5	33.43	791
550.5	33.48	791.1
550.5	33.53	791.1
550.5	33.58	791.2
550.5	33.63	791.2
550.5	33.68	791.3
550.5	33.73	791.3
550.5	33.78	791.4
550.5	33.83	791.4
550.5	33.88	791.5
550.5	33.93	791.6
550.5	33.98	791.6
550.5	34.03	791.7
550.5	34.08	791.7
550.5	34.13	791.8
550.5	34.18	791.8
550.5	34.23	791.9
550.5	34.28	791.9
550.5	34.33	792
550.5	34.38	792.1
550.5	34.43	792.1
550.5	34.48	792.2
550.5	34.53	792.2
550.5	34.58	792.3
550.5	34.63	792.3
550.5	34.68	792.4
550.5	34.74	792.4
550.5	34.79	792.5
550.5	34.84	792.5
550.5	34.89	792.6
550.5	34.94	792.7
550.5	34.99	792.7
550.5	35.04	792.8
550.5	35.09	792.8
550.5	35.14	792.9
550.5	35.19	792.9
550.5	35.24	793
550.5	35.29	793
550.5	35.34	793.1
550.5	35.39	793.1
550.5	35.44	793.2
550.5	35.49	793.3
550.5	35.54	793.3
550.5	35.59	793.4
550.5	35.64	793.4
550.5	35.69	793.5
550.5	35.74	793.5
550.5	35.79	793.6
550.5	35.84	793.6
550.5	35.89	793.7
550.5	35.94	793.7
550.5	35.99	793.8
550.5	36.04	793.9
550.5	36.09	793.9
550.5	36.14	794
550.5	36.19	794
550.5	36.24	794.1
550.5	36.29	794.1
550.5	36.34	794.2
550.5	36.39	794.2
550.5	36.44	794.3
550.5	36.49	794.3
550.5	36.54	794.4
550.5	36.59	794.4
550.5	36.64	794.5
550.5	36.69	794.6
550.5	36.74	794.6
550.5	36.79	794.7
550.5	36.84	794.7
550.5	36.89	794.8
550.5	36.94	794.8
550.5	36.99	794.9
550.5	37.04	794.9
550.5	37.09	795
550.5	37.14	795
550.5	37.19	795.1
550.5	37.24	795.1
550.5	37.29	795.2
550.5	37.34	795.3
550.5	37.39	795.3
550.5	37.44	795.4
550.5	37.49	795.4
550.5	37.54	795.5
550.5	37.59	795.5
550.5	37.64	795.6
550.5	37.69	795.6
550.5	37.74	795.7
550.5	37.79	795.7
550.5	37.84	795.8
550.5	37.89	795.8
550.5	37.94	795.9
550.5	37.99	795.9
550.5	38.04	796
550.5	38.09	796.1
550.5	38.14	796.1
550.5	38.19	796.2
550.5	38.24	796.2
550.5	38.29	796.3
550.5	38.34	796.3
550.5	38.39	796.4
550.5	38.44	796.4
550.5	38.49	796.5
550.5	38.54	796.5
550.5	38.59	796.6
550.5	38.64	796.6
550.5	38.69	796.7
550.5	38.74	796.7
550.5	38.79	796.8
550.5	38.84	796.8
550.5	38.89	796.9
550.5	38.94	796.9
550.5	38.99	797
550.5	39.04	797.1
550.5	39.09	797.1
550.5	39.14	797.2
550.5	39.19	797.2
550.5	39.24	797.3
550.5	39.29	797.3
550.5	39.34	797.4
550.5	39.39	797.4
550.5	39.44	797.5
550.5	39.49	797.5
550.5	39.54	797.6
550.5	39.59	797.6
550.5	39.64	797.7
550.5	39.69	797.7
550.5	39.74	797.8
550.5	39.79	797.8
550.5	39.84	797.9
550.5	39.89	797.9
550.5	39.94	798
550.5	39.99	798
550.5	40.04	798.1
550.5	40.09	798.2
550.5	40.14	798.2
550.5	40.19	798.3
550.5	40.24	798.3
550.5	40.29	798.4
550.5	40.34	798.4
550.5	40.39	798.5
550.5	40.44	798.5
550.5	40.49	798.6
550.5	40.54	798.6
550.5	40.59	798.7
550.5	40.64	798.7
550.5	40.69	798.8
550.5	40.74	798.8
550.5	40.79	798.9
550.5	40.84	798.9
550.5	40.89	799
550.5	40.94	799
550.5	40.99	799.1
550.5	41.04	799.1
550.5	41.09	799.2
550.5	41.14	799.2
550.5	41.19	799.3
550.5	41.24	799.3
550.5	41.29	799.4
550.5	41.34	799.4
550.5	41.39	799.5
550.5	41.44	799.5
550.5	41.49	799.6
550.5	41.54	799.7
550.5	41.59	799.7
550.5	41.64	799.8
550.5	41.69	799.8
550.5	41.74	799.9
550.5	41.79	799.9
550.5	41.84	800
550.5	41.89	800
550.5	41.94	800.1
550.5	41.99	800.1
550.5	42.04	800.2
550.5	42.09	800.2
550.5	42.14	800.3
550.5	42.19	800.3
550.5	42.24	800.4
550.5	42.29	800.4
550.5	42.34	800.5
550.5	42.39	800.5
550.5	42.44	800.6
550.5	42.49	800.6
550.5	42.54	800.7
550.5	42.59	800.7
550.5	42.64	800.8
550.5	42.69	800.8
550.5	42.74	800.9
550.5	42.79	800.9
550.5	42.84	801
550.5	42.89	801
550.5	42.94	801.1
550.5	42.99	801.1
550.5	43.04	801.2
550.5	43.09	801.2
550.5	43.14	801.3
550.5	43.19	801.3
550.5	43.24	801.4
550.5	43.29	801.4
550.5	43.34	801.5
550.5	43.39	801.5
550.5	43.44	801.6
550.5	43.49	801.6
550.5	43.54	801.7
550.5	43.59	801.7
550.5	43.64	801.8
550.5	43.69	801.8
550.5	43.74	801.9
550.5	43.79	801.9
550.5	43.84	802
550.5	43.89	802
550.5	43.94	802.1
550.5	43.99	802.1
550.5	44.04	802.2
550.5	44.09	802.2
550.5	44.14	802.3
550.5	44.19	802.3
550.5	44.24	802.4
550.5	44.29	802.4
550.5	44.34	802.5
550.5	44.39	802.5
550.5	44.44	802.6
550.5	44.49	802.6
550.5	44.54	802.7
550.5	44.59	802.7
550.5	44.64	802.8
550.5	44.69	802.8
550.5	44.74	802.9
550.5	44.79	802.9
550.5	44.84	803
550.5	44.89	803
550.5	44.95	803.1
550.5	45	803.1
550.5	45.05	803.2
550.5	45.1	803.2
550.5	45.15	803.3
550.5	45.2	803.3
550.5	45.25	803.4
550.5	45.3	803.4
550.5	45.35	803.5
550.5	45.4	803.5
550.5	45.45	803.6
550.5	45.5	803.6
550.5	45.55	803.7
550.5	45.6	803.7
550.5	45.65	803.8
550.5	45.7	803.8
550.5	45.75	803.9
550.5	45.8	803.9
550.5	45.85	804
550.5	45.9	804
550.5	45.95	804.1
550.5	46	804.1
550.5	46.05	804.2
550.5	46.1	804.2
550.5	46.15	804.3
550.5	46.2	804.3
550.5	46.25	804.4
550.5	46.3	804.4
550.5	46.35	804.5
550.5	46.4	804.5
550.5	46.45	804.6
550.5	46.5	804.6
550.5	46.55	804.7
550.5	46.6	804.7
550.5	46.65	804.8
550.5	46.7	804.8
550.5	46.75	804.9
550.5	46.8	804.9
550.5	46.85	805
550.5	46.9	805
550.5	46.95	805.1
550.5	47	805.1
550.5	47.05	805.2
550.5	47.1	805.2
550.5	47.15	805.3
550.5	47.2	805.3
550.5	47.25	805.4
550.5	47.3	805.4
550.5	47.35	805.5
550.5	47.4	805.5
550.5	47.45	805.6
550.5	47.5	805.6
550.5	47.55	805.7
550.5	47.6	805.7
550.5	47.65	805.7
550.5	47.7	805.8
550.5	47.75	805.8
550.5	47.8	805.9
550.5	47.85	805.9
550.5	47.9	806
550.5	47.95	806
550.5	48	806.1
550.5	48.05	806.1
550.5	48.1	806.2
550.5	48.15	806.2
550.5	48.2	806.3
550.5	48.25	806.3
550.5	48.3	806.4
550.5	48.35	806.4
550.5	48.4	806.5
550.5	48.45	806.5
550.5	48.5	806.6
550.5	48.55	806.6
550.5	48.6	806.7
550.5	48.65	806.7
550.5	48.7	806.8
550.5	48.75	806.8
550.5	48.8	806.9
550.5	48.85	806.9
550.5	48.9	807
550.5	48.95	807
550.5	49	807.1
550.5	49.05	807.1
550.5	49.1	807.2
550.5	49.15	807.2
550.5	49.2	807.2
550.5	49.25	807.3
550.5	49.3	807.3
550.5	49.35	807.4
550.5	49.4	807.4
550.5	49.45	807.5
550.5	49.5	807.5
550.5	49.55	807.6
550.5	49.6	807.6
550.5	49.65	807.7
550.5	49.7	807.7
550.5	49.75	807.8
550.5	49.8	807.8
550.5	49.85	807.9
550.5	49.9	807.9
550.5	49.95	808
550.5	50	808
568.2	0.001	0.003814
568.2	0.05105	0.1949
568.2	0.1011	0.3865
568.2	0.1511	0.5786
568.2	0.2012	0.7711
568.2	0.2512	0.9642
568.2	0.3013	1.158
568.2	0.3513	1.352
568.2	0.4014	1.546
568.2	0.4514	1.741
568.2	0.5015	1.937
568.2	0.5515	2.133
568.2	0.6016	2.33
568.2	0.6516	2.527
568.2	0.7017	2.724
568.2	0.7517	2.922
568.2	0.8018	3.121
568.2	0.8518	3.32
568.2	0.9019	3.52
568.2	0.9519	3.721
568.2	1.002	3.922
568.2	1.052	4.123
568.2	1.102	4.325
568.2	1.152	4.528
568.2	1.202	4.731
568.2	1.252	4.935
568.2	1.302	5.139
568.2	1.352	5.344
568.2	1.402	5.55
568.2	1.452	5.756
568.2	1.502	5.963
568.2	1.553	6.17
568.2	1.603	6.378
568.2	1.653	6.587
568.2	1.703	6.796
568.2	1.753	7.006
568.2	1.803	7.217
568.2	1.853	7.428
568.2	1.903	7.64
568.2	1.953	7.853
568.2	2.003	8.066
568.2	2.053	8.28
568.2	2.103	8.495
568.2	2.153	8.71
568.2	2.203	8.927
568.2	2.253	9.143
568.2	2.303	9.361
568.2	2.353	9.579
568.2	2.403	9.798
568.2	2.453	10.02
568.2	2.503	10.24
568.2	2.554	10.46
568.2	2.604	10.68
568.2	2.654	10.9
568.2	2.704	11.13
568.2	2.754	11.35
568.2	2.804	11.58
568.2	2.854	11.8
568.2	2.904	12.03
568.2	2.954	12.26
568.2	3.004	12.49
568.2	3.054	12.72
568.2	3.104	12.95
568.2	3.154	13.18
568.2	3.204	13.41
568.2	3.254	13.64
568.2	3.304	13.88
568.2	3.354	14.11
568.2	3.404	14.35
568.2	3.454	14.58
568.2	3.504	14.82
568.2	3.554	15.06
568.2	3.605	15.3
568.2	3.655	15.54
568.2	3.705	15.78
568.2	3.755	16.02
568.2	3.805	16.27
568.2	3.855	16.51
568.2	3.905	16.76
568.2	3.955	17
568.2	4.005	17.25
568.2	4.055	17.5
568.2	4.105	17.75
568.2	4.155	18
568.2	4.205	18.25
568.2	4.255	18.5
568.2	4.305	18.76
568.2	4.355	19.01
568.2	4.405	19.27
568.2	4.455	19.53
568.2	4.505	19.79
568.2	4.555	20.05
568.2	4.606	20.31
568.2	4.656	20.57
568.2	4.706	20.83
568.2	4.756	21.1
568.2	4.806	21.37
568.2	4.856	21.63
568.2	4.906	21.9
568.2	4.956	22.17
568.2	5.006	22.45
568.2	5.056	22.72
568.2	5.106	22.99
568.2	5.156	23.27
568.2	5.206	23.55
568.2	5.256	23.83
568.2	5.306	24.11
568.2	5.356	24.39
568.2	5.406	24.68
568.2	5.456	24.96
568.2	5.506	25.25
568.2	5.556	25.54
568.2	5.606	25.83
568.2	5.657	26.12
568.2	5.707	26.41
568.2	5.757	26.71
568.2	5.807	27.01
568.2	5.857	27.31
568.2	5.907	27.61
568.2	5.957	27.91
568.2	6.007	28.22
568.2	6.057	28.52
568.2	6.107	28.83
568.2	6.157	29.14
568.2	6.207	29.46
568.2	6.257	29.77
568.2	6.307	30.09
568.2	6.357	30.41
568.2	6.407	30.73
568.2	6.457	31.05
568.2	6.507	31.38
568.2	6.557	31.71
568.2	6.607	32.04
568.2	6.658	32.38
568.2	6.708	32.71
568.2	6.758	33.05
568.2	6.808	33.39
568.2	6.858	33.74
568.2	6.908	34.08
568.2	6.958	34.43
568.2	7.008	34.79
568.2	7.058	35.14
568.2	7.108	35.5
568.2	7.158	35.86
568.2	7.208	36.23
568.2	7.258	36.59
568.2	7.308	36.97
568.2	7.358	37.34
568.2	7.408	37.72
568.2	7.458	38.1
568.2	7.508	38.49
568.2	7.558	38.88
568.2	7.608	39.27
568.2	7.659	39.67
568.2	7.709	40.07
568.2	7.759	40.48
568.2	7.809	40.89
568.2	7.859	41.3
568.2	7.909	41.72
568.2	7.959	42.15
568.2	8.009	722.3
568.2	8.059	722.3
568.2	8.109	722.4
568.2	8.159	722.5
568.2	8.209	722.6
568.2	8.259	722.7
568.2	8.309	722.8
568.2	8.359	722.9
568.2	8.409	723
568.2	8.459	723.1
568.2	8.509	723.2
568.2	8.559	723.3
568.2	8.609	723.4
568.2	8.659	723.5
568.2	8.71	723.6
568.2	8.76	723.7
568.2	8.81	723.8
568.2	8.86	723.9
568.2	8.91	724
568.2	8.96	724.1
568.2	9.01	724.2
568.2	9.06	724.3
568.2	9.11	724.4
568.2	9.16	724.5
568.2	9.21	724.6
568.2	9.26	724.7
568.2	9.31	724.8
568.2	9.36	724.9
568.2	9.41	725
568.2	9.46	725.1
568.2	9.51	725.2
568.2	9.56	725.3
568.2	9.61	725.4
568.2	9.66	725.5
568.2	9.711	725.6
568.2	9.761	725.7
568.2	9.811	725.8
568.2	9.861	725.9
568.2	9.911	726
568.2	9.961	726.1
568.2	10.01	726.2
568.2	10.06	726.3
568.2	10.11	726.4
568.2	10.16	726.5
568.2	10.21	726.6
568.2	10.26	726.7
568.2	10.31	726.8
568.2	10.36	726.9
568.2	10.41	727
568.2	10.46	727.1
568.2	10.51	727.2
568.2	10.56	727.3
568.2	10.61	727.4
568.2	10.66	727.5
568.2	10.71	727.6
568.2	10.76	727.7
568.2	10.81	727.8
568.2	10.86	727.9
568.2	10.91	728
568.2	10.96	728.1
568.2	11.01	728.2
568.2	11.06	728.3
568.2	11.11	728.4
568.2	11.16	728.5
568.2	11.21	728.6
568.2	11.26	728.7
568.2	11.31	728.8
568.2	11.36	728.9
568.2	11.41	729
568.2	11.46	729.1
568.2	11.51	729.2
568.2	11.56	729.3
568.2	11.61	729.4
568.2	11.66	729.5
568.2	11.71	729.6
568.2	11.76	729.7
568.2	11.81	729.8
568.2	11.86	729.9
568.2	11.91	730
568.2	11.96	730
568.2	12.01	730.1
568.2	12.06	730.2
568.2	12.11	730.3
568.2	12.16	730.4
568.2	12.21	730.5
568.2	12.26	730.6
568.2	12.31	730.7
568.2	12.36	730.8
568.2	12.41	730.9
568.2	12.46	731
568.2	12.51	731.1
568.2	12.56	731.2
568.2	12.61	731.3
568.2	12.66	731.4
568.2	12.71	731.5
568.2	12.76	731.6
568.2	12.81	731.6
568.2	12.86	731.7
568.2	12.91	731.8
568.2	12.96	731.9
568.2	13.01	732
568.2	13.06	732.1
568.2	13.11	732.2
568.2	13.16	732.3
568.2	13.21	732.4
568.2	13.26	732.5
568.2	13.31	732.6
568.2	13.36	732.7
568.2	13.41	732.8
568.2	13.46	732.9
568.2	13.51	732.9
568.2	13.56	733
568.2	13.61	733.1
568.2	13.66	733.2
568.2	13.71	733.3
568.2	13.76	733.4
568.2	13.81	733.5
568.2	13.86	733.6
568.2	13.91	733.7
568.2	13.96	733.8
568.2	14.01	733.9
568.2	14.06	734
568.2	14.11	734
568.2	14.16	734.1
568.2	14.21	734.2
568.2	14.26	734.3
568.2	14.32	734.4
568.2	14.37	734.5
568.2	14.42	734.6
568.2	14.47	734.7
568.2	14.52	734.8
568.2	14.57	734.9
568.2	14.62	734.9
568.2	14.67	735
568.2	14.72	735.1
568.2	14.77	735.2
568.2	14.82	735.3
568.2	14.87	735.4
568.2	14.92	735.5
568.2	14.97	735.6
568.2	15.02	735.7
568.2	15.07	735.8
568.2	15.12	735.8
568.2	15.17	735.9
568.2	15.22	736
568.2	15.27	736.1
568.2	15.32	736.2
568.2	15.37	736.3
568.2	15.42	736.4
568.2	15.47	736.5
568.2	15.52	736.6
568.2	15.57	736.6
568.2	15.62	736.7
568.2	15.67	736.8
568.2	15.72	736.9
568.2	15.77	737
568.2	15.82	737.1
568.2	15.87	737.2
568.2	15.92	737.3
568.2	15.97	737.3
568.2	16.02	737.4
568.2	16.07	737.5
568.2	16.12	737.6
568.2	16.17	737.7
568.2	16.22	737.8
568.2	16.27	737.9
568.2	16.32	738
568.2	16.37	738
568.2	16.42	738.1
568.2	16.47	738.2
568.2	16.52	738.3
568.2	16.57	738.4
568.2	16.62	738.5
568.2	16.67	738.6
568.2	16.72	738.6
568.2	16.77	738.7
568.2	16.82	738.8
568.2	16.87	738.9
568.2	16.92	739
568.2	16.97	739.1
568.2	17.02	739.2
568.2	17.07	739.2
568.2	17.12	739.3
568.2	17.17	739.4
568.2	17.22	739.5
568.2	17.27	739.6
568.2	17.32	739.7
568.2	17.37	739.8
568.2	17.42	739.8
568.2	17.47	739.9
568.2	17.52	740
568.2	17.57	740.1
568.2	17.62	740.2
568.2	17.67	740.3
568.2	17.72	740.4
568.2	17.77	740.4
568.2	17.82	740.5
568.2	17.87	740.6
568.2	17.92	740.7
568.2	17.97	740.8
568.2	18.02	740.9
568.2	18.07	740.9
568.2	18.12	741
568.2	18.17	741.1
568.2	18.22	741.2
568.2	18.27	741.3
568.2	18.32	741.4
568.2	18.37	741.4
568.2	18.42	741.5
568.2	18.47	741.6
568.2	18.52	741.7
568.2	18.57	741.8
568.2	18.62	741.9
568.2	18.67	741.9
568.2	18.72	742
568.2	18.77	742.1
568.2	18.82	742.2
568.2	18.87	742.3
568.2	18.92	742.4
568.2	18.97	742.4
568.2	19.02	742.5
568.2	19.07	742.6
568.2	19.12	742.7
568.2	19.17	742.8
568.2	19.22	742.9
568.2	19.27	742.9
568.2	19.32	743
568.2	19.37	743.1
568.2	19.42	743.2
568.2	19.47	743.3
568.2	19.52	743.3
568.2	19.57	743.4
568.2	19.62	743.5
568.2	19.67	743.6
568.2	19.72	743.7
568.2	19.77	743.8
568.2	19.82	743.8
568.2	19.87	743.9
568.2	19.92	744
568.2	19.97	744.1
568.2	20.02	744.2
568.2	20.07	744.2
568.2	20.12	744.3
568.2	20.17	744.4
568.2	20.22	744.5
568.2	20.27	744.6
568.2	20.32	744.6
568.2	20.37	744.7
568.2	20.42	744.8
568.2	20.47	744.9
568.2	20.52	745
568.2	20.57	745.1
568.2	20.62	745.1
568.2	20.67	745.2
568.2	20.72	745.3
568.2	20.77	745.4
568.2	20.82	745.5
568.2	20.87	745.5
568.2	20.92	745.6
568.2	20.97	745.7
568.2	21.02	745.8
568.2	21.07	745.9
568.2	21.12	745.9
568.2	21.17	746
568.2	21.22	746.1
568.2	21.27	746.2
568.2	21.32	746.2
568.2	21.37	746.3
568.2	21.42	746.4
568.2	21.47	746.5
568.2	21.52	746.6
568.2	21.57	746.6
568.2	21.62	746.7
568.2	21.67	746.8
568.2	21.72	746.9
568.2	21.77	747
568.2	21.82	747
568.2	21.87	747.1
568.2	21.92	747.2
568.2	21.97	747.3
568.2	22.02	747.4
568.2	22.07	747.4
568.2	22.12	747.5
568.2	22.17	747.6
568.2	22.22	747.7
568.2	22.27	747.7
568.2	22.32	747.8
568.2	22.37	747.9
568.2	22.42	748
568.2	22.47	748.1
568.2	22.52	748.1
568.2	22.57	748.2
568.2	22.62	748.3
568.2	22.67	748.4
568.2	22.72	748.4
568.2	22.77	748.5
568.2	22.82	748.6
568.2	22.87	748.7
568.2	22.92	748.8
568.2	22.97	748.8
568.2	23.02	748.9
568.2	23.07	749
568.2	23.12	749.1
568.2	23.17	749.1
568.2	23.22	749.2
568.2	23.27	749.3
568.2	23.32	749.4
568.2	23.37	749.4
568.2	23.42	749.5
568.2	23.47	749.6
568.2	23.52	749.7
568.2	23.57	749.8
568.2	23.62	749.8
568.2	23.67	749.9
568.2	23.72	750
568.2	23.77	750.1
568.2	23.82	750.1
568.2	23.87	750.2
568.2	23.92	750.3
568.2	23.97	750.4
568.2	24.02	750.4
568.2	24.07	750.5
568.2	24.12	750.6
568.2	24.17	750.7
568.2	24.22	750.7
568.2	24.27	750.8
568.2	24.32	750.9
568.2	24.37	751
568.2	24.42	751
568.2	24.47	751.1
568.2	24.53	751.2
568.2	24.58	751.3
568.2	24.63	751.3
568.2	24.68	751.4
568.2	24.73	751.5
568.2	24.78	751.6
568.2	24.83	751.6
568.2	24.88	751.7
568.2	24.93	751.8
568.2	24.98	751.9
568.2	25.03	751.9
568.2	25.08	752
568.2	25.13	752.1
568.2	25.18	752.2
568.2	25.23	752.2
568.2	25.28	752.3
568.2	25.33	752.4
568.2	25.38	752.5
568.2	25.43	752.5
568.2	25.48	752.6
568.2	25.53	752.7
568.2	25.58	752.8
568.2	25.63	752.8
568.2	25.68	752.9
568.2	25.73	753
568.2	25.78	753.1
568.2	25.83	753.1
568.2	25.88	753.2
568.2	25.93	753.3
568.2	25.98	753.3
568.2	26.03	753.4
568.2	26.08	753.5
568.2	26.13	753.6
568.2	26.18	753.6
568.2	26.23	753.7
568.2	26.28	753.8
568.2	26.33	753.9
568.2	26.38	753.9
568.2	26.43	754
568.2	26.48	754.1
568.2	26.53	754.2
568.2	26.58	754.2
568.2	26.63	754.3
568.2	26.68	754.4
568.2	26.73	754.4
568.2	26.78	754.5
568.2	26.83	754.6
568.2	26.88	754.7
568.2	26.93	754.7
568.2	26.98	754.8
568.2	27.03	754.9
568.2	27.08	755
568.2	27.13	755
568.2	27.18	755.1
568.2	27.23	755.2
568.2	27.28	755.2
568.2	27.33	755.3
568.2	27.38	755.4
568.2	27.43	755.5
568.2	27.48	755.5
568.2	27.53	755.6
568.2	27.58	755.7
568.2	27.63	755.7
568.2	27.68	755.8
568.2	27.73	755.9
568.2	27.78	756
568.2	27.83	756
568.2	27.88	756.1
568.2	27.93	756.2
568.2	27.98	756.2
568.2	28.03	756.3
568.2	28.08	756.4
568.2	28.13	756.5
568.2	28.18	756.5
568.2	28.23	756.6
568.2	28.28	756.7
568.2	28.33	756.7
568.2	28.38	756.8
568.2	28.43	756.9
568.2	28.48	757
568.2	28.53	757
568.2	28.58	757.1
568.2	28.63	757.2
568.2	28.68	757.2
568.2	28.73	757.3
568.2	28.78	757.4
568.2	28.83	757.5
568.2	28.88	757.5
568.2	28.93	757.6
568.2	28.98	757.7
568.2	29.03	757.7
568.2	29.08	757.8
568.2	29.13	757.9
568.2	29.18	757.9
568.2	29.23	758
568.2	29.28	758.1
568.2	29.33	758.2
568.2	29.38	758.2
568.2	29.43	758.3
568.2	29.48	758.4
568.2	29.53	758.4
568.2	29.58	758.5
568.2	29.63	758.6
568.2	29.68	758.6
568.2	29.73	758.7
568.2	29.78	758.8
568.2	29.83	758.9
568.2	29.88	758.9
568.2	29.93	759
568.2	29.98	759.1
568.2	30.03	759.1
568.2	30.08	759.2
568.2	30.13	759.3
568.2	30.18	759.3
568.2	30.23	759.4
568.2	30.28	759.5
568.2	30.33	759.6
568.2	30.38	759.6
568.2	30.43	759.7
568.2	30.48	759.8
568.2	30.53	759.8
568.2	30.58	759.9
568.2	30.63	760
568.2	30.68	760
568.2	30.73	760.1
568.2	30.78	760.2
568.2	30.83	760.2
568.2	30.88	760.3
568.2	30.93	760.4
568.2	30.98	760.4
568.2	31.03	760.5
568.2	31.08	760.6
568.2	31.13	760.6
568.2	31.18	760.7
568.2	31.23	760.8
568.2	31.28	760.9
568.2	31.33	760.9
568.2	31.38	761
568.2	31.43	761.1
568.2	31.48	761.1
568.2	31.53	761.2
568.2	31.58	761.3
568.2	31.63	761.3
568.2	31.68	761.4
568.2	31.73	761.5
568.2	31.78	761.5
568.2	31.83	761.6
568.2	31.88	761.7
568.2	31.93	761.7
568.2	31.98	761.8
568.2	32.03	761.9
568.2	32.08	761.9
568.2	32.13	762
568.2	32.18	762.1
568.2	32.23	762.1
568.2	32.28	762.2
568.2	32.33	762.3
568.2	32.38	762.3
568.2	32.43	762.4
568.2	32.48	762.5
568.2	32.53	762.5
568.2	32.58	762.6
568.2	32.63	762.7
568.2	32.68	762.7
568.2	32.73	762.8
568.2	32.78	762.9
568.2	32.83	762.9
568.2	32.88	763
568.2	32.93	763.1
568.2	32.98	763.1
568.2	33.03	763.2
568.2	33.08	763.3
568.2	33.13	763.3
568.2	33.18	763.4
568.2	33.23	763.5
568.2	33.28	763.5
568.2	33.33	763.6
568.2	33.38	763.7
568.2	33.43	763.7
568.2	33.48	763.8
568.2	33.53	763.9
568.2	33.58	763.9
568.2	33.63	764
568.2	33.68	764.1
568.2	33.73	764.1
568.2	33.78	764.2
568.2	33.83	764.3
568.2	33.88	764.3
568.2	33.93	764.4
568.2	33.98	764.5
568.2	34.03	764.5
568.2	34.08	764.6
568.2	34.13	764.7
568.2	34.18	764.7
568.2	34.23	764.8
568.2	34.28	764.9
568.2	34.33	764.9
568.2	34.38	765
568.2	34.43	765.1
568.2	34.48	765.1
568.2	34.53	765.2
568.2	34.58	765.3
568.2	34.63	765.3
568.2	34.68	765.4
568.2	34.74	765.5
568.2	34.79	765.5
568.2	34.84	765.6
568.2	34.89	765.6
568.2	34.94	765.7
568.2	34.99	765.8
568.2	35.04	765.8
568.2	35.09	765.9
568.2	35.14	766
568.2	35.19	766
568.2	35.24	766.1
568.2	35.29	766.2
568.2	35.34	766.2
568.2	35.39	766.3
568.2	35.44	766.4
568.2	35.49	766.4
568.2	35.54	766.5
568.2	35.59	766.6
568.2	35.64	766.6
568.2	35.69	766.7
568.2	35.74	766.7
568.2	35.79	766.8
568.2	35.84	766.9
568.2	35.89	766.9
568.2	35.94	767
568.2	35.99	767.1
568.2	36.04	767.1
568.2	36.09	767.2
568.2	36.14	767.3
568.2	36.19	767.3
568.2	36.24	767.4
568.2	36.29	767.5
568.2	36.34	767.5
568.2	36.39	767.6
568.2	36.44	767.6
568.2	36.49	767.7
568.2	36.54	767.8
568.2	36.59	767.8
568.2	36.64	767.9
568.2	36.69	768
568.2	36.74	768
568.2	36.79	768.1
568.2	36.84	768.2
568.2	36.89	768.2
568.2	36.94	768.3
568.2	36.99	768.3
568.2	37.04	768.4
568.2	37.09	768.5
568.2	37.14	768.5
568.2	37.19	768.6
568.2	37.24	768.7
568.2	37.29	768.7
568.2	37.34	768.8
568.2	37.39	768.9
568.2	37.44	768.9
568.2	37.49	769
568.2	37.54	769
568.2	37.59	769.1
568.2	37.64	769.2
568.2	37.69	769.2
568.2	37.74	769.3
568.2	37.79	769.4
568.2	37.84	769.4
568.2	37.89	769.5
568.2	37.94	769.5
568.2	37.99	769.6
568.2	38.04	769.7
568.2	38.09	769.7
568.2	38.14	769.8
568.2	38.19	769.9
568.2	38.24	769.9
568.2	38.29	770
568.2	38.34	770
568.2	38.39	770.1
568.2	38.44	770.2
568.2	38.49	770.2
568.2	38.54	770.3
568.2	38.59	770.4
568.2	38.64	770.4
568.2	38.69	770.5
568.2	38.74	770.5
568.2	38.79	770.6
568.2	38.84	770.7
568.2	38.89	770.7
568.2	38.94	770.8
568.2	38.99	770.8
568.2	39.04	770.9
568.2	39.09	771
568.2	39.14	771
568.2	39.19	771.1
568.2	39.24	771.2
568.2	39.29	771.2
568.2	39.34	771.3
568.2	39.39	771.3
568.2	39.44	771.4
568.2	39.49	771.5
568.2	39.54	771.5
568.2	39.59	771.6
568.2	39.64	771.7
568.2	39.69	771.7
568.2	39.74	771.8
568.2	39.79	771.8
568.2	39.84	771.9
568.2	39.89	772
568.2	39.94	772
568.2	39.99	772.1
568.2	40.04	772.1
568.2	40.09	772.2
568.2	40.14	772.3
568.2	40.19	772.3
568.2	40.24	772.4
568.2	40.29	772.4
568.2	40.34	772.5
568.2	40.39	772.6
568.2	40.44	772.6
568.2	40.49	772.7
568.2	40.54	772.7
568.2	40.59	772.8
568.2	40.64	772.9
568.2	40.69	772.9
568.2	40.74	773
568.2	40.79	773.1
568.2	40.84	773.1
568.2	40.89	773.2
568.2	40.94	773.2
568.2	40.99	773.3
568.2	41.04	773.4
568.2	41.09	773.4
568.2	41.14	773.5
568.2	41.19	773.5
568.2	41.24	773.6
568.2	41.29	773.7
568.2	41.34	773.7
568.2	41.39	773.8
568.2	41.44	773.8
568.2	41.49	773.9
568.2	41.54	774
568.2	41.59	774
568.2	41.64	774.1
568.2	41.69	774.1
568.2	41.74	774.2
568.2	41.79	774.3
568.2	41.84	774.3
568.2	41.89	774.4
568.2	41.94	774.4
568.2	41.99	774.5
568.2	42.04	774.6
568.2	42.09	774.6
568.2	42.14	774.7
568.2	42.19	774.7
568.2	42.24	774.8
568.2	42.29	774.9
568.2	42.34	774.9
568.2	42.39	775
568.2	42.44	775
568.2	42.49	775.1
568.2	42.54	775.2
568.2	42.59	775.2
568.2	42.64	775.3
568.2	42.69	775.3
568.2	42.74	775.4
568.2	42.79	775.4
568.2	42.84	775.5
568.2	42.89	775.6
568.2	42.94	775.6
568.2	42.99	775.7
568.2	43.04	775.7
568.2	43.09	775.8
568.2	43.14	775.9
568.2	43.19	775.9
568.2	43.24	776
568.2	43.29	776
568.2	43.34	776.1
568.2	43.39	776.2
568.2	43.44	776.2
568.2	43.49	776.3
568.2	43.54	776.3
568.2	43.59	776.4
568.2	43.64	776.5
568.2	43.69	776.5
568.2	43.74	776.6
568.2	43.79	776.6
568.2	43.84	776.7
568.2	43.89	776.7
568.2	43.94	776.8
568.2	43.99	776.9
568.2	44.04	776.9
568.2	44.09	777
568.2	44.14	777
568.2	44.19	777.1
568.2	44.24	777.2
568.2	44.29	777.2
568.2	44.34	777.3
568.2	44.39	777.3
568.2	44.44	777.4
568.2	44.49	777.4
568.2	44.54	777.5
568.2	44.59	777.6
568.2	44.64	777.6
568.2	44.69	777.7
568.2	44.74	777.7
568.2	44.79	777.8
568.2	44.84	777.9
568.2	44.89	777.9
568.2	44.95	778
568.2	45	778
568.2	45.05	778.1
568.2	45.1	778.1
568.2	45.15	778.2
568.2	45.2	778.3
568.2	45.25	778.3
568.2	45.3	778.4
568.2	45.35	778.4
568.2	45.4	778.5
568.2	45.45	778.5
568.2	45.5	778.6
568.2	45.55	778.7
568.2	45.6	778.7
568.2	45.65	778.8
568.2	45.7	778.8
568.2	45.75	778.9
568.2	45.8	778.9
568.2	45.85	779
568.2	45.9	779.1
568.2	45.95	779.1
568.2	46	779.2
568.2	46.05	779.2
568.2	46.1	779.3
568.2	46.15	779.3
568.2	46.2	779.4
568.2	46.25	779.5
568.2	46.3	779.5
568.2	46.35	779.6
568.2	46.4	779.6
568.2	46.45	779.7
568.2	46.5	779.7
568.2	46.55	779.8
568.2	46.6	779.9
568.2	46.65	779.9
568.2	46.7	780
568.2	46.75	780
568.2	46.8	780.1
568.2	46.85	780.1
568.2	46.9	780.2
568.2	46.95	780.3
568.2	47	780.3
568.2	47.05	780.4
568.2	47.1	780.4
568.2	47.15	780.5
568.2	47.2	780.5
568.2	47.25	780.6
568.2	47.3	780.7
568.2	47.35	780.7
568.2	47.4	780.8
568.2	47.45	780.8
568.2	47.5	780.9
568.2	47.55	780.9
568.2	47.6	781
568.2	47.65	781.1
568.2	47.7	781.1
568.2	47.75	781.2
568.2	47.8	781.2
568.2	47.85	781.3
568.2	47.9	781.3
568.2	47.95	781.4
568.2	48	781.4
568.2	48.05	781.5
568.2	48.1	781.6
568.2	48.15	781.6
568.2	48.2	781.7
568.2	48.25	781.7
568.2	48.3	781.8
568.2	48.35	781.8
568.2	48.4	781.9
568.2	48.45	781.9
568.2	48.5	782
568.2	48.55	782.1
568.2	48.6	782.1
568.2	48.65	782.2
568.2	48.7	782.2
568.2	48.75	782.3
568.2	48.8	782.3
568.2	48.85	782.4
568.2	48.9	782.4
568.2	48.95	782.5
568.2	49	782.6
568.2	49.05	782.6
568.2	49.1	782.7
568.2	49.15	782.7
568.2	49.2	782.8
568.2	49.25	782.8
568.2	49.3	782.9
568.2	49.35	782.9
568.2	49.4	783
568.2	49.45	783.1
568.2	49.5	783.1
568.2	49.55	783.2
568.2	49.6	783.2
568.2	49.65	783.3
568.2	49.7	783.3
568.2	49.75	783.4
568.2	49.8	783.4
568.2	49.85	783.5
568.2	49.9	783.6
568.2	49.95	783.6
568.2	50	783.7
585.9	0.001	0.003699
585.9	0.05105	0.189
585.9	0.1011	0.3747
585.9	0.1511	0.5609
585.9	0.2012	0.7474
585.9	0.2512	0.9344
585.9	0.3013	1.122
585.9	0.3513	1.31
585.9	0.4014	1.498
585.9	0.4514	1.687
585.9	0.5015	1.876
585.9	0.5515	2.065
585.9	0.6016	2.255
585.9	0.6516	2.446
585.9	0.7017	2.637
585.9	0.7517	2.828
585.9	0.8018	3.02
585.9	0.8518	3.212
585.9	0.9019	3.405
585.9	0.9519	3.598
585.9	1.002	3.792
585.9	1.052	3.986
585.9	1.102	4.18
585.9	1.152	4.376
585.9	1.202	4.571
585.9	1.252	4.767
585.9	1.302	4.964
585.9	1.352	5.161
585.9	1.402	5.358
585.9	1.452	5.557
585.9	1.502	5.755
585.9	1.553	5.954
585.9	1.603	6.154
585.9	1.653	6.354
585.9	1.703	6.555
585.9	1.753	6.756
585.9	1.803	6.958
585.9	1.853	7.16
585.9	1.903	7.363
585.9	1.953	7.566
585.9	2.003	7.77
585.9	2.053	7.975
585.9	2.103	8.18
585.9	2.153	8.385
585.9	2.203	8.592
585.9	2.253	8.798
585.9	2.303	9.006
585.9	2.353	9.214
585.9	2.403	9.422
585.9	2.453	9.631
585.9	2.503	9.841
585.9	2.554	10.05
585.9	2.604	10.26
585.9	2.654	10.47
585.9	2.704	10.69
585.9	2.754	10.9
585.9	2.804	11.11
585.9	2.854	11.33
585.9	2.904	11.54
585.9	2.954	11.76
585.9	3.004	11.97
585.9	3.054	12.19
585.9	3.104	12.41
585.9	3.154	12.63
585.9	3.204	12.84
585.9	3.254	13.06
585.9	3.304	13.28
585.9	3.354	13.51
585.9	3.404	13.73
585.9	3.454	13.95
585.9	3.504	14.17
585.9	3.554	14.4
585.9	3.605	14.62
585.9	3.655	14.85
585.9	3.705	15.07
585.9	3.755	15.3
585.9	3.805	15.53
585.9	3.855	15.76
585.9	3.905	15.98
585.9	3.955	16.21
585.9	4.005	16.44
585.9	4.055	16.68
585.9	4.105	16.91
585.9	4.155	17.14
585.9	4.205	17.38
585.9	4.255	17.61
585.9	4.305	17.85
585.9	4.355	18.08
585.9	4.405	18.32
585.9	4.455	18.56
585.9	4.505	18.8
585.9	4.555	19.04
585.9	4.606	19.28
585.9	4.656	19.52
585.9	4.706	19.76
585.9	4.756	20.01
585.9	4.806	20.25
585.9	4.856	20.5
585.9	4.906	20.75
585.9	4.956	20.99
585.9	5.006	21.24
585.9	5.056	21.49
585.9	5.106	21.74
585.9	5.156	21.99
585.9	5.206	22.25
585.9	5.256	22.5
585.9	5.306	22.76
585.9	5.356	23.01
585.9	5.406	23.27
585.9	5.456	23.53
585.9	5.506	23.79
585.9	5.556	24.05
585.9	5.606	24.31
585.9	5.657	24.57
585.9	5.707	24.84
585.9	5.757	25.1
585.9	5.807	25.37
585.9	5.857	25.63
585.9	5.907	25.9
585.9	5.957	26.17
585.9	6.007	26.44
585.9	6.057	26.72
585.9	6.107	26.99
585.9	6.157	27.27
585.9	6.207	27.54
585.9	6.257	27.82
585.9	6.307	28.1
585.9	6.357	28.38
585.9	6.407	28.66
585.9	6.457	28.95
585.9	6.507	29.23
585.9	6.557	29.52
585.9	6.607	29.8
585.9	6.658	30.09
585.9	6.708	30.38
585.9	6.758	30.68
585.9	6.808	30.97
585.9	6.858	31.27
585.9	6.908	31.56
585.9	6.958	31.86
585.9	7.008	32.16
585.9	7.058	32.47
585.9	7.108	32.77
585.9	7.158	33.07
585.9	7.208	33.38
585.9	7.258	33.69
585.9	7.308	34
585.9	7.358	34.32
585.9	7.408	34.63
585.9	7.458	34.95
585.9	7.508	35.27
585.9	7.558	35.59
585.9	7.608	35.91
585.9	7.659	36.23
585.9	7.709	36.56
585.9	7.759	36.89
585.9	7.809	37.22
585.9	7.859	37.55
585.9	7.909	37.89
585.9	7.959	38.23
585.9	8.009	38.57
585.9	8.059	38.91
585.9	8.109	39.25
585.9	8.159	39.6
585.9	8.209	39.95
585.9	8.259	40.3
585.9	8.309	40.66
585.9	8.359	41.02
585.9	8.409	41.38
585.9	8.459	41.74
585.9	8.509	42.11
585.9	8.559	42.48
585.9	8.609	42.85
585.9	8.659	43.22
585.9	8.71	43.6
585.9	8.76	43.98
585.9	8.81	44.37
585.9	8.86	44.75
585.9	8.91	45.14
585.9	8.96	45.54
585.9	9.01	45.94
585.9	9.06	46.34
585.9	9.11	46.74
585.9	9.16	47.15
585.9	9.21	47.56
585.9	9.26	47.98
585.9	9.31	48.4
585.9	9.36	48.83
585.9	9.41	49.26
585.9	9.46	49.69
585.9	9.51	50.13
585.9	9.56	50.57
585.9	9.61	51.02
585.9	9.66	51.47
585.9	9.711	51.93
585.9	9.761	52.4
585.9	9.811	52.86
585.9	9.861	53.34
585.9	9.911	53.82
585.9	9.961	54.31
585.9	10.01	54.8
585.9	10.06	55.3
585.9	10.11	55.8
585.9	10.16	56.31
585.9	10.21	56.83
585.9	10.26	684.7
585.9	10.31	684.7
585.9	10.36	684.9
585.9	10.41	685
585.9	10.46	685.2
585.9	10.51	685.3
585.9	10.56	685.5
585.9	10.61	685.6
585.9	10.66	685.7
585.9	10.71	685.9
585.9	10.76	686
585.9	10.81	686.2
585.9	10.86	686.3
585.9	10.91	686.5
585.9	10.96	686.6
585.9	11.01	686.7
585.9	11.06	686.9
585.9	11.11	687
585.9	11.16	687.2
585.9	11.21	687.3
585.9	11.26	687.4
585.9	11.31	687.6
585.9	11.36	687.7
585.9	11.41	687.9
585.9	11.46	688
585.9	11.51	688.1
585.9	11.56	688.3
585.9	11.61	688.4
585.9	11.66	688.5
585.9	11.71	688.7
585.9	11.76	688.8
585.9	11.81	689
585.9	11.86	689.1
585.9	11.91	689.2
585.9	11.96	689.4
585.9	12.01	689.5
585.9	12.06	689.6
585.9	12.11	689.8
585.9	12.16	689.9
585.9	12.21	690
585.9	12.26	690.2
585.9	12.31	690.3
585.9	12.36	690.4
585.9	12.41	690.6
585.9	12.46	690.7
585.9	12.51	690.8
585.9	12.56	691
585.9	12.61	691.1
585.9	12.66	691.2
585.9	12.71	691.4
585.9	12.76	691.5
585.9	12.81	691.6
585.9	12.86	691.8
585.9	12.91	691.9
585.9	12.96	692
585.9	13.01	692.2
585.9	13.06	692.3
585.9	13.11	692.4
585.9	13.16	692.6
585.9	13.21	692.7
585.9	13.26	692.8
585.9	13.31	693
585.9	13.36	693.1
585.9	13.41	693.2
585.9	13.46	693.3
585.9	13.51	693.5
585.9	13.56	693.6
585.9	13.61	693.7
585.9	13.66	693.9
585.9	13.71	694
585.9	13.76	694.1
585.9	13.81	694.2
585.9	13.86	694.4
585.9	13.91	694.5
585.9	13.96	694.6
585.9	14.01	694.7
585.9	14.06	694.9
585.9	14.11	695
585.9	14.16	695.1
585.9	14.21	695.3
585.9	14.26	695.4
585.9	14.32	695.5
585.9	14.37	695.6
585.9	14.42	695.8
585.9	14.47	695.9
585.9	14.52	696
585.9	14.57	696.1
585.9	14.62	696.3
585.9	14.67	696.4
585.9	14.72	696.5
585.9	14.77	696.6
585.9	14.82	696.7
585.9	14.87	696.9
585.9	14.92	697
585.9	14.97	697.1
585.9	15.02	697.2
585.9	15.07	697.4
585.9	15.12	697.5
585.9	15.17	697.6
585.9	15.22	697.7
585.9	15.27	697.9
585.9	15.32	698
585.9	15.37	698.1
585.9	15.42	698.2
585.9	15.47	698.3
585.9	15.52	698.5
585.9	15.57	698.6
585.9	15.62	698.7
585.9	15.67	698.8
585.9	15.72	698.9
585.9	15.77	699.1
585.9	15.82	699.2
585.9	15.87	699.3
585.9	15.92	699.4
585.9	15.97	699.5
585.9	16.02	699.7
585.9	16.07	699.8
585.9	16.12	699.9
585.9	16.17	700
585.9	16.22	700.1
585.9	16.27	700.3
585.9	16.32	700.4
585.9	16.37	700.5
585.9	16.42	700.6
585.9	16.47	700.7
585.9	16.52	700.8
585.9	16.57	701
585.9	16.62	701.1
585.9	16.67	701.2
585.9	16.72	701.3
585.9	16.77	701.4
585.9	16.82	701.5
585.9	16.87	701.7
585.9	16.92	701.8
585.9	16.97	701.9
585.9	17.02	702
585.9	17.07	702.1
585.9	17.12	702.2
585.9	17.17	702.4
585.9	17.22	702.5
585.9	17.27	702.6
585.9	17.32	702.7
585.9	17.37	702.8
585.9	17.42	702.9
585.9	17.47	703
585.9	17.52	703.2
585.9	17.57	703.3
585.9	17.62	703.4
585.9	17.67	703.5
585.9	17.72	703.6
585.9	17.77	703.7
585.9	17.82	703.8
585.9	17.87	704
585.9	17.92	704.1
585.9	17.97	704.2
585.9	18.02	704.3
585.9	18.07	704.4
585.9	18.12	704.5
585.9	18.17	704.6
585.9	18.22	704.7
585.9	18.27	704.9
585.9	18.32	705
585.9	18.37	705.1
585.9	18.42	705.2
585.9	18.47	705.3
585.9	18.52	705.4
585.9	18.57	705.5
585.9	18.62	705.6
585.9	18.67	705.7
585.9	18.72	705.9
585.9	18.77	706
585.9	18.82	706.1
585.9	18.87	706.2
585.9	18.92	706.3
585.9	18.97	706.4
585.9	19.02	706.5
585.9	19.07	706.6
585.9	19.12	706.7
585.9	19.17	706.8
585.9	19.22	706.9
585.9	19.27	707.1
585.9	19.32	707.2
585.9	19.37	707.3
585.9	19.42	707.4
585.9	19.47	707.5
585.9	19.52	707.6
585.9	19.57	707.7
585.9	19.62	707.8
585.9	19.67	707.9
585.9	19.72	708
585.9	19.77	708.1
585.9	19.82	708.2
585.9	19.87	708.4
585.9	19.92	708.5
585.9	19.97	708.6
585.9	20.02	708.7
585.9	20.07	708.8
585.9	20.12	708.9
585.9	20.17	709
585.9	20.22	709.1
585.9	20.27	709.2
585.9	20.32	709.3
585.9	20.37	709.4
585.9	20.42	709.5
585.9	20.47	709.6
585.9	20.52	709.7
585.9	20.57	709.8
585.9	20.62	709.9
585.9	20.67	710.1
585.9	20.72	710.2
585.9	20.77	710.3
585.9	20.82	710.4
585.9	20.87	710.5
585.9	20.92	710.6
585.9	20.97	710.7
585.9	21.02	710.8
585.9	21.07	710.9
585.9	21.12	711
585.9	21.17	711.1
585.9	21.22	711.2
585.9	21.27	711.3
585.9	21.32	711.4
585.9	21.37	711.5
585.9	21.42	711.6
585.9	21.47	711.7
585.9	21.52	711.8
585.9	21.57	711.9
585.9	21.62	712
585.9	21.67	712.1
585.9	21.72	712.2
585.9	21.77	712.3
585.9	21.82	712.4
585.9	21.87	712.5
585.9	21.92	712.6
585.9	21.97	712.7
585.9	22.02	712.8
585.9	22.07	712.9
585.9	22.12	713
585.9	22.17	713.1
585.9	22.22	713.2
585.9	22.27	713.3
585.9	22.32	713.5
585.9	22.37	713.6
585.9	22.42	713.7
585.9	22.47	713.8
585.9	22.52	713.9
585.9	22.57	714
585.9	22.62	714.1
585.9	22.67	714.2
585.9	22.72	714.3
585.9	22.77	714.4
585.9	22.82	714.5
585.9	22.87	714.6
585.9	22.92	714.7
585.9	22.97	714.8
585.9	23.02	714.9
585.9	23.07	715
585.9	23.12	715.1
585.9	23.17	715.2
585.9	23.22	715.2
585.9	23.27	715.3
585.9	23.32	715.4
585.9	23.37	715.5
585.9	23.42	715.6
585.9	23.47	715.7
585.9	23.52	715.8
585.9	23.57	715.9
585.9	23.62	716
585.9	23.67	716.1
585.9	23.72	716.2
585.9	23.77	716.3
585.9	23.82	716.4
585.9	23.87	716.5
585.9	23.92	716.6
585.9	23.97	716.7
585.9	24.02	716.8
585.9	24.07	716.9
585.9	24.12	717
585.9	24.17	717.1
585.9	24.22	717.2
585.9	24.27	717.3
585.9	24.32	717.4
585.9	24.37	717.5
585.9	24.42	717.6
585.9	24.47	717.7
585.9	24.53	717.8
585.9	24.58	717.9
585.9	24.63	718
585.9	24.68	718.1
585.9	24.73	718.2
585.9	24.78	718.3
585.9	24.83	718.4
585.9	24.88	718.5
585.9	24.93	718.6
585.9	24.98	718.6
585.9	25.03	718.7
585.9	25.08	718.8
585.9	25.13	718.9
585.9	25.18	719
585.9	25.23	719.1
585.9	25.28	719.2
585.9	25.33	719.3
585.9	25.38	719.4
585.9	25.43	719.5
585.9	25.48	719.6
585.9	25.53	719.7
585.9	25.58	719.8
585.9	25.63	719.9
585.9	25.68	720
585.9	25.73	720.1
585.9	25.78	720.2
585.9	25.83	720.3
585.9	25.88	720.3
585.9	25.93	720.4
585.9	25.98	720.5
585.9	26.03	720.6
585.9	26.08	720.7
585.9	26.13	720.8
585.9	26.18	720.9
585.9	26.23	721
585.9	26.28	721.1
585.9	26.33	721.2
585.9	26.38	721.3
585.9	26.43	721.4
585.9	26.48	721.5
585.9	26.53	721.6
585.9	26.58	721.6
585.9	26.63	721.7
585.9	26.68	721.8
585.9	26.73	721.9
585.9	26.78	722
585.9	26.83	722.1
585.9	26.88	722.2
585.9	26.93	722.3
585.9	26.98	722.4
585.9	27.03	722.5
585.9	27.08	722.6
585.9	27.13	722.7
585.9	27.18	722.7
585.9	27.23	722.8
585.9	27.28	722.9
585.9	27.33	723
585.9	27.38	723.1
585.9	27.43	723.2
585.9	27.48	723.3
585.9	27.53	723.4
585.9	27.58	723.5
585.9	27.63	723.6
585.9	27.68	723.7
585.9	27.73	723.7
585.9	27.78	723.8
585.9	27.83	723.9
585.9	27.88	724
585.9	27.93	724.1
585.9	27.98	724.2
585.9	28.03	724.3
585.9	28.08	724.4
585.9	28.13	724.5
585.9	28.18	724.5
585.9	28.23	724.6
585.9	28.28	724.7
585.9	28.33	724.8
585.9	28.38	724.9
585.9	28.43	725
585.9	28.48	725.1
585.9	28.53	725.2
585.9	28.58	725.3
585.9	28.63	725.3
585.9	28.68	725.4
585.9	28.73	725.5
585.9	28.78	725.6
585.9	28.83	725.7
585.9	28.88	725.8
585.9	28.93	725.9
585.9	28.98	726
585.9	29.03	726.1
585.9	29.08	726.1
585.9	29.13	726.2
585.9	29.18	726.3
585.9	29.23	726.4
585.9	29.28	726.5
585.9	29.33	726.6
585.9	29.38	726.7
585.9	29.43	726.8
585.9	29.48	726.8
585.9	29.53	726.9
585.9	29.58	727
585.9	29.63	727.1
585.9	29.68	727.2
585.9	29.73	727.3
585.9	29.78	727.4
585.9	29.83	727.4
585.9	29.88	727.5
585.9	29.93	727.6
585.9	29.98	727.7
585.9	30.03	727.8
585.9	30.08	727.9
585.9	30.13	728
585.9	30.18	728.1
585.9	30.23	728.1
585.9	30.28	728.2
585.9	30.33	728.3
585.9	30.38	728.4
585.9	30.43	728.5
585.9	30.48	728.6
585.9	30.53	728.7
585.9	30.58	728.7
585.9	30.63	728.8
585.9	30.68	728.9
585.9	30.73	729
585.9	30.78	729.1
585.9	30.83	729.2
585.9	30.88	729.2
585.9	30.93	729.3
585.9	30.98	729.4
585.9	31.03	729.5
585.9	31.08	729.6
585.9	31.13	729.7
585.9	31.18	729.8
585.9	31.23	729.8
585.9	31.28	729.9
585.9	31.33	730
585.9	31.38	730.1
585.9	31.43	730.2
585.9	31.48	730.3
585.9	31.53	730.3
585.9	31.58	730.4
585.9	31.63	730.5
585.9	31.68	730.6
585.9	31.73	730.7
585.9	31.78	730.8
585.9	31.83	730.8
585.9	31.88	730.9
585.9	31.93	731
585.9	31.98	731.1
585.9	32.03	731.2
585.9	32.08	731.3
585.9	32.13	731.3
585.9	32.18	731.4
585.9	32.23	731.5
585.9	32.28	731.6
585.9	32.33	731.7
585.9	32.38	731.8
585.9	32.43	731.8
585.9	32.48	731.9
585.9	32.53	732
585.9	32.58	732.1
585.9	32.63	732.2
585.9	32.68	732.3
585.9	32.73	732.3
585.9	32.78	732.4
585.9	32.83	732.5
585.9	32.88	732.6
585.9	32.93	732.7
585.9	32.98	732.8
585.9	33.03	732.8
585.9	33.08	732.9
585.9	33.13	733
585.9	33.18	733.1
585.9	33.23	733.2
585.9	33.28	733.2
585.9	33.33	733.3
585.9	33.38	733.4
585.9	33.43	733.5
585.9	33.48	733.6
585.9	33.53	733.6
585.9	33.58	733.7
585.9	33.63	733.8
585.9	33.68	733.9
585.9	33.73	734
585.9	33.78	734.1
585.9	33.83	734.1
585.9	33.88	734.2
585.9	33.93	734.3
585.9	33.98	734.4
585.9	34.03	734.5
585.9	34.08	734.5
585.9	34.13	734.6
585.9	34.18	734.7
585.9	34.23	734.8
585.9	34.28	734.9
585.9	34.33	734.9
585.9	34.38	735
585.9	34.43	735.1
585.9	34.48	735.2
585.9	34.53	735.3
585.9	34.58	735.3
585.9	34.63	735.4
585.9	34.68	735.5
585.9	34.74	735.6
585.9	34.79	735.7
585.9	34.84	735.7
585.9	34.89	735.8
585.9	34.94	735.9
585.9	34.99	736
585.9	35.04	736.1
585.9	35.09	736.1
585.9	35.14	736.2
585.9	35.19	736.3
585.9	35.24	736.4
585.9	35.29	736.4
585.9	35.34	736.5
585.9	35.39	736.6
585.9	35.44	736.7
585.9	35.49	736.8
585.9	35.54	736.8
585.9	35.59	736.9
585.9	35.64	737
585.9	35.69	737.1
585.9	35.74	737.2
585.9	35.79	737.2
585.9	35.84	737.3
585.9	35.89	737.4
585.9	35.94	737.5
585.9	35.99	737.5
585.9	36.04	737.6
585.9	36.09	737.7
585.9	36.14	737.8
585.9	36.19	737.9
585.9	36.24	737.9
585.9	36.29	738
585.9	36.34	738.1
585.9	36.39	738.2
585.9	36.44	738.2
585.9	36.49	738.3
585.9	36.54	738.4
585.9	36.59	738.5
585.9	36.64	738.6
585.9	36.69	738.6
585.9	36.74	738.7
585.9	36.79	738.8
585.9	36.84	738.9
585.9	36.89	738.9
585.9	36.94	739
585.9	36.99	739.1
585.9	37.04	739.2
585.9	37.09	739.2
585.9	37.14	739.3
585.9	37.19	739.4
585.9	37.24	739.5
585.9	37.29	739.6
585.9	37.34	739.6
585.9	37.39	739.7
585.9	37.44	739.8
585.9	37.49	739.9
585.9	37.54	739.9
585.9	37.59	740
585.9	37.64	740.1
585.9	37.69	740.2
585.9	37.74	740.2
585.9	37.79	740.3
585.9	37.84	740.4
585.9	37.89	740.5
585.9	37.94	740.5
585.9	37.99	740.6
585.9	38.04	740.7
585.9	38.09	740.8
585.9	38.14	740.8
585.9	38.19	740.9
585.9	38.24	741
585.9	38.29	741.1
585.9	38.34	741.1
585.9	38.39	741.2
585.9	38.44	741.3
585.9	38.49	741.4
585.9	38.54	741.4
585.9	38.59	741.5
585.9	38.64	741.6
585.9	38.69	741.7
585.9	38.74	741.7
585.9	38.79	741.8
585.9	38.84	741.9
585.9	38.89	742
585.9	38.94	742
585.9	38.99	742.1
585.9	39.04	742.2
585.9	39.09	742.3
585.9	39.14	742.3
585.9	39.19	742.4
585.9	39.24	742.5
585.9	39.29	742.6
585.9	39.34	742.6
585.9	39.39	742.7
585.9	39.44	742.8
585.9	39.49	742.9
585.9	39.54	742.9
585.9	39.59	743
585.9	39.64	743.1
585.9	39.69	743.2
585.9	39.74	743.2
585.9	39.79	743.3
585.9	39.84	743.4
585.9	39.89	743.4
585.9	39.94	743.5
585.9	39.99	743.6
585.9	40.04	743.7
585.9	40.09	743.7
585.9	40.14	743.8
585.9	40.19	743.9
585.9	40.24	744
585.9	40.29	744
585.9	40.34	744.1
585.9	40.39	744.2
585.9	40.44	744.3
585.9	40.49	744.3
585.9	40.54	744.4
585.9	40.59	744.5
585.9	40.64	744.5
585.9	40.69	744.6
585.9	40.74	744.7
585.9	40.79	744.8
585.9	40.84	744.8
585.9	40.89	744.9
585.9	40.94	745
585.9	40.99	745.1
585.9	41.04	745.1
585.9	41.09	745.2
585.9	41.14	745.3
585.9	41.19	745.3
585.9	41.24	745.4
585.9	41.29	745.5
585.9	41.34	745.6
585.9	41.39	745.6
585.9	41.44	745.7
585.9	41.49	745.8
585.9	41.54	745.8
585.9	41.59	745.9
585.9	41.64	746
585.9	41.69	746.1
585.9	41.74	746.1
585.9	41.79	746.2
585.9	41.84	746.3
585.9	41.89	746.3
585.9	41.94	746.4
585.9	41.99	746.5
585.9	42.04	746.6
585.9	42.09	746.6
585.9	42.14	746.7
585.9	42.19	746.8
585.9	42.24	746.8
585.9	42.29	746.9
585.9	42.34	747
585.9	42.39	747.1
585.9	42.44	747.1
585.9	42.49	747.2
585.9	42.54	747.3
585.9	42.59	747.3
585.9	42.64	747.4
585.9	42.69	747.5
585.9	42.74	747.6
585.9	42.79	747.6
585.9	42.84	747.7
585.9	42.89	747.8
585.9	42.94	747.8
585.9	42.99	747.9
585.9	43.04	748
585.9	43.09	748
585.9	43.14	748.1
585.9	43.19	748.2
585.9	43.24	748.3
585.9	43.29	748.3
585.9	43.34	748.4
585.9	43.39	748.5
585.9	43.44	748.5
585.9	43.49	748.6
585.9	43.54	748.7
585.9	43.59	748.7
585.9	43.64	748.8
585.9	43.69	748.9
585.9	43.74	749
585.9	43.79	749
585.9	43.84	749.1
585.9	43.89	749.2
585.9	43.94	749.2
585.9	43.99	749.3
585.9	44.04	749.4
585.9	44.09	749.4
585.9	44.14	749.5
585.9	44.19	749.6
585.9	44.24	749.6
585.9	44.29	749.7
585.9	44.34	749.8
585.9	44.39	749.9
585.9	44.44	749.9
585.9	44.49	750
585.9	44.54	750.1
585.9	44.59	750.1
585.9	44.64	750.2
585.9	44.69	750.3
585.9	44.74	750.3
585.9	44.79	750.4
585.9	44.84	750.5
585.9	44.89	750.5
585.9	44.95	750.6
585.9	45	750.7
585.9	45.05	750.8
585.9	45.1	750.8
585.9	45.15	750.9
585.9	45.2	751
585.9	45.25	751
585.9	45.3	751.1
585.9	45.35	751.2
585.9	45.4	751.2
585.9	45.45	751.3
585.9	45.5	751.4
585.9	45.55	751.4
585.9	45.6	751.5
585.9	45.65	751.6
585.9	45.7	751.6
585.9	45.75	751.7
585.9	45.8	751.8
585.9	45.85	751.8
585.9	45.9	751.9
585.9	45.95	752
585.9	46	752
585.9	46.05	752.1
585.9	46.1	752.2
585.9	46.15	752.2
585.9	46.2	752.3
585.9	46.25	752.4
585.9	46.3	752.4
585.9	46.35	752.5
585.9	46.4	752.6
585.9	46.45	752.7
585.9	46.5	752.7
585.9	46.55	752.8
585.9	46.6	752.9
585.9	46.65	752.9
585.9	46.7	753
585.9	46.75	753.1
585.9	46.8	753.1
585.9	46.85	753.2
585.9	46.9	753.3
585.9	46.95	753.3
585.9	47	753.4
585.9	47.05	753.5
585.9	47.1	753.5
585.9	47.15	753.6
585.9	47.2	753.7
585.9	47.25	753.7
585.9	47.3	753.8
585.9	47.35	753.9
585.9	47.4	753.9
585.9	47.45	754
585.9	47.5	754.1
585.9	47.55	754.1
585.9	47.6	754.2
585.9	47.65	754.3
585.9	47.7	754.3
585.9	47.75	754.4
585.9	47.8	754.5
585.9	47.85	754.5
585.9	47.9	754.6
585.9	47.95	754.6
585.9	48	754.7
585.9	48.05	754.8
585.9	48.1	754.8
585.9	48.15	754.9
585.9	48.2	755
585.9	48.25	755
585.9	48.3	755.1
585.9	48.35	755.2
585.9	48.4	755.2
585.9	48.45	755.3
585.9	48.5	755.4
585.9	48.55	755.4
585.9	48.6	755.5
585.9	48.65	755.6
585.9	48.7	755.6
585.9	48.75	755.7
585.9	48.8	755.8
585.9	48.85	755.8
585.9	48.9	755.9
585.9	48.95	756
585.9	49	756
585.9	49.05	756.1
585.9	49.1	756.2
585.9	49.15	756.2
585.9	49.2	756.3
585.9	49.25	756.4
585.9	49.3	756.4
585.9	49.35	756.5
585.9	49.4	756.5
585.9	49.45	756.6
585.9	49.5	756.7
585.9	49.55	756.7
585.9	49.6	756.8
585.9	49.65	756.9
585.9	49.7	756.9
585.9	49.75	757
585.9	49.8	757.1
585.9	49.85	757.1
585.9	49.9	757.2
585.9	49.95	757.3
585.9	50	757.3
603.5	0.001	0.00359
603.5	0.05105	0.1835
603.5	0.1011	0.3637
603.5	0.1511	0.5443
603.5	0.2012	0.7252
603.5	0.2512	0.9065
603.5	0.3013	1.088
603.5	0.3513	1.27
603.5	0.4014	1.453
603.5	0.4514	1.635
603.5	0.5015	1.819
603.5	0.5515	2.002
603.5	0.6016	2.186
603.5	0.6516	2.37
603.5	0.7017	2.555
603.5	0.7517	2.74
603.5	0.8018	2.925
603.5	0.8518	3.111
603.5	0.9019	3.297
603.5	0.9519	3.484
603.5	1.002	3.671
603.5	1.052	3.859
603.5	1.102	4.046
603.5	1.152	4.235
603.5	1.202	4.423
603.5	1.252	4.612
603.5	1.302	4.802
603.5	1.352	4.992
603.5	1.402	5.182
603.5	1.452	5.373
603.5	1.502	5.564
603.5	1.553	5.756
603.5	1.603	5.948
603.5	1.653	6.14
603.5	1.703	6.333
603.5	1.753	6.527
603.5	1.803	6.72
603.5	1.853	6.915
603.5	1.903	7.109
603.5	1.953	7.305
603.5	2.003	7.5
603.5	2.053	7.696
603.5	2.103	7.893
603.5	2.153	8.09
603.5	2.203	8.287
603.5	2.253	8.485
603.5	2.303	8.684
603.5	2.353	8.883
603.5	2.403	9.082
603.5	2.453	9.282
603.5	2.503	9.483
603.5	2.554	9.684
603.5	2.604	9.885
603.5	2.654	10.09
603.5	2.704	10.29
603.5	2.754	10.49
603.5	2.804	10.7
603.5	2.854	10.9
603.5	2.904	11.1
603.5	2.954	11.31
603.5	3.004	11.52
603.5	3.054	11.72
603.5	3.104	11.93
603.5	3.154	12.14
603.5	3.204	12.34
603.5	3.254	12.55
603.5	3.304	12.76
603.5	3.354	12.97
603.5	3.404	13.18
603.5	3.454	13.39
603.5	3.504	13.6
603.5	3.554	13.81
603.5	3.605	14.03
603.5	3.655	14.24
603.5	3.705	14.45
603.5	3.755	14.67
603.5	3.805	14.88
603.5	3.855	15.1
603.5	3.905	15.31
603.5	3.955	15.53
603.5	4.005	15.75
603.5	4.055	15.96
603.5	4.105	16.18
603.5	4.155	16.4
603.5	4.205	16.62
603.5	4.255	16.84
603.5	4.305	17.06
603.5	4.355	17.28
603.5	4.405	17.51
603.5	4.455	17.73
603.5	4.505	17.95
603.5	4.555	18.18
603.5	4.606	18.4
603.5	4.656	18.63
603.5	4.706	18.86
603.5	4.756	19.08
603.5	4.806	19.31
603.5	4.856	19.54
603.5	4.906	19.77
603.5	4.956	20
603.5	5.006	20.23
603.5	5.056	20.46
603.5	5.106	20.7
603.5	5.156	20.93
603.5	5.206	21.16
603.5	5.256	21.4
603.5	5.306	21.63
603.5	5.356	21.87
603.5	5.406	22.11
603.5	5.456	22.34
603.5	5.506	22.58
603.5	5.556	22.82
603.5	5.606	23.06
603.5	5.657	23.3
603.5	5.707	23.55
603.5	5.757	23.79
603.5	5.807	24.03
603.5	5.857	24.28
603.5	5.907	24.52
603.5	5.957	24.77
603.5	6.007	25.02
603.5	6.057	25.27
603.5	6.107	25.52
603.5	6.157	25.77
603.5	6.207	26.02
603.5	6.257	26.27
603.5	6.307	26.52
603.5	6.357	26.78
603.5	6.407	27.03
603.5	6.457	27.29
603.5	6.507	27.54
603.5	6.557	27.8
603.5	6.607	28.06
603.5	6.658	28.32
603.5	6.708	28.58
603.5	6.758	28.84
603.5	6.808	29.11
603.5	6.858	29.37
603.5	6.908	29.64
603.5	6.958	29.9
603.5	7.008	30.17
603.5	7.058	30.44
603.5	7.108	30.71
603.5	7.158	30.98
603.5	7.208	31.25
603.5	7.258	31.52
603.5	7.308	31.8
603.5	7.358	32.07
603.5	7.408	32.35
603.5	7.458	32.63
603.5	7.508	32.91
603.5	7.558	33.19
603.5	7.608	33.47
603.5	7.659	33.75
603.5	7.709	34.04
603.5	7.759	34.32
603.5	7.809	34.61
603.5	7.859	34.9
603.5	7.909	35.19
603.5	7.959	35.48
603.5	8.009	35.77
603.5	8.059	36.07
603.5	8.109	36.36
603.5	8.159	36.66
603.5	8.209	36.96
603.5	8.259	37.26
603.5	8.309	37.56
603.5	8.359	37.86
603.5	8.409	38.17
603.5	8.459	38.47
603.5	8.509	38.78
603.5	8.559	39.09
603.5	8.609	39.4
603.5	8.659	39.72
603.5	8.71	40.03
603.5	8.76	40.35
603.5	8.81	40.66
603.5	8.86	40.98
603.5	8.91	41.31
603.5	8.96	41.63
603.5	9.01	41.95
603.5	9.06	42.28
603.5	9.11	42.61
603.5	9.16	42.94
603.5	9.21	43.27
603.5	9.26	43.61
603.5	9.31	43.94
603.5	9.36	44.28
603.5	9.41	44.62
603.5	9.46	44.97
603.5	9.51	45.31
603.5	9.56	45.66
603.5	9.61	46.01
603.5	9.66	46.36
603.5	9.711	46.72
603.5	9.761	47.07
603.5	9.811	47.43
603.5	9.861	47.79
603.5	9.911	48.16
603.5	9.961	48.52
603.5	10.01	48.89
603.5	10.06	49.26
603.5	10.11	49.64
603.5	10.16	50.01
603.5	10.21	50.39
603.5	10.26	50.78
603.5	10.31	51.16
603.5	10.36	51.55
603.5	10.41	51.94
603.5	10.46	52.33
603.5	10.51	52.73
603.5	10.56	53.13
603.5	10.61	53.54
603.5	10.66	53.94
603.5	10.71	54.35
603.5	10.76	54.77
603.5	10.81	55.18
603.5	10.86	55.6
603.5	10.91	56.03
603.5	10.96	56.46
603.5	11.01	56.89
603.5	11.06	57.32
603.5	11.11	57.76
603.5	11.16	58.21
603.5	11.21	58.65
603.5	11.26	59.11
603.5	11.31	59.56
603.5	11.36	60.02
603.5	11.41	60.49
603.5	11.46	60.96
603.5	11.51	61.44
603.5	11.56	61.92
603.5	11.61	62.4
603.5	11.66	62.89
603.5	11.71	63.39
603.5	11.76	63.89
603.5	11.81	64.4
603.5	11.86	64.91
603.5	11.91	65.43
603.5	11.96	65.95
603.5	12.01	66.48
603.5	12.06	67.02
603.5	12.11	67.57
603.5	12.16	68.12
603.5	12.21	68.68
603.5	12.26	69.25
603.5	12.31	69.82
603.5	12.36	70.41
603.5	12.41	71
603.5	12.46	71.6
603.5	12.51	72.21
603.5	12.56	72.83
603.5	12.61	73.46
603.5	12.66	74.1
603.5	12.71	74.75
603.5	12.76	75.41
603.5	12.81	76.08
603.5	12.86	76.77
603.5	12.91	77.47
603.5	12.96	639.9
603.5	13.01	640.1
603.5	13.06	640.3
603.5	13.11	640.5
603.5	13.16	640.8
603.5	13.21	641
603.5	13.26	641.2
603.5	13.31	641.4
603.5	13.36	641.6
603.5	13.41	641.9
603.5	13.46	642.1
603.5	13.51	642.3
603.5	13.56	642.5
603.5	13.61	642.7
603.5	13.66	642.9
603.5	13.71	643.1
603.5	13.76	643.4
603.5	13.81	643.6
603.5	13.86	643.8
603.5	13.91	644
603.5	13.96	644.2
603.5	14.01	644.4
603.5	14.06	644.6
603.5	14.11	644.8
603.5	14.16	645
603.5	14.21	645.2
603.5	14.26	645.4
603.5	14.32	645.7
603.5	14.37	645.9
603.5	14.42	646.1
603.5	14.47	646.3
603.5	14.52	646.5
603.5	14.57	646.7
603.5	14.62	646.9
603.5	14.67	647.1
603.5	14.72	647.3
603.5	14.77	647.5
603.5	14.82	647.7
603.5	14.87	647.9
603.5	14.92	648.1
603.5	14.97	648.3
603.5	15.02	648.5
603.5	15.07	648.7
603.5	15.12	648.8
603.5	15.17	649
603.5	15.22	649.2
603.5	15.27	649.4
603.5	15.32	649.6
603.5	15.37	649.8
603.5	15.42	650
603.5	15.47	650.2
603.5	15.52	650.4
603.5	15.57	650.6
603.5	15.62	650.8
603.5	15.67	651
603.5	15.72	651.2
603.5	15.77	651.3
603.5	15.82	651.5
603.5	15.87	651.7
603.5	15.92	651.9
603.5	15.97	652.1
603.5	16.02	652.3
603.5	16.07	652.5
603.5	16.12	652.6
603.5	16.17	652.8
603.5	16.22	653
603.5	16.27	653.2
603.5	16.32	653.4
603.5	16.37	653.6
603.5	16.42	653.7
603.5	16.47	653.9
603.5	16.52	654.1
603.5	16.57	654.3
603.5	16.62	654.5
603.5	16.67	654.6
603.5	16.72	654.8
603.5	16.77	655
603.5	16.82	655.2
603.5	16.87	655.4
603.5	16.92	655.5
603.5	16.97	655.7
603.5	17.02	655.9
603.5	17.07	656.1
603.5	17.12	656.2
603.5	17.17	656.4
603.5	17.22	656.6
603.5	17.27	656.8
603.5	17.32	656.9
603.5	17.37	657.1
603.5	17.42	657.3
603.5	17.47	657.5
603.5	17.52	657.6
603.5	17.57	657.8
603.5	17.62	658
603.5	17.67	658.2
603.5	17.72	658.3
603.5	17.77	658.5
603.5	17.82	658.7
603.5	17.87	658.8
603.5	17.92	659
603.5	17.97	659.2
603.5	18.02	659.3
603.5	18.07	659.5
603.5	18.12	659.7
603.5	18.17	659.8
603.5	18.22	660
603.5	18.27	660.2
603.5	18.32	660.3
603.5	18.37	660.5
603.5	18.42	660.7
603.5	18.47	660.8
603.5	18.52	661
603.5	18.57	661.2
603.5	18.62	661.3
603.5	18.67	661.5
603.5	18.72	661.7
603.5	18.77	661.8
603.5	18.82	662
603.5	18.87	662.1
603.5	18.92	662.3
603.5	18.97	662.5
603.5	19.02	662.6
603.5	19.07	662.8
603.5	19.12	662.9
603.5	19.17	663.1
603.5	19.22	663.3
603.5	19.27	663.4
603.5	19.32	663.6
603.5	19.37	663.7
603.5	19.42	663.9
603.5	19.47	664.1
603.5	19.52	664.2
603.5	19.57	664.4
603.5	19.62	664.5
603.5	19.67	664.7
603.5	19.72	664.8
603.5	19.77	665
603.5	19.82	665.2
603.5	19.87	665.3
603.5	19.92	665.5
603.5	19.97	665.6
603.5	20.02	665.8
603.5	20.07	665.9
603.5	20.12	666.1
603.5	20.17	666.2
603.5	20.22	666.4
603.5	20.27	666.5
603.5	20.32	666.7
603.5	20.37	666.9
603.5	20.42	667
603.5	20.47	667.2
603.5	20.52	667.3
603.5	20.57	667.5
603.5	20.62	667.6
603.5	20.67	667.8
603.5	20.72	667.9
603.5	20.77	668.1
603.5	20.82	668.2
603.5	20.87	668.4
603.5	20.92	668.5
603.5	20.97	668.7
603.5	21.02	668.8
603.5	21.07	669
603.5	21.12	669.1
603.5	21.17	669.2
603.5	21.22	669.4
603.5	21.27	669.5
603.5	21.32	669.7
603.5	21.37	669.8
603.5	21.42	670
603.5	21.47	670.1
603.5	21.52	670.3
603.5	21.57	670.4
603.5	21.62	670.6
603.5	21.67	670.7
603.5	21.72	670.9
603.5	21.77	671
603.5	21.82	671.1
603.5	21.87	671.3
603.5	21.92	671.4
603.5	21.97	671.6
603.5	22.02	671.7
603.5	22.07	671.9
603.5	22.12	672
603.5	22.17	672.1
603.5	22.22	672.3
603.5	22.27	672.4
603.5	22.32	672.6
603.5	22.37	672.7
603.5	22.42	672.9
603.5	22.47	673
603.5	22.52	673.1
603.5	22.57	673.3
603.5	22.62	673.4
603.5	22.67	673.6
603.5	22.72	673.7
603.5	22.77	673.8
603.5	22.82	674
603.5	22.87	674.1
603.5	22.92	674.3
603.5	22.97	674.4
603.5	23.02	674.5
603.5	23.07	674.7
603.5	23.12	674.8
603.5	23.17	674.9
603.5	23.22	675.1
603.5	23.27	675.2
603.5	23.32	675.4
603.5	23.37	675.5
603.5	23.42	675.6
603.5	23.47	675.8
603.5	23.52	675.9
603.5	23.57	676
603.5	23.62	676.2
603.5	23.67	676.3
603.5	23.72	676.4
603.5	23.77	676.6
603.5	23.82	676.7
603.5	23.87	676.8
603.5	23.92	677
603.5	23.97	677.1
603.5	24.02	677.2
603.5	24.07	677.4
603.5	24.12	677.5
603.5	24.17	677.6
603.5	24.22	677.8
603.5	24.27	677.9
603.5	24.32	678
603.5	24.37	678.2
603.5	24.42	678.3
603.5	24.47	678.4
603.5	24.53	678.6
603.5	24.58	678.7
603.5	24.63	678.8
603.5	24.68	679
603.5	24.73	679.1
603.5	24.78	679.2
603.5	24.83	679.4
603.5	24.88	679.5
603.5	24.93	679.6
603.5	24.98	679.7
603.5	25.03	679.9
603.5	25.08	680
603.5	25.13	680.1
603.5	25.18	680.3
603.5	25.23	680.4
603.5	25.28	680.5
603.5	25.33	680.6
603.5	25.38	680.8
603.5	25.43	680.9
603.5	25.48	681
603.5	25.53	681.2
603.5	25.58	681.3
603.5	25.63	681.4
603.5	25.68	681.5
603.5	25.73	681.7
603.5	25.78	681.8
603.5	25.83	681.9
603.5	25.88	682
603.5	25.93	682.2
603.5	25.98	682.3
603.5	26.03	682.4
603.5	26.08	682.5
603.5	26.13	682.7
603.5	26.18	682.8
603.5	26.23	682.9
603.5	26.28	683
603.5	26.33	683.2
603.5	26.38	683.3
603.5	26.43	683.4
603.5	26.48	683.5
603.5	26.53	683.7
603.5	26.58	683.8
603.5	26.63	683.9
603.5	26.68	684
603.5	26.73	684.2
603.5	26.78	684.3
603.5	26.83	684.4
603.5	26.88	684.5
603.5	26.93	684.7
603.5	26.98	684.8
603.5	27.03	684.9
603.5	27.08	685
603.5	27.13	685.1
603.5	27.18	685.3
603.5	27.23	685.4
603.5	27.28	685.5
603.5	27.33	685.6
603.5	27.38	685.7
603.5	27.43	685.9
603.5	27.48	686
603.5	27.53	686.1
603.5	27.58	686.2
603.5	27.63	686.3
603.5	27.68	686.5
603.5	27.73	686.6
603.5	27.78	686.7
603.5	27.83	686.8
603.5	27.88	686.9
603.5	27.93	687.1
603.5	27.98	687.2
603.5	28.03	687.3
603.5	28.08	687.4
603.5	28.13	687.5
603.5	28.18	687.7
603.5	28.23	687.8
603.5	28.28	687.9
603.5	28.33	688
603.5	28.38	688.1
603.5	28.43	688.2
603.5	28.48	688.4
603.5	28.53	688.5
603.5	28.58	688.6
603.5	28.63	688.7
603.5	28.68	688.8
603.5	28.73	688.9
603.5	28.78	689.1
603.5	28.83	689.2
603.5	28.88	689.3
603.5	28.93	689.4
603.5	28.98	689.5
603.5	29.03	689.6
603.5	29.08	689.8
603.5	29.13	689.9
603.5	29.18	690
603.5	29.23	690.1
603.5	29.28	690.2
603.5	29.33	690.3
603.5	29.38	690.4
603.5	29.43	690.6
603.5	29.48	690.7
603.5	29.53	690.8
603.5	29.58	690.9
603.5	29.63	691
603.5	29.68	691.1
603.5	29.73	691.2
603.5	29.78	691.4
603.5	29.83	691.5
603.5	29.88	691.6
603.5	29.93	691.7
603.5	29.98	691.8
603.5	30.03	691.9
603.5	30.08	692
603.5	30.13	692.1
603.5	30.18	692.3
603.5	30.23	692.4
603.5	30.28	692.5
603.5	30.33	692.6
603.5	30.38	692.7
603.5	30.43	692.8
603.5	30.48	692.9
603.5	30.53	693
603.5	30.58	693.1
603.5	30.63	693.3
603.5	30.68	693.4
603.5	30.73	693.5
603.5	30.78	693.6
603.5	30.83	693.7
603.5	30.88	693.8
603.5	30.93	693.9
603.5	30.98	694
603.5	31.03	694.1
603.5	31.08	694.2
603.5	31.13	694.4
603.5	31.18	694.5
603.5	31.23	694.6
603.5	31.28	694.7
603.5	31.33	694.8
603.5	31.38	694.9
603.5	31.43	695
603.5	31.48	695.1
603.5	31.53	695.2
603.5	31.58	695.3
603.5	31.63	695.4
603.5	31.68	695.5
603.5	31.73	695.7
603.5	31.78	695.8
603.5	31.83	695.9
603.5	31.88	696
603.5	31.93	696.1
603.5	31.98	696.2
603.5	32.03	696.3
603.5	32.08	696.4
603.5	32.13	696.5
603.5	32.18	696.6
603.5	32.23	696.7
603.5	32.28	696.8
603.5	32.33	696.9
603.5	32.38	697
603.5	32.43	697.2
603.5	32.48	697.3
603.5	32.53	697.4
603.5	32.58	697.5
603.5	32.63	697.6
603.5	32.68	697.7
603.5	32.73	697.8
603.5	32.78	697.9
603.5	32.83	698
603.5	32.88	698.1
603.5	32.93	698.2
603.5	32.98	698.3
603.5	33.03	698.4
603.5	33.08	698.5
603.5	33.13	698.6
603.5	33.18	698.7
603.5	33.23	698.8
603.5	33.28	698.9
603.5	33.33	699
603.5	33.38	699.1
603.5	33.43	699.3
603.5	33.48	699.4
603.5	33.53	699.5
603.5	33.58	699.6
603.5	33.63	699.7
603.5	33.68	699.8
603.5	33.73	699.9
603.5	33.78	700
603.5	33.83	700.1
603.5	33.88	700.2
603.5	33.93	700.3
603.5	33.98	700.4
603.5	34.03	700.5
603.5	34.08	700.6
603.5	34.13	700.7
603.5	34.18	700.8
603.5	34.23	700.9
603.5	34.28	701
603.5	34.33	701.1
603.5	34.38	701.2
603.5	34.43	701.3
603.5	34.48	701.4
603.5	34.53	701.5
603.5	34.58	701.6
603.5	34.63	701.7
603.5	34.68	701.8
603.5	34.74	701.9
603.5	34.79	702
603.5	34.84	702.1
603.5	34.89	702.2
603.5	34.94	702.3
603.5	34.99	702.4
603.5	35.04	702.5
603.5	35.09	702.6
603.5	35.14	702.7
603.5	35.19	702.8
603.5	35.24	702.9
603.5	35.29	703
603.5	35.34	703.1
603.5	35.39	703.2
603.5	35.44	703.3
603.5	35.49	703.4
603.5	35.54	703.5
603.5	35.59	703.6
603.5	35.64	703.7
603.5	35.69	703.8
603.5	35.74	703.9
603.5	35.79	704
603.5	35.84	704.1
603.5	35.89	704.2
603.5	35.94	704.3
603.5	35.99	704.4
603.5	36.04	704.5
603.5	36.09	704.6
603.5	36.14	704.7
603.5	36.19	704.8
603.5	36.24	704.9
603.5	36.29	705
603.5	36.34	705.1
603.5	36.39	705.2
603.5	36.44	705.3
603.5	36.49	705.4
603.5	36.54	705.5
603.5	36.59	705.6
603.5	36.64	705.7
603.5	36.69	705.8
603.5	36.74	705.9
603.5	36.79	705.9
603.5	36.84	706
603.5	36.89	706.1
603.5	36.94	706.2
603.5	36.99	706.3
603.5	37.04	706.4
603.5	37.09	706.5
603.5	37.14	706.6
603.5	37.19	706.7
603.5	37.24	706.8
603.5	37.29	706.9
603.5	37.34	707
603.5	37.39	707.1
603.5	37.44	707.2
603.5	37.49	707.3
603.5	37.54	707.4
603.5	37.59	707.5
603.5	37.64	707.6
603.5	37.69	707.7
603.5	37.74	707.8
603.5	37.79	707.9
603.5	37.84	708
603.5	37.89	708
603.5	37.94	708.1
603.5	37.99	708.2
603.5	38.04	708.3
603.5	38.09	708.4
603.5	38.14	708.5
603.5	38.19	708.6
603.5	38.24	708.7
603.5	38.29	708.8
603.5	38.34	708.9
603.5	38.39	709
603.5	38.44	709.1
603.5	38.49	709.2
603.5	38.54	709.3
603.5	38.59	709.4
603.5	38.64	709.5
603.5	38.69	709.5
603.5	38.74	709.6
603.5	38.79	709.7
603.5	38.84	709.8
603.5	38.89	709.9
603.5	38.94	710
603.5	38.99	710.1
603.5	39.04	710.2
603.5	39.09	710.3
603.5	39.14	710.4
603.5	39.19	710.5
603.5	39.24	710.6
603.5	39.29	710.7
603.5	39.34	710.7
603.5	39.39	710.8
603.5	39.44	710.9
603.5	39.49	711
603.5	39.54	711.1
603.5	39.59	711.2
603.5	39.64	711.3
603.5	39.69	711.4
603.5	39.74	711.5
603.5	39.79	711.6
603.5	39.84	711.7
603.5	39.89	711.8
603.5	39.94	711.8
603.5	39.99	711.9
603.5	40.04	712
603.5	40.09	712.1
603.5	40.14	712.2
603.5	40.19	712.3
603.5	40.24	712.4
603.5	40.29	712.5
603.5	40.34	712.6
603.5	40.39	712.7
603.5	40.44	712.7
603.5	40.49	712.8
603.5	40.54	712.9
603.5	40.59	713
603.5	40.64	713.1
603.5	40.69	713.2
603.5	40.74	713.3
603.5	40.79	713.4
603.5	40.84	713.5
603.5	40.89	713.6
603.5	40.94	713.6
603.5	40.99	713.7
603.5	41.04	713.8
603.5	41.09	713.9
603.5	41.14	714
603.5	41.19	714.1
603.5	41.24	714.2
603.5	41.29	714.3
603.5	41.34	714.3
603.5	41.39	714.4
603.5	41.44	714.5
603.5	41.49	714.6
603.5	41.54	714.7
603.5	41.59	714.8
603.5	41.64	714.9
603.5	41.69	715
603.5	41.74	715.1
603.5	41.79	715.1
603.5	41.84	715.2
603.5	41.89	715.3
603.5	41.94	715.4
603.5	41.99	715.5
603.5	42.04	715.6
603.5	42.09	715.7
603.5	42.14	715.8
603.5	42.19	715.8
603.5	42.24	715.9
603.5	42.29	716
603.5	42.34	716.1
603.5	42.39	716.2
603.5	42.44	716.3
603.5	42.49	716.4
603.5	42.54	716.4
603.5	42.59	716.5
603.5	42.64	716.6
603.5	42.69	716.7
603.5	42.74	716.8
603.5	42.79	716.9
603.5	42.84	717
603.5	42.89	717.1
603.5	42.94	717.1
603.5	42.99	717.2
603.5	43.04	717.3
603.5	43.09	717.4
603.5	43.14	717.5
603.5	43.19	717.6
603.5	43.24	717.7
603.5	43.29	717.7
603.5	43.34	717.8
603.5	43.39	717.9
603.5	43.44	718
603.5	43.49	718.1
603.5	43.54	718.2
603.5	43.59	718.3
603.5	43.64	718.3
603.5	43.69	718.4
603.5	43.74	718.5
603.5	43.79	718.6
603.5	43.84	718.7
603.5	43.89	718.8
603.5	43.94	718.8
603.5	43.99	718.9
603.5	44.04	719
603.5	44.09	719.1
603.5	44.14	719.2
603.5	44.19	719.3
603.5	44.24	719.4
603.5	44.29	719.4
603.5	44.34	719.5
603.5	44.39	719.6
603.5	44.44	719.7
603.5	44.49	719.8
603.5	44.54	719.9
603.5	44.59	719.9
603.5	44.64	720
603.5	44.69	720.1
603.5	44.74	720.2
603.5	44.79	720.3
603.5	44.84	720.4
603.5	44.89	720.4
603.5	44.95	720.5
603.5	45	720.6
603.5	45.05	720.7
603.5	45.1	720.8
603.5	45.15	720.9
603.5	45.2	720.9
603.5	45.25	721
603.5	45.3	721.1
603.5	45.35	721.2
603.5	45.4	721.3
603.5	45.45	721.3
603.5	45.5	721.4
603.5	45.55	721.5
603.5	45.6	721.6
603.5	45.65	721.7
603.5	45.7	721.8
603.5	45.75	721.8
603.5	45.8	721.9
603.5	45.85	722
603.5	45.9	722.1
603.5	45.95	722.2
603.5	46	722.3
603.5	46.05	722.3
603.5	46.1	722.4
603.5	46.15	722.5
603.5	46.2	722.6
603.5	46.25	722.7
603.5	46.3	722.7
603.5	46.35	722.8
603.5	46.4	722.9
603.5	46.45	723
603.5	46.5	723.1
603.5	46.55	723.1
603.5	46.6	723.2
603.5	46.65	723.3
603.5	46.7	723.4
603.5	46.75	723.5
603.5	46.8	723.6
603.5	46.85	723.6
603.5	46.9	723.7
603.5	46.95	723.8
603.5	47	723.9
603.5	47.05	724
603.5	47.1	724
603.5	47.15	724.1
603.5	47.2	724.2
603.5	47.25	724.3
603.5	47.3	724.4
603.5	47.35	724.4
603.5	47.4	724.5
603.5	47.45	724.6
603.5	47.5	724.7
603.5	47.55	724.8
603.5	47.6	724.8
603.5	47.65	724.9
603.5	47.7	725
603.5	47.75	725.1
603.5	47.8	725.2
603.5	47.85	725.2
603.5	47.9	725.3
603.5	47.95	725.4
603.5	48	725.5
603.5	48.05	725.5
603.5	48.1	725.6
603.5	48.15	725.7
603.5	48.2	725.8
603.5	48.25	725.9
603.5	48.3	725.9
603.5	48.35	726
603.5	48.4	726.1
603.5	48.45	726.2
603.5	48.5	726.3
603.5	48.55	726.3
603.5	48.6	726.4
603.5	48.65	726.5
603.5	48.7	726.6
603.5	48.75	726.7
603.5	48.8	726.7
603.5	48.85	726.8
603.5	48.9	726.9
603.5	48.95	727
603.5	49	727
603.5	49.05	727.1
603.5	49.1	727.2
603.5	49.15	727.3
603.5	49.2	727.4
603.5	49.25	727.4
603.5	49.3	727.5
603.5	49.35	727.6
603.5	49.4	727.7
603.5	49.45	727.7
603.5	49.5	727.8
603.5	49.55	727.9
603.5	49.6	728
603.5	49.65	728.1
603.5	49.7	728.1
603.5	49.75	728.2
603.5	49.8	728.3
603.5	49.85	728.4
603.5	49.9	728.4
603.5	49.95	728.5
603.5	50	728.6
621.2	0.001	0.003488
621.2	0.05105	0.1782
621.2	0.1011	0.3533
621.2	0.1511	0.5286
621.2	0.2012	0.7043
621.2	0.2512	0.8802
621.2	0.3013	1.057
621.2	0.3513	1.233
621.2	0.4014	1.41
621.2	0.4514	1.587
621.2	0.5015	1.765
621.2	0.5515	1.943
621.2	0.6016	2.121
621.2	0.6516	2.3
621.2	0.7017	2.478
621.2	0.7517	2.658
621.2	0.8018	2.837
621.2	0.8518	3.017
621.2	0.9019	3.197
621.2	0.9519	3.378
621.2	1.002	3.559
621.2	1.052	3.74
621.2	1.102	3.922
621.2	1.152	4.104
621.2	1.202	4.286
621.2	1.252	4.469
621.2	1.302	4.652
621.2	1.352	4.835
621.2	1.402	5.019
621.2	1.452	5.203
621.2	1.502	5.387
621.2	1.553	5.572
621.2	1.603	5.757
621.2	1.653	5.943
621.2	1.703	6.129
621.2	1.753	6.315
621.2	1.803	6.502
621.2	1.853	6.689
621.2	1.903	6.876
621.2	1.953	7.064
621.2	2.003	7.252
621.2	2.053	7.441
621.2	2.103	7.63
621.2	2.153	7.819
621.2	2.203	8.009
621.2	2.253	8.199
621.2	2.303	8.39
621.2	2.353	8.581
621.2	2.403	8.772
621.2	2.453	8.964
621.2	2.503	9.156
621.2	2.554	9.349
621.2	2.604	9.542
621.2	2.654	9.735
621.2	2.704	9.929
621.2	2.754	10.12
621.2	2.804	10.32
621.2	2.854	10.51
621.2	2.904	10.71
621.2	2.954	10.9
621.2	3.004	11.1
621.2	3.054	11.3
621.2	3.104	11.5
621.2	3.154	11.69
621.2	3.204	11.89
621.2	3.254	12.09
621.2	3.304	12.29
621.2	3.354	12.49
621.2	3.404	12.69
621.2	3.454	12.89
621.2	3.504	13.09
621.2	3.554	13.29
621.2	3.605	13.49
621.2	3.655	13.7
621.2	3.705	13.9
621.2	3.755	14.1
621.2	3.805	14.31
621.2	3.855	14.51
621.2	3.905	14.72
621.2	3.955	14.92
621.2	4.005	15.13
621.2	4.055	15.33
621.2	4.105	15.54
621.2	4.155	15.75
621.2	4.205	15.96
621.2	4.255	16.16
621.2	4.305	16.37
621.2	4.355	16.58
621.2	4.405	16.79
621.2	4.455	17
621.2	4.505	17.21
621.2	4.555	17.43
621.2	4.606	17.64
621.2	4.656	17.85
621.2	4.706	18.06
621.2	4.756	18.28
621.2	4.806	18.49
621.2	4.856	18.71
621.2	4.906	18.92
621.2	4.956	19.14
621.2	5.006	19.36
621.2	5.056	19.57
621.2	5.106	19.79
621.2	5.156	20.01
621.2	5.206	20.23
621.2	5.256	20.45
621.2	5.306	20.67
621.2	5.356	20.89
621.2	5.406	21.11
621.2	5.456	21.33
621.2	5.506	21.56
621.2	5.556	21.78
621.2	5.606	22
621.2	5.657	22.23
621.2	5.707	22.45
621.2	5.757	22.68
621.2	5.807	22.91
621.2	5.857	23.13
621.2	5.907	23.36
621.2	5.957	23.59
621.2	6.007	23.82
621.2	6.057	24.05
621.2	6.107	24.28
621.2	6.157	24.51
621.2	6.207	24.74
621.2	6.257	24.98
621.2	6.307	25.21
621.2	6.357	25.44
621.2	6.407	25.68
621.2	6.457	25.92
621.2	6.507	26.15
621.2	6.557	26.39
621.2	6.607	26.63
621.2	6.658	26.86
621.2	6.708	27.1
621.2	6.758	27.34
621.2	6.808	27.59
621.2	6.858	27.83
621.2	6.908	28.07
621.2	6.958	28.31
621.2	7.008	28.56
621.2	7.058	28.8
621.2	7.108	29.05
621.2	7.158	29.29
621.2	7.208	29.54
621.2	7.258	29.79
621.2	7.308	30.04
621.2	7.358	30.29
621.2	7.408	30.54
621.2	7.458	30.79
621.2	7.508	31.04
621.2	7.558	31.3
621.2	7.608	31.55
621.2	7.659	31.81
621.2	7.709	32.06
621.2	7.759	32.32
621.2	7.809	32.58
621.2	7.859	32.83
621.2	7.909	33.09
621.2	7.959	33.36
621.2	8.009	33.62
621.2	8.059	33.88
621.2	8.109	34.14
621.2	8.159	34.41
621.2	8.209	34.67
621.2	8.259	34.94
621.2	8.309	35.21
621.2	8.359	35.48
621.2	8.409	35.75
621.2	8.459	36.02
621.2	8.509	36.29
621.2	8.559	36.56
621.2	8.609	36.83
621.2	8.659	37.11
621.2	8.71	37.39
621.2	8.76	37.66
621.2	8.81	37.94
621.2	8.86	38.22
621.2	8.91	38.5
621.2	8.96	38.78
621.2	9.01	39.07
621.2	9.06	39.35
621.2	9.11	39.63
621.2	9.16	39.92
621.2	9.21	40.21
621.2	9.26	40.5
621.2	9.31	40.79
621.2	9.36	41.08
621.2	9.41	41.37
621.2	9.46	41.67
621.2	9.51	41.96
621.2	9.56	42.26
621.2	9.61	42.56
621.2	9.66	42.85
621.2	9.711	43.16
621.2	9.761	43.46
621.2	9.811	43.76
621.2	9.861	44.07
621.2	9.911	44.37
621.2	9.961	44.68
621.2	10.01	44.99
621.2	10.06	45.3
621.2	10.11	45.61
621.2	10.16	45.93
621.2	10.21	46.24
621.2	10.26	46.56
621.2	10.31	46.88
621.2	10.36	47.2
621.2	10.41	47.52
621.2	10.46	47.84
621.2	10.51	48.16
621.2	10.56	48.49
621.2	10.61	48.82
621.2	10.66	49.15
621.2	10.71	49.48
621.2	10.76	49.81
621.2	10.81	50.15
621.2	10.86	50.49
621.2	10.91	50.83
621.2	10.96	51.17
621.2	11.01	51.51
621.2	11.06	51.85
621.2	11.11	52.2
621.2	11.16	52.55
621.2	11.21	52.9
621.2	11.26	53.25
621.2	11.31	53.6
621.2	11.36	53.96
621.2	11.41	54.32
621.2	11.46	54.68
621.2	11.51	55.04
621.2	11.56	55.41
621.2	11.61	55.78
621.2	11.66	56.15
621.2	11.71	56.52
621.2	11.76	56.89
621.2	11.81	57.27
621.2	11.86	57.65
621.2	11.91	58.03
621.2	11.96	58.41
621.2	12.01	58.8
621.2	12.06	59.19
621.2	12.11	59.58
621.2	12.16	59.98
621.2	12.21	60.37
621.2	12.26	60.77
621.2	12.31	61.18
621.2	12.36	61.58
621.2	12.41	61.99
621.2	12.46	62.4
621.2	12.51	62.82
621.2	12.56	63.23
621.2	12.61	63.65
621.2	12.66	64.08
621.2	12.71	64.51
621.2	12.76	64.94
621.2	12.81	65.37
621.2	12.86	65.81
621.2	12.91	66.25
621.2	12.96	66.69
621.2	13.01	67.14
621.2	13.06	67.59
621.2	13.11	68.05
621.2	13.16	68.5
621.2	13.21	68.97
621.2	13.26	69.43
621.2	13.31	69.91
621.2	13.36	70.38
621.2	13.41	70.86
621.2	13.46	71.34
621.2	13.51	71.83
621.2	13.56	72.33
621.2	13.61	72.82
621.2	13.66	73.33
621.2	13.71	73.83
621.2	13.76	74.35
621.2	13.81	74.86
621.2	13.86	75.39
621.2	13.91	75.91
621.2	13.96	76.45
621.2	14.01	76.99
621.2	14.06	77.53
621.2	14.11	78.08
621.2	14.16	78.64
621.2	14.21	79.2
621.2	14.26	79.77
621.2	14.32	80.35
621.2	14.37	80.93
621.2	14.42	81.53
621.2	14.47	82.12
621.2	14.52	82.73
621.2	14.57	83.34
621.2	14.62	83.96
621.2	14.67	84.59
621.2	14.72	85.23
621.2	14.77	85.88
621.2	14.82	86.53
621.2	14.87	87.2
621.2	14.92	87.87
621.2	14.97	88.56
621.2	15.02	89.26
621.2	15.07	89.96
621.2	15.12	90.68
621.2	15.17	91.41
621.2	15.22	92.15
621.2	15.27	92.91
621.2	15.32	93.68
621.2	15.37	94.46
621.2	15.42	95.26
621.2	15.47	96.07
621.2	15.52	96.9
621.2	15.57	97.74
621.2	15.62	98.61
621.2	15.67	99.49
621.2	15.72	100.4
621.2	15.77	101.3
621.2	15.82	102.3
621.2	15.87	103.2
621.2	15.92	104.2
621.2	15.97	105.2
621.2	16.02	106.3
621.2	16.07	107.4
621.2	16.12	108.5
621.2	16.17	582.5
621.2	16.22	583
621.2	16.27	583.4
621.2	16.32	583.8
621.2	16.37	584.2
621.2	16.42	584.7
621.2	16.47	585.1
621.2	16.52	585.5
621.2	16.57	585.9
621.2	16.62	586.3
621.2	16.67	586.7
621.2	16.72	587.1
621.2	16.77	587.5
621.2	16.82	587.9
621.2	16.87	588.3
621.2	16.92	588.7
621.2	16.97	589
621.2	17.02	589.4
621.2	17.07	589.8
621.2	17.12	590.2
621.2	17.17	590.6
621.2	17.22	590.9
621.2	17.27	591.3
621.2	17.32	591.7
621.2	17.37	592
621.2	17.42	592.4
621.2	17.47	592.7
621.2	17.52	593.1
621.2	17.57	593.5
621.2	17.62	593.8
621.2	17.67	594.2
621.2	17.72	594.5
621.2	17.77	594.9
621.2	17.82	595.2
621.2	17.87	595.5
621.2	17.92	595.9
621.2	17.97	596.2
621.2	18.02	596.6
621.2	18.07	596.9
621.2	18.12	597.2
621.2	18.17	597.5
621.2	18.22	597.9
621.2	18.27	598.2
621.2	18.32	598.5
621.2	18.37	598.8
621.2	18.42	599.2
621.2	18.47	599.5
621.2	18.52	599.8
621.2	18.57	600.1
621.2	18.62	600.4
621.2	18.67	600.7
621.2	18.72	601.1
621.2	18.77	601.4
621.2	18.82	601.7
621.2	18.87	602
621.2	18.92	602.3
621.2	18.97	602.6
621.2	19.02	602.9
621.2	19.07	603.2
621.2	19.12	603.5
621.2	19.17	603.8
621.2	19.22	604.1
621.2	19.27	604.4
621.2	19.32	604.7
621.2	19.37	605
621.2	19.42	605.3
621.2	19.47	605.5
621.2	19.52	605.8
621.2	19.57	606.1
621.2	19.62	606.4
621.2	19.67	606.7
621.2	19.72	607
621.2	19.77	607.2
621.2	19.82	607.5
621.2	19.87	607.8
621.2	19.92	608.1
621.2	19.97	608.4
621.2	20.02	608.6
621.2	20.07	608.9
621.2	20.12	609.2
621.2	20.17	609.5
621.2	20.22	609.7
621.2	20.27	610
621.2	20.32	610.3
621.2	20.37	610.5
621.2	20.42	610.8
621.2	20.47	611.1
621.2	20.52	611.3
621.2	20.57	611.6
621.2	20.62	611.9
621.2	20.67	612.1
621.2	20.72	612.4
621.2	20.77	612.6
621.2	20.82	612.9
621.2	20.87	613.1
621.2	20.92	613.4
621.2	20.97	613.7
621.2	21.02	613.9
621.2	21.07	614.2
621.2	21.12	614.4
621.2	21.17	614.7
621.2	21.22	614.9
621.2	21.27	615.2
621.2	21.32	615.4
621.2	21.37	615.7
621.2	21.42	615.9
621.2	21.47	616.2
621.2	21.52	616.4
621.2	21.57	616.6
621.2	21.62	616.9
621.2	21.67	617.1
621.2	21.72	617.4
621.2	21.77	617.6
621.2	21.82	617.8
621.2	21.87	618.1
621.2	21.92	618.3
621.2	21.97	618.6
621.2	22.02	618.8
621.2	22.07	619
621.2	22.12	619.3
621.2	22.17	619.5
621.2	22.22	619.7
621.2	22.27	620
621.2	22.32	620.2
621.2	22.37	620.4
621.2	22.42	620.7
621.2	22.47	620.9
621.2	22.52	621.1
621.2	22.57	621.3
621.2	22.62	621.6
621.2	22.67	621.8
621.2	22.72	622
621.2	22.77	622.3
621.2	22.82	622.5
621.2	22.87	622.7
621.2	22.92	622.9
621.2	22.97	623.1
621.2	23.02	623.4
621.2	23.07	623.6
621.2	23.12	623.8
621.2	23.17	624
621.2	23.22	624.2
621.2	23.27	624.5
621.2	23.32	624.7
621.2	23.37	624.9
621.2	23.42	625.1
621.2	23.47	625.3
621.2	23.52	625.5
621.2	23.57	625.8
621.2	23.62	626
621.2	23.67	626.2
621.2	23.72	626.4
621.2	23.77	626.6
621.2	23.82	626.8
621.2	23.87	627
621.2	23.92	627.2
621.2	23.97	627.4
621.2	24.02	627.7
621.2	24.07	627.9
621.2	24.12	628.1
621.2	24.17	628.3
621.2	24.22	628.5
621.2	24.27	628.7
621.2	24.32	628.9
621.2	24.37	629.1
621.2	24.42	629.3
621.2	24.47	629.5
621.2	24.53	629.7
621.2	24.58	629.9
621.2	24.63	630.1
621.2	24.68	630.3
621.2	24.73	630.5
621.2	24.78	630.7
621.2	24.83	630.9
621.2	24.88	631.1
621.2	24.93	631.3
621.2	24.98	631.5
621.2	25.03	631.7
621.2	25.08	631.9
621.2	25.13	632.1
621.2	25.18	632.3
621.2	25.23	632.5
621.2	25.28	632.7
621.2	25.33	632.9
621.2	25.38	633.1
621.2	25.43	633.3
621.2	25.48	633.5
621.2	25.53	633.7
621.2	25.58	633.8
621.2	25.63	634
621.2	25.68	634.2
621.2	25.73	634.4
621.2	25.78	634.6
621.2	25.83	634.8
621.2	25.88	635
621.2	25.93	635.2
621.2	25.98	635.4
621.2	26.03	635.6
621.2	26.08	635.7
621.2	26.13	635.9
621.2	26.18	636.1
621.2	26.23	636.3
621.2	26.28	636.5
621.2	26.33	636.7
621.2	26.38	636.9
621.2	26.43	637
621.2	26.48	637.2
621.2	26.53	637.4
621.2	26.58	637.6
621.2	26.63	637.8
621.2	26.68	638
621.2	26.73	638.1
621.2	26.78	638.3
621.2	26.83	638.5
621.2	26.88	638.7
621.2	26.93	638.9
621.2	26.98	639
621.2	27.03	639.2
621.2	27.08	639.4
621.2	27.13	639.6
621.2	27.18	639.8
621.2	27.23	639.9
621.2	27.28	640.1
621.2	27.33	640.3
621.2	27.38	640.5
621.2	27.43	640.6
621.2	27.48	640.8
621.2	27.53	641
621.2	27.58	641.2
621.2	27.63	641.3
621.2	27.68	641.5
621.2	27.73	641.7
621.2	27.78	641.9
621.2	27.83	642
621.2	27.88	642.2
621.2	27.93	642.4
621.2	27.98	642.5
621.2	28.03	642.7
621.2	28.08	642.9
621.2	28.13	643.1
621.2	28.18	643.2
621.2	28.23	643.4
621.2	28.28	643.6
621.2	28.33	643.7
621.2	28.38	643.9
621.2	28.43	644.1
621.2	28.48	644.2
621.2	28.53	644.4
621.2	28.58	644.6
621.2	28.63	644.7
621.2	28.68	644.9
621.2	28.73	645.1
621.2	28.78	645.2
621.2	28.83	645.4
621.2	28.88	645.6
621.2	28.93	645.7
621.2	28.98	645.9
621.2	29.03	646.1
621.2	29.08	646.2
621.2	29.13	646.4
621.2	29.18	646.6
621.2	29.23	646.7
621.2	29.28	646.9
621.2	29.33	647.1
621.2	29.38	647.2
621.2	29.43	647.4
621.2	29.48	647.5
621.2	29.53	647.7
621.2	29.58	647.9
621.2	29.63	648
621.2	29.68	648.2
621.2	29.73	648.3
621.2	29.78	648.5
621.2	29.83	648.7
621.2	29.88	648.8
621.2	29.93	649
621.2	29.98	649.1
621.2	30.03	649.3
621.2	30.08	649.4
621.2	30.13	649.6
621.2	30.18	649.8
621.2	30.23	649.9
621.2	30.28	650.1
621.2	30.33	650.2
621.2	30.38	650.4
621.2	30.43	650.5
621.2	30.48	650.7
621.2	30.53	650.9
621.2	30.58	651
621.2	30.63	651.2
621.2	30.68	651.3
621.2	30.73	651.5
621.2	30.78	651.6
621.2	30.83	651.8
621.2	30.88	651.9
621.2	30.93	652.1
621.2	30.98	652.2
621.2	31.03	652.4
621.2	31.08	652.5
621.2	31.13	652.7
621.2	31.18	652.8
621.2	31.23	653
621.2	31.28	653.1
621.2	31.33	653.3
621.2	31.38	653.4
621.2	31.43	653.6
621.2	31.48	653.7
621.2	31.53	653.9
621.2	31.58	654
621.2	31.63	654.2
621.2	31.68	654.3
621.2	31.73	654.5
621.2	31.78	654.6
621.2	31.83	654.8
621.2	31.88	654.9
621.2	31.93	655.1
621.2	31.98	655.2
621.2	32.03	655.4
621.2	32.08	655.5
621.2	32.13	655.7
621.2	32.18	655.8
621.2	32.23	656
621.2	32.28	656.1
621.2	32.33	656.3
621.2	32.38	656.4
621.2	32.43	656.5
621.2	32.48	656.7
621.2	32.53	656.8
621.2	32.58	657
621.2	32.63	657.1
621.2	32.68	657.3
621.2	32.73	657.4
621.2	32.78	657.6
621.2	32.83	657.7
621.2	32.88	657.8
621.2	32.93	658
621.2	32.98	658.1
621.2	33.03	658.3
621.2	33.08	658.4
621.2	33.13	658.5
621.2	33.18	658.7
621.2	33.23	658.8
621.2	33.28	659
621.2	33.33	659.1
621.2	33.38	659.3
621.2	33.43	659.4
621.2	33.48	659.5
621.2	33.53	659.7
621.2	33.58	659.8
621.2	33.63	660
621.2	33.68	660.1
621.2	33.73	660.2
621.2	33.78	660.4
621.2	33.83	660.5
621.2	33.88	660.6
621.2	33.93	660.8
621.2	33.98	660.9
621.2	34.03	661.1
621.2	34.08	661.2
621.2	34.13	661.3
621.2	34.18	661.5
621.2	34.23	661.6
621.2	34.28	661.7
621.2	34.33	661.9
621.2	34.38	662
621.2	34.43	662.2
621.2	34.48	662.3
621.2	34.53	662.4
621.2	34.58	662.6
621.2	34.63	662.7
621.2	34.68	662.8
621.2	34.74	663
621.2	34.79	663.1
621.2	34.84	663.2
621.2	34.89	663.4
621.2	34.94	663.5
621.2	34.99	663.6
621.2	35.04	663.8
621.2	35.09	663.9
621.2	35.14	664
621.2	35.19	664.2
621.2	35.24	664.3
621.2	35.29	664.4
621.2	35.34	664.6
621.2	35.39	664.7
621.2	35.44	664.8
621.2	35.49	665
621.2	35.54	665.1
621.2	35.59	665.2
621.2	35.64	665.4
621.2	35.69	665.5
621.2	35.74	665.6
621.2	35.79	665.7
621.2	35.84	665.9
621.2	35.89	666
621.2	35.94	666.1
621.2	35.99	666.3
621.2	36.04	666.4
621.2	36.09	666.5
621.2	36.14	666.7
621.2	36.19	666.8
621.2	36.24	666.9
621.2	36.29	667
621.2	36.34	667.2
621.2	36.39	667.3
621.2	36.44	667.4
621.2	36.49	667.5
621.2	36.54	667.7
621.2	36.59	667.8
621.2	36.64	667.9
621.2	36.69	668.1
621.2	36.74	668.2
621.2	36.79	668.3
621.2	36.84	668.4
621.2	36.89	668.6
621.2	36.94	668.7
621.2	36.99	668.8
621.2	37.04	668.9
621.2	37.09	669.1
621.2	37.14	669.2
621.2	37.19	669.3
621.2	37.24	669.4
621.2	37.29	669.6
621.2	37.34	669.7
621.2	37.39	669.8
621.2	37.44	669.9
621.2	37.49	670.1
621.2	37.54	670.2
621.2	37.59	670.3
621.2	37.64	670.4
621.2	37.69	670.6
621.2	37.74	670.7
621.2	37.79	670.8
621.2	37.84	670.9
621.2	37.89	671.1
621.2	37.94	671.2
621.2	37.99	671.3
621.2	38.04	671.4
621.2	38.09	671.5
621.2	38.14	671.7
621.2	38.19	671.8
621.2	38.24	671.9
621.2	38.29	672
621.2	38.34	672.2
621.2	38.39	672.3
621.2	38.44	672.4
621.2	38.49	672.5
621.2	38.54	672.6
621.2	38.59	672.8
621.2	38.64	672.9
621.2	38.69	673
621.2	38.74	673.1
621.2	38.79	673.2
621.2	38.84	673.4
621.2	38.89	673.5
621.2	38.94	673.6
621.2	38.99	673.7
621.2	39.04	673.8
621.2	39.09	674
621.2	39.14	674.1
621.2	39.19	674.2
621.2	39.24	674.3
621.2	39.29	674.4
621.2	39.34	674.6
621.2	39.39	674.7
621.2	39.44	674.8
621.2	39.49	674.9
621.2	39.54	675
621.2	39.59	675.1
621.2	39.64	675.3
621.2	39.69	675.4
621.2	39.74	675.5
621.2	39.79	675.6
621.2	39.84	675.7
621.2	39.89	675.8
621.2	39.94	676
621.2	39.99	676.1
621.2	40.04	676.2
621.2	40.09	676.3
621.2	40.14	676.4
621.2	40.19	676.5
621.2	40.24	676.7
621.2	40.29	676.8
621.2	40.34	676.9
621.2	40.39	677
621.2	40.44	677.1
621.2	40.49	677.2
621.2	40.54	677.4
621.2	40.59	677.5
621.2	40.64	677.6
621.2	40.69	677.7
621.2	40.74	677.8
621.2	40.79	677.9
621.2	40.84	678
621.2	40.89	678.2
621.2	40.94	678.3
621.2	40.99	678.4
621.2	41.04	678.5
621.2	41.09	678.6
621.2	41.14	678.7
621.2	41.19	678.8
621.2	41.24	678.9
621.2	41.29	679.1
621.2	41.34	679.2
621.2	41.39	679.3
621.2	41.44	679.4
621.2	41.49	679.5
621.2	41.54	679.6
621.2	41.59	679.7
621.2	41.64	679.8
621.2	41.69	680
621.2	41.74	680.1
621.2	41.79	680.2
621.2	41.84	680.3
621.2	41.89	680.4
621.2	41.94	680.5
621.2	41.99	680.6
621.2	42.04	680.7
621.2	42.09	680.8
621.2	42.14	681
621.2	42.19	681.1
621.2	42.24	681.2
621.2	42.29	681.3
621.2	42.34	681.4
621.2	42.39	681.5
621.2	42.44	681.6
621.2	42.49	681.7
621.2	42.54	681.8
621.2	42.59	681.9
621.2	42.64	682.1
621.2	42.69	682.2
621.2	42.74	682.3
621.2	42.79	682.4
621.2	42.84	682.5
621.2	42.89	682.6
621.2	42.94	682.7
621.2	42.99	682.8
621.2	43.04	682.9
621.2	43.09	683
621.2	43.14	683.1
621.2	43.19	683.3
621.2	43.24	683.4
621.2	43.29	683.5
621.2	43.34	683.6
621.2	43.39	683.7
621.2	43.44	683.8
621.2	43.49	683.9
621.2	43.54	684
621.2	43.59	684.1
621.2	43.64	684.2
621.2	43.69	684.3
621.2	43.74	684.4
621.2	43.79	684.5
621.2	43.84	684.6
621.2	43.89	684.8
621.2	43.94	684.9
621.2	43.99	685
621.2	44.04	685.1
621.2	44.09	685.2
621.2	44.14	685.3
621.2	44.19	685.4
621.2	44.24	685.5
621.2	44.29	685.6
621.2	44.34	685.7
621.2	44.39	685.8
621.2	44.44	685.9
621.2	44.49	686
621.2	44.54	686.1
621.2	44.59	686.2
621.2	44.64	686.3
621.2	44.69	686.4
621.2	44.74	686.5
621.2	44.79	686.6
621.2	44.84	686.7
621.2	44.89	686.9
621.2	44.95	687
621.2	45	687.1
621.2	45.05	687.2
621.2	45.1	687.3
621.2	45.15	687.4
621.2	45.2	687.5
621.2	45.25	687.6
621.2	45.3	687.7
621.2	45.35	687.8
621.2	45.4	687.9
621.2	45.45	688
621.2	45.5	688.1
621.2	45.55	688.2
621.2	45.6	688.3
621.2	45.65	688.4
621.2	45.7	688.5
621.2	45.75	688.6
621.2	45.8	688.7
621.2	45.85	688.8
621.2	45.9	688.9
621.2	45.95	689
621.2	46	689.1
621.2	46.05	689.2
621.2	46.1	689.3
621.2	46.15	689.4
621.2	46.2	689.5
621.2	46.25	689.6
621.2	46.3	689.7
621.2	46.35	689.8
621.2	46.4	689.9
621.2	46.45	690
621.2	46.5	690.1
621.2	46.55	690.2
621.2	46.6	690.3
621.2	46.65	690.4
621.2	46.7	690.5
621.2	46.75	690.6
621.2	46.8	690.7
621.2	46.85	690.8
621.2	46.9	690.9
621.2	46.95	691
621.2	47	691.1
621.2	47.05	691.2
621.2	47.1	691.3
621.2	47.15	691.4
621.2	47.2	691.5
621.2	47.25	691.6
621.2	47.3	691.7
621.2	47.35	691.8
621.2	47.4	691.9
621.2	47.45	692
621.2	47.5	692.1
621.2	47.55	692.2
621.2	47.6	692.3
621.2	47.65	692.4
621.2	47.7	692.5
621.2	47.75	692.6
621.2	47.8	692.7
621.2	47.85	692.8
621.2	47.9	692.9
621.2	47.95	693
621.2	48	693.1
621.2	48.05	693.2
621.2	48.1	693.3
621.2	48.15	693.4
621.2	48.2	693.5
621.2	48.25	693.6
621.2	48.3	693.7
621.2	48.35	693.8
621.2	48.4	693.9
621.2	48.45	694
621.2	48.5	694.1
621.2	48.55	694.2
621.2	48.6	694.3
621.2	48.65	694.4
621.2	48.7	694.5
621.2	48.75	694.6
621.2	48.8	694.6
621.2	48.85	694.7
621.2	48.9	694.8
621.2	48.95	694.9
621.2	49	695
621.2	49.05	695.1
621.2	49.1	695.2
621.2	49.15	695.3
621.2	49.2	695.4
621.2	49.25	695.5
621.2	49.3	695.6
621.2	49.35	695.7
621.2	49.4	695.8
621.2	49.45	695.9
621.2	49.5	696
621.2	49.55	696.1
621.2	49.6	696.2
621.2	49.65	696.3
621.2	49.7	696.4
621.2	49.75	696.5
621.2	49.8	696.6
621.2	49.85	696.6
621.2	49.9	696.7
621.2	49.95	696.8
621.2	50	696.9
638.9	0.001	0.003392
638.9	0.05105	0.1733
638.9	0.1011	0.3434
638.9	0.1511	0.5138
638.9	0.2012	0.6845
638.9	0.2512	0.8555
638.9	0.3013	1.027
638.9	0.3513	1.198
638.9	0.4014	1.37
638.9	0.4514	1.542
638.9	0.5015	1.714
638.9	0.5515	1.887
638.9	0.6016	2.06
638.9	0.6516	2.233
638.9	0.7017	2.407
638.9	0.7517	2.58
638.9	0.8018	2.755
638.9	0.8518	2.929
638.9	0.9019	3.104
638.9	0.9519	3.278
638.9	1.002	3.454
638.9	1.052	3.629
638.9	1.102	3.805
638.9	1.152	3.981
638.9	1.202	4.158
638.9	1.252	4.334
638.9	1.302	4.511
638.9	1.352	4.689
638.9	1.402	4.866
638.9	1.452	5.044
638.9	1.502	5.223
638.9	1.553	5.401
638.9	1.603	5.58
638.9	1.653	5.759
638.9	1.703	5.939
638.9	1.753	6.119
638.9	1.803	6.299
638.9	1.853	6.479
638.9	1.903	6.66
638.9	1.953	6.841
638.9	2.003	7.023
638.9	2.053	7.205
638.9	2.103	7.387
638.9	2.153	7.569
638.9	2.203	7.752
638.9	2.253	7.935
638.9	2.303	8.119
638.9	2.353	8.302
638.9	2.403	8.487
638.9	2.453	8.671
638.9	2.503	8.856
638.9	2.554	9.041
638.9	2.604	9.227
638.9	2.654	9.413
638.9	2.704	9.599
638.9	2.754	9.786
638.9	2.804	9.972
638.9	2.854	10.16
638.9	2.904	10.35
638.9	2.954	10.54
638.9	3.004	10.72
638.9	3.054	10.91
638.9	3.104	11.1
638.9	3.154	11.29
638.9	3.204	11.48
638.9	3.254	11.67
638.9	3.304	11.86
638.9	3.354	12.05
638.9	3.404	12.24
638.9	3.454	12.44
638.9	3.504	12.63
638.9	3.554	12.82
638.9	3.605	13.01
638.9	3.655	13.21
638.9	3.705	13.4
638.9	3.755	13.6
638.9	3.805	13.79
638.9	3.855	13.99
638.9	3.905	14.18
638.9	3.955	14.38
638.9	4.005	14.57
638.9	4.055	14.77
638.9	4.105	14.97
638.9	4.155	15.16
638.9	4.205	15.36
638.9	4.255	15.56
638.9	4.305	15.76
638.9	4.355	15.96
638.9	4.405	16.16
638.9	4.455	16.36
638.9	4.505	16.56
638.9	4.555	16.76
638.9	4.606	16.96
638.9	4.656	17.16
638.9	4.706	17.36
638.9	4.756	17.57
638.9	4.806	17.77
638.9	4.856	17.97
638.9	4.906	18.18
638.9	4.956	18.38
638.9	5.006	18.59
638.9	5.056	18.79
638.9	5.106	19
638.9	5.156	19.2
638.9	5.206	19.41
638.9	5.256	19.62
638.9	5.306	19.83
638.9	5.356	20.03
638.9	5.406	20.24
638.9	5.456	20.45
638.9	5.506	20.66
638.9	5.556	20.87
638.9	5.606	21.08
638.9	5.657	21.29
638.9	5.707	21.51
638.9	5.757	21.72
638.9	5.807	21.93
638.9	5.857	22.14
638.9	5.907	22.36
638.9	5.957	22.57
638.9	6.007	22.79
638.9	6.057	23
638.9	6.107	23.22
638.9	6.157	23.43
638.9	6.207	23.65
638.9	6.257	23.87
638.9	6.307	24.09
638.9	6.357	24.31
638.9	6.407	24.53
638.9	6.457	24.74
638.9	6.507	24.97
638.9	6.557	25.19
638.9	6.607	25.41
638.9	6.658	25.63
638.9	6.708	25.85
638.9	6.758	26.08
638.9	6.808	26.3
638.9	6.858	26.52
638.9	6.908	26.75
638.9	6.958	26.97
638.9	7.008	27.2
638.9	7.058	27.43
638.9	7.108	27.65
638.9	7.158	27.88
638.9	7.208	28.11
638.9	7.258	28.34
638.9	7.308	28.57
638.9	7.358	28.8
638.9	7.408	29.03
638.9	7.458	29.26
638.9	7.508	29.5
638.9	7.558	29.73
638.9	7.608	29.96
638.9	7.659	30.2
638.9	7.709	30.43
638.9	7.759	30.67
638.9	7.809	30.9
638.9	7.859	31.14
638.9	7.909	31.38
638.9	7.959	31.62
638.9	8.009	31.86
638.9	8.059	32.1
638.9	8.109	32.34
638.9	8.159	32.58
638.9	8.209	32.82
638.9	8.259	33.06
638.9	8.309	33.31
638.9	8.359	33.55
638.9	8.409	33.8
638.9	8.459	34.04
638.9	8.509	34.29
638.9	8.559	34.53
638.9	8.609	34.78
638.9	8.659	35.03
638.9	8.71	35.28
638.9	8.76	35.53
638.9	8.81	35.78
638.9	8.86	36.03
638.9	8.91	36.29
638.9	8.96	36.54
638.9	9.01	36.79
638.9	9.06	37.05
638.9	9.11	37.3
638.9	9.16	37.56
638.9	9.21	37.82
638.9	9.26	38.08
638.9	9.31	38.34
638.9	9.36	38.6
638.9	9.41	38.86
638.9	9.46	39.12
638.9	9.51	39.38
638.9	9.56	39.65
638.9	9.61	39.91
638.9	9.66	40.18
638.9	9.711	40.44
638.9	9.761	40.71
638.9	9.811	40.98
638.9	9.861	41.25
638.9	9.911	41.52
638.9	9.961	41.79
638.9	10.01	42.06
638.9	10.06	42.33
638.9	10.11	42.61
638.9	10.16	42.88
638.9	10.21	43.16
638.9	10.26	43.44
638.9	10.31	43.71
638.9	10.36	43.99
638.9	10.41	44.27
638.9	10.46	44.55
638.9	10.51	44.84
638.9	10.56	45.12
638.9	10.61	45.4
638.9	10.66	45.69
638.9	10.71	45.97
638.9	10.76	46.26
638.9	10.81	46.55
638.9	10.86	46.84
638.9	10.91	47.13
638.9	10.96	47.42
638.9	11.01	47.72
638.9	11.06	48.01
638.9	11.11	48.31
638.9	11.16	48.6
638.9	11.21	48.9
638.9	11.26	49.2
638.9	11.31	49.5
638.9	11.36	49.8
638.9	11.41	50.11
638.9	11.46	50.41
638.9	11.51	50.72
638.9	11.56	51.02
638.9	11.61	51.33
638.9	11.66	51.64
638.9	11.71	51.95
638.9	11.76	52.26
638.9	11.81	52.58
638.9	11.86	52.89
638.9	11.91	53.21
638.9	11.96	53.52
638.9	12.01	53.84
638.9	12.06	54.16
638.9	12.11	54.49
638.9	12.16	54.81
638.9	12.21	55.13
638.9	12.26	55.46
638.9	12.31	55.79
638.9	12.36	56.12
638.9	12.41	56.45
638.9	12.46	56.78
638.9	12.51	57.12
638.9	12.56	57.45
638.9	12.61	57.79
638.9	12.66	58.13
638.9	12.71	58.47
638.9	12.76	58.81
638.9	12.81	59.15
638.9	12.86	59.5
638.9	12.91	59.85
638.9	12.96	60.2
638.9	13.01	60.55
638.9	13.06	60.9
638.9	13.11	61.25
638.9	13.16	61.61
638.9	13.21	61.97
638.9	13.26	62.33
638.9	13.31	62.69
638.9	13.36	63.06
638.9	13.41	63.42
638.9	13.46	63.79
638.9	13.51	64.16
638.9	13.56	64.53
638.9	13.61	64.91
638.9	13.66	65.28
638.9	13.71	65.66
638.9	13.76	66.04
638.9	13.81	66.42
638.9	13.86	66.81
638.9	13.91	67.2
638.9	13.96	67.58
638.9	14.01	67.98
638.9	14.06	68.37
638.9	14.11	68.77
638.9	14.16	69.17
638.9	14.21	69.57
638.9	14.26	69.97
638.9	14.32	70.38
638.9	14.37	70.79
638.9	14.42	71.2
638.9	14.47	71.61
638.9	14.52	72.03
638.9	14.57	72.45
638.9	14.62	72.87
638.9	14.67	73.29
638.9	14.72	73.72
638.9	14.77	74.15
638.9	14.82	74.59
638.9	14.87	75.02
638.9	14.92	75.46
638.9	14.97	75.9
638.9	15.02	76.35
638.9	15.07	76.8
638.9	15.12	77.25
638.9	15.17	77.71
638.9	15.22	78.17
638.9	15.27	78.63
638.9	15.32	79.09
638.9	15.37	79.56
638.9	15.42	80.03
638.9	15.47	80.51
638.9	15.52	80.99
638.9	15.57	81.47
638.9	15.62	81.96
638.9	15.67	82.45
638.9	15.72	82.95
638.9	15.77	83.45
638.9	15.82	83.95
638.9	15.87	84.46
638.9	15.92	84.97
638.9	15.97	85.49
638.9	16.02	86.01
638.9	16.07	86.53
638.9	16.12	87.06
638.9	16.17	87.6
638.9	16.22	88.14
638.9	16.27	88.68
638.9	16.32	89.23
638.9	16.37	89.78
638.9	16.42	90.34
638.9	16.47	90.91
638.9	16.52	91.48
638.9	16.57	92.06
638.9	16.62	92.64
638.9	16.67	93.23
638.9	16.72	93.82
638.9	16.77	94.42
638.9	16.82	95.03
638.9	16.87	95.64
638.9	16.92	96.26
638.9	16.97	96.89
638.9	17.02	97.52
638.9	17.07	98.16
638.9	17.12	98.81
638.9	17.17	99.46
638.9	17.22	100.1
638.9	17.27	100.8
638.9	17.32	101.5
638.9	17.37	102.2
638.9	17.42	102.9
638.9	17.47	103.6
638.9	17.52	104.3
638.9	17.57	105
638.9	17.62	105.7
638.9	17.67	106.5
638.9	17.72	107.2
638.9	17.77	108
638.9	17.82	108.8
638.9	17.87	109.6
638.9	17.92	110.4
638.9	17.97	111.2
638.9	18.02	112
638.9	18.07	112.8
638.9	18.12	113.7
638.9	18.17	114.6
638.9	18.22	115.4
638.9	18.27	116.3
638.9	18.32	117.2
638.9	18.37	118.2
638.9	18.42	119.1
638.9	18.47	120.1
638.9	18.52	121.1
638.9	18.57	122.1
638.9	18.62	123.1
638.9	18.67	124.1
638.9	18.72	125.2
638.9	18.77	126.3
638.9	18.82	127.4
638.9	18.87	128.6
638.9	18.92	129.8
638.9	18.97	131
638.9	19.02	132.2
638.9	19.07	133.5
638.9	19.12	134.8
638.9	19.17	136.2
638.9	19.22	137.5
638.9	19.27	139
638.9	19.32	140.5
638.9	19.37	142
638.9	19.42	143.7
638.9	19.47	145.3
638.9	19.52	147.1
638.9	19.57	148.9
638.9	19.62	150.8
638.9	19.67	152.9
638.9	19.72	155
638.9	19.77	157.3
638.9	19.82	159.8
638.9	19.87	162.4
638.9	19.92	165.3
638.9	19.97	168.5
638.9	20.02	491.1
638.9	20.07	492.9
638.9	20.12	494.7
638.9	20.17	496.3
638.9	20.22	497.9
638.9	20.27	499.4
638.9	20.32	500.8
638.9	20.37	502.2
638.9	20.42	503.5
638.9	20.47	504.8
638.9	20.52	506.1
638.9	20.57	507.3
638.9	20.62	508.5
638.9	20.67	509.7
638.9	20.72	510.8
638.9	20.77	511.9
638.9	20.82	512.9
638.9	20.87	514
638.9	20.92	515
638.9	20.97	516
638.9	21.02	517
638.9	21.07	517.9
638.9	21.12	518.8
638.9	21.17	519.7
638.9	21.22	520.6
638.9	21.27	521.5
638.9	21.32	522.4
638.9	21.37	523.2
638.9	21.42	524.1
638.9	21.47	524.9
638.9	21.52	525.7
638.9	21.57	526.5
638.9	21.62	527.2
638.9	21.67	528
638.9	21.72	528.8
638.9	21.77	529.5
638.9	21.82	530.2
638.9	21.87	531
638.9	21.92	531.7
638.9	21.97	532.4
638.9	22.02	533.1
638.9	22.07	533.7
638.9	22.12	534.4
638.9	22.17	535.1
638.9	22.22	535.7
638.9	22.27	536.4
638.9	22.32	537
638.9	22.37	537.6
638.9	22.42	538.3
638.9	22.47	538.9
638.9	22.52	539.5
638.9	22.57	540.1
638.9	22.62	540.7
638.9	22.67	541.3
638.9	22.72	541.9
638.9	22.77	542.5
638.9	22.82	543
638.9	22.87	543.6
638.9	22.92	544.1
638.9	22.97	544.7
638.9	23.02	545.3
638.9	23.07	545.8
638.9	23.12	546.3
638.9	23.17	546.9
638.9	23.22	547.4
638.9	23.27	547.9
638.9	23.32	548.4
638.9	23.37	549
638.9	23.42	549.5
638.9	23.47	550
638.9	23.52	550.5
638.9	23.57	551
638.9	23.62	551.5
638.9	23.67	551.9
638.9	23.72	552.4
638.9	23.77	552.9
638.9	23.82	553.4
638.9	23.87	553.9
638.9	23.92	554.3
638.9	23.97	554.8
638.9	24.02	555.2
638.9	24.07	555.7
638.9	24.12	556.2
638.9	24.17	556.6
638.9	24.22	557.1
638.9	24.27	557.5
638.9	24.32	557.9
638.9	24.37	558.4
638.9	24.42	558.8
638.9	24.47	559.2
638.9	24.53	559.7
638.9	24.58	560.1
638.9	24.63	560.5
638.9	24.68	560.9
638.9	24.73	561.4
638.9	24.78	561.8
638.9	24.83	562.2
638.9	24.88	562.6
638.9	24.93	563
638.9	24.98	563.4
638.9	25.03	563.8
638.9	25.08	564.2
638.9	25.13	564.6
638.9	25.18	565
638.9	25.23	565.4
638.9	25.28	565.8
638.9	25.33	566.2
638.9	25.38	566.5
638.9	25.43	566.9
638.9	25.48	567.3
638.9	25.53	567.7
638.9	25.58	568.1
638.9	25.63	568.4
638.9	25.68	568.8
638.9	25.73	569.2
638.9	25.78	569.5
638.9	25.83	569.9
638.9	25.88	570.3
638.9	25.93	570.6
638.9	25.98	571
638.9	26.03	571.3
638.9	26.08	571.7
638.9	26.13	572
638.9	26.18	572.4
638.9	26.23	572.7
638.9	26.28	573.1
638.9	26.33	573.4
638.9	26.38	573.8
638.9	26.43	574.1
638.9	26.48	574.5
638.9	26.53	574.8
638.9	26.58	575.1
638.9	26.63	575.5
638.9	26.68	575.8
638.9	26.73	576.1
638.9	26.78	576.5
638.9	26.83	576.8
638.9	26.88	577.1
638.9	26.93	577.5
638.9	26.98	577.8
638.9	27.03	578.1
638.9	27.08	578.4
638.9	27.13	578.7
638.9	27.18	579.1
638.9	27.23	579.4
638.9	27.28	579.7
638.9	27.33	580
638.9	27.38	580.3
638.9	27.43	580.6
638.9	27.48	580.9
638.9	27.53	581.2
638.9	27.58	581.6
638.9	27.63	581.9
638.9	27.68	582.2
638.9	27.73	582.5
638.9	27.78	582.8
638.9	27.83	583.1
638.9	27.88	583.4
638.9	27.93	583.7
638.9	27.98	584
638.9	28.03	584.3
638.9	28.08	584.5
638.9	28.13	584.8
638.9	28.18	585.1
638.9	28.23	585.4
638.9	28.28	585.7
638.9	28.33	586
638.9	28.38	586.3
638.9	28.43	586.6
638.9	28.48	586.9
638.9	28.53	587.1
638.9	28.58	587.4
638.9	28.63	587.7
638.9	28.68	588
638.9	28.73	588.3
638.9	28.78	588.5
638.9	28.83	588.8
638.9	28.88	589.1
638.9	28.93	589.4
638.9	28.98	589.6
638.9	29.03	589.9
638.9	29.08	590.2
638.9	29.13	590.5
638.9	29.18	590.7
638.9	29.23	591
638.9	29.28	591.3
638.9	29.33	591.5
638.9	29.38	591.8
638.9	29.43	592.1
638.9	29.48	592.3
638.9	29.53	592.6
638.9	29.58	592.9
638.9	29.63	593.1
638.9	29.68	593.4
638.9	29.73	593.6
638.9	29.78	593.9
638.9	29.83	594.2
638.9	29.88	594.4
638.9	29.93	594.7
638.9	29.98	594.9
638.9	30.03	595.2
638.9	30.08	595.4
638.9	30.13	595.7
638.9	30.18	595.9
638.9	30.23	596.2
638.9	30.28	596.4
638.9	30.33	596.7
638.9	30.38	596.9
638.9	30.43	597.2
638.9	30.48	597.4
638.9	30.53	597.7
638.9	30.58	597.9
638.9	30.63	598.2
638.9	30.68	598.4
638.9	30.73	598.7
638.9	30.78	598.9
638.9	30.83	599.1
638.9	30.88	599.4
638.9	30.93	599.6
638.9	30.98	599.9
638.9	31.03	600.1
638.9	31.08	600.3
638.9	31.13	600.6
638.9	31.18	600.8
638.9	31.23	601
638.9	31.28	601.3
638.9	31.33	601.5
638.9	31.38	601.7
638.9	31.43	602
638.9	31.48	602.2
638.9	31.53	602.4
638.9	31.58	602.7
638.9	31.63	602.9
638.9	31.68	603.1
638.9	31.73	603.4
638.9	31.78	603.6
638.9	31.83	603.8
638.9	31.88	604
638.9	31.93	604.3
638.9	31.98	604.5
638.9	32.03	604.7
638.9	32.08	604.9
638.9	32.13	605.2
638.9	32.18	605.4
638.9	32.23	605.6
638.9	32.28	605.8
638.9	32.33	606
638.9	32.38	606.3
638.9	32.43	606.5
638.9	32.48	606.7
638.9	32.53	606.9
638.9	32.58	607.1
638.9	32.63	607.4
638.9	32.68	607.6
638.9	32.73	607.8
638.9	32.78	608
638.9	32.83	608.2
638.9	32.88	608.4
638.9	32.93	608.7
638.9	32.98	608.9
638.9	33.03	609.1
638.9	33.08	609.3
638.9	33.13	609.5
638.9	33.18	609.7
638.9	33.23	609.9
638.9	33.28	610.1
638.9	33.33	610.3
638.9	33.38	610.6
638.9	33.43	610.8
638.9	33.48	611
638.9	33.53	611.2
638.9	33.58	611.4
638.9	33.63	611.6
638.9	33.68	611.8
638.9	33.73	612
638.9	33.78	612.2
638.9	33.83	612.4
638.9	33.88	612.6
638.9	33.93	612.8
638.9	33.98	613
638.9	34.03	613.2
638.9	34.08	613.4
638.9	34.13	613.6
638.9	34.18	613.8
638.9	34.23	614
638.9	34.28	614.2
638.9	34.33	614.4
638.9	34.38	614.6
638.9	34.43	614.8
638.9	34.48	615
638.9	34.53	615.2
638.9	34.58	615.4
638.9	34.63	615.6
638.9	34.68	615.8
638.9	34.74	616
638.9	34.79	616.2
638.9	34.84	616.4
638.9	34.89	616.6
638.9	34.94	616.8
638.9	34.99	617
638.9	35.04	617.2
638.9	35.09	617.4
638.9	35.14	617.5
638.9	35.19	617.7
638.9	35.24	617.9
638.9	35.29	618.1
638.9	35.34	618.3
638.9	35.39	618.5
638.9	35.44	618.7
638.9	35.49	618.9
638.9	35.54	619.1
638.9	35.59	619.3
638.9	35.64	619.4
638.9	35.69	619.6
638.9	35.74	619.8
638.9	35.79	620
638.9	35.84	620.2
638.9	35.89	620.4
638.9	35.94	620.6
638.9	35.99	620.7
638.9	36.04	620.9
638.9	36.09	621.1
638.9	36.14	621.3
638.9	36.19	621.5
638.9	36.24	621.7
638.9	36.29	621.8
638.9	36.34	622
638.9	36.39	622.2
638.9	36.44	622.4
638.9	36.49	622.6
638.9	36.54	622.8
638.9	36.59	622.9
638.9	36.64	623.1
638.9	36.69	623.3
638.9	36.74	623.5
638.9	36.79	623.6
638.9	36.84	623.8
638.9	36.89	624
638.9	36.94	624.2
638.9	36.99	624.4
638.9	37.04	624.5
638.9	37.09	624.7
638.9	37.14	624.9
638.9	37.19	625.1
638.9	37.24	625.2
638.9	37.29	625.4
638.9	37.34	625.6
638.9	37.39	625.8
638.9	37.44	625.9
638.9	37.49	626.1
638.9	37.54	626.3
638.9	37.59	626.5
638.9	37.64	626.6
638.9	37.69	626.8
638.9	37.74	627
638.9	37.79	627.1
638.9	37.84	627.3
638.9	37.89	627.5
638.9	37.94	627.7
638.9	37.99	627.8
638.9	38.04	628
638.9	38.09	628.2
638.9	38.14	628.3
638.9	38.19	628.5
638.9	38.24	628.7
638.9	38.29	628.8
638.9	38.34	629
638.9	38.39	629.2
638.9	38.44	629.3
638.9	38.49	629.5
638.9	38.54	629.7
638.9	38.59	629.8
638.9	38.64	630
638.9	38.69	630.2
638.9	38.74	630.3
638.9	38.79	630.5
638.9	38.84	630.7
638.9	38.89	630.8
638.9	38.94	631
638.9	38.99	631.2
638.9	39.04	631.3
638.9	39.09	631.5
638.9	39.14	631.7
638.9	39.19	631.8
638.9	39.24	632
638.9	39.29	632.1
638.9	39.34	632.3
638.9	39.39	632.5
638.9	39.44	632.6
638.9	39.49	632.8
638.9	39.54	632.9
638.9	39.59	633.1
638.9	39.64	633.3
638.9	39.69	633.4
638.9	39.74	633.6
638.9	39.79	633.7
638.9	39.84	633.9
638.9	39.89	634.1
638.9	39.94	634.2
638.9	39.99	634.4
638.9	40.04	634.5
638.9	40.09	634.7
638.9	40.14	634.9
638.9	40.19	635
638.9	40.24	635.2
638.9	40.29	635.3
638.9	40.34	635.5
638.9	40.39	635.6
638.9	40.44	635.8
638.9	40.49	635.9
638.9	40.54	636.1
638.9	40.59	636.3
638.9	40.64	636.4
638.9	40.69	636.6
638.9	40.74	636.7
638.9	40.79	636.9
638.9	40.84	637
638.9	40.89	637.2
638.9	40.94	637.3
638.9	40.99	637.5
638.9	41.04	637.6
638.9	41.09	637.8
638.9	41.14	637.9
638.9	41.19	638.1
638.9	41.24	638.2
638.9	41.29	638.4
638.9	41.34	638.5
638.9	41.39	638.7
638.9	41.44	638.8
638.9	41.49	639
638.9	41.54	639.1
638.9	41.59	639.3
638.9	41.64	639.4
638.9	41.69	639.6
638.9	41.74	639.7
638.9	41.79	639.9
638.9	41.84	640
638.9	41.89	640.2
638.9	41.94	640.3
638.9	41.99	640.5
638.9	42.04	640.6
638.9	42.09	640.8
638.9	42.14	640.9
638.9	42.19	641.1
638.9	42.24	641.2
638.9	42.29	641.4
638.9	42.34	641.5
638.9	42.39	641.7
638.9	42.44	641.8
638.9	42.49	641.9
638.9	42.54	642.1
638.9	42.59	642.2
638.9	42.64	642.4
638.9	42.69	642.5
638.9	42.74	642.7
638.9	42.79	642.8
638.9	42.84	643
638.9	42.89	643.1
638.9	42.94	643.2
638.9	42.99	643.4
638.9	43.04	643.5
638.9	43.09	643.7
638.9	43.14	643.8
638.9	43.19	644
638.9	43.24	644.1
638.9	43.29	644.2
638.9	43.34	644.4
638.9	43.39	644.5
638.9	43.44	644.7
638.9	43.49	644.8
638.9	43.54	644.9
638.9	43.59	645.1
638.9	43.64	645.2
638.9	43.69	645.4
638.9	43.74	645.5
638.9	43.79	645.6
638.9	43.84	645.8
638.9	43.89	645.9
638.9	43.94	646.1
638.9	43.99	646.2
638.9	44.04	646.3
638.9	44.09	646.5
638.9	44.14	646.6
638.9	44.19	646.8
638.9	44.24	646.9
638.9	44.29	647
638.9	44.34	647.2
638.9	44.39	647.3
638.9	44.44	647.4
638.9	44.49	647.6
638.9	44.54	647.7
638.9	44.59	647.9
638.9	44.64	648
638.9	44.69	648.1
638.9	44.74	648.3
638.9	44.79	648.4
638.9	44.84	648.5
638.9	44.89	648.7
638.9	44.95	648.8
638.9	45	648.9
638.9	45.05	649.1
638.9	45.1	649.2
638.9	45.15	649.3
638.9	45.2	649.5
638.9	45.25	649.6
638.9	45.3	649.7
638.9	45.35	649.9
638.9	45.4	650
638.9	45.45	650.1
638.9	45.5	650.3
638.9	45.55	650.4
638.9	45.6	650.5
638.9	45.65	650.7
638.9	45.7	650.8
638.9	45.75	650.9
638.9	45.8	651.1
638.9	45.85	651.2
638.9	45.9	651.3
638.9	45.95	651.5
638.9	46	651.6
638.9	46.05	651.7
638.9	46.1	651.9
638.9	46.15	652
638.9	46.2	652.1
638.9	46.25	652.3
638.9	46.3	652.4
638.9	46.35	652.5
638.9	46.4	652.6
638.9	46.45	652.8
638.9	46.5	652.9
638.9	46.55	653
638.9	46.6	653.2
638.9	46.65	653.3
638.9	46.7	653.4
638.9	46.75	653.5
638.9	46.8	653.7
638.9	46.85	653.8
638.9	46.9	653.9
638.9	46.95	654.1
638.9	47	654.2
638.9	47.05	654.3
638.9	47.1	654.4
638.9	47.15	654.6
638.9	47.2	654.7
638.9	47.25	654.8
638.9	47.3	654.9
638.9	47.35	655.1
638.9	47.4	655.2
638.9	47.45	655.3
638.9	47.5	655.5
638.9	47.55	655.6
638.9	47.6	655.7
638.9	47.65	655.8
638.9	47.7	656
638.9	47.75	656.1
638.9	47.8	656.2
638.9	47.85	656.3
638.9	47.9	656.5
638.9	47.95	656.6
638.9	48	656.7
638.9	48.05	656.8
638.9	48.1	657
638.9	48.15	657.1
638.9	48.2	657.2
638.9	48.25	657.3
638.9	48.3	657.4
638.9	48.35	657.6
638.9	48.4	657.7
638.9	48.45	657.8
638.9	48.5	657.9
638.9	48.55	658.1
638.9	48.6	658.2
638.9	48.65	658.3
638.9	48.7	658.4
638.9	48.75	658.6
638.9	48.8	658.7
638.9	48.85	658.8
638.9	48.9	658.9
638.9	48.95	659
638.9	49	659.2
638.9	49.05	659.3
638.9	49.1	659.4
638.9	49.15	659.5
638.9	49.2	659.6
638.9	49.25	659.8
638.9	49.3	659.9
638.9	49.35	660
638.9	49.4	660.1
638.9	49.45	660.2
638.9	49.5	660.4
638.9	49.55	660.5
638.9	49.6	660.6
638.9	49.65	660.7
638.9	49.7	660.8
638.9	49.75	661
638.9	49.8	661.1
638.9	49.85	661.2
638.9	49.9	661.3
638.9	49.95	661.4
638.9	50	661.6
656.6	0.001	0.0033
656.6	0.05105	0.1686
656.6	0.1011	0.3341
656.6	0.1511	0.4999
656.6	0.2012	0.6659
656.6	0.2512	0.8321
656.6	0.3013	0.9986
656.6	0.3513	1.165
656.6	0.4014	1.332
656.6	0.4514	1.5
656.6	0.5015	1.667
656.6	0.5515	1.835
656.6	0.6016	2.003
656.6	0.6516	2.171
656.6	0.7017	2.339
656.6	0.7517	2.508
656.6	0.8018	2.677
656.6	0.8518	2.846
656.6	0.9019	3.016
656.6	0.9519	3.185
656.6	1.002	3.355
656.6	1.052	3.525
656.6	1.102	3.696
656.6	1.152	3.867
656.6	1.202	4.038
656.6	1.252	4.209
656.6	1.302	4.38
656.6	1.352	4.552
656.6	1.402	4.724
656.6	1.452	4.897
656.6	1.502	5.069
656.6	1.553	5.242
656.6	1.603	5.415
656.6	1.653	5.588
656.6	1.703	5.762
656.6	1.753	5.936
656.6	1.803	6.11
656.6	1.853	6.285
656.6	1.903	6.46
656.6	1.953	6.635
656.6	2.003	6.81
656.6	2.053	6.986
656.6	2.103	7.161
656.6	2.153	7.338
656.6	2.203	7.514
656.6	2.253	7.691
656.6	2.303	7.868
656.6	2.353	8.045
656.6	2.403	8.223
656.6	2.453	8.401
656.6	2.503	8.579
656.6	2.554	8.757
656.6	2.604	8.936
656.6	2.654	9.115
656.6	2.704	9.295
656.6	2.754	9.474
656.6	2.804	9.654
656.6	2.854	9.835
656.6	2.904	10.02
656.6	2.954	10.2
656.6	3.004	10.38
656.6	3.054	10.56
656.6	3.104	10.74
656.6	3.154	10.92
656.6	3.204	11.11
656.6	3.254	11.29
656.6	3.304	11.47
656.6	3.354	11.65
656.6	3.404	11.84
656.6	3.454	12.02
656.6	3.504	12.21
656.6	3.554	12.39
656.6	3.605	12.58
656.6	3.655	12.76
656.6	3.705	12.95
656.6	3.755	13.13
656.6	3.805	13.32
656.6	3.855	13.51
656.6	3.905	13.69
656.6	3.955	13.88
656.6	4.005	14.07
656.6	4.055	14.26
656.6	4.105	14.45
656.6	4.155	14.63
656.6	4.205	14.82
656.6	4.255	15.01
656.6	4.305	15.2
656.6	4.355	15.39
656.6	4.405	15.58
656.6	4.455	15.77
656.6	4.505	15.97
656.6	4.555	16.16
656.6	4.606	16.35
656.6	4.656	16.54
656.6	4.706	16.73
656.6	4.756	16.93
656.6	4.806	17.12
656.6	4.856	17.31
656.6	4.906	17.51
656.6	4.956	17.7
656.6	5.006	17.9
656.6	5.056	18.09
656.6	5.106	18.29
656.6	5.156	18.48
656.6	5.206	18.68
656.6	5.256	18.88
656.6	5.306	19.08
656.6	5.356	19.27
656.6	5.406	19.47
656.6	5.456	19.67
656.6	5.506	19.87
656.6	5.556	20.07
656.6	5.606	20.27
656.6	5.657	20.47
656.6	5.707	20.67
656.6	5.757	20.87
656.6	5.807	21.07
656.6	5.857	21.27
656.6	5.907	21.47
656.6	5.957	21.68
656.6	6.007	21.88
656.6	6.057	22.08
656.6	6.107	22.29
656.6	6.157	22.49
656.6	6.207	22.69
656.6	6.257	22.9
656.6	6.307	23.1
656.6	6.357	23.31
656.6	6.407	23.52
656.6	6.457	23.72
656.6	6.507	23.93
656.6	6.557	24.14
656.6	6.607	24.35
656.6	6.658	24.56
656.6	6.708	24.76
656.6	6.758	24.97
656.6	6.808	25.18
656.6	6.858	25.39
656.6	6.908	25.61
656.6	6.958	25.82
656.6	7.008	26.03
656.6	7.058	26.24
656.6	7.108	26.45
656.6	7.158	26.67
656.6	7.208	26.88
656.6	7.258	27.09
656.6	7.308	27.31
656.6	7.358	27.52
656.6	7.408	27.74
656.6	7.458	27.96
656.6	7.508	28.17
656.6	7.558	28.39
656.6	7.608	28.61
656.6	7.659	28.83
656.6	7.709	29.05
656.6	7.759	29.26
656.6	7.809	29.48
656.6	7.859	29.7
656.6	7.909	29.93
656.6	7.959	30.15
656.6	8.009	30.37
656.6	8.059	30.59
656.6	8.109	30.81
656.6	8.159	31.04
656.6	8.209	31.26
656.6	8.259	31.49
656.6	8.309	31.71
656.6	8.359	31.94
656.6	8.409	32.16
656.6	8.459	32.39
656.6	8.509	32.62
656.6	8.559	32.84
656.6	8.609	33.07
656.6	8.659	33.3
656.6	8.71	33.53
656.6	8.76	33.76
656.6	8.81	33.99
656.6	8.86	34.22
656.6	8.91	34.46
656.6	8.96	34.69
656.6	9.01	34.92
656.6	9.06	35.16
656.6	9.11	35.39
656.6	9.16	35.62
656.6	9.21	35.86
656.6	9.26	36.1
656.6	9.31	36.33
656.6	9.36	36.57
656.6	9.41	36.81
656.6	9.46	37.05
656.6	9.51	37.29
656.6	9.56	37.53
656.6	9.61	37.77
656.6	9.66	38.01
656.6	9.711	38.25
656.6	9.761	38.49
656.6	9.811	38.74
656.6	9.861	38.98
656.6	9.911	39.23
656.6	9.961	39.47
656.6	10.01	39.72
656.6	10.06	39.96
656.6	10.11	40.21
656.6	10.16	40.46
656.6	10.21	40.71
656.6	10.26	40.96
656.6	10.31	41.21
656.6	10.36	41.46
656.6	10.41	41.71
656.6	10.46	41.96
656.6	10.51	42.22
656.6	10.56	42.47
656.6	10.61	42.72
656.6	10.66	42.98
656.6	10.71	43.24
656.6	10.76	43.49
656.6	10.81	43.75
656.6	10.86	44.01
656.6	10.91	44.27
656.6	10.96	44.53
656.6	11.01	44.79
656.6	11.06	45.05
656.6	11.11	45.31
656.6	11.16	45.58
656.6	11.21	45.84
656.6	11.26	46.11
656.6	11.31	46.37
656.6	11.36	46.64
656.6	11.41	46.91
656.6	11.46	47.17
656.6	11.51	47.44
656.6	11.56	47.71
656.6	11.61	47.98
656.6	11.66	48.25
656.6	11.71	48.53
656.6	11.76	48.8
656.6	11.81	49.08
656.6	11.86	49.35
656.6	11.91	49.63
656.6	11.96	49.9
656.6	12.01	50.18
656.6	12.06	50.46
656.6	12.11	50.74
656.6	12.16	51.02
656.6	12.21	51.3
656.6	12.26	51.59
656.6	12.31	51.87
656.6	12.36	52.15
656.6	12.41	52.44
656.6	12.46	52.73
656.6	12.51	53.01
656.6	12.56	53.3
656.6	12.61	53.59
656.6	12.66	53.88
656.6	12.71	54.17
656.6	12.76	54.47
656.6	12.81	54.76
656.6	12.86	55.05
656.6	12.91	55.35
656.6	12.96	55.65
656.6	13.01	55.95
656.6	13.06	56.24
656.6	13.11	56.54
656.6	13.16	56.85
656.6	13.21	57.15
656.6	13.26	57.45
656.6	13.31	57.76
656.6	13.36	58.06
656.6	13.41	58.37
656.6	13.46	58.68
656.6	13.51	58.99
656.6	13.56	59.3
656.6	13.61	59.61
656.6	13.66	59.92
656.6	13.71	60.24
656.6	13.76	60.55
656.6	13.81	60.87
656.6	13.86	61.19
656.6	13.91	61.51
656.6	13.96	61.83
656.6	14.01	62.15
656.6	14.06	62.47
656.6	14.11	62.8
656.6	14.16	63.12
656.6	14.21	63.45
656.6	14.26	63.78
656.6	14.32	64.11
656.6	14.37	64.44
656.6	14.42	64.77
656.6	14.47	65.1
656.6	14.52	65.44
656.6	14.57	65.78
656.6	14.62	66.12
656.6	14.67	66.45
656.6	14.72	66.8
656.6	14.77	67.14
656.6	14.82	67.48
656.6	14.87	67.83
656.6	14.92	68.18
656.6	14.97	68.53
656.6	15.02	68.88
656.6	15.07	69.23
656.6	15.12	69.58
656.6	15.17	69.94
656.6	15.22	70.29
656.6	15.27	70.65
656.6	15.32	71.01
656.6	15.37	71.37
656.6	15.42	71.74
656.6	15.47	72.1
656.6	15.52	72.47
656.6	15.57	72.84
656.6	15.62	73.21
656.6	15.67	73.58
656.6	15.72	73.96
656.6	15.77	74.33
656.6	15.82	74.71
656.6	15.87	75.09
656.6	15.92	75.47
656.6	15.97	75.86
656.6	16.02	76.24
656.6	16.07	76.63
656.6	16.12	77.02
656.6	16.17	77.41
656.6	16.22	77.81
656.6	16.27	78.2
656.6	16.32	78.6
656.6	16.37	79
656.6	16.42	79.4
656.6	16.47	79.81
656.6	16.52	80.21
656.6	16.57	80.62
656.6	16.62	81.03
656.6	16.67	81.45
656.6	16.72	81.86
656.6	16.77	82.28
656.6	16.82	82.7
656.6	16.87	83.12
656.6	16.92	83.55
656.6	16.97	83.98
656.6	17.02	84.41
656.6	17.07	84.84
656.6	17.12	85.27
656.6	17.17	85.71
656.6	17.22	86.15
656.6	17.27	86.59
656.6	17.32	87.04
656.6	17.37	87.49
656.6	17.42	87.94
656.6	17.47	88.39
656.6	17.52	88.85
656.6	17.57	89.31
656.6	17.62	89.77
656.6	17.67	90.24
656.6	17.72	90.71
656.6	17.77	91.18
656.6	17.82	91.65
656.6	17.87	92.13
656.6	17.92	92.61
656.6	17.97	93.1
656.6	18.02	93.58
656.6	18.07	94.07
656.6	18.12	94.57
656.6	18.17	95.07
656.6	18.22	95.57
656.6	18.27	96.07
656.6	18.32	96.58
656.6	18.37	97.09
656.6	18.42	97.61
656.6	18.47	98.13
656.6	18.52	98.65
656.6	18.57	99.18
656.6	18.62	99.71
656.6	18.67	100.2
656.6	18.72	100.8
656.6	18.77	101.3
656.6	18.82	101.9
656.6	18.87	102.4
656.6	18.92	103
656.6	18.97	103.5
656.6	19.02	104.1
656.6	19.07	104.7
656.6	19.12	105.2
656.6	19.17	105.8
656.6	19.22	106.4
656.6	19.27	107
656.6	19.32	107.6
656.6	19.37	108.2
656.6	19.42	108.8
656.6	19.47	109.4
656.6	19.52	110
656.6	19.57	110.6
656.6	19.62	111.3
656.6	19.67	111.9
656.6	19.72	112.5
656.6	19.77	113.2
656.6	19.82	113.8
656.6	19.87	114.5
656.6	19.92	115.1
656.6	19.97	115.8
656.6	20.02	116.5
656.6	20.07	117.2
656.6	20.12	117.9
656.6	20.17	118.6
656.6	20.22	119.3
656.6	20.27	120
656.6	20.32	120.7
656.6	20.37	121.4
656.6	20.42	122.2
656.6	20.47	122.9
656.6	20.52	123.6
656.6	20.57	124.4
656.6	20.62	125.2
656.6	20.67	125.9
656.6	20.72	126.7
656.6	20.77	127.5
656.6	20.82	128.3
656.6	20.87	129.1
656.6	20.92	130
656.6	20.97	130.8
656.6	21.02	131.7
656.6	21.07	132.5
656.6	21.12	133.4
656.6	21.17	134.3
656.6	21.22	135.1
656.6	21.27	136.1
656.6	21.32	137
656.6	21.37	137.9
656.6	21.42	138.8
656.6	21.47	139.8
656.6	21.52	140.8
656.6	21.57	141.8
656.6	21.62	142.8
656.6	21.67	143.8
656.6	21.72	144.8
656.6	21.77	145.9
656.6	21.82	146.9
656.6	21.87	148
656.6	21.92	149.1
656.6	21.97	150.2
656.6	22.02	151.4
656.6	22.07	152.6
656.6	22.12	153.7
656.6	22.17	155
656.6	22.22	156.2
656.6	22.27	157.5
656.6	22.32	158.7
656.6	22.37	160
656.6	22.42	161.4
656.6	22.47	162.8
656.6	22.52	164.2
656.6	22.57	165.6
656.6	22.62	167.1
656.6	22.67	168.6
656.6	22.72	170.1
656.6	22.77	171.7
656.6	22.82	173.3
656.6	22.87	175
656.6	22.92	176.7
656.6	22.97	178.5
656.6	23.02	180.3
656.6	23.07	182.1
656.6	23.12	184.1
656.6	23.17	186.1
656.6	23.22	188.1
656.6	23.27	190.3
656.6	23.32	192.5
656.6	23.37	194.8
656.6	23.42	197.2
656.6	23.47	199.7
656.6	23.52	202.3
656.6	23.57	205
656.6	23.62	207.8
656.6	23.67	210.8
656.6	23.72	213.9
656.6	23.77	217.2
656.6	23.82	220.7
656.6	23.87	224.3
656.6	23.92	228.2
656.6	23.97	232.4
656.6	24.02	236.8
656.6	24.07	241.5
656.6	24.12	246.6
656.6	24.17	252.1
656.6	24.22	258
656.6	24.27	264.4
656.6	24.32	271.2
656.6	24.37	278.7
656.6	24.42	286.6
656.6	24.47	295.1
656.6	24.53	303.8
656.6	24.58	312.8
656.6	24.63	321.8
656.6	24.68	330.5
656.6	24.73	338.7
656.6	24.78	346.3
656.6	24.83	353.4
656.6	24.88	359.9
656.6	24.93	365.9
656.6	24.98	371.4
656.6	25.03	376.6
656.6	25.08	381.4
656.6	25.13	385.9
656.6	25.18	390.1
656.6	25.23	394.1
656.6	25.28	397.8
656.6	25.33	401.4
656.6	25.38	404.8
656.6	25.43	408
656.6	25.48	411.1
656.6	25.53	414
656.6	25.58	416.9
656.6	25.63	419.6
656.6	25.68	422.1
656.6	25.73	424.6
656.6	25.78	427
656.6	25.83	429.3
656.6	25.88	431.5
656.6	25.93	433.7
656.6	25.98	435.8
656.6	26.03	437.8
656.6	26.08	439.7
656.6	26.13	441.6
656.6	26.18	443.4
656.6	26.23	445.1
656.6	26.28	446.8
656.6	26.33	448.5
656.6	26.38	450.1
656.6	26.43	451.7
656.6	26.48	453.2
656.6	26.53	454.7
656.6	26.58	456.2
656.6	26.63	457.6
656.6	26.68	459
656.6	26.73	460.3
656.6	26.78	461.6
656.6	26.83	462.9
656.6	26.88	464.2
656.6	26.93	465.4
656.6	26.98	466.6
656.6	27.03	467.8
656.6	27.08	469
656.6	27.13	470.1
656.6	27.18	471.2
656.6	27.23	472.3
656.6	27.28	473.4
656.6	27.33	474.5
656.6	27.38	475.5
656.6	27.43	476.5
656.6	27.48	477.6
656.6	27.53	478.5
656.6	27.58	479.5
656.6	27.63	480.5
656.6	27.68	481.4
656.6	27.73	482.4
656.6	27.78	483.3
656.6	27.83	484.2
656.6	27.88	485.1
656.6	27.93	486
656.6	27.98	486.8
656.6	28.03	487.7
656.6	28.08	488.5
656.6	28.13	489.4
656.6	28.18	490.2
656.6	28.23	491
656.6	28.28	491.8
656.6	28.33	492.6
656.6	28.38	493.4
656.6	28.43	494.2
656.6	28.48	494.9
656.6	28.53	495.7
656.6	28.58	496.4
656.6	28.63	497.2
656.6	28.68	497.9
656.6	28.73	498.6
656.6	28.78	499.3
656.6	28.83	500
656.6	28.88	500.7
656.6	28.93	501.4
656.6	28.98	502.1
656.6	29.03	502.8
656.6	29.08	503.5
656.6	29.13	504.1
656.6	29.18	504.8
656.6	29.23	505.4
656.6	29.28	506.1
656.6	29.33	506.7
656.6	29.38	507.4
656.6	29.43	508
656.6	29.48	508.6
656.6	29.53	509.2
656.6	29.58	509.9
656.6	29.63	510.5
656.6	29.68	511.1
656.6	29.73	511.7
656.6	29.78	512.2
656.6	29.83	512.8
656.6	29.88	513.4
656.6	29.93	514
656.6	29.98	514.6
656.6	30.03	515.1
656.6	30.08	515.7
656.6	30.13	516.2
656.6	30.18	516.8
656.6	30.23	517.3
656.6	30.28	517.9
656.6	30.33	518.4
656.6	30.38	519
656.6	30.43	519.5
656.6	30.48	520
656.6	30.53	520.6
656.6	30.58	521.1
656.6	30.63	521.6
656.6	30.68	522.1
656.6	30.73	522.6
656.6	30.78	523.1
656.6	30.83	523.6
656.6	30.88	524.1
656.6	30.93	524.6
656.6	30.98	525.1
656.6	31.03	525.6
656.6	31.08	526.1
656.6	31.13	526.6
656.6	31.18	527.1
656.6	31.23	527.5
656.6	31.28	528
656.6	31.33	528.5
656.6	31.38	528.9
656.6	31.43	529.4
656.6	31.48	529.9
656.6	31.53	530.3
656.6	31.58	530.8
656.6	31.63	531.2
656.6	31.68	531.7
656.6	31.73	532.1
656.6	31.78	532.6
656.6	31.83	533
656.6	31.88	533.4
656.6	31.93	533.9
656.6	31.98	534.3
656.6	32.03	534.7
656.6	32.08	535.2
656.6	32.13	535.6
656.6	32.18	536
656.6	32.23	536.4
656.6	32.28	536.9
656.6	32.33	537.3
656.6	32.38	537.7
656.6	32.43	538.1
656.6	32.48	538.5
656.6	32.53	538.9
656.6	32.58	539.3
656.6	32.63	539.7
656.6	32.68	540.1
656.6	32.73	540.5
656.6	32.78	540.9
656.6	32.83	541.3
656.6	32.88	541.7
656.6	32.93	542.1
656.6	32.98	542.5
656.6	33.03	542.9
656.6	33.08	543.3
656.6	33.13	543.7
656.6	33.18	544
656.6	33.23	544.4
656.6	33.28	544.8
656.6	33.33	545.2
656.6	33.38	545.5
656.6	33.43	545.9
656.6	33.48	546.3
656.6	33.53	546.7
656.6	33.58	547
656.6	33.63	547.4
656.6	33.68	547.7
656.6	33.73	548.1
656.6	33.78	548.5
656.6	33.83	548.8
656.6	33.88	549.2
656.6	33.93	549.5
656.6	33.98	549.9
656.6	34.03	550.2
656.6	34.08	550.6
656.6	34.13	550.9
656.6	34.18	551.3
656.6	34.23	551.6
656.6	34.28	552
656.6	34.33	552.3
656.6	34.38	552.7
656.6	34.43	553
656.6	34.48	553.3
656.6	34.53	553.7
656.6	34.58	554
656.6	34.63	554.3
656.6	34.68	554.7
656.6	34.74	555
656.6	34.79	555.3
656.6	34.84	555.7
656.6	34.89	556
656.6	34.94	556.3
656.6	34.99	556.6
656.6	35.04	556.9
656.6	35.09	557.3
656.6	35.14	557.6
656.6	35.19	557.9
656.6	35.24	558.2
656.6	35.29	558.5
656.6	35.34	558.9
656.6	35.39	559.2
656.6	35.44	559.5
656.6	35.49	559.8
656.6	35.54	560.1
656.6	35.59	560.4
656.6	35.64	560.7
656.6	35.69	561
656.6	35.74	561.3
656.6	35.79	561.6
656.6	35.84	561.9
656.6	35.89	562.2
656.6	35.94	562.5
656.6	35.99	562.8
656.6	36.04	563.1
656.6	36.09	563.4
656.6	36.14	563.7
656.6	36.19	564
656.6	36.24	564.3
656.6	36.29	564.6
656.6	36.34	564.9
656.6	36.39	565.2
656.6	36.44	565.5
656.6	36.49	565.8
656.6	36.54	566.1
656.6	36.59	566.3
656.6	36.64	566.6
656.6	36.69	566.9
656.6	36.74	567.2
656.6	36.79	567.5
656.6	36.84	567.8
656.6	36.89	568
656.6	36.94	568.3
656.6	36.99	568.6
656.6	37.04	568.9
656.6	37.09	569.2
656.6	37.14	569.4
656.6	37.19	569.7
656.6	37.24	570
656.6	37.29	570.3
656.6	37.34	570.5
656.6	37.39	570.8
656.6	37.44	571.1
656.6	37.49	571.3
656.6	37.54	571.6
656.6	37.59	571.9
656.6	37.64	572.2
656.6	37.69	572.4
656.6	37.74	572.7
656.6	37.79	572.9
656.6	37.84	573.2
656.6	37.89	573.5
656.6	37.94	573.7
656.6	37.99	574
656.6	38.04	574.3
656.6	38.09	574.5
656.6	38.14	574.8
656.6	38.19	575
656.6	38.24	575.3
656.6	38.29	575.6
656.6	38.34	575.8
656.6	38.39	576.1
656.6	38.44	576.3
656.6	38.49	576.6
656.6	38.54	576.8
656.6	38.59	577.1
656.6	38.64	577.3
656.6	38.69	577.6
656.6	38.74	577.8
656.6	38.79	578.1
656.6	38.84	578.3
656.6	38.89	578.6
656.6	38.94	578.8
656.6	38.99	579.1
656.6	39.04	579.3
656.6	39.09	579.6
656.6	39.14	579.8
656.6	39.19	580
656.6	39.24	580.3
656.6	39.29	580.5
656.6	39.34	580.8
656.6	39.39	581
656.6	39.44	581.2
656.6	39.49	581.5
656.6	39.54	581.7
656.6	39.59	582
656.6	39.64	582.2
656.6	39.69	582.4
656.6	39.74	582.7
656.6	39.79	582.9
656.6	39.84	583.1
656.6	39.89	583.4
656.6	39.94	583.6
656.6	39.99	583.8
656.6	40.04	584.1
656.6	40.09	584.3
656.6	40.14	584.5
656.6	40.19	584.8
656.6	40.24	585
656.6	40.29	585.2
656.6	40.34	585.5
656.6	40.39	585.7
656.6	40.44	585.9
656.6	40.49	586.1
656.6	40.54	586.4
656.6	40.59	586.6
656.6	40.64	586.8
656.6	40.69	587
656.6	40.74	587.3
656.6	40.79	587.5
656.6	40.84	587.7
656.6	40.89	587.9
656.6	40.94	588.2
656.6	40.99	588.4
656.6	41.04	588.6
656.6	41.09	588.8
656.6	41.14	589
656.6	41.19	589.3
656.6	41.24	589.5
656.6	41.29	589.7
656.6	41.34	589.9
656.6	41.39	590.1
656.6	41.44	590.3
656.6	41.49	590.6
656.6	41.54	590.8
656.6	41.59	591
656.6	41.64	591.2
656.6	41.69	591.4
656.6	41.74	591.6
656.6	41.79	591.8
656.6	41.84	592
656.6	41.89	592.3
656.6	41.94	592.5
656.6	41.99	592.7
656.6	42.04	592.9
656.6	42.09	593.1
656.6	42.14	593.3
656.6	42.19	593.5
656.6	42.24	593.7
656.6	42.29	593.9
656.6	42.34	594.1
656.6	42.39	594.3
656.6	42.44	594.6
656.6	42.49	594.8
656.6	42.54	595
656.6	42.59	595.2
656.6	42.64	595.4
656.6	42.69	595.6
656.6	42.74	595.8
656.6	42.79	596
656.6	42.84	596.2
656.6	42.89	596.4
656.6	42.94	596.6
656.6	42.99	596.8
656.6	43.04	597
656.6	43.09	597.2
656.6	43.14	597.4
656.6	43.19	597.6
656.6	43.24	597.8
656.6	43.29	598
656.6	43.34	598.2
656.6	43.39	598.4
656.6	43.44	598.6
656.6	43.49	598.8
656.6	43.54	599
656.6	43.59	599.2
656.6	43.64	599.4
656.6	43.69	599.6
656.6	43.74	599.8
656.6	43.79	600
656.6	43.84	600.1
656.6	43.89	600.3
656.6	43.94	600.5
656.6	43.99	600.7
656.6	44.04	600.9
656.6	44.09	601.1
656.6	44.14	601.3
656.6	44.19	601.5
656.6	44.24	601.7
656.6	44.29	601.9
656.6	44.34	602.1
656.6	44.39	602.2
656.6	44.44	602.4
656.6	44.49	602.6
656.6	44.54	602.8
656.6	44.59	603
656.6	44.64	603.2
656.6	44.69	603.4
656.6	44.74	603.6
656.6	44.79	603.8
656.6	44.84	603.9
656.6	44.89	604.1
656.6	44.95	604.3
656.6	45	604.5
656.6	45.05	604.7
656.6	45.1	604.9
656.6	45.15	605
656.6	45.2	605.2
656.6	45.25	605.4
656.6	45.3	605.6
656.6	45.35	605.8
656.6	45.4	606
656.6	45.45	606.1
656.6	45.5	606.3
656.6	45.55	606.5
656.6	45.6	606.7
656.6	45.65	606.9
656.6	45.7	607
656.6	45.75	607.2
656.6	45.8	607.4
656.6	45.85	607.6
656.6	45.9	607.8
656.6	45.95	607.9
656.6	46	608.1
656.6	46.05	608.3
656.6	46.1	608.5
656.6	46.15	608.6
656.6	46.2	608.8
656.6	46.25	609
656.6	46.3	609.2
656.6	46.35	609.3
656.6	46.4	609.5
656.6	46.45	609.7
656.6	46.5	609.9
656.6	46.55	610
656.6	46.6	610.2
656.6	46.65	610.4
656.6	46.7	610.6
656.6	46.75	610.7
656.6	46.8	610.9
656.6	46.85	611.1
656.6	46.9	611.3
656.6	46.95	611.4
656.6	47	611.6
656.6	47.05	611.8
656.6	47.1	611.9
656.6	47.15	612.1
656.6	47.2	612.3
656.6	47.25	612.5
656.6	47.3	612.6
656.6	47.35	612.8
656.6	47.4	613
656.6	47.45	613.1
656.6	47.5	613.3
656.6	47.55	613.5
656.6	47.6	613.6
656.6	47.65	613.8
656.6	47.7	614
656.6	47.75	614.1
656.6	47.8	614.3
656.6	47.85	614.5
656.6	47.9	614.6
656.6	47.95	614.8
656.6	48	615
656.6	48.05	615.1
656.6	48.1	615.3
656.6	48.15	615.5
656.6	48.2	615.6
656.6	48.25	615.8
656.6	48.3	615.9
656.6	48.35	616.1
656.6	48.4	616.3
656.6	48.45	616.4
656.6	48.5	616.6
656.6	48.55	616.8
656.6	48.6	616.9
656.6	48.65	617.1
656.6	48.7	617.2
656.6	48.75	617.4
656.6	48.8	617.6
656.6	48.85	617.7
656.6	48.9	617.9
656.6	48.95	618.1
656.6	49	618.2
656.6	49.05	618.4
656.6	49.1	618.5
656.6	49.15	618.7
656.6	49.2	618.8
656.6	49.25	619
656.6	49.3	619.2
656.6	49.35	619.3
656.6	49.4	619.5
656.6	49.45	619.6
656.6	49.5	619.8
656.6	49.55	620
656.6	49.6	620.1
656.6	49.65	620.3
656.6	49.7	620.4
656.6	49.75	620.6
656.6	49.8	620.7
656.6	49.85	620.9
656.6	49.9	621
656.6	49.95	621.2
656.6	50	621.4
674.2	0.001	0.003214
674.2	0.05105	0.1642
674.2	0.1011	0.3253
674.2	0.1511	0.4867
674.2	0.2012	0.6482
674.2	0.2512	0.81
674.2	0.3013	0.972
674.2	0.3513	1.134
674.2	0.4014	1.297
674.2	0.4514	1.459
674.2	0.5015	1.622
674.2	0.5515	1.785
674.2	0.6016	1.948
674.2	0.6516	2.112
674.2	0.7017	2.276
674.2	0.7517	2.44
674.2	0.8018	2.604
674.2	0.8518	2.768
674.2	0.9019	2.933
674.2	0.9519	3.097
674.2	1.002	3.262
674.2	1.052	3.428
674.2	1.102	3.593
674.2	1.152	3.759
674.2	1.202	3.925
674.2	1.252	4.091
674.2	1.302	4.257
674.2	1.352	4.424
674.2	1.402	4.591
674.2	1.452	4.758
674.2	1.502	4.925
674.2	1.553	5.093
674.2	1.603	5.261
674.2	1.653	5.429
674.2	1.703	5.597
674.2	1.753	5.765
674.2	1.803	5.934
674.2	1.853	6.103
674.2	1.903	6.272
674.2	1.953	6.442
674.2	2.003	6.611
674.2	2.053	6.781
674.2	2.103	6.951
674.2	2.153	7.122
674.2	2.203	7.292
674.2	2.253	7.463
674.2	2.303	7.634
674.2	2.353	7.806
674.2	2.403	7.978
674.2	2.453	8.149
674.2	2.503	8.322
674.2	2.554	8.494
674.2	2.604	8.667
674.2	2.654	8.84
674.2	2.704	9.013
674.2	2.754	9.186
674.2	2.804	9.36
674.2	2.854	9.534
674.2	2.904	9.708
674.2	2.954	9.882
674.2	3.004	10.06
674.2	3.054	10.23
674.2	3.104	10.41
674.2	3.154	10.58
674.2	3.204	10.76
674.2	3.254	10.93
674.2	3.304	11.11
674.2	3.354	11.29
674.2	3.404	11.46
674.2	3.454	11.64
674.2	3.504	11.82
674.2	3.554	12
674.2	3.605	12.17
674.2	3.655	12.35
674.2	3.705	12.53
674.2	3.755	12.71
674.2	3.805	12.89
674.2	3.855	13.07
674.2	3.905	13.25
674.2	3.955	13.43
674.2	4.005	13.61
674.2	4.055	13.79
674.2	4.105	13.97
674.2	4.155	14.15
674.2	4.205	14.33
674.2	4.255	14.51
674.2	4.305	14.7
674.2	4.355	14.88
674.2	4.405	15.06
674.2	4.455	15.24
674.2	4.505	15.43
674.2	4.555	15.61
674.2	4.606	15.79
674.2	4.656	15.98
674.2	4.706	16.16
674.2	4.756	16.35
674.2	4.806	16.53
674.2	4.856	16.72
674.2	4.906	16.9
674.2	4.956	17.09
674.2	5.006	17.28
674.2	5.056	17.46
674.2	5.106	17.65
674.2	5.156	17.84
674.2	5.206	18.02
674.2	5.256	18.21
674.2	5.306	18.4
674.2	5.356	18.59
674.2	5.406	18.78
674.2	5.456	18.97
674.2	5.506	19.15
674.2	5.556	19.34
674.2	5.606	19.53
674.2	5.657	19.73
674.2	5.707	19.92
674.2	5.757	20.11
674.2	5.807	20.3
674.2	5.857	20.49
674.2	5.907	20.68
674.2	5.957	20.87
674.2	6.007	21.07
674.2	6.057	21.26
674.2	6.107	21.45
674.2	6.157	21.65
674.2	6.207	21.84
674.2	6.257	22.04
674.2	6.307	22.23
674.2	6.357	22.43
674.2	6.407	22.62
674.2	6.457	22.82
674.2	6.507	23.01
674.2	6.557	23.21
674.2	6.607	23.41
674.2	6.658	23.61
674.2	6.708	23.8
674.2	6.758	24
674.2	6.808	24.2
674.2	6.858	24.4
674.2	6.908	24.6
674.2	6.958	24.8
674.2	7.008	25
674.2	7.058	25.2
674.2	7.108	25.4
674.2	7.158	25.6
674.2	7.208	25.8
674.2	7.258	26
674.2	7.308	26.21
674.2	7.358	26.41
674.2	7.408	26.61
674.2	7.458	26.81
674.2	7.508	27.02
674.2	7.558	27.22
674.2	7.608	27.43
674.2	7.659	27.63
674.2	7.709	27.84
674.2	7.759	28.04
674.2	7.809	28.25
674.2	7.859	28.46
674.2	7.909	28.66
674.2	7.959	28.87
674.2	8.009	29.08
674.2	8.059	29.29
674.2	8.109	29.5
674.2	8.159	29.71
674.2	8.209	29.92
674.2	8.259	30.13
674.2	8.309	30.34
674.2	8.359	30.55
674.2	8.409	30.76
674.2	8.459	30.97
674.2	8.509	31.18
674.2	8.559	31.39
674.2	8.609	31.61
674.2	8.659	31.82
674.2	8.71	32.04
674.2	8.76	32.25
674.2	8.81	32.46
674.2	8.86	32.68
674.2	8.91	32.9
674.2	8.96	33.11
674.2	9.01	33.33
674.2	9.06	33.55
674.2	9.11	33.76
674.2	9.16	33.98
674.2	9.21	34.2
674.2	9.26	34.42
674.2	9.31	34.64
674.2	9.36	34.86
674.2	9.41	35.08
674.2	9.46	35.3
674.2	9.51	35.52
674.2	9.56	35.74
674.2	9.61	35.97
674.2	9.66	36.19
674.2	9.711	36.41
674.2	9.761	36.64
674.2	9.811	36.86
674.2	9.861	37.09
674.2	9.911	37.31
674.2	9.961	37.54
674.2	10.01	37.76
674.2	10.06	37.99
674.2	10.11	38.22
674.2	10.16	38.45
674.2	10.21	38.68
674.2	10.26	38.9
674.2	10.31	39.13
674.2	10.36	39.36
674.2	10.41	39.6
674.2	10.46	39.83
674.2	10.51	40.06
674.2	10.56	40.29
674.2	10.61	40.52
674.2	10.66	40.76
674.2	10.71	40.99
674.2	10.76	41.23
674.2	10.81	41.46
674.2	10.86	41.7
674.2	10.91	41.93
674.2	10.96	42.17
674.2	11.01	42.41
674.2	11.06	42.64
674.2	11.11	42.88
674.2	11.16	43.12
674.2	11.21	43.36
674.2	11.26	43.6
674.2	11.31	43.84
674.2	11.36	44.09
674.2	11.41	44.33
674.2	11.46	44.57
674.2	11.51	44.81
674.2	11.56	45.06
674.2	11.61	45.3
674.2	11.66	45.55
674.2	11.71	45.79
674.2	11.76	46.04
674.2	11.81	46.29
674.2	11.86	46.53
674.2	11.91	46.78
674.2	11.96	47.03
674.2	12.01	47.28
674.2	12.06	47.53
674.2	12.11	47.78
674.2	12.16	48.03
674.2	12.21	48.29
674.2	12.26	48.54
674.2	12.31	48.79
674.2	12.36	49.05
674.2	12.41	49.3
674.2	12.46	49.56
674.2	12.51	49.81
674.2	12.56	50.07
674.2	12.61	50.33
674.2	12.66	50.59
674.2	12.71	50.85
674.2	12.76	51.11
674.2	12.81	51.37
674.2	12.86	51.63
674.2	12.91	51.89
674.2	12.96	52.15
674.2	13.01	52.42
674.2	13.06	52.68
674.2	13.11	52.95
674.2	13.16	53.21
674.2	13.21	53.48
674.2	13.26	53.75
674.2	13.31	54.01
674.2	13.36	54.28
674.2	13.41	54.55
674.2	13.46	54.82
674.2	13.51	55.09
674.2	13.56	55.37
674.2	13.61	55.64
674.2	13.66	55.91
674.2	13.71	56.19
674.2	13.76	56.46
674.2	13.81	56.74
674.2	13.86	57.02
674.2	13.91	57.29
674.2	13.96	57.57
674.2	14.01	57.85
674.2	14.06	58.13
674.2	14.11	58.41
674.2	14.16	58.69
674.2	14.21	58.98
674.2	14.26	59.26
674.2	14.32	59.54
674.2	14.37	59.83
674.2	14.42	60.12
674.2	14.47	60.4
674.2	14.52	60.69
674.2	14.57	60.98
674.2	14.62	61.27
674.2	14.67	61.56
674.2	14.72	61.85
674.2	14.77	62.15
674.2	14.82	62.44
674.2	14.87	62.73
674.2	14.92	63.03
674.2	14.97	63.33
674.2	15.02	63.62
674.2	15.07	63.92
674.2	15.12	64.22
674.2	15.17	64.52
674.2	15.22	64.82
674.2	15.27	65.13
674.2	15.32	65.43
674.2	15.37	65.73
674.2	15.42	66.04
674.2	15.47	66.35
674.2	15.52	66.65
674.2	15.57	66.96
674.2	15.62	67.27
674.2	15.67	67.58
674.2	15.72	67.89
674.2	15.77	68.21
674.2	15.82	68.52
674.2	15.87	68.84
674.2	15.92	69.15
674.2	15.97	69.47
674.2	16.02	69.79
674.2	16.07	70.11
674.2	16.12	70.43
674.2	16.17	70.75
674.2	16.22	71.07
674.2	16.27	71.4
674.2	16.32	71.72
674.2	16.37	72.05
674.2	16.42	72.38
674.2	16.47	72.71
674.2	16.52	73.04
674.2	16.57	73.37
674.2	16.62	73.7
674.2	16.67	74.03
674.2	16.72	74.37
674.2	16.77	74.7
674.2	16.82	75.04
674.2	16.87	75.38
674.2	16.92	75.72
674.2	16.97	76.06
674.2	17.02	76.41
674.2	17.07	76.75
674.2	17.12	77.1
674.2	17.17	77.44
674.2	17.22	77.79
674.2	17.27	78.14
674.2	17.32	78.49
674.2	17.37	78.84
674.2	17.42	79.2
674.2	17.47	79.55
674.2	17.52	79.91
674.2	17.57	80.27
674.2	17.62	80.63
674.2	17.67	80.99
674.2	17.72	81.35
674.2	17.77	81.72
674.2	17.82	82.08
674.2	17.87	82.45
674.2	17.92	82.82
674.2	17.97	83.19
674.2	18.02	83.56
674.2	18.07	83.93
674.2	18.12	84.31
674.2	18.17	84.69
674.2	18.22	85.06
674.2	18.27	85.44
674.2	18.32	85.83
674.2	18.37	86.21
674.2	18.42	86.6
674.2	18.47	86.98
674.2	18.52	87.37
674.2	18.57	87.76
674.2	18.62	88.15
674.2	18.67	88.55
674.2	18.72	88.94
674.2	18.77	89.34
674.2	18.82	89.74
674.2	18.87	90.14
674.2	18.92	90.54
674.2	18.97	90.95
674.2	19.02	91.35
674.2	19.07	91.76
674.2	19.12	92.17
674.2	19.17	92.59
674.2	19.22	93
674.2	19.27	93.42
674.2	19.32	93.84
674.2	19.37	94.26
674.2	19.42	94.68
674.2	19.47	95.1
674.2	19.52	95.53
674.2	19.57	95.96
674.2	19.62	96.39
674.2	19.67	96.83
674.2	19.72	97.26
674.2	19.77	97.7
674.2	19.82	98.14
674.2	19.87	98.58
674.2	19.92	99.03
674.2	19.97	99.47
674.2	20.02	99.92
674.2	20.07	100.4
674.2	20.12	100.8
674.2	20.17	101.3
674.2	20.22	101.7
674.2	20.27	102.2
674.2	20.32	102.7
674.2	20.37	103.1
674.2	20.42	103.6
674.2	20.47	104.1
674.2	20.52	104.5
674.2	20.57	105
674.2	20.62	105.5
674.2	20.67	106
674.2	20.72	106.5
674.2	20.77	107
674.2	20.82	107.5
674.2	20.87	107.9
674.2	20.92	108.4
674.2	20.97	108.9
674.2	21.02	109.4
674.2	21.07	109.9
674.2	21.12	110.5
674.2	21.17	111
674.2	21.22	111.5
674.2	21.27	112
674.2	21.32	112.5
674.2	21.37	113
674.2	21.42	113.6
674.2	21.47	114.1
674.2	21.52	114.6
674.2	21.57	115.2
674.2	21.62	115.7
674.2	21.67	116.3
674.2	21.72	116.8
674.2	21.77	117.4
674.2	21.82	117.9
674.2	21.87	118.5
674.2	21.92	119
674.2	21.97	119.6
674.2	22.02	120.2
674.2	22.07	120.7
674.2	22.12	121.3
674.2	22.17	121.9
674.2	22.22	122.5
674.2	22.27	123.1
674.2	22.32	123.7
674.2	22.37	124.3
674.2	22.42	124.9
674.2	22.47	125.5
674.2	22.52	126.1
674.2	22.57	126.7
674.2	22.62	127.3
674.2	22.67	127.9
674.2	22.72	128.6
674.2	22.77	129.2
674.2	22.82	129.8
674.2	22.87	130.5
674.2	22.92	131.1
674.2	22.97	131.8
674.2	23.02	132.4
674.2	23.07	133.1
674.2	23.12	133.8
674.2	23.17	134.4
674.2	23.22	135.1
674.2	23.27	135.8
674.2	23.32	136.5
674.2	23.37	137.2
674.2	23.42	137.9
674.2	23.47	138.6
674.2	23.52	139.3
674.2	23.57	140
674.2	23.62	140.8
674.2	23.67	141.5
674.2	23.72	142.2
674.2	23.77	143
674.2	23.82	143.7
674.2	23.87	144.5
674.2	23.92	145.2
674.2	23.97	146
674.2	24.02	146.8
674.2	24.07	147.6
674.2	24.12	148.4
674.2	24.17	149.2
674.2	24.22	150
674.2	24.27	150.8
674.2	24.32	151.6
674.2	24.37	152.4
674.2	24.42	153.3
674.2	24.47	154.1
674.2	24.53	155
674.2	24.58	155.8
674.2	24.63	156.7
674.2	24.68	157.6
674.2	24.73	158.5
674.2	24.78	159.4
674.2	24.83	160.3
674.2	24.88	161.2
674.2	24.93	162.1
674.2	24.98	163.1
674.2	25.03	164
674.2	25.08	165
674.2	25.13	166
674.2	25.18	166.9
674.2	25.23	167.9
674.2	25.28	168.9
674.2	25.33	169.9
674.2	25.38	171
674.2	25.43	172
674.2	25.48	173.1
674.2	25.53	174.1
674.2	25.58	175.2
674.2	25.63	176.3
674.2	25.68	177.4
674.2	25.73	178.5
674.2	25.78	179.6
674.2	25.83	180.8
674.2	25.88	181.9
674.2	25.93	183.1
674.2	25.98	184.3
674.2	26.03	185.5
674.2	26.08	186.7
674.2	26.13	187.9
674.2	26.18	189.2
674.2	26.23	190.4
674.2	26.28	191.7
674.2	26.33	193
674.2	26.38	194.3
674.2	26.43	195.7
674.2	26.48	197
674.2	26.53	198.4
674.2	26.58	199.8
674.2	26.63	201.2
674.2	26.68	202.6
674.2	26.73	204.1
674.2	26.78	205.5
674.2	26.83	207
674.2	26.88	208.5
674.2	26.93	210.1
674.2	26.98	211.6
674.2	27.03	213.2
674.2	27.08	214.8
674.2	27.13	216.4
674.2	27.18	218.1
674.2	27.23	219.8
674.2	27.28	221.5
674.2	27.33	223.2
674.2	27.38	224.9
674.2	27.43	226.7
674.2	27.48	228.5
674.2	27.53	230.3
674.2	27.58	232.2
674.2	27.63	234.1
674.2	27.68	236
674.2	27.73	237.9
674.2	27.78	239.9
674.2	27.83	241.9
674.2	27.88	243.9
674.2	27.93	245.9
674.2	27.98	248
674.2	28.03	250.1
674.2	28.08	252.2
674.2	28.13	254.3
674.2	28.18	256.5
674.2	28.23	258.7
674.2	28.28	260.9
674.2	28.33	263.1
674.2	28.38	265.3
674.2	28.43	267.6
674.2	28.48	269.9
674.2	28.53	272.2
674.2	28.58	274.5
674.2	28.63	276.9
674.2	28.68	279.2
674.2	28.73	281.6
674.2	28.78	284
674.2	28.83	286.4
674.2	28.88	288.8
674.2	28.93	291.2
674.2	28.98	293.6
674.2	29.03	296.1
674.2	29.08	298.5
674.2	29.13	301
674.2	29.18	303.4
674.2	29.23	305.9
674.2	29.28	308.3
674.2	29.33	310.8
674.2	29.38	313.3
674.2	29.43	315.7
674.2	29.48	318.2
674.2	29.53	320.6
674.2	29.58	323
674.2	29.63	325.4
674.2	29.68	327.8
674.2	29.73	330.2
674.2	29.78	332.6
674.2	29.83	334.9
674.2	29.88	337.2
674.2	29.93	339.5
674.2	29.98	341.8
674.2	30.03	344
674.2	30.08	346.2
674.2	30.13	348.4
674.2	30.18	350.5
674.2	30.23	352.7
674.2	30.28	354.8
674.2	30.33	356.8
674.2	30.38	358.9
674.2	30.43	360.9
674.2	30.48	362.9
674.2	30.53	364.8
674.2	30.58	366.8
674.2	30.63	368.7
674.2	30.68	370.5
674.2	30.73	372.4
674.2	30.78	374.2
674.2	30.83	376
674.2	30.88	377.8
674.2	30.93	379.6
674.2	30.98	381.3
674.2	31.03	383
674.2	31.08	384.7
674.2	31.13	386.4
674.2	31.18	388
674.2	31.23	389.6
674.2	31.28	391.2
674.2	31.33	392.8
674.2	31.38	394.3
674.2	31.43	395.9
674.2	31.48	397.4
674.2	31.53	398.9
674.2	31.58	400.4
674.2	31.63	401.8
674.2	31.68	403.2
674.2	31.73	404.7
674.2	31.78	406.1
674.2	31.83	407.4
674.2	31.88	408.8
674.2	31.93	410.1
674.2	31.98	411.5
674.2	32.03	412.8
674.2	32.08	414.1
674.2	32.13	415.3
674.2	32.18	416.6
674.2	32.23	417.8
674.2	32.28	419.1
674.2	32.33	420.3
674.2	32.38	421.5
674.2	32.43	422.6
674.2	32.48	423.8
674.2	32.53	424.9
674.2	32.58	426.1
674.2	32.63	427.2
674.2	32.68	428.3
674.2	32.73	429.4
674.2	32.78	430.5
674.2	32.83	431.5
674.2	32.88	432.6
674.2	32.93	433.6
674.2	32.98	434.7
674.2	33.03	435.7
674.2	33.08	436.7
674.2	33.13	437.7
674.2	33.18	438.6
674.2	33.23	439.6
674.2	33.28	440.6
674.2	33.33	441.5
674.2	33.38	442.5
674.2	33.43	443.4
674.2	33.48	444.3
674.2	33.53	445.2
674.2	33.58	446.1
674.2	33.63	447
674.2	33.68	447.9
674.2	33.73	448.7
674.2	33.78	449.6
674.2	33.83	450.5
674.2	33.88	451.3
674.2	33.93	452.1
674.2	33.98	453
674.2	34.03	453.8
674.2	34.08	454.6
674.2	34.13	455.4
674.2	34.18	456.2
674.2	34.23	457
674.2	34.28	457.8
674.2	34.33	458.5
674.2	34.38	459.3
674.2	34.43	460.1
674.2	34.48	460.8
674.2	34.53	461.6
674.2	34.58	462.3
674.2	34.63	463
674.2	34.68	463.8
674.2	34.74	464.5
674.2	34.79	465.2
674.2	34.84	465.9
674.2	34.89	466.6
674.2	34.94	467.3
674.2	34.99	468
674.2	35.04	468.7
674.2	35.09	469.4
674.2	35.14	470
674.2	35.19	470.7
674.2	35.24	471.4
674.2	35.29	472
674.2	35.34	472.7
674.2	35.39	473.3
674.2	35.44	474
674.2	35.49	474.6
674.2	35.54	475.2
674.2	35.59	475.9
674.2	35.64	476.5
674.2	35.69	477.1
674.2	35.74	477.7
674.2	35.79	478.3
674.2	35.84	479
674.2	35.89	479.6
674.2	35.94	480.2
674.2	35.99	480.8
674.2	36.04	481.3
674.2	36.09	481.9
674.2	36.14	482.5
674.2	36.19	483.1
674.2	36.24	483.7
674.2	36.29	484.2
674.2	36.34	484.8
674.2	36.39	485.4
674.2	36.44	485.9
674.2	36.49	486.5
674.2	36.54	487
674.2	36.59	487.6
674.2	36.64	488.1
674.2	36.69	488.7
674.2	36.74	489.2
674.2	36.79	489.8
674.2	36.84	490.3
674.2	36.89	490.8
674.2	36.94	491.3
674.2	36.99	491.9
674.2	37.04	492.4
674.2	37.09	492.9
674.2	37.14	493.4
674.2	37.19	493.9
674.2	37.24	494.4
674.2	37.29	494.9
674.2	37.34	495.4
674.2	37.39	495.9
674.2	37.44	496.4
674.2	37.49	496.9
674.2	37.54	497.4
674.2	37.59	497.9
674.2	37.64	498.4
674.2	37.69	498.9
674.2	37.74	499.4
674.2	37.79	499.8
674.2	37.84	500.3
674.2	37.89	500.8
674.2	37.94	501.3
674.2	37.99	501.7
674.2	38.04	502.2
674.2	38.09	502.6
674.2	38.14	503.1
674.2	38.19	503.6
674.2	38.24	504
674.2	38.29	504.5
674.2	38.34	504.9
674.2	38.39	505.4
674.2	38.44	505.8
674.2	38.49	506.3
674.2	38.54	506.7
674.2	38.59	507.1
674.2	38.64	507.6
674.2	38.69	508
674.2	38.74	508.5
674.2	38.79	508.9
674.2	38.84	509.3
674.2	38.89	509.7
674.2	38.94	510.2
674.2	38.99	510.6
674.2	39.04	511
674.2	39.09	511.4
674.2	39.14	511.8
674.2	39.19	512.3
674.2	39.24	512.7
674.2	39.29	513.1
674.2	39.34	513.5
674.2	39.39	513.9
674.2	39.44	514.3
674.2	39.49	514.7
674.2	39.54	515.1
674.2	39.59	515.5
674.2	39.64	515.9
674.2	39.69	516.3
674.2	39.74	516.7
674.2	39.79	517.1
674.2	39.84	517.5
674.2	39.89	517.9
674.2	39.94	518.3
674.2	39.99	518.7
674.2	40.04	519
674.2	40.09	519.4
674.2	40.14	519.8
674.2	40.19	520.2
674.2	40.24	520.6
674.2	40.29	520.9
674.2	40.34	521.3
674.2	40.39	521.7
674.2	40.44	522.1
674.2	40.49	522.4
674.2	40.54	522.8
674.2	40.59	523.2
674.2	40.64	523.5
674.2	40.69	523.9
674.2	40.74	524.3
674.2	40.79	524.6
674.2	40.84	525
674.2	40.89	525.3
674.2	40.94	525.7
674.2	40.99	526.1
674.2	41.04	526.4
674.2	41.09	526.8
674.2	41.14	527.1
674.2	41.19	527.5
674.2	41.24	527.8
674.2	41.29	528.2
674.2	41.34	528.5
674.2	41.39	528.9
674.2	41.44	529.2
674.2	41.49	529.5
674.2	41.54	529.9
674.2	41.59	530.2
674.2	41.64	530.6
674.2	41.69	530.9
674.2	41.74	531.2
674.2	41.79	531.6
674.2	41.84	531.9
674.2	41.89	532.2
674.2	41.94	532.6
674.2	41.99	532.9
674.2	42.04	533.2
674.2	42.09	533.6
674.2	42.14	533.9
674.2	42.19	534.2
674.2	42.24	534.5
674.2	42.29	534.9
674.2	42.34	535.2
674.2	42.39	535.5
674.2	42.44	535.8
674.2	42.49	536.1
674.2	42.54	536.5
674.2	42.59	536.8
674.2	42.64	537.1
674.2	42.69	537.4
674.2	42.74	537.7
674.2	42.79	538
674.2	42.84	538.3
674.2	42.89	538.6
674.2	42.94	539
674.2	42.99	539.3
674.2	43.04	539.6
674.2	43.09	539.9
674.2	43.14	540.2
674.2	43.19	540.5
674.2	43.24	540.8
674.2	43.29	541.1
674.2	43.34	541.4
674.2	43.39	541.7
674.2	43.44	542
674.2	43.49	542.3
674.2	43.54	542.6
674.2	43.59	542.9
674.2	43.64	543.2
674.2	43.69	543.5
674.2	43.74	543.8
674.2	43.79	544.1
674.2	43.84	544.3
674.2	43.89	544.6
674.2	43.94	544.9
674.2	43.99	545.2
674.2	44.04	545.5
674.2	44.09	545.8
674.2	44.14	546.1
674.2	44.19	546.4
674.2	44.24	546.6
674.2	44.29	546.9
674.2	44.34	547.2
674.2	44.39	547.5
674.2	44.44	547.8
674.2	44.49	548.1
674.2	44.54	548.3
674.2	44.59	548.6
674.2	44.64	548.9
674.2	44.69	549.2
674.2	44.74	549.4
674.2	44.79	549.7
674.2	44.84	550
674.2	44.89	550.3
674.2	44.95	550.5
674.2	45	550.8
674.2	45.05	551.1
674.2	45.1	551.3
674.2	45.15	551.6
674.2	45.2	551.9
674.2	45.25	552.2
674.2	45.3	552.4
674.2	45.35	552.7
674.2	45.4	553
674.2	45.45	553.2
674.2	45.5	553.5
674.2	45.55	553.7
674.2	45.6	554
674.2	45.65	554.3
674.2	45.7	554.5
674.2	45.75	554.8
674.2	45.8	555.1
674.2	45.85	555.3
674.2	45.9	555.6
674.2	45.95	555.8
674.2	46	556.1
674.2	46.05	556.3
674.2	46.1	556.6
674.2	46.15	556.9
674.2	46.2	557.1
674.2	46.25	557.4
674.2	46.3	557.6
674.2	46.35	557.9
674.2	46.4	558.1
674.2	46.45	558.4
674.2	46.5	558.6
674.2	46.55	558.9
674.2	46.6	559.1
674.2	46.65	559.4
674.2	46.7	559.6
674.2	46.75	559.9
674.2	46.8	560.1
674.2	46.85	560.3
674.2	46.9	560.6
674.2	46.95	560.8
674.2	47	561.1
674.2	47.05	561.3
674.2	47.1	561.6
674.2	47.15	561.8
674.2	47.2	562.1
674.2	47.25	562.3
674.2	47.3	562.5
674.2	47.35	562.8
674.2	47.4	563
674.2	47.45	563.2
674.2	47.5	563.5
674.2	47.55	563.7
674.2	47.6	564
674.2	47.65	564.2
674.2	47.7	564.4
674.2	47.75	564.7
674.2	47.8	564.9
674.2	47.85	565.1
674.2	47.9	565.4
674.2	47.95	565.6
674.2	48	565.8
674.2	48.05	566.1
674.2	48.1	566.3
674.2	48.15	566.5
674.2	48.2	566.8
674.2	48.25	567
674.2	48.3	567.2
674.2	48.35	567.4
674.2	48.4	567.7
674.2	48.45	567.9
674.2	48.5	568.1
674.2	48.55	568.3
674.2	48.6	568.6
674.2	48.65	568.8
674.2	48.7	569
674.2	48.75	569.2
674.2	48.8	569.5
674.2	48.85	569.7
674.2	48.9	569.9
674.2	48.95	570.1
674.2	49	570.4
674.2	49.05	570.6
674.2	49.1	570.8
674.2	49.15	571
674.2	49.2	571.2
674.2	49.25	571.5
674.2	49.3	571.7
674.2	49.35	571.9
674.2	49.4	572.1
674.2	49.45	572.3
674.2	49.5	572.5
674.2	49.55	572.8
674.2	49.6	573
674.2	49.65	573.2
674.2	49.7	573.4
674.2	49.75	573.6
674.2	49.8	573.8
674.2	49.85	574
674.2	49.9	574.3
674.2	49.95	574.5
674.2	50	574.7
691.9	0.001	0.003132
691.9	0.05105	0.16
691.9	0.1011	0.317
691.9	0.1511	0.4742
691.9	0.2012	0.6315
691.9	0.2512	0.7891
691.9	0.3013	0.9468
691.9	0.3513	1.105
691.9	0.4014	1.263
691.9	0.4514	1.421
691.9	0.5015	1.58
691.9	0.5515	1.738
691.9	0.6016	1.897
691.9	0.6516	2.056
691.9	0.7017	2.216
691.9	0.7517	2.375
691.9	0.8018	2.535
691.9	0.8518	2.694
691.9	0.9019	2.854
691.9	0.9519	3.015
691.9	1.002	3.175
691.9	1.052	3.336
691.9	1.102	3.497
691.9	1.152	3.658
691.9	1.202	3.819
691.9	1.252	3.98
691.9	1.302	4.142
691.9	1.352	4.304
691.9	1.402	4.466
691.9	1.452	4.628
691.9	1.502	4.79
691.9	1.553	4.953
691.9	1.603	5.116
691.9	1.653	5.279
691.9	1.703	5.442
691.9	1.753	5.605
691.9	1.803	5.769
691.9	1.853	5.933
691.9	1.903	6.097
691.9	1.953	6.261
691.9	2.003	6.425
691.9	2.053	6.59
691.9	2.103	6.755
691.9	2.153	6.92
691.9	2.203	7.085
691.9	2.253	7.251
691.9	2.303	7.417
691.9	2.353	7.583
691.9	2.403	7.749
691.9	2.453	7.915
691.9	2.503	8.082
691.9	2.554	8.248
691.9	2.604	8.415
691.9	2.654	8.583
691.9	2.704	8.75
691.9	2.754	8.918
691.9	2.804	9.086
691.9	2.854	9.254
691.9	2.904	9.422
691.9	2.954	9.591
691.9	3.004	9.76
691.9	3.054	9.929
691.9	3.104	10.1
691.9	3.154	10.27
691.9	3.204	10.44
691.9	3.254	10.61
691.9	3.304	10.78
691.9	3.354	10.95
691.9	3.404	11.12
691.9	3.454	11.29
691.9	3.504	11.46
691.9	3.554	11.63
691.9	3.605	11.8
691.9	3.655	11.98
691.9	3.705	12.15
691.9	3.755	12.32
691.9	3.805	12.49
691.9	3.855	12.66
691.9	3.905	12.84
691.9	3.955	13.01
691.9	4.005	13.18
691.9	4.055	13.36
691.9	4.105	13.53
691.9	4.155	13.71
691.9	4.205	13.88
691.9	4.255	14.06
691.9	4.305	14.23
691.9	4.355	14.41
691.9	4.405	14.58
691.9	4.455	14.76
691.9	4.505	14.93
691.9	4.555	15.11
691.9	4.606	15.29
691.9	4.656	15.46
691.9	4.706	15.64
691.9	4.756	15.82
691.9	4.806	15.99
691.9	4.856	16.17
691.9	4.906	16.35
691.9	4.956	16.53
691.9	5.006	16.71
691.9	5.056	16.89
691.9	5.106	17.06
691.9	5.156	17.24
691.9	5.206	17.42
691.9	5.256	17.6
691.9	5.306	17.78
691.9	5.356	17.96
691.9	5.406	18.15
691.9	5.456	18.33
691.9	5.506	18.51
691.9	5.556	18.69
691.9	5.606	18.87
691.9	5.657	19.05
691.9	5.707	19.23
691.9	5.757	19.42
691.9	5.807	19.6
691.9	5.857	19.78
691.9	5.907	19.97
691.9	5.957	20.15
691.9	6.007	20.33
691.9	6.057	20.52
691.9	6.107	20.7
691.9	6.157	20.89
691.9	6.207	21.07
691.9	6.257	21.26
691.9	6.307	21.45
691.9	6.357	21.63
691.9	6.407	21.82
691.9	6.457	22
691.9	6.507	22.19
691.9	6.557	22.38
691.9	6.607	22.57
691.9	6.658	22.75
691.9	6.708	22.94
691.9	6.758	23.13
691.9	6.808	23.32
691.9	6.858	23.51
691.9	6.908	23.7
691.9	6.958	23.89
691.9	7.008	24.08
691.9	7.058	24.27
691.9	7.108	24.46
691.9	7.158	24.65
691.9	7.208	24.84
691.9	7.258	25.03
691.9	7.308	25.22
691.9	7.358	25.42
691.9	7.408	25.61
691.9	7.458	25.8
691.9	7.508	25.99
691.9	7.558	26.19
691.9	7.608	26.38
691.9	7.659	26.57
691.9	7.709	26.77
691.9	7.759	26.96
691.9	7.809	27.16
691.9	7.859	27.35
691.9	7.909	27.55
691.9	7.959	27.75
691.9	8.009	27.94
691.9	8.059	28.14
691.9	8.109	28.34
691.9	8.159	28.53
691.9	8.209	28.73
691.9	8.259	28.93
691.9	8.309	29.13
691.9	8.359	29.33
691.9	8.409	29.53
691.9	8.459	29.73
691.9	8.509	29.93
691.9	8.559	30.13
691.9	8.609	30.33
691.9	8.659	30.53
691.9	8.71	30.73
691.9	8.76	30.93
691.9	8.81	31.13
691.9	8.86	31.33
691.9	8.91	31.54
691.9	8.96	31.74
691.9	9.01	31.94
691.9	9.06	32.15
691.9	9.11	32.35
691.9	9.16	32.56
691.9	9.21	32.76
691.9	9.26	32.97
691.9	9.31	33.17
691.9	9.36	33.38
691.9	9.41	33.58
691.9	9.46	33.79
691.9	9.51	34
691.9	9.56	34.21
691.9	9.61	34.41
691.9	9.66	34.62
691.9	9.711	34.83
691.9	9.761	35.04
691.9	9.811	35.25
691.9	9.861	35.46
691.9	9.911	35.67
691.9	9.961	35.88
691.9	10.01	36.09
691.9	10.06	36.3
691.9	10.11	36.51
691.9	10.16	36.73
691.9	10.21	36.94
691.9	10.26	37.15
691.9	10.31	37.37
691.9	10.36	37.58
691.9	10.41	37.79
691.9	10.46	38.01
691.9	10.51	38.22
691.9	10.56	38.44
691.9	10.61	38.66
691.9	10.66	38.87
691.9	10.71	39.09
691.9	10.76	39.31
691.9	10.81	39.52
691.9	10.86	39.74
691.9	10.91	39.96
691.9	10.96	40.18
691.9	11.01	40.4
691.9	11.06	40.62
691.9	11.11	40.84
691.9	11.16	41.06
691.9	11.21	41.28
691.9	11.26	41.5
691.9	11.31	41.73
691.9	11.36	41.95
691.9	11.41	42.17
691.9	11.46	42.39
691.9	11.51	42.62
691.9	11.56	42.84
691.9	11.61	43.07
691.9	11.66	43.29
691.9	11.71	43.52
691.9	11.76	43.75
691.9	11.81	43.97
691.9	11.86	44.2
691.9	11.91	44.43
691.9	11.96	44.66
691.9	12.01	44.88
691.9	12.06	45.11
691.9	12.11	45.34
691.9	12.16	45.57
691.9	12.21	45.8
691.9	12.26	46.03
691.9	12.31	46.27
691.9	12.36	46.5
691.9	12.41	46.73
691.9	12.46	46.96
691.9	12.51	47.2
691.9	12.56	47.43
691.9	12.61	47.67
691.9	12.66	47.9
691.9	12.71	48.14
691.9	12.76	48.37
691.9	12.81	48.61
691.9	12.86	48.85
691.9	12.91	49.09
691.9	12.96	49.32
691.9	13.01	49.56
691.9	13.06	49.8
691.9	13.11	50.04
691.9	13.16	50.28
691.9	13.21	50.52
691.9	13.26	50.77
691.9	13.31	51.01
691.9	13.36	51.25
691.9	13.41	51.49
691.9	13.46	51.74
691.9	13.51	51.98
691.9	13.56	52.23
691.9	13.61	52.47
691.9	13.66	52.72
691.9	13.71	52.97
691.9	13.76	53.21
691.9	13.81	53.46
691.9	13.86	53.71
691.9	13.91	53.96
691.9	13.96	54.21
691.9	14.01	54.46
691.9	14.06	54.71
691.9	14.11	54.96
691.9	14.16	55.21
691.9	14.21	55.46
691.9	14.26	55.72
691.9	14.32	55.97
691.9	14.37	56.23
691.9	14.42	56.48
691.9	14.47	56.74
691.9	14.52	56.99
691.9	14.57	57.25
691.9	14.62	57.51
691.9	14.67	57.77
691.9	14.72	58.02
691.9	14.77	58.28
691.9	14.82	58.54
691.9	14.87	58.8
691.9	14.92	59.07
691.9	14.97	59.33
691.9	15.02	59.59
691.9	15.07	59.85
691.9	15.12	60.12
691.9	15.17	60.38
691.9	15.22	60.65
691.9	15.27	60.91
691.9	15.32	61.18
691.9	15.37	61.45
691.9	15.42	61.72
691.9	15.47	61.99
691.9	15.52	62.25
691.9	15.57	62.52
691.9	15.62	62.8
691.9	15.67	63.07
691.9	15.72	63.34
691.9	15.77	63.61
691.9	15.82	63.89
691.9	15.87	64.16
691.9	15.92	64.44
691.9	15.97	64.71
691.9	16.02	64.99
691.9	16.07	65.27
691.9	16.12	65.55
691.9	16.17	65.82
691.9	16.22	66.1
691.9	16.27	66.38
691.9	16.32	66.67
691.9	16.37	66.95
691.9	16.42	67.23
691.9	16.47	67.51
691.9	16.52	67.8
691.9	16.57	68.08
691.9	16.62	68.37
691.9	16.67	68.66
691.9	16.72	68.94
691.9	16.77	69.23
691.9	16.82	69.52
691.9	16.87	69.81
691.9	16.92	70.1
691.9	16.97	70.39
691.9	17.02	70.69
691.9	17.07	70.98
691.9	17.12	71.27
691.9	17.17	71.57
691.9	17.22	71.87
691.9	17.27	72.16
691.9	17.32	72.46
691.9	17.37	72.76
691.9	17.42	73.06
691.9	17.47	73.36
691.9	17.52	73.66
691.9	17.57	73.96
691.9	17.62	74.26
691.9	17.67	74.57
691.9	17.72	74.87
691.9	17.77	75.18
691.9	17.82	75.48
691.9	17.87	75.79
691.9	17.92	76.1
691.9	17.97	76.41
691.9	18.02	76.72
691.9	18.07	77.03
691.9	18.12	77.34
691.9	18.17	77.66
691.9	18.22	77.97
691.9	18.27	78.29
691.9	18.32	78.6
691.9	18.37	78.92
691.9	18.42	79.24
691.9	18.47	79.56
691.9	18.52	79.88
691.9	18.57	80.2
691.9	18.62	80.52
691.9	18.67	80.84
691.9	18.72	81.17
691.9	18.77	81.49
691.9	18.82	81.82
691.9	18.87	82.15
691.9	18.92	82.47
691.9	18.97	82.8
691.9	19.02	83.13
691.9	19.07	83.47
691.9	19.12	83.8
691.9	19.17	84.13
691.9	19.22	84.47
691.9	19.27	84.8
691.9	19.32	85.14
691.9	19.37	85.48
691.9	19.42	85.82
691.9	19.47	86.16
691.9	19.52	86.5
691.9	19.57	86.84
691.9	19.62	87.19
691.9	19.67	87.53
691.9	19.72	87.88
691.9	19.77	88.23
691.9	19.82	88.58
691.9	19.87	88.93
691.9	19.92	89.28
691.9	19.97	89.63
691.9	20.02	89.98
691.9	20.07	90.34
691.9	20.12	90.7
691.9	20.17	91.05
691.9	20.22	91.41
691.9	20.27	91.77
691.9	20.32	92.13
691.9	20.37	92.5
691.9	20.42	92.86
691.9	20.47	93.23
691.9	20.52	93.59
691.9	20.57	93.96
691.9	20.62	94.33
691.9	20.67	94.7
691.9	20.72	95.07
691.9	20.77	95.45
691.9	20.82	95.82
691.9	20.87	96.2
691.9	20.92	96.57
691.9	20.97	96.95
691.9	21.02	97.33
691.9	21.07	97.72
691.9	21.12	98.1
691.9	21.17	98.48
691.9	21.22	98.87
691.9	21.27	99.26
691.9	21.32	99.65
691.9	21.37	100
691.9	21.42	100.4
691.9	21.47	100.8
691.9	21.52	101.2
691.9	21.57	101.6
691.9	21.62	102
691.9	21.67	102.4
691.9	21.72	102.8
691.9	21.77	103.2
691.9	21.82	103.6
691.9	21.87	104
691.9	21.92	104.4
691.9	21.97	104.8
691.9	22.02	105.3
691.9	22.07	105.7
691.9	22.12	106.1
691.9	22.17	106.5
691.9	22.22	106.9
691.9	22.27	107.3
691.9	22.32	107.8
691.9	22.37	108.2
691.9	22.42	108.6
691.9	22.47	109
691.9	22.52	109.5
691.9	22.57	109.9
691.9	22.62	110.3
691.9	22.67	110.8
691.9	22.72	111.2
691.9	22.77	111.6
691.9	22.82	112.1
691.9	22.87	112.5
691.9	22.92	113
691.9	22.97	113.4
691.9	23.02	113.9
691.9	23.07	114.3
691.9	23.12	114.8
691.9	23.17	115.2
691.9	23.22	115.7
691.9	23.27	116.1
691.9	23.32	116.6
691.9	23.37	117.1
691.9	23.42	117.5
691.9	23.47	118
691.9	23.52	118.5
691.9	23.57	118.9
691.9	23.62	119.4
691.9	23.67	119.9
691.9	23.72	120.4
691.9	23.77	120.8
691.9	23.82	121.3
691.9	23.87	121.8
691.9	23.92	122.3
691.9	23.97	122.8
691.9	24.02	123.3
691.9	24.07	123.8
691.9	24.12	124.3
691.9	24.17	124.8
691.9	24.22	125.3
691.9	24.27	125.8
691.9	24.32	126.3
691.9	24.37	126.8
691.9	24.42	127.3
691.9	24.47	127.8
691.9	24.53	128.3
691.9	24.58	128.8
691.9	24.63	129.3
691.9	24.68	129.9
691.9	24.73	130.4
691.9	24.78	130.9
691.9	24.83	131.5
691.9	24.88	132
691.9	24.93	132.5
691.9	24.98	133.1
691.9	25.03	133.6
691.9	25.08	134.2
691.9	25.13	134.7
691.9	25.18	135.3
691.9	25.23	135.8
691.9	25.28	136.4
691.9	25.33	136.9
691.9	25.38	137.5
691.9	25.43	138.1
691.9	25.48	138.6
691.9	25.53	139.2
691.9	25.58	139.8
691.9	25.63	140.3
691.9	25.68	140.9
691.9	25.73	141.5
691.9	25.78	142.1
691.9	25.83	142.7
691.9	25.88	143.3
691.9	25.93	143.9
691.9	25.98	144.5
691.9	26.03	145.1
691.9	26.08	145.7
691.9	26.13	146.3
691.9	26.18	146.9
691.9	26.23	147.5
691.9	26.28	148.2
691.9	26.33	148.8
691.9	26.38	149.4
691.9	26.43	150.1
691.9	26.48	150.7
691.9	26.53	151.3
691.9	26.58	152
691.9	26.63	152.6
691.9	26.68	153.3
691.9	26.73	153.9
691.9	26.78	154.6
691.9	26.83	155.3
691.9	26.88	155.9
691.9	26.93	156.6
691.9	26.98	157.3
691.9	27.03	158
691.9	27.08	158.6
691.9	27.13	159.3
691.9	27.18	160
691.9	27.23	160.7
691.9	27.28	161.4
691.9	27.33	162.1
691.9	27.38	162.8
691.9	27.43	163.6
691.9	27.48	164.3
691.9	27.53	165
691.9	27.58	165.7
691.9	27.63	166.5
691.9	27.68	167.2
691.9	27.73	167.9
691.9	27.78	168.7
691.9	27.83	169.4
691.9	27.88	170.2
691.9	27.93	171
691.9	27.98	171.7
691.9	28.03	172.5
691.9	28.08	173.3
691.9	28.13	174.1
691.9	28.18	174.8
691.9	28.23	175.6
691.9	28.28	176.4
691.9	28.33	177.2
691.9	28.38	178.1
691.9	28.43	178.9
691.9	28.48	179.7
691.9	28.53	180.5
691.9	28.58	181.3
691.9	28.63	182.2
691.9	28.68	183
691.9	28.73	183.9
691.9	28.78	184.7
691.9	28.83	185.6
691.9	28.88	186.5
691.9	28.93	187.3
691.9	28.98	188.2
691.9	29.03	189.1
691.9	29.08	190
691.9	29.13	190.9
691.9	29.18	191.8
691.9	29.23	192.7
691.9	29.28	193.6
691.9	29.33	194.5
691.9	29.38	195.4
691.9	29.43	196.4
691.9	29.48	197.3
691.9	29.53	198.3
691.9	29.58	199.2
691.9	29.63	200.2
691.9	29.68	201.2
691.9	29.73	202.1
691.9	29.78	203.1
691.9	29.83	204.1
691.9	29.88	205.1
691.9	29.93	206.1
691.9	29.98	207.1
691.9	30.03	208.1
691.9	30.08	209.1
691.9	30.13	210.2
691.9	30.18	211.2
691.9	30.23	212.2
691.9	30.28	213.3
691.9	30.33	214.3
691.9	30.38	215.4
691.9	30.43	216.5
691.9	30.48	217.6
691.9	30.53	218.6
691.9	30.58	219.7
691.9	30.63	220.8
691.9	30.68	221.9
691.9	30.73	223
691.9	30.78	224.2
691.9	30.83	225.3
691.9	30.88	226.4
691.9	30.93	227.6
691.9	30.98	228.7
691.9	31.03	229.9
691.9	31.08	231
691.9	31.13	232.2
691.9	31.18	233.4
691.9	31.23	234.6
691.9	31.28	235.8
691.9	31.33	237
691.9	31.38	238.2
691.9	31.43	239.4
691.9	31.48	240.6
691.9	31.53	241.8
691.9	31.58	243
691.9	31.63	244.3
691.9	31.68	245.5
691.9	31.73	246.8
691.9	31.78	248
691.9	31.83	249.3
691.9	31.88	250.5
691.9	31.93	251.8
691.9	31.98	253.1
691.9	32.03	254.4
691.9	32.08	255.6
691.9	32.13	256.9
691.9	32.18	258.2
691.9	32.23	259.5
691.9	32.28	260.8
691.9	32.33	262.2
691.9	32.38	263.5
691.9	32.43	264.8
691.9	32.48	266.1
691.9	32.53	267.4
691.9	32.58	268.8
691.9	32.63	270.1
691.9	32.68	271.4
691.9	32.73	272.8
691.9	32.78	274.1
691.9	32.83	275.5
691.9	32.88	276.8
691.9	32.93	278.2
691.9	32.98	279.5
691.9	33.03	280.9
691.9	33.08	282.2
691.9	33.13	283.6
691.9	33.18	284.9
691.9	33.23	286.3
691.9	33.28	287.6
691.9	33.33	289
691.9	33.38	290.4
691.9	33.43	291.7
691.9	33.48	293.1
691.9	33.53	294.4
691.9	33.58	295.8
691.9	33.63	297.2
691.9	33.68	298.5
691.9	33.73	299.9
691.9	33.78	301.2
691.9	33.83	302.6
691.9	33.88	303.9
691.9	33.93	305.3
691.9	33.98	306.6
691.9	34.03	308
691.9	34.08	309.3
691.9	34.13	310.7
691.9	34.18	312
691.9	34.23	313.4
691.9	34.28	314.7
691.9	34.33	316
691.9	34.38	317.4
691.9	34.43	318.7
691.9	34.48	320
691.9	34.53	321.3
691.9	34.58	322.6
691.9	34.63	324
691.9	34.68	325.3
691.9	34.74	326.6
691.9	34.79	327.9
691.9	34.84	329.2
691.9	34.89	330.4
691.9	34.94	331.7
691.9	34.99	333
691.9	35.04	334.3
691.9	35.09	335.6
691.9	35.14	336.8
691.9	35.19	338.1
691.9	35.24	339.3
691.9	35.29	340.6
691.9	35.34	341.8
691.9	35.39	343.1
691.9	35.44	344.3
691.9	35.49	345.5
691.9	35.54	346.7
691.9	35.59	348
691.9	35.64	349.2
691.9	35.69	350.4
691.9	35.74	351.6
691.9	35.79	352.8
691.9	35.84	353.9
691.9	35.89	355.1
691.9	35.94	356.3
691.9	35.99	357.5
691.9	36.04	358.6
691.9	36.09	359.8
691.9	36.14	360.9
691.9	36.19	362.1
691.9	36.24	363.2
691.9	36.29	364.3
691.9	36.34	365.5
691.9	36.39	366.6
691.9	36.44	367.7
691.9	36.49	368.8
691.9	36.54	369.9
691.9	36.59	371
691.9	36.64	372.1
691.9	36.69	373.1
691.9	36.74	374.2
691.9	36.79	375.3
691.9	36.84	376.3
691.9	36.89	377.4
691.9	36.94	378.4
691.9	36.99	379.5
691.9	37.04	380.5
691.9	37.09	381.5
691.9	37.14	382.5
691.9	37.19	383.6
691.9	37.24	384.6
691.9	37.29	385.6
691.9	37.34	386.6
691.9	37.39	387.5
691.9	37.44	388.5
691.9	37.49	389.5
691.9	37.54	390.5
691.9	37.59	391.4
691.9	37.64	392.4
691.9	37.69	393.3
691.9	37.74	394.3
691.9	37.79	395.2
691.9	37.84	396.1
691.9	37.89	397.1
691.9	37.94	398
691.9	37.99	398.9
691.9	38.04	399.8
691.9	38.09	400.7
691.9	38.14	401.6
691.9	38.19	402.5
691.9	38.24	403.4
691.9	38.29	404.2
691.9	38.34	405.1
691.9	38.39	406
691.9	38.44	406.8
691.9	38.49	407.7
691.9	38.54	408.5
691.9	38.59	409.3
691.9	38.64	410.2
691.9	38.69	411
691.9	38.74	411.8
691.9	38.79	412.6
691.9	38.84	413.5
691.9	38.89	414.3
691.9	38.94	415.1
691.9	38.99	415.9
691.9	39.04	416.6
691.9	39.09	417.4
691.9	39.14	418.2
691.9	39.19	419
691.9	39.24	419.7
691.9	39.29	420.5
691.9	39.34	421.3
691.9	39.39	422
691.9	39.44	422.8
691.9	39.49	423.5
691.9	39.54	424.2
691.9	39.59	425
691.9	39.64	425.7
691.9	39.69	426.4
691.9	39.74	427.1
691.9	39.79	427.9
691.9	39.84	428.6
691.9	39.89	429.3
691.9	39.94	430
691.9	39.99	430.7
691.9	40.04	431.4
691.9	40.09	432.1
691.9	40.14	432.7
691.9	40.19	433.4
691.9	40.24	434.1
691.9	40.29	434.8
691.9	40.34	435.4
691.9	40.39	436.1
691.9	40.44	436.7
691.9	40.49	437.4
691.9	40.54	438
691.9	40.59	438.7
691.9	40.64	439.3
691.9	40.69	440
691.9	40.74	440.6
691.9	40.79	441.2
691.9	40.84	441.9
691.9	40.89	442.5
691.9	40.94	443.1
691.9	40.99	443.7
691.9	41.04	444.3
691.9	41.09	444.9
691.9	41.14	445.5
691.9	41.19	446.2
691.9	41.24	446.8
691.9	41.29	447.3
691.9	41.34	447.9
691.9	41.39	448.5
691.9	41.44	449.1
691.9	41.49	449.7
691.9	41.54	450.3
691.9	41.59	450.8
691.9	41.64	451.4
691.9	41.69	452
691.9	41.74	452.6
691.9	41.79	453.1
691.9	41.84	453.7
691.9	41.89	454.2
691.9	41.94	454.8
691.9	41.99	455.3
691.9	42.04	455.9
691.9	42.09	456.4
691.9	42.14	457
691.9	42.19	457.5
691.9	42.24	458.1
691.9	42.29	458.6
691.9	42.34	459.1
691.9	42.39	459.7
691.9	42.44	460.2
691.9	42.49	460.7
691.9	42.54	461.2
691.9	42.59	461.8
691.9	42.64	462.3
691.9	42.69	462.8
691.9	42.74	463.3
691.9	42.79	463.8
691.9	42.84	464.3
691.9	42.89	464.8
691.9	42.94	465.3
691.9	42.99	465.8
691.9	43.04	466.3
691.9	43.09	466.8
691.9	43.14	467.3
691.9	43.19	467.8
691.9	43.24	468.3
691.9	43.29	468.8
691.9	43.34	469.3
691.9	43.39	469.7
691.9	43.44	470.2
691.9	43.49	470.7
691.9	43.54	471.2
691.9	43.59	471.6
691.9	43.64	472.1
691.9	43.69	472.6
691.9	43.74	473
691.9	43.79	473.5
691.9	43.84	474
691.9	43.89	474.4
691.9	43.94	474.9
691.9	43.99	475.3
691.9	44.04	475.8
691.9	44.09	476.3
691.9	44.14	476.7
691.9	44.19	477.2
691.9	44.24	477.6
691.9	44.29	478
691.9	44.34	478.5
691.9	44.39	478.9
691.9	44.44	479.4
691.9	44.49	479.8
691.9	44.54	480.2
691.9	44.59	480.7
691.9	44.64	481.1
691.9	44.69	481.5
691.9	44.74	482
691.9	44.79	482.4
691.9	44.84	482.8
691.9	44.89	483.2
691.9	44.95	483.7
691.9	45	484.1
691.9	45.05	484.5
691.9	45.1	484.9
691.9	45.15	485.3
691.9	45.2	485.8
691.9	45.25	486.2
691.9	45.3	486.6
691.9	45.35	487
691.9	45.4	487.4
691.9	45.45	487.8
691.9	45.5	488.2
691.9	45.55	488.6
691.9	45.6	489
691.9	45.65	489.4
691.9	45.7	489.8
691.9	45.75	490.2
691.9	45.8	490.6
691.9	45.85	491
691.9	45.9	491.4
691.9	45.95	491.8
691.9	46	492.2
691.9	46.05	492.6
691.9	46.1	492.9
691.9	46.15	493.3
691.9	46.2	493.7
691.9	46.25	494.1
691.9	46.3	494.5
691.9	46.35	494.9
691.9	46.4	495.2
691.9	46.45	495.6
691.9	46.5	496
691.9	46.55	496.4
691.9	46.6	496.7
691.9	46.65	497.1
691.9	46.7	497.5
691.9	46.75	497.8
691.9	46.8	498.2
691.9	46.85	498.6
691.9	46.9	498.9
691.9	46.95	499.3
691.9	47	499.7
691.9	47.05	500
691.9	47.1	500.4
691.9	47.15	500.7
691.9	47.2	501.1
691.9	47.25	501.5
691.9	47.3	501.8
691.9	47.35	502.2
691.9	47.4	502.5
691.9	47.45	502.9
691.9	47.5	503.2
691.9	47.55	503.6
691.9	47.6	503.9
691.9	47.65	504.3
691.9	47.7	504.6
691.9	47.75	505
691.9	47.8	505.3
691.9	47.85	505.7
691.9	47.9	506
691.9	47.95	506.3
691.9	48	506.7
691.9	48.05	507
691.9	48.1	507.4
691.9	48.15	507.7
691.9	48.2	508
691.9	48.25	508.4
691.9	48.3	508.7
691.9	48.35	509
691.9	48.4	509.4
691.9	48.45	509.7
691.9	48.5	510
691.9	48.55	510.3
691.9	48.6	510.7
691.9	48.65	511
691.9	48.7	511.3
691.9	48.75	511.6
691.9	48.8	512
691.9	48.85	512.3
691.9	48.9	512.6
691.9	48.95	512.9
691.9	49	513.2
691.9	49.05	513.6
691.9	49.1	513.9
691.9	49.15	514.2
691.9	49.2	514.5
691.9	49.25	514.8
691.9	49.3	515.1
691.9	49.35	515.5
691.9	49.4	515.8
691.9	49.45	516.1
691.9	49.5	516.4
691.9	49.55	516.7
691.9	49.6	517
691.9	49.65	517.3
691.9	49.7	517.6
691.9	49.75	517.9
691.9	49.8	518.2
691.9	49.85	518.5
691.9	49.9	518.8
691.9	49.95	519.1
691.9	50	519.4
709.6	0.001	0.003054
709.6	0.05105	0.156
709.6	0.1011	0.309
709.6	0.1511	0.4623
709.6	0.2012	0.6157
709.6	0.2512	0.7692
709.6	0.3013	0.9229
709.6	0.3513	1.077
709.6	0.4014	1.231
709.6	0.4514	1.385
709.6	0.5015	1.539
709.6	0.5515	1.694
709.6	0.6016	1.849
709.6	0.6516	2.004
709.6	0.7017	2.159
709.6	0.7517	2.314
709.6	0.8018	2.469
709.6	0.8518	2.625
709.6	0.9019	2.781
709.6	0.9519	2.936
709.6	1.002	3.093
709.6	1.052	3.249
709.6	1.102	3.405
709.6	1.152	3.562
709.6	1.202	3.719
709.6	1.252	3.876
709.6	1.302	4.033
709.6	1.352	4.19
709.6	1.402	4.347
709.6	1.452	4.505
709.6	1.502	4.663
709.6	1.553	4.821
709.6	1.603	4.979
709.6	1.653	5.137
709.6	1.703	5.296
709.6	1.753	5.455
709.6	1.803	5.613
709.6	1.853	5.772
709.6	1.903	5.932
709.6	1.953	6.091
709.6	2.003	6.251
709.6	2.053	6.411
709.6	2.103	6.571
709.6	2.153	6.731
709.6	2.203	6.891
709.6	2.253	7.052
709.6	2.303	7.212
709.6	2.353	7.373
709.6	2.403	7.534
709.6	2.453	7.696
709.6	2.503	7.857
709.6	2.554	8.019
709.6	2.604	8.181
709.6	2.654	8.343
709.6	2.704	8.505
709.6	2.754	8.667
709.6	2.804	8.83
709.6	2.854	8.993
709.6	2.904	9.156
709.6	2.954	9.319
709.6	3.004	9.482
709.6	3.054	9.646
709.6	3.104	9.81
709.6	3.154	9.974
709.6	3.204	10.14
709.6	3.254	10.3
709.6	3.304	10.47
709.6	3.354	10.63
709.6	3.404	10.8
709.6	3.454	10.96
709.6	3.504	11.13
709.6	3.554	11.29
709.6	3.605	11.46
709.6	3.655	11.62
709.6	3.705	11.79
709.6	3.755	11.96
709.6	3.805	12.12
709.6	3.855	12.29
709.6	3.905	12.46
709.6	3.955	12.62
709.6	4.005	12.79
709.6	4.055	12.96
709.6	4.105	13.13
709.6	4.155	13.3
709.6	4.205	13.46
709.6	4.255	13.63
709.6	4.305	13.8
709.6	4.355	13.97
709.6	4.405	14.14
709.6	4.455	14.31
709.6	4.505	14.48
709.6	4.555	14.65
709.6	4.606	14.82
709.6	4.656	14.99
709.6	4.706	15.16
709.6	4.756	15.33
709.6	4.806	15.5
709.6	4.856	15.67
709.6	4.906	15.84
709.6	4.956	16.01
709.6	5.006	16.18
709.6	5.056	16.36
709.6	5.106	16.53
709.6	5.156	16.7
709.6	5.206	16.87
709.6	5.256	17.05
709.6	5.306	17.22
709.6	5.356	17.39
709.6	5.406	17.57
709.6	5.456	17.74
709.6	5.506	17.91
709.6	5.556	18.09
709.6	5.606	18.26
709.6	5.657	18.44
709.6	5.707	18.61
709.6	5.757	18.79
709.6	5.807	18.96
709.6	5.857	19.14
709.6	5.907	19.31
709.6	5.957	19.49
709.6	6.007	19.67
709.6	6.057	19.84
709.6	6.107	20.02
709.6	6.157	20.2
709.6	6.207	20.38
709.6	6.257	20.55
709.6	6.307	20.73
709.6	6.357	20.91
709.6	6.407	21.09
709.6	6.457	21.27
709.6	6.507	21.44
709.6	6.557	21.62
709.6	6.607	21.8
709.6	6.658	21.98
709.6	6.708	22.16
709.6	6.758	22.34
709.6	6.808	22.52
709.6	6.858	22.7
709.6	6.908	22.88
709.6	6.958	23.06
709.6	7.008	23.25
709.6	7.058	23.43
709.6	7.108	23.61
709.6	7.158	23.79
709.6	7.208	23.97
709.6	7.258	24.16
709.6	7.308	24.34
709.6	7.358	24.52
709.6	7.408	24.71
709.6	7.458	24.89
709.6	7.508	25.07
709.6	7.558	25.26
709.6	7.608	25.44
709.6	7.659	25.63
709.6	7.709	25.81
709.6	7.759	26
709.6	7.809	26.18
709.6	7.859	26.37
709.6	7.909	26.55
709.6	7.959	26.74
709.6	8.009	26.93
709.6	8.059	27.11
709.6	8.109	27.3
709.6	8.159	27.49
709.6	8.209	27.68
709.6	8.259	27.86
709.6	8.309	28.05
709.6	8.359	28.24
709.6	8.409	28.43
709.6	8.459	28.62
709.6	8.509	28.81
709.6	8.559	29
709.6	8.609	29.19
709.6	8.659	29.38
709.6	8.71	29.57
709.6	8.76	29.76
709.6	8.81	29.95
709.6	8.86	30.14
709.6	8.91	30.33
709.6	8.96	30.53
709.6	9.01	30.72
709.6	9.06	30.91
709.6	9.11	31.1
709.6	9.16	31.3
709.6	9.21	31.49
709.6	9.26	31.68
709.6	9.31	31.88
709.6	9.36	32.07
709.6	9.41	32.27
709.6	9.46	32.46
709.6	9.51	32.66
709.6	9.56	32.85
709.6	9.61	33.05
709.6	9.66	33.25
709.6	9.711	33.44
709.6	9.761	33.64
709.6	9.811	33.84
709.6	9.861	34.03
709.6	9.911	34.23
709.6	9.961	34.43
709.6	10.01	34.63
709.6	10.06	34.83
709.6	10.11	35.03
709.6	10.16	35.23
709.6	10.21	35.42
709.6	10.26	35.62
709.6	10.31	35.83
709.6	10.36	36.03
709.6	10.41	36.23
709.6	10.46	36.43
709.6	10.51	36.63
709.6	10.56	36.83
709.6	10.61	37.03
709.6	10.66	37.24
709.6	10.71	37.44
709.6	10.76	37.64
709.6	10.81	37.85
709.6	10.86	38.05
709.6	10.91	38.26
709.6	10.96	38.46
709.6	11.01	38.67
709.6	11.06	38.87
709.6	11.11	39.08
709.6	11.16	39.28
709.6	11.21	39.49
709.6	11.26	39.7
709.6	11.31	39.9
709.6	11.36	40.11
709.6	11.41	40.32
709.6	11.46	40.53
709.6	11.51	40.74
709.6	11.56	40.95
709.6	11.61	41.15
709.6	11.66	41.36
709.6	11.71	41.57
709.6	11.76	41.79
709.6	11.81	42
709.6	11.86	42.21
709.6	11.91	42.42
709.6	11.96	42.63
709.6	12.01	42.84
709.6	12.06	43.06
709.6	12.11	43.27
709.6	12.16	43.48
709.6	12.21	43.7
709.6	12.26	43.91
709.6	12.31	44.12
709.6	12.36	44.34
709.6	12.41	44.55
709.6	12.46	44.77
709.6	12.51	44.99
709.6	12.56	45.2
709.6	12.61	45.42
709.6	12.66	45.64
709.6	12.71	45.86
709.6	12.76	46.07
709.6	12.81	46.29
709.6	12.86	46.51
709.6	12.91	46.73
709.6	12.96	46.95
709.6	13.01	47.17
709.6	13.06	47.39
709.6	13.11	47.61
709.6	13.16	47.83
709.6	13.21	48.05
709.6	13.26	48.28
709.6	13.31	48.5
709.6	13.36	48.72
709.6	13.41	48.95
709.6	13.46	49.17
709.6	13.51	49.39
709.6	13.56	49.62
709.6	13.61	49.84
709.6	13.66	50.07
709.6	13.71	50.29
709.6	13.76	50.52
709.6	13.81	50.75
709.6	13.86	50.98
709.6	13.91	51.2
709.6	13.96	51.43
709.6	14.01	51.66
709.6	14.06	51.89
709.6	14.11	52.12
709.6	14.16	52.35
709.6	14.21	52.58
709.6	14.26	52.81
709.6	14.32	53.04
709.6	14.37	53.27
709.6	14.42	53.5
709.6	14.47	53.74
709.6	14.52	53.97
709.6	14.57	54.2
709.6	14.62	54.44
709.6	14.67	54.67
709.6	14.72	54.91
709.6	14.77	55.14
709.6	14.82	55.38
709.6	14.87	55.61
709.6	14.92	55.85
709.6	14.97	56.09
709.6	15.02	56.33
709.6	15.07	56.56
709.6	15.12	56.8
709.6	15.17	57.04
709.6	15.22	57.28
709.6	15.27	57.52
709.6	15.32	57.76
709.6	15.37	58
709.6	15.42	58.25
709.6	15.47	58.49
709.6	15.52	58.73
709.6	15.57	58.97
709.6	15.62	59.22
709.6	15.67	59.46
709.6	15.72	59.71
709.6	15.77	59.95
709.6	15.82	60.2
709.6	15.87	60.44
709.6	15.92	60.69
709.6	15.97	60.94
709.6	16.02	61.19
709.6	16.07	61.44
709.6	16.12	61.68
709.6	16.17	61.93
709.6	16.22	62.18
709.6	16.27	62.43
709.6	16.32	62.69
709.6	16.37	62.94
709.6	16.42	63.19
709.6	16.47	63.44
709.6	16.52	63.7
709.6	16.57	63.95
709.6	16.62	64.2
709.6	16.67	64.46
709.6	16.72	64.71
709.6	16.77	64.97
709.6	16.82	65.23
709.6	16.87	65.48
709.6	16.92	65.74
709.6	16.97	66
709.6	17.02	66.26
709.6	17.07	66.52
709.6	17.12	66.78
709.6	17.17	67.04
709.6	17.22	67.3
709.6	17.27	67.56
709.6	17.32	67.82
709.6	17.37	68.09
709.6	17.42	68.35
709.6	17.47	68.62
709.6	17.52	68.88
709.6	17.57	69.15
709.6	17.62	69.41
709.6	17.67	69.68
709.6	17.72	69.95
709.6	17.77	70.21
709.6	17.82	70.48
709.6	17.87	70.75
709.6	17.92	71.02
709.6	17.97	71.29
709.6	18.02	71.56
709.6	18.07	71.83
709.6	18.12	72.11
709.6	18.17	72.38
709.6	18.22	72.65
709.6	18.27	72.93
709.6	18.32	73.2
709.6	18.37	73.48
709.6	18.42	73.75
709.6	18.47	74.03
709.6	18.52	74.31
709.6	18.57	74.59
709.6	18.62	74.87
709.6	18.67	75.15
709.6	18.72	75.43
709.6	18.77	75.71
709.6	18.82	75.99
709.6	18.87	76.27
709.6	18.92	76.55
709.6	18.97	76.84
709.6	19.02	77.12
709.6	19.07	77.41
709.6	19.12	77.69
709.6	19.17	77.98
709.6	19.22	78.27
709.6	19.27	78.55
709.6	19.32	78.84
709.6	19.37	79.13
709.6	19.42	79.42
709.6	19.47	79.71
709.6	19.52	80
709.6	19.57	80.3
709.6	19.62	80.59
709.6	19.67	80.88
709.6	19.72	81.18
709.6	19.77	81.47
709.6	19.82	81.77
709.6	19.87	82.07
709.6	19.92	82.36
709.6	19.97	82.66
709.6	20.02	82.96
709.6	20.07	83.26
709.6	20.12	83.56
709.6	20.17	83.86
709.6	20.22	84.17
709.6	20.27	84.47
709.6	20.32	84.77
709.6	20.37	85.08
709.6	20.42	85.38
709.6	20.47	85.69
709.6	20.52	86
709.6	20.57	86.3
709.6	20.62	86.61
709.6	20.67	86.92
709.6	20.72	87.23
709.6	20.77	87.54
709.6	20.82	87.86
709.6	20.87	88.17
709.6	20.92	88.48
709.6	20.97	88.8
709.6	21.02	89.11
709.6	21.07	89.43
709.6	21.12	89.75
709.6	21.17	90.07
709.6	21.22	90.38
709.6	21.27	90.7
709.6	21.32	91.03
709.6	21.37	91.35
709.6	21.42	91.67
709.6	21.47	91.99
709.6	21.52	92.32
709.6	21.57	92.64
709.6	21.62	92.97
709.6	21.67	93.3
709.6	21.72	93.62
709.6	21.77	93.95
709.6	21.82	94.28
709.6	21.87	94.61
709.6	21.92	94.95
709.6	21.97	95.28
709.6	22.02	95.61
709.6	22.07	95.95
709.6	22.12	96.28
709.6	22.17	96.62
709.6	22.22	96.96
709.6	22.27	97.29
709.6	22.32	97.63
709.6	22.37	97.97
709.6	22.42	98.32
709.6	22.47	98.66
709.6	22.52	99
709.6	22.57	99.35
709.6	22.62	99.69
709.6	22.67	100
709.6	22.72	100.4
709.6	22.77	100.7
709.6	22.82	101.1
709.6	22.87	101.4
709.6	22.92	101.8
709.6	22.97	102.1
709.6	23.02	102.5
709.6	23.07	102.8
709.6	23.12	103.2
709.6	23.17	103.6
709.6	23.22	103.9
709.6	23.27	104.3
709.6	23.32	104.6
709.6	23.37	105
709.6	23.42	105.4
709.6	23.47	105.7
709.6	23.52	106.1
709.6	23.57	106.5
709.6	23.62	106.8
709.6	23.67	107.2
709.6	23.72	107.6
709.6	23.77	107.9
709.6	23.82	108.3
709.6	23.87	108.7
709.6	23.92	109.1
709.6	23.97	109.4
709.6	24.02	109.8
709.6	24.07	110.2
709.6	24.12	110.6
709.6	24.17	110.9
709.6	24.22	111.3
709.6	24.27	111.7
709.6	24.32	112.1
709.6	24.37	112.5
709.6	24.42	112.9
709.6	24.47	113.3
709.6	24.53	113.6
709.6	24.58	114
709.6	24.63	114.4
709.6	24.68	114.8
709.6	24.73	115.2
709.6	24.78	115.6
709.6	24.83	116
709.6	24.88	116.4
709.6	24.93	116.8
709.6	24.98	117.2
709.6	25.03	117.6
709.6	25.08	118
709.6	25.13	118.4
709.6	25.18	118.8
709.6	25.23	119.2
709.6	25.28	119.6
709.6	25.33	120
709.6	25.38	120.5
709.6	25.43	120.9
709.6	25.48	121.3
709.6	25.53	121.7
709.6	25.58	122.1
709.6	25.63	122.5
709.6	25.68	123
709.6	25.73	123.4
709.6	25.78	123.8
709.6	25.83	124.2
709.6	25.88	124.7
709.6	25.93	125.1
709.6	25.98	125.5
709.6	26.03	125.9
709.6	26.08	126.4
709.6	26.13	126.8
709.6	26.18	127.2
709.6	26.23	127.7
709.6	26.28	128.1
709.6	26.33	128.6
709.6	26.38	129
709.6	26.43	129.4
709.6	26.48	129.9
709.6	26.53	130.3
709.6	26.58	130.8
709.6	26.63	131.2
709.6	26.68	131.7
709.6	26.73	132.1
709.6	26.78	132.6
709.6	26.83	133.1
709.6	26.88	133.5
709.6	26.93	134
709.6	26.98	134.4
709.6	27.03	134.9
709.6	27.08	135.4
709.6	27.13	135.8
709.6	27.18	136.3
709.6	27.23	136.8
709.6	27.28	137.2
709.6	27.33	137.7
709.6	27.38	138.2
709.6	27.43	138.7
709.6	27.48	139.1
709.6	27.53	139.6
709.6	27.58	140.1
709.6	27.63	140.6
709.6	27.68	141.1
709.6	27.73	141.6
709.6	27.78	142.1
709.6	27.83	142.6
709.6	27.88	143
709.6	27.93	143.5
709.6	27.98	144
709.6	28.03	144.5
709.6	28.08	145
709.6	28.13	145.5
709.6	28.18	146
709.6	28.23	146.6
709.6	28.28	147.1
709.6	28.33	147.6
709.6	28.38	148.1
709.6	28.43	148.6
709.6	28.48	149.1
709.6	28.53	149.6
709.6	28.58	150.2
709.6	28.63	150.7
709.6	28.68	151.2
709.6	28.73	151.7
709.6	28.78	152.3
709.6	28.83	152.8
709.6	28.88	153.3
709.6	28.93	153.9
709.6	28.98	154.4
709.6	29.03	155
709.6	29.08	155.5
709.6	29.13	156
709.6	29.18	156.6
709.6	29.23	157.1
709.6	29.28	157.7
709.6	29.33	158.3
709.6	29.38	158.8
709.6	29.43	159.4
709.6	29.48	159.9
709.6	29.53	160.5
709.6	29.58	161.1
709.6	29.63	161.6
709.6	29.68	162.2
709.6	29.73	162.8
709.6	29.78	163.3
709.6	29.83	163.9
709.6	29.88	164.5
709.6	29.93	165.1
709.6	29.98	165.7
709.6	30.03	166.3
709.6	30.08	166.8
709.6	30.13	167.4
709.6	30.18	168
709.6	30.23	168.6
709.6	30.28	169.2
709.6	30.33	169.8
709.6	30.38	170.4
709.6	30.43	171
709.6	30.48	171.7
709.6	30.53	172.3
709.6	30.58	172.9
709.6	30.63	173.5
709.6	30.68	174.1
709.6	30.73	174.7
709.6	30.78	175.4
709.6	30.83	176
709.6	30.88	176.6
709.6	30.93	177.3
709.6	30.98	177.9
709.6	31.03	178.5
709.6	31.08	179.2
709.6	31.13	179.8
709.6	31.18	180.5
709.6	31.23	181.1
709.6	31.28	181.8
709.6	31.33	182.4
709.6	31.38	183.1
709.6	31.43	183.7
709.6	31.48	184.4
709.6	31.53	185.1
709.6	31.58	185.7
709.6	31.63	186.4
709.6	31.68	187.1
709.6	31.73	187.8
709.6	31.78	188.4
709.6	31.83	189.1
709.6	31.88	189.8
709.6	31.93	190.5
709.6	31.98	191.2
709.6	32.03	191.9
709.6	32.08	192.6
709.6	32.13	193.3
709.6	32.18	194
709.6	32.23	194.7
709.6	32.28	195.4
709.6	32.33	196.1
709.6	32.38	196.8
709.6	32.43	197.5
709.6	32.48	198.3
709.6	32.53	199
709.6	32.58	199.7
709.6	32.63	200.4
709.6	32.68	201.2
709.6	32.73	201.9
709.6	32.78	202.6
709.6	32.83	203.4
709.6	32.88	204.1
709.6	32.93	204.9
709.6	32.98	205.6
709.6	33.03	206.4
709.6	33.08	207.1
709.6	33.13	207.9
709.6	33.18	208.6
709.6	33.23	209.4
709.6	33.28	210.2
709.6	33.33	210.9
709.6	33.38	211.7
709.6	33.43	212.5
709.6	33.48	213.3
709.6	33.53	214.1
709.6	33.58	214.8
709.6	33.63	215.6
709.6	33.68	216.4
709.6	33.73	217.2
709.6	33.78	218
709.6	33.83	218.8
709.6	33.88	219.6
709.6	33.93	220.4
709.6	33.98	221.2
709.6	34.03	222
709.6	34.08	222.9
709.6	34.13	223.7
709.6	34.18	224.5
709.6	34.23	225.3
709.6	34.28	226.1
709.6	34.33	227
709.6	34.38	227.8
709.6	34.43	228.6
709.6	34.48	229.5
709.6	34.53	230.3
709.6	34.58	231.1
709.6	34.63	232
709.6	34.68	232.8
709.6	34.74	233.7
709.6	34.79	234.5
709.6	34.84	235.4
709.6	34.89	236.2
709.6	34.94	237.1
709.6	34.99	238
709.6	35.04	238.8
709.6	35.09	239.7
709.6	35.14	240.6
709.6	35.19	241.4
709.6	35.24	242.3
709.6	35.29	243.2
709.6	35.34	244.1
709.6	35.39	244.9
709.6	35.44	245.8
709.6	35.49	246.7
709.6	35.54	247.6
709.6	35.59	248.5
709.6	35.64	249.4
709.6	35.69	250.3
709.6	35.74	251.1
709.6	35.79	252
709.6	35.84	252.9
709.6	35.89	253.8
709.6	35.94	254.7
709.6	35.99	255.6
709.6	36.04	256.5
709.6	36.09	257.5
709.6	36.14	258.4
709.6	36.19	259.3
709.6	36.24	260.2
709.6	36.29	261.1
709.6	36.34	262
709.6	36.39	262.9
709.6	36.44	263.8
709.6	36.49	264.8
709.6	36.54	265.7
709.6	36.59	266.6
709.6	36.64	267.5
709.6	36.69	268.4
709.6	36.74	269.4
709.6	36.79	270.3
709.6	36.84	271.2
709.6	36.89	272.1
709.6	36.94	273.1
709.6	36.99	274
709.6	37.04	274.9
709.6	37.09	275.8
709.6	37.14	276.8
709.6	37.19	277.7
709.6	37.24	278.6
709.6	37.29	279.6
709.6	37.34	280.5
709.6	37.39	281.4
709.6	37.44	282.3
709.6	37.49	283.3
709.6	37.54	284.2
709.6	37.59	285.1
709.6	37.64	286.1
709.6	37.69	287
709.6	37.74	287.9
709.6	37.79	288.9
709.6	37.84	289.8
709.6	37.89	290.7
709.6	37.94	291.6
709.6	37.99	292.6
709.6	38.04	293.5
709.6	38.09	294.4
709.6	38.14	295.4
709.6	38.19	296.3
709.6	38.24	297.2
709.6	38.29	298.1
709.6	38.34	299.1
709.6	38.39	300
709.6	38.44	300.9
709.6	38.49	301.8
709.6	38.54	302.8
709.6	38.59	303.7
709.6	38.64	304.6
709.6	38.69	305.5
709.6	38.74	306.4
709.6	38.79	307.4
709.6	38.84	308.3
709.6	38.89	309.2
709.6	38.94	310.1
709.6	38.99	311
709.6	39.04	311.9
709.6	39.09	312.8
709.6	39.14	313.7
709.6	39.19	314.6
709.6	39.24	315.5
709.6	39.29	316.5
709.6	39.34	317.4
709.6	39.39	318.3
709.6	39.44	319.2
709.6	39.49	320
709.6	39.54	320.9
709.6	39.59	321.8
709.6	39.64	322.7
709.6	39.69	323.6
709.6	39.74	324.5
709.6	39.79	325.4
709.6	39.84	326.3
709.6	39.89	327.2
709.6	39.94	328
709.6	39.99	328.9
709.6	40.04	329.8
709.6	40.09	330.7
709.6	40.14	331.5
709.6	40.19	332.4
709.6	40.24	333.3
709.6	40.29	334.1
709.6	40.34	335
709.6	40.39	335.9
709.6	40.44	336.7
709.6	40.49	337.6
709.6	40.54	338.4
709.6	40.59	339.3
709.6	40.64	340.1
709.6	40.69	341
709.6	40.74	341.8
709.6	40.79	342.7
709.6	40.84	343.5
709.6	40.89	344.4
709.6	40.94	345.2
709.6	40.99	346
709.6	41.04	346.9
709.6	41.09	347.7
709.6	41.14	348.5
709.6	41.19	349.3
709.6	41.24	350.2
709.6	41.29	351
709.6	41.34	351.8
709.6	41.39	352.6
709.6	41.44	353.4
709.6	41.49	354.2
709.6	41.54	355
709.6	41.59	355.8
709.6	41.64	356.6
709.6	41.69	357.4
709.6	41.74	358.2
709.6	41.79	359
709.6	41.84	359.8
709.6	41.89	360.6
709.6	41.94	361.4
709.6	41.99	362.2
709.6	42.04	363
709.6	42.09	363.7
709.6	42.14	364.5
709.6	42.19	365.3
709.6	42.24	366
709.6	42.29	366.8
709.6	42.34	367.6
709.6	42.39	368.3
709.6	42.44	369.1
709.6	42.49	369.9
709.6	42.54	370.6
709.6	42.59	371.4
709.6	42.64	372.1
709.6	42.69	372.8
709.6	42.74	373.6
709.6	42.79	374.3
709.6	42.84	375.1
709.6	42.89	375.8
709.6	42.94	376.5
709.6	42.99	377.3
709.6	43.04	378
709.6	43.09	378.7
709.6	43.14	379.4
709.6	43.19	380.1
709.6	43.24	380.9
709.6	43.29	381.6
709.6	43.34	382.3
709.6	43.39	383
709.6	43.44	383.7
709.6	43.49	384.4
709.6	43.54	385.1
709.6	43.59	385.8
709.6	43.64	386.5
709.6	43.69	387.2
709.6	43.74	387.9
709.6	43.79	388.5
709.6	43.84	389.2
709.6	43.89	389.9
709.6	43.94	390.6
709.6	43.99	391.2
709.6	44.04	391.9
709.6	44.09	392.6
709.6	44.14	393.2
709.6	44.19	393.9
709.6	44.24	394.6
709.6	44.29	395.2
709.6	44.34	395.9
709.6	44.39	396.5
709.6	44.44	397.2
709.6	44.49	397.8
709.6	44.54	398.5
709.6	44.59	399.1
709.6	44.64	399.7
709.6	44.69	400.4
709.6	44.74	401
709.6	44.79	401.6
709.6	44.84	402.3
709.6	44.89	402.9
709.6	44.95	403.5
709.6	45	404.1
709.6	45.05	404.8
709.6	45.1	405.4
709.6	45.15	406
709.6	45.2	406.6
709.6	45.25	407.2
709.6	45.3	407.8
709.6	45.35	408.4
709.6	45.4	409
709.6	45.45	409.6
709.6	45.5	410.2
709.6	45.55	410.8
709.6	45.6	411.4
709.6	45.65	412
709.6	45.7	412.5
709.6	45.75	413.1
709.6	45.8	413.7
709.6	45.85	414.3
709.6	45.9	414.9
709.6	45.95	415.4
709.6	46	416
709.6	46.05	416.6
709.6	46.1	417.1
709.6	46.15	417.7
709.6	46.2	418.3
709.6	46.25	418.8
709.6	46.3	419.4
709.6	46.35	419.9
709.6	46.4	420.5
709.6	46.45	421
709.6	46.5	421.6
709.6	46.55	422.1
709.6	46.6	422.7
709.6	46.65	423.2
709.6	46.7	423.7
709.6	46.75	424.3
709.6	46.8	424.8
709.6	46.85	425.4
709.6	46.9	425.9
709.6	46.95	426.4
709.6	47	426.9
709.6	47.05	427.5
709.6	47.1	428
709.6	47.15	428.5
709.6	47.2	429
709.6	47.25	429.5
709.6	47.3	430
709.6	47.35	430.6
709.6	47.4	431.1
709.6	47.45	431.6
709.6	47.5	432.1
709.6	47.55	432.6
709.6	47.6	433.1
709.6	47.65	433.6
709.6	47.7	434.1
709.6	47.75	434.6
709.6	47.8	435.1
709.6	47.85	435.6
709.6	47.9	436.1
709.6	47.95	436.5
709.6	48	437
709.6	48.05	437.5
709.6	48.1	438
709.6	48.15	438.5
709.6	48.2	439
709.6	48.25	439.4
709.6	48.3	439.9
709.6	48.35	440.4
709.6	48.4	440.9
709.6	48.45	441.3
709.6	48.5	441.8
709.6	48.55	442.3
709.6	48.6	442.7
709.6	48.65	443.2
709.6	48.7	443.6
709.6	48.75	444.1
709.6	48.8	444.6
709.6	48.85	445
709.6	48.9	445.5
709.6	48.95	445.9
709.6	49	446.4
709.6	49.05	446.8
709.6	49.1	447.3
709.6	49.15	447.7
709.6	49.2	448.2
709.6	49.25	448.6
709.6	49.3	449.1
709.6	49.35	449.5
709.6	49.4	449.9
709.6	49.45	450.4
709.6	49.5	450.8
709.6	49.55	451.2
709.6	49.6	451.7
709.6	49.65	452.1
709.6	49.7	452.5
709.6	49.75	453
709.6	49.8	453.4
709.6	49.85	453.8
709.6	49.9	454.2
709.6	49.95	454.7
709.6	50	455.1
727.3	0.001	0.002979
727.3	0.05105	0.1522
727.3	0.1011	0.3015
727.3	0.1511	0.451
727.3	0.2012	0.6006
727.3	0.2512	0.7503
727.3	0.3013	0.9003
727.3	0.3513	1.05
727.3	0.4014	1.201
727.3	0.4514	1.351
727.3	0.5015	1.501
727.3	0.5515	1.652
727.3	0.6016	1.803
727.3	0.6516	1.954
727.3	0.7017	2.105
727.3	0.7517	2.256
727.3	0.8018	2.407
727.3	0.8518	2.559
727.3	0.9019	2.711
727.3	0.9519	2.862
727.3	1.002	3.014
727.3	1.052	3.167
727.3	1.102	3.319
727.3	1.152	3.471
727.3	1.202	3.624
727.3	1.252	3.777
727.3	1.302	3.929
727.3	1.352	4.083
727.3	1.402	4.236
727.3	1.452	4.389
727.3	1.502	4.543
727.3	1.553	4.696
727.3	1.603	4.85
727.3	1.653	5.004
727.3	1.703	5.158
727.3	1.753	5.313
727.3	1.803	5.467
727.3	1.853	5.622
727.3	1.903	5.776
727.3	1.953	5.931
727.3	2.003	6.086
727.3	2.053	6.242
727.3	2.103	6.397
727.3	2.153	6.553
727.3	2.203	6.708
727.3	2.253	6.864
727.3	2.303	7.02
727.3	2.353	7.177
727.3	2.403	7.333
727.3	2.453	7.489
727.3	2.503	7.646
727.3	2.554	7.803
727.3	2.604	7.96
727.3	2.654	8.117
727.3	2.704	8.275
727.3	2.754	8.432
727.3	2.804	8.59
727.3	2.854	8.748
727.3	2.904	8.906
727.3	2.954	9.064
727.3	3.004	9.222
727.3	3.054	9.381
727.3	3.104	9.54
727.3	3.154	9.699
727.3	3.204	9.858
727.3	3.254	10.02
727.3	3.304	10.18
727.3	3.354	10.34
727.3	3.404	10.5
727.3	3.454	10.66
727.3	3.504	10.82
727.3	3.554	10.98
727.3	3.605	11.14
727.3	3.655	11.3
727.3	3.705	11.46
727.3	3.755	11.62
727.3	3.805	11.78
727.3	3.855	11.94
727.3	3.905	12.1
727.3	3.955	12.26
727.3	4.005	12.43
727.3	4.055	12.59
727.3	4.105	12.75
727.3	4.155	12.91
727.3	4.205	13.08
727.3	4.255	13.24
727.3	4.305	13.4
727.3	4.355	13.56
727.3	4.405	13.73
727.3	4.455	13.89
727.3	4.505	14.06
727.3	4.555	14.22
727.3	4.606	14.38
727.3	4.656	14.55
727.3	4.706	14.71
727.3	4.756	14.88
727.3	4.806	15.04
727.3	4.856	15.21
727.3	4.906	15.37
727.3	4.956	15.54
727.3	5.006	15.7
727.3	5.056	15.87
727.3	5.106	16.03
727.3	5.156	16.2
727.3	5.206	16.37
727.3	5.256	16.53
727.3	5.306	16.7
727.3	5.356	16.87
727.3	5.406	17.03
727.3	5.456	17.2
727.3	5.506	17.37
727.3	5.556	17.54
727.3	5.606	17.7
727.3	5.657	17.87
727.3	5.707	18.04
727.3	5.757	18.21
727.3	5.807	18.38
727.3	5.857	18.55
727.3	5.907	18.72
727.3	5.957	18.89
727.3	6.007	19.05
727.3	6.057	19.22
727.3	6.107	19.39
727.3	6.157	19.56
727.3	6.207	19.73
727.3	6.257	19.91
727.3	6.307	20.08
727.3	6.357	20.25
727.3	6.407	20.42
727.3	6.457	20.59
727.3	6.507	20.76
727.3	6.557	20.93
727.3	6.607	21.1
727.3	6.658	21.28
727.3	6.708	21.45
727.3	6.758	21.62
727.3	6.808	21.79
727.3	6.858	21.97
727.3	6.908	22.14
727.3	6.958	22.31
727.3	7.008	22.49
727.3	7.058	22.66
727.3	7.108	22.84
727.3	7.158	23.01
727.3	7.208	23.18
727.3	7.258	23.36
727.3	7.308	23.53
727.3	7.358	23.71
727.3	7.408	23.89
727.3	7.458	24.06
727.3	7.508	24.24
727.3	7.558	24.41
727.3	7.608	24.59
727.3	7.659	24.77
727.3	7.709	24.94
727.3	7.759	25.12
727.3	7.809	25.3
727.3	7.859	25.47
727.3	7.909	25.65
727.3	7.959	25.83
727.3	8.009	26.01
727.3	8.059	26.19
727.3	8.109	26.36
727.3	8.159	26.54
727.3	8.209	26.72
727.3	8.259	26.9
727.3	8.309	27.08
727.3	8.359	27.26
727.3	8.409	27.44
727.3	8.459	27.62
727.3	8.509	27.8
727.3	8.559	27.98
727.3	8.609	28.16
727.3	8.659	28.34
727.3	8.71	28.53
727.3	8.76	28.71
727.3	8.81	28.89
727.3	8.86	29.07
727.3	8.91	29.25
727.3	8.96	29.44
727.3	9.01	29.62
727.3	9.06	29.8
727.3	9.11	29.99
727.3	9.16	30.17
727.3	9.21	30.35
727.3	9.26	30.54
727.3	9.31	30.72
727.3	9.36	30.91
727.3	9.41	31.09
727.3	9.46	31.28
727.3	9.51	31.46
727.3	9.56	31.65
727.3	9.61	31.83
727.3	9.66	32.02
727.3	9.711	32.21
727.3	9.761	32.39
727.3	9.811	32.58
727.3	9.861	32.77
727.3	9.911	32.95
727.3	9.961	33.14
727.3	10.01	33.33
727.3	10.06	33.52
727.3	10.11	33.71
727.3	10.16	33.89
727.3	10.21	34.08
727.3	10.26	34.27
727.3	10.31	34.46
727.3	10.36	34.65
727.3	10.41	34.84
727.3	10.46	35.03
727.3	10.51	35.22
727.3	10.56	35.41
727.3	10.61	35.6
727.3	10.66	35.8
727.3	10.71	35.99
727.3	10.76	36.18
727.3	10.81	36.37
727.3	10.86	36.56
727.3	10.91	36.76
727.3	10.96	36.95
727.3	11.01	37.14
727.3	11.06	37.34
727.3	11.11	37.53
727.3	11.16	37.72
727.3	11.21	37.92
727.3	11.26	38.11
727.3	11.31	38.31
727.3	11.36	38.5
727.3	11.41	38.7
727.3	11.46	38.89
727.3	11.51	39.09
727.3	11.56	39.29
727.3	11.61	39.48
727.3	11.66	39.68
727.3	11.71	39.88
727.3	11.76	40.08
727.3	11.81	40.27
727.3	11.86	40.47
727.3	11.91	40.67
727.3	11.96	40.87
727.3	12.01	41.07
727.3	12.06	41.27
727.3	12.11	41.47
727.3	12.16	41.67
727.3	12.21	41.87
727.3	12.26	42.07
727.3	12.31	42.27
727.3	12.36	42.47
727.3	12.41	42.67
727.3	12.46	42.87
727.3	12.51	43.07
727.3	12.56	43.28
727.3	12.61	43.48
727.3	12.66	43.68
727.3	12.71	43.89
727.3	12.76	44.09
727.3	12.81	44.29
727.3	12.86	44.5
727.3	12.91	44.7
727.3	12.96	44.91
727.3	13.01	45.11
727.3	13.06	45.32
727.3	13.11	45.52
727.3	13.16	45.73
727.3	13.21	45.94
727.3	13.26	46.14
727.3	13.31	46.35
727.3	13.36	46.56
727.3	13.41	46.76
727.3	13.46	46.97
727.3	13.51	47.18
727.3	13.56	47.39
727.3	13.61	47.6
727.3	13.66	47.81
727.3	13.71	48.02
727.3	13.76	48.23
727.3	13.81	48.44
727.3	13.86	48.65
727.3	13.91	48.86
727.3	13.96	49.07
727.3	14.01	49.28
727.3	14.06	49.5
727.3	14.11	49.71
727.3	14.16	49.92
727.3	14.21	50.13
727.3	14.26	50.35
727.3	14.32	50.56
727.3	14.37	50.77
727.3	14.42	50.99
727.3	14.47	51.2
727.3	14.52	51.42
727.3	14.57	51.64
727.3	14.62	51.85
727.3	14.67	52.07
727.3	14.72	52.28
727.3	14.77	52.5
727.3	14.82	52.72
727.3	14.87	52.94
727.3	14.92	53.15
727.3	14.97	53.37
727.3	15.02	53.59
727.3	15.07	53.81
727.3	15.12	54.03
727.3	15.17	54.25
727.3	15.22	54.47
727.3	15.27	54.69
727.3	15.32	54.91
727.3	15.37	55.13
727.3	15.42	55.36
727.3	15.47	55.58
727.3	15.52	55.8
727.3	15.57	56.02
727.3	15.62	56.25
727.3	15.67	56.47
727.3	15.72	56.69
727.3	15.77	56.92
727.3	15.82	57.14
727.3	15.87	57.37
727.3	15.92	57.59
727.3	15.97	57.82
727.3	16.02	58.05
727.3	16.07	58.27
727.3	16.12	58.5
727.3	16.17	58.73
727.3	16.22	58.96
727.3	16.27	59.18
727.3	16.32	59.41
727.3	16.37	59.64
727.3	16.42	59.87
727.3	16.47	60.1
727.3	16.52	60.33
727.3	16.57	60.56
727.3	16.62	60.79
727.3	16.67	61.03
727.3	16.72	61.26
727.3	16.77	61.49
727.3	16.82	61.72
727.3	16.87	61.96
727.3	16.92	62.19
727.3	16.97	62.43
727.3	17.02	62.66
727.3	17.07	62.89
727.3	17.12	63.13
727.3	17.17	63.37
727.3	17.22	63.6
727.3	17.27	63.84
727.3	17.32	64.08
727.3	17.37	64.31
727.3	17.42	64.55
727.3	17.47	64.79
727.3	17.52	65.03
727.3	17.57	65.27
727.3	17.62	65.51
727.3	17.67	65.75
727.3	17.72	65.99
727.3	17.77	66.23
727.3	17.82	66.47
727.3	17.87	66.71
727.3	17.92	66.96
727.3	17.97	67.2
727.3	18.02	67.44
727.3	18.07	67.69
727.3	18.12	67.93
727.3	18.17	68.18
727.3	18.22	68.42
727.3	18.27	68.67
727.3	18.32	68.91
727.3	18.37	69.16
727.3	18.42	69.41
727.3	18.47	69.65
727.3	18.52	69.9
727.3	18.57	70.15
727.3	18.62	70.4
727.3	18.67	70.65
727.3	18.72	70.9
727.3	18.77	71.15
727.3	18.82	71.4
727.3	18.87	71.65
727.3	18.92	71.9
727.3	18.97	72.16
727.3	19.02	72.41
727.3	19.07	72.66
727.3	19.12	72.92
727.3	19.17	73.17
727.3	19.22	73.43
727.3	19.27	73.68
727.3	19.32	73.94
727.3	19.37	74.19
727.3	19.42	74.45
727.3	19.47	74.71
727.3	19.52	74.97
727.3	19.57	75.22
727.3	19.62	75.48
727.3	19.67	75.74
727.3	19.72	76
727.3	19.77	76.26
727.3	19.82	76.52
727.3	19.87	76.79
727.3	19.92	77.05
727.3	19.97	77.31
727.3	20.02	77.57
727.3	20.07	77.84
727.3	20.12	78.1
727.3	20.17	78.37
727.3	20.22	78.63
727.3	20.27	78.9
727.3	20.32	79.16
727.3	20.37	79.43
727.3	20.42	79.7
727.3	20.47	79.97
727.3	20.52	80.23
727.3	20.57	80.5
727.3	20.62	80.77
727.3	20.67	81.04
727.3	20.72	81.31
727.3	20.77	81.59
727.3	20.82	81.86
727.3	20.87	82.13
727.3	20.92	82.4
727.3	20.97	82.68
727.3	21.02	82.95
727.3	21.07	83.23
727.3	21.12	83.5
727.3	21.17	83.78
727.3	21.22	84.05
727.3	21.27	84.33
727.3	21.32	84.61
727.3	21.37	84.89
727.3	21.42	85.17
727.3	21.47	85.44
727.3	21.52	85.73
727.3	21.57	86.01
727.3	21.62	86.29
727.3	21.67	86.57
727.3	21.72	86.85
727.3	21.77	87.13
727.3	21.82	87.42
727.3	21.87	87.7
727.3	21.92	87.99
727.3	21.97	88.27
727.3	22.02	88.56
727.3	22.07	88.85
727.3	22.12	89.13
727.3	22.17	89.42
727.3	22.22	89.71
727.3	22.27	90
727.3	22.32	90.29
727.3	22.37	90.58
727.3	22.42	90.87
727.3	22.47	91.16
727.3	22.52	91.46
727.3	22.57	91.75
727.3	22.62	92.04
727.3	22.67	92.34
727.3	22.72	92.63
727.3	22.77	92.93
727.3	22.82	93.23
727.3	22.87	93.52
727.3	22.92	93.82
727.3	22.97	94.12
727.3	23.02	94.42
727.3	23.07	94.72
727.3	23.12	95.02
727.3	23.17	95.32
727.3	23.22	95.62
727.3	23.27	95.93
727.3	23.32	96.23
727.3	23.37	96.53
727.3	23.42	96.84
727.3	23.47	97.14
727.3	23.52	97.45
727.3	23.57	97.76
727.3	23.62	98.07
727.3	23.67	98.37
727.3	23.72	98.68
727.3	23.77	98.99
727.3	23.82	99.3
727.3	23.87	99.61
727.3	23.92	99.93
727.3	23.97	100.2
727.3	24.02	100.6
727.3	24.07	100.9
727.3	24.12	101.2
727.3	24.17	101.5
727.3	24.22	101.8
727.3	24.27	102.1
727.3	24.32	102.4
727.3	24.37	102.8
727.3	24.42	103.1
727.3	24.47	103.4
727.3	24.53	103.7
727.3	24.58	104
727.3	24.63	104.4
727.3	24.68	104.7
727.3	24.73	105
727.3	24.78	105.3
727.3	24.83	105.7
727.3	24.88	106
727.3	24.93	106.3
727.3	24.98	106.7
727.3	25.03	107
727.3	25.08	107.3
727.3	25.13	107.6
727.3	25.18	108
727.3	25.23	108.3
727.3	25.28	108.6
727.3	25.33	109
727.3	25.38	109.3
727.3	25.43	109.6
727.3	25.48	110
727.3	25.53	110.3
727.3	25.58	110.7
727.3	25.63	111
727.3	25.68	111.3
727.3	25.73	111.7
727.3	25.78	112
727.3	25.83	112.4
727.3	25.88	112.7
727.3	25.93	113
727.3	25.98	113.4
727.3	26.03	113.7
727.3	26.08	114.1
727.3	26.13	114.4
727.3	26.18	114.8
727.3	26.23	115.1
727.3	26.28	115.5
727.3	26.33	115.8
727.3	26.38	116.2
727.3	26.43	116.5
727.3	26.48	116.9
727.3	26.53	117.2
727.3	26.58	117.6
727.3	26.63	117.9
727.3	26.68	118.3
727.3	26.73	118.7
727.3	26.78	119
727.3	26.83	119.4
727.3	26.88	119.7
727.3	26.93	120.1
727.3	26.98	120.5
727.3	27.03	120.8
727.3	27.08	121.2
727.3	27.13	121.6
727.3	27.18	121.9
727.3	27.23	122.3
727.3	27.28	122.7
727.3	27.33	123
727.3	27.38	123.4
727.3	27.43	123.8
727.3	27.48	124.1
727.3	27.53	124.5
727.3	27.58	124.9
727.3	27.63	125.3
727.3	27.68	125.6
727.3	27.73	126
727.3	27.78	126.4
727.3	27.83	126.8
727.3	27.88	127.2
727.3	27.93	127.5
727.3	27.98	127.9
727.3	28.03	128.3
727.3	28.08	128.7
727.3	28.13	129.1
727.3	28.18	129.5
727.3	28.23	129.9
727.3	28.28	130.2
727.3	28.33	130.6
727.3	28.38	131
727.3	28.43	131.4
727.3	28.48	131.8
727.3	28.53	132.2
727.3	28.58	132.6
727.3	28.63	133
727.3	28.68	133.4
727.3	28.73	133.8
727.3	28.78	134.2
727.3	28.83	134.6
727.3	28.88	135
727.3	28.93	135.4
727.3	28.98	135.8
727.3	29.03	136.2
727.3	29.08	136.6
727.3	29.13	137
727.3	29.18	137.4
727.3	29.23	137.8
727.3	29.28	138.2
727.3	29.33	138.7
727.3	29.38	139.1
727.3	29.43	139.5
727.3	29.48	139.9
727.3	29.53	140.3
727.3	29.58	140.7
727.3	29.63	141.2
727.3	29.68	141.6
727.3	29.73	142
727.3	29.78	142.4
727.3	29.83	142.8
727.3	29.88	143.3
727.3	29.93	143.7
727.3	29.98	144.1
727.3	30.03	144.5
727.3	30.08	145
727.3	30.13	145.4
727.3	30.18	145.8
727.3	30.23	146.3
727.3	30.28	146.7
727.3	30.33	147.1
727.3	30.38	147.6
727.3	30.43	148
727.3	30.48	148.5
727.3	30.53	148.9
727.3	30.58	149.3
727.3	30.63	149.8
727.3	30.68	150.2
727.3	30.73	150.7
727.3	30.78	151.1
727.3	30.83	151.6
727.3	30.88	152
727.3	30.93	152.5
727.3	30.98	152.9
727.3	31.03	153.4
727.3	31.08	153.8
727.3	31.13	154.3
727.3	31.18	154.7
727.3	31.23	155.2
727.3	31.28	155.7
727.3	31.33	156.1
727.3	31.38	156.6
727.3	31.43	157
727.3	31.48	157.5
727.3	31.53	158
727.3	31.58	158.4
727.3	31.63	158.9
727.3	31.68	159.4
727.3	31.73	159.8
727.3	31.78	160.3
727.3	31.83	160.8
727.3	31.88	161.3
727.3	31.93	161.7
727.3	31.98	162.2
727.3	32.03	162.7
727.3	32.08	163.2
727.3	32.13	163.7
727.3	32.18	164.2
727.3	32.23	164.6
727.3	32.28	165.1
727.3	32.33	165.6
727.3	32.38	166.1
727.3	32.43	166.6
727.3	32.48	167.1
727.3	32.53	167.6
727.3	32.58	168.1
727.3	32.63	168.6
727.3	32.68	169.1
727.3	32.73	169.6
727.3	32.78	170.1
727.3	32.83	170.6
727.3	32.88	171.1
727.3	32.93	171.6
727.3	32.98	172.1
727.3	33.03	172.6
727.3	33.08	173.1
727.3	33.13	173.6
727.3	33.18	174.1
727.3	33.23	174.7
727.3	33.28	175.2
727.3	33.33	175.7
727.3	33.38	176.2
727.3	33.43	176.7
727.3	33.48	177.2
727.3	33.53	177.8
727.3	33.58	178.3
727.3	33.63	178.8
727.3	33.68	179.3
727.3	33.73	179.9
727.3	33.78	180.4
727.3	33.83	180.9
727.3	33.88	181.5
727.3	33.93	182
727.3	33.98	182.5
727.3	34.03	183.1
727.3	34.08	183.6
727.3	34.13	184.2
727.3	34.18	184.7
727.3	34.23	185.3
727.3	34.28	185.8
727.3	34.33	186.3
727.3	34.38	186.9
727.3	34.43	187.4
727.3	34.48	188
727.3	34.53	188.6
727.3	34.58	189.1
727.3	34.63	189.7
727.3	34.68	190.2
727.3	34.74	190.8
727.3	34.79	191.3
727.3	34.84	191.9
727.3	34.89	192.5
727.3	34.94	193
727.3	34.99	193.6
727.3	35.04	194.2
727.3	35.09	194.7
727.3	35.14	195.3
727.3	35.19	195.9
727.3	35.24	196.5
727.3	35.29	197
727.3	35.34	197.6
727.3	35.39	198.2
727.3	35.44	198.8
727.3	35.49	199.4
727.3	35.54	199.9
727.3	35.59	200.5
727.3	35.64	201.1
727.3	35.69	201.7
727.3	35.74	202.3
727.3	35.79	202.9
727.3	35.84	203.5
727.3	35.89	204.1
727.3	35.94	204.7
727.3	35.99	205.3
727.3	36.04	205.9
727.3	36.09	206.5
727.3	36.14	207.1
727.3	36.19	207.7
727.3	36.24	208.3
727.3	36.29	208.9
727.3	36.34	209.5
727.3	36.39	210.1
727.3	36.44	210.7
727.3	36.49	211.3
727.3	36.54	211.9
727.3	36.59	212.6
727.3	36.64	213.2
727.3	36.69	213.8
727.3	36.74	214.4
727.3	36.79	215
727.3	36.84	215.6
727.3	36.89	216.3
727.3	36.94	216.9
727.3	36.99	217.5
727.3	37.04	218.2
727.3	37.09	218.8
727.3	37.14	219.4
727.3	37.19	220
727.3	37.24	220.7
727.3	37.29	221.3
727.3	37.34	222
727.3	37.39	222.6
727.3	37.44	223.2
727.3	37.49	223.9
727.3	37.54	224.5
727.3	37.59	225.2
727.3	37.64	225.8
727.3	37.69	226.4
727.3	37.74	227.1
727.3	37.79	227.7
727.3	37.84	228.4
727.3	37.89	229
727.3	37.94	229.7
727.3	37.99	230.3
727.3	38.04	231
727.3	38.09	231.7
727.3	38.14	232.3
727.3	38.19	233
727.3	38.24	233.6
727.3	38.29	234.3
727.3	38.34	234.9
727.3	38.39	235.6
727.3	38.44	236.3
727.3	38.49	236.9
727.3	38.54	237.6
727.3	38.59	238.3
727.3	38.64	238.9
727.3	38.69	239.6
727.3	38.74	240.3
727.3	38.79	241
727.3	38.84	241.6
727.3	38.89	242.3
727.3	38.94	243
727.3	38.99	243.6
727.3	39.04	244.3
727.3	39.09	245
727.3	39.14	245.7
727.3	39.19	246.4
727.3	39.24	247
727.3	39.29	247.7
727.3	39.34	248.4
727.3	39.39	249.1
727.3	39.44	249.8
727.3	39.49	250.4
727.3	39.54	251.1
727.3	39.59	251.8
727.3	39.64	252.5
727.3	39.69	253.2
727.3	39.74	253.9
727.3	39.79	254.6
727.3	39.84	255.3
727.3	39.89	255.9
727.3	39.94	256.6
727.3	39.99	257.3
727.3	40.04	258
727.3	40.09	258.7
727.3	40.14	259.4
727.3	40.19	260.1
727.3	40.24	260.8
727.3	40.29	261.5
727.3	40.34	262.2
727.3	40.39	262.9
727.3	40.44	263.6
727.3	40.49	264.3
727.3	40.54	265
727.3	40.59	265.7
727.3	40.64	266.4
727.3	40.69	267.1
727.3	40.74	267.8
727.3	40.79	268.5
727.3	40.84	269.2
727.3	40.89	269.9
727.3	40.94	270.6
727.3	40.99	271.3
727.3	41.04	272
727.3	41.09	272.7
727.3	41.14	273.4
727.3	41.19	274.1
727.3	41.24	274.8
727.3	41.29	275.5
727.3	41.34	276.2
727.3	41.39	276.9
727.3	41.44	277.6
727.3	41.49	278.3
727.3	41.54	279
727.3	41.59	279.7
727.3	41.64	280.4
727.3	41.69	281.1
727.3	41.74	281.8
727.3	41.79	282.5
727.3	41.84	283.2
727.3	41.89	283.9
727.3	41.94	284.6
727.3	41.99	285.3
727.3	42.04	286
727.3	42.09	286.7
727.3	42.14	287.4
727.3	42.19	288.1
727.3	42.24	288.8
727.3	42.29	289.5
727.3	42.34	290.2
727.3	42.39	290.9
727.3	42.44	291.6
727.3	42.49	292.3
727.3	42.54	293
727.3	42.59	293.7
727.3	42.64	294.4
727.3	42.69	295.1
727.3	42.74	295.8
727.3	42.79	296.5
727.3	42.84	297.2
727.3	42.89	297.8
727.3	42.94	298.5
727.3	42.99	299.2
727.3	43.04	299.9
727.3	43.09	300.6
727.3	43.14	301.3
727.3	43.19	302
727.3	43.24	302.7
727.3	43.29	303.4
727.3	43.34	304.1
727.3	43.39	304.8
727.3	43.44	305.5
727.3	43.49	306.1
727.3	43.54	306.8
727.3	43.59	307.5
727.3	43.64	308.2
727.3	43.69	308.9
727.3	43.74	309.6
727.3	43.79	310.3
727.3	43.84	310.9
727.3	43.89	311.6
727.3	43.94	312.3
727.3	43.99	313
727.3	44.04	313.7
727.3	44.09	314.4
727.3	44.14	315
727.3	44.19	315.7
727.3	44.24	316.4
727.3	44.29	317.1
727.3	44.34	317.7
727.3	44.39	318.4
727.3	44.44	319.1
727.3	44.49	319.8
727.3	44.54	320.4
727.3	44.59	321.1
727.3	44.64	321.8
727.3	44.69	322.4
727.3	44.74	323.1
727.3	44.79	323.8
727.3	44.84	324.4
727.3	44.89	325.1
727.3	44.95	325.8
727.3	45	326.4
727.3	45.05	327.1
727.3	45.1	327.7
727.3	45.15	328.4
727.3	45.2	329.1
727.3	45.25	329.7
727.3	45.3	330.4
727.3	45.35	331
727.3	45.4	331.7
727.3	45.45	332.3
727.3	45.5	333
727.3	45.55	333.6
727.3	45.6	334.3
727.3	45.65	334.9
727.3	45.7	335.6
727.3	45.75	336.2
727.3	45.8	336.9
727.3	45.85	337.5
727.3	45.9	338.1
727.3	45.95	338.8
727.3	46	339.4
727.3	46.05	340.1
727.3	46.1	340.7
727.3	46.15	341.3
727.3	46.2	342
727.3	46.25	342.6
727.3	46.3	343.2
727.3	46.35	343.9
727.3	46.4	344.5
727.3	46.45	345.1
727.3	46.5	345.7
727.3	46.55	346.4
727.3	46.6	347
727.3	46.65	347.6
727.3	46.7	348.2
727.3	46.75	348.9
727.3	46.8	349.5
727.3	46.85	350.1
727.3	46.9	350.7
727.3	46.95	351.3
727.3	47	351.9
727.3	47.05	352.5
727.3	47.1	353.2
727.3	47.15	353.8
727.3	47.2	354.4
727.3	47.25	355
727.3	47.3	355.6
727.3	47.35	356.2
727.3	47.4	356.8
727.3	47.45	357.4
727.3	47.5	358
727.3	47.55	358.6
727.3	47.6	359.2
727.3	47.65	359.8
727.3	47.7	360.4
727.3	47.75	361
727.3	47.8	361.5
727.3	47.85	362.1
727.3	47.9	362.7
727.3	47.95	363.3
727.3	48	363.9
727.3	48.05	364.5
727.3	48.1	365.1
727.3	48.15	365.6
727.3	48.2	366.2
727.3	48.25	366.8
727.3	48.3	367.4
727.3	48.35	368
727.3	48.4	368.5
727.3	48.45	369.1
727.3	48.5	369.7
727.3	48.55	370.2
727.3	48.6	370.8
727.3	48.65	371.4
727.3	48.7	371.9
727.3	48.75	372.5
727.3	48.8	373.1
727.3	48.85	373.6
727.3	48.9	374.2
727.3	48.95	374.7
727.3	49	375.3
727.3	49.05	375.8
727.3	49.1	376.4
727.3	49.15	377
727.3	49.2	377.5
727.3	49.25	378.1
727.3	49.3	378.6
727.3	49.35	379.1
727.3	49.4	379.7
727.3	49.45	380.2
727.3	49.5	380.8
727.3	49.55	381.3
727.3	49.6	381.9
727.3	49.65	382.4
727.3	49.7	382.9
727.3	49.75	383.5
727.3	49.8	384
727.3	49.85	384.5
727.3	49.9	385.1
727.3	49.95	385.6
727.3	50	386.1
744.9	0.001	0.002909
744.9	0.05105	0.1485
744.9	0.1011	0.2943
744.9	0.1511	0.4402
744.9	0.2012	0.5862
744.9	0.2512	0.7324
744.9	0.3013	0.8787
744.9	0.3513	1.025
744.9	0.4014	1.172
744.9	0.4514	1.318
744.9	0.5015	1.465
744.9	0.5515	1.612
744.9	0.6016	1.759
744.9	0.6516	1.906
744.9	0.7017	2.054
744.9	0.7517	2.201
744.9	0.8018	2.349
744.9	0.8518	2.496
744.9	0.9019	2.644
744.9	0.9519	2.792
744.9	1.002	2.94
744.9	1.052	3.089
744.9	1.102	3.237
744.9	1.152	3.385
744.9	1.202	3.534
744.9	1.252	3.683
744.9	1.302	3.832
744.9	1.352	3.981
744.9	1.402	4.13
744.9	1.452	4.279
744.9	1.502	4.429
744.9	1.553	4.578
744.9	1.603	4.728
744.9	1.653	4.878
744.9	1.703	5.028
744.9	1.753	5.178
744.9	1.803	5.329
744.9	1.853	5.479
744.9	1.903	5.63
744.9	1.953	5.78
744.9	2.003	5.931
744.9	2.053	6.082
744.9	2.103	6.233
744.9	2.153	6.385
744.9	2.203	6.536
744.9	2.253	6.688
744.9	2.303	6.839
744.9	2.353	6.991
744.9	2.403	7.143
744.9	2.453	7.295
744.9	2.503	7.448
744.9	2.554	7.6
744.9	2.604	7.753
744.9	2.654	7.905
744.9	2.704	8.058
744.9	2.754	8.211
744.9	2.804	8.364
744.9	2.854	8.518
744.9	2.904	8.671
744.9	2.954	8.825
744.9	3.004	8.978
744.9	3.054	9.132
744.9	3.104	9.286
744.9	3.154	9.441
744.9	3.204	9.595
744.9	3.254	9.749
744.9	3.304	9.904
744.9	3.354	10.06
744.9	3.404	10.21
744.9	3.454	10.37
744.9	3.504	10.52
744.9	3.554	10.68
744.9	3.605	10.83
744.9	3.655	10.99
744.9	3.705	11.15
744.9	3.755	11.3
744.9	3.805	11.46
744.9	3.855	11.62
744.9	3.905	11.77
744.9	3.955	11.93
744.9	4.005	12.08
744.9	4.055	12.24
744.9	4.105	12.4
744.9	4.155	12.56
744.9	4.205	12.71
744.9	4.255	12.87
744.9	4.305	13.03
744.9	4.355	13.19
744.9	4.405	13.34
744.9	4.455	13.5
744.9	4.505	13.66
744.9	4.555	13.82
744.9	4.606	13.98
744.9	4.656	14.14
744.9	4.706	14.3
744.9	4.756	14.46
744.9	4.806	14.61
744.9	4.856	14.77
744.9	4.906	14.93
744.9	4.956	15.09
744.9	5.006	15.25
744.9	5.056	15.41
744.9	5.106	15.57
744.9	5.156	15.73
744.9	5.206	15.9
744.9	5.256	16.06
744.9	5.306	16.22
744.9	5.356	16.38
744.9	5.406	16.54
744.9	5.456	16.7
744.9	5.506	16.86
744.9	5.556	17.02
744.9	5.606	17.19
744.9	5.657	17.35
744.9	5.707	17.51
744.9	5.757	17.67
744.9	5.807	17.84
744.9	5.857	18
744.9	5.907	18.16
744.9	5.957	18.33
744.9	6.007	18.49
744.9	6.057	18.65
744.9	6.107	18.82
744.9	6.157	18.98
744.9	6.207	19.14
744.9	6.257	19.31
744.9	6.307	19.47
744.9	6.357	19.64
744.9	6.407	19.8
744.9	6.457	19.97
744.9	6.507	20.13
744.9	6.557	20.3
744.9	6.607	20.46
744.9	6.658	20.63
744.9	6.708	20.79
744.9	6.758	20.96
744.9	6.808	21.13
744.9	6.858	21.29
744.9	6.908	21.46
744.9	6.958	21.63
744.9	7.008	21.79
744.9	7.058	21.96
744.9	7.108	22.13
744.9	7.158	22.29
744.9	7.208	22.46
744.9	7.258	22.63
744.9	7.308	22.8
744.9	7.358	22.97
744.9	7.408	23.13
744.9	7.458	23.3
744.9	7.508	23.47
744.9	7.558	23.64
744.9	7.608	23.81
744.9	7.659	23.98
744.9	7.709	24.15
744.9	7.759	24.32
744.9	7.809	24.49
744.9	7.859	24.66
744.9	7.909	24.83
744.9	7.959	25
744.9	8.009	25.17
744.9	8.059	25.34
744.9	8.109	25.51
744.9	8.159	25.68
744.9	8.209	25.85
744.9	8.259	26.03
744.9	8.309	26.2
744.9	8.359	26.37
744.9	8.409	26.54
744.9	8.459	26.71
744.9	8.509	26.89
744.9	8.559	27.06
744.9	8.609	27.23
744.9	8.659	27.41
744.9	8.71	27.58
744.9	8.76	27.75
744.9	8.81	27.93
744.9	8.86	28.1
744.9	8.91	28.28
744.9	8.96	28.45
744.9	9.01	28.62
744.9	9.06	28.8
744.9	9.11	28.97
744.9	9.16	29.15
744.9	9.21	29.33
744.9	9.26	29.5
744.9	9.31	29.68
744.9	9.36	29.85
744.9	9.41	30.03
744.9	9.46	30.21
744.9	9.51	30.38
744.9	9.56	30.56
744.9	9.61	30.74
744.9	9.66	30.91
744.9	9.711	31.09
744.9	9.761	31.27
744.9	9.811	31.45
744.9	9.861	31.62
744.9	9.911	31.8
744.9	9.961	31.98
744.9	10.01	32.16
744.9	10.06	32.34
744.9	10.11	32.52
744.9	10.16	32.7
744.9	10.21	32.88
744.9	10.26	33.06
744.9	10.31	33.24
744.9	10.36	33.42
744.9	10.41	33.6
744.9	10.46	33.78
744.9	10.51	33.96
744.9	10.56	34.14
744.9	10.61	34.32
744.9	10.66	34.51
744.9	10.71	34.69
744.9	10.76	34.87
744.9	10.81	35.05
744.9	10.86	35.23
744.9	10.91	35.42
744.9	10.96	35.6
744.9	11.01	35.78
744.9	11.06	35.97
744.9	11.11	36.15
744.9	11.16	36.33
744.9	11.21	36.52
744.9	11.26	36.7
744.9	11.31	36.89
744.9	11.36	37.07
744.9	11.41	37.26
744.9	11.46	37.44
744.9	11.51	37.63
744.9	11.56	37.81
744.9	11.61	38
744.9	11.66	38.19
744.9	11.71	38.37
744.9	11.76	38.56
744.9	11.81	38.75
744.9	11.86	38.93
744.9	11.91	39.12
744.9	11.96	39.31
744.9	12.01	39.5
744.9	12.06	39.69
744.9	12.11	39.87
744.9	12.16	40.06
744.9	12.21	40.25
744.9	12.26	40.44
744.9	12.31	40.63
744.9	12.36	40.82
744.9	12.41	41.01
744.9	12.46	41.2
744.9	12.51	41.39
744.9	12.56	41.58
744.9	12.61	41.77
744.9	12.66	41.96
744.9	12.71	42.15
744.9	12.76	42.35
744.9	12.81	42.54
744.9	12.86	42.73
744.9	12.91	42.92
744.9	12.96	43.11
744.9	13.01	43.31
744.9	13.06	43.5
744.9	13.11	43.69
744.9	13.16	43.89
744.9	13.21	44.08
744.9	13.26	44.28
744.9	13.31	44.47
744.9	13.36	44.66
744.9	13.41	44.86
744.9	13.46	45.06
744.9	13.51	45.25
744.9	13.56	45.45
744.9	13.61	45.64
744.9	13.66	45.84
744.9	13.71	46.04
744.9	13.76	46.23
744.9	13.81	46.43
744.9	13.86	46.63
744.9	13.91	46.82
744.9	13.96	47.02
744.9	14.01	47.22
744.9	14.06	47.42
744.9	14.11	47.62
744.9	14.16	47.82
744.9	14.21	48.02
744.9	14.26	48.22
744.9	14.32	48.41
744.9	14.37	48.61
744.9	14.42	48.82
744.9	14.47	49.02
744.9	14.52	49.22
744.9	14.57	49.42
744.9	14.62	49.62
744.9	14.67	49.82
744.9	14.72	50.02
744.9	14.77	50.23
744.9	14.82	50.43
744.9	14.87	50.63
744.9	14.92	50.83
744.9	14.97	51.04
744.9	15.02	51.24
744.9	15.07	51.45
744.9	15.12	51.65
744.9	15.17	51.85
744.9	15.22	52.06
744.9	15.27	52.26
744.9	15.32	52.47
744.9	15.37	52.68
744.9	15.42	52.88
744.9	15.47	53.09
744.9	15.52	53.29
744.9	15.57	53.5
744.9	15.62	53.71
744.9	15.67	53.92
744.9	15.72	54.12
744.9	15.77	54.33
744.9	15.82	54.54
744.9	15.87	54.75
744.9	15.92	54.96
744.9	15.97	55.17
744.9	16.02	55.38
744.9	16.07	55.59
744.9	16.12	55.8
744.9	16.17	56.01
744.9	16.22	56.22
744.9	16.27	56.43
744.9	16.32	56.64
744.9	16.37	56.85
744.9	16.42	57.07
744.9	16.47	57.28
744.9	16.52	57.49
744.9	16.57	57.7
744.9	16.62	57.92
744.9	16.67	58.13
744.9	16.72	58.35
744.9	16.77	58.56
744.9	16.82	58.77
744.9	16.87	58.99
744.9	16.92	59.2
744.9	16.97	59.42
744.9	17.02	59.64
744.9	17.07	59.85
744.9	17.12	60.07
744.9	17.17	60.29
744.9	17.22	60.5
744.9	17.27	60.72
744.9	17.32	60.94
744.9	17.37	61.16
744.9	17.42	61.38
744.9	17.47	61.59
744.9	17.52	61.81
744.9	17.57	62.03
744.9	17.62	62.25
744.9	17.67	62.47
744.9	17.72	62.69
744.9	17.77	62.91
744.9	17.82	63.14
744.9	17.87	63.36
744.9	17.92	63.58
744.9	17.97	63.8
744.9	18.02	64.02
744.9	18.07	64.25
744.9	18.12	64.47
744.9	18.17	64.69
744.9	18.22	64.92
744.9	18.27	65.14
744.9	18.32	65.37
744.9	18.37	65.59
744.9	18.42	65.82
744.9	18.47	66.04
744.9	18.52	66.27
744.9	18.57	66.5
744.9	18.62	66.72
744.9	18.67	66.95
744.9	18.72	67.18
744.9	18.77	67.41
744.9	18.82	67.63
744.9	18.87	67.86
744.9	18.92	68.09
744.9	18.97	68.32
744.9	19.02	68.55
744.9	19.07	68.78
744.9	19.12	69.01
744.9	19.17	69.24
744.9	19.22	69.47
744.9	19.27	69.7
744.9	19.32	69.94
744.9	19.37	70.17
744.9	19.42	70.4
744.9	19.47	70.63
744.9	19.52	70.87
744.9	19.57	71.1
744.9	19.62	71.34
744.9	19.67	71.57
744.9	19.72	71.81
744.9	19.77	72.04
744.9	19.82	72.28
744.9	19.87	72.51
744.9	19.92	72.75
744.9	19.97	72.99
744.9	20.02	73.22
744.9	20.07	73.46
744.9	20.12	73.7
744.9	20.17	73.94
744.9	20.22	74.18
744.9	20.27	74.42
744.9	20.32	74.65
744.9	20.37	74.89
744.9	20.42	75.14
744.9	20.47	75.38
744.9	20.52	75.62
744.9	20.57	75.86
744.9	20.62	76.1
744.9	20.67	76.34
744.9	20.72	76.59
744.9	20.77	76.83
744.9	20.82	77.07
744.9	20.87	77.32
744.9	20.92	77.56
744.9	20.97	77.81
744.9	21.02	78.05
744.9	21.07	78.3
744.9	21.12	78.54
744.9	21.17	78.79
744.9	21.22	79.04
744.9	21.27	79.28
744.9	21.32	79.53
744.9	21.37	79.78
744.9	21.42	80.03
744.9	21.47	80.28
744.9	21.52	80.53
744.9	21.57	80.78
744.9	21.62	81.03
744.9	21.67	81.28
744.9	21.72	81.53
744.9	21.77	81.78
744.9	21.82	82.03
744.9	21.87	82.29
744.9	21.92	82.54
744.9	21.97	82.79
744.9	22.02	83.05
744.9	22.07	83.3
744.9	22.12	83.56
744.9	22.17	83.81
744.9	22.22	84.07
744.9	22.27	84.32
744.9	22.32	84.58
744.9	22.37	84.84
744.9	22.42	85.09
744.9	22.47	85.35
744.9	22.52	85.61
744.9	22.57	85.87
744.9	22.62	86.13
744.9	22.67	86.39
744.9	22.72	86.65
744.9	22.77	86.91
744.9	22.82	87.17
744.9	22.87	87.43
744.9	22.92	87.69
744.9	22.97	87.95
744.9	23.02	88.22
744.9	23.07	88.48
744.9	23.12	88.75
744.9	23.17	89.01
744.9	23.22	89.27
744.9	23.27	89.54
744.9	23.32	89.81
744.9	23.37	90.07
744.9	23.42	90.34
744.9	23.47	90.61
744.9	23.52	90.87
744.9	23.57	91.14
744.9	23.62	91.41
744.9	23.67	91.68
744.9	23.72	91.95
744.9	23.77	92.22
744.9	23.82	92.49
744.9	23.87	92.76
744.9	23.92	93.03
744.9	23.97	93.31
744.9	24.02	93.58
744.9	24.07	93.85
744.9	24.12	94.12
744.9	24.17	94.4
744.9	24.22	94.67
744.9	24.27	94.95
744.9	24.32	95.22
744.9	24.37	95.5
744.9	24.42	95.78
744.9	24.47	96.05
744.9	24.53	96.33
744.9	24.58	96.61
744.9	24.63	96.89
744.9	24.68	97.17
744.9	24.73	97.45
744.9	24.78	97.73
744.9	24.83	98.01
744.9	24.88	98.29
744.9	24.93	98.57
744.9	24.98	98.86
744.9	25.03	99.14
744.9	25.08	99.42
744.9	25.13	99.71
744.9	25.18	100
744.9	25.23	100.3
744.9	25.28	100.6
744.9	25.33	100.8
744.9	25.38	101.1
744.9	25.43	101.4
744.9	25.48	101.7
744.9	25.53	102
744.9	25.58	102.3
744.9	25.63	102.6
744.9	25.68	102.9
744.9	25.73	103.2
744.9	25.78	103.4
744.9	25.83	103.7
744.9	25.88	104
744.9	25.93	104.3
744.9	25.98	104.6
744.9	26.03	104.9
744.9	26.08	105.2
744.9	26.13	105.5
744.9	26.18	105.8
744.9	26.23	106.1
744.9	26.28	106.4
744.9	26.33	106.7
744.9	26.38	107
744.9	26.43	107.3
744.9	26.48	107.6
744.9	26.53	107.9
744.9	26.58	108.2
744.9	26.63	108.5
744.9	26.68	108.8
744.9	26.73	109.1
744.9	26.78	109.4
744.9	26.83	109.7
744.9	26.88	110
744.9	26.93	110.3
744.9	26.98	110.6
744.9	27.03	110.9
744.9	27.08	111.2
744.9	27.13	111.5
744.9	27.18	111.8
744.9	27.23	112.1
744.9	27.28	112.5
744.9	27.33	112.8
744.9	27.38	113.1
744.9	27.43	113.4
744.9	27.48	113.7
744.9	27.53	114
744.9	27.58	114.3
744.9	27.63	114.6
744.9	27.68	114.9
744.9	27.73	115.3
744.9	27.78	115.6
744.9	27.83	115.9
744.9	27.88	116.2
744.9	27.93	116.5
744.9	27.98	116.8
744.9	28.03	117.2
744.9	28.08	117.5
744.9	28.13	117.8
744.9	28.18	118.1
744.9	28.23	118.4
744.9	28.28	118.8
744.9	28.33	119.1
744.9	28.38	119.4
744.9	28.43	119.7
744.9	28.48	120
744.9	28.53	120.4
744.9	28.58	120.7
744.9	28.63	121
744.9	28.68	121.4
744.9	28.73	121.7
744.9	28.78	122
744.9	28.83	122.3
744.9	28.88	122.7
744.9	28.93	123
744.9	28.98	123.3
744.9	29.03	123.7
744.9	29.08	124
744.9	29.13	124.3
744.9	29.18	124.7
744.9	29.23	125
744.9	29.28	125.3
744.9	29.33	125.7
744.9	29.38	126
744.9	29.43	126.3
744.9	29.48	126.7
744.9	29.53	127
744.9	29.58	127.3
744.9	29.63	127.7
744.9	29.68	128
744.9	29.73	128.4
744.9	29.78	128.7
744.9	29.83	129
744.9	29.88	129.4
744.9	29.93	129.7
744.9	29.98	130.1
744.9	30.03	130.4
744.9	30.08	130.8
744.9	30.13	131.1
744.9	30.18	131.5
744.9	30.23	131.8
744.9	30.28	132.2
744.9	30.33	132.5
744.9	30.38	132.9
744.9	30.43	133.2
744.9	30.48	133.6
744.9	30.53	133.9
744.9	30.58	134.3
744.9	30.63	134.6
744.9	30.68	135
744.9	30.73	135.3
744.9	30.78	135.7
744.9	30.83	136.1
744.9	30.88	136.4
744.9	30.93	136.8
744.9	30.98	137.1
744.9	31.03	137.5
744.9	31.08	137.8
744.9	31.13	138.2
744.9	31.18	138.6
744.9	31.23	138.9
744.9	31.28	139.3
744.9	31.33	139.7
744.9	31.38	140
744.9	31.43	140.4
744.9	31.48	140.8
744.9	31.53	141.1
744.9	31.58	141.5
744.9	31.63	141.9
744.9	31.68	142.2
744.9	31.73	142.6
744.9	31.78	143
744.9	31.83	143.4
744.9	31.88	143.7
744.9	31.93	144.1
744.9	31.98	144.5
744.9	32.03	144.9
744.9	32.08	145.2
744.9	32.13	145.6
744.9	32.18	146
744.9	32.23	146.4
744.9	32.28	146.7
744.9	32.33	147.1
744.9	32.38	147.5
744.9	32.43	147.9
744.9	32.48	148.3
744.9	32.53	148.7
744.9	32.58	149
744.9	32.63	149.4
744.9	32.68	149.8
744.9	32.73	150.2
744.9	32.78	150.6
744.9	32.83	151
744.9	32.88	151.4
744.9	32.93	151.7
744.9	32.98	152.1
744.9	33.03	152.5
744.9	33.08	152.9
744.9	33.13	153.3
744.9	33.18	153.7
744.9	33.23	154.1
744.9	33.28	154.5
744.9	33.33	154.9
744.9	33.38	155.3
744.9	33.43	155.7
744.9	33.48	156.1
744.9	33.53	156.5
744.9	33.58	156.9
744.9	33.63	157.3
744.9	33.68	157.7
744.9	33.73	158.1
744.9	33.78	158.5
744.9	33.83	158.9
744.9	33.88	159.3
744.9	33.93	159.7
744.9	33.98	160.1
744.9	34.03	160.5
744.9	34.08	161
744.9	34.13	161.4
744.9	34.18	161.8
744.9	34.23	162.2
744.9	34.28	162.6
744.9	34.33	163
744.9	34.38	163.4
744.9	34.43	163.9
744.9	34.48	164.3
744.9	34.53	164.7
744.9	34.58	165.1
744.9	34.63	165.5
744.9	34.68	165.9
744.9	34.74	166.4
744.9	34.79	166.8
744.9	34.84	167.2
744.9	34.89	167.6
744.9	34.94	168.1
744.9	34.99	168.5
744.9	35.04	168.9
744.9	35.09	169.3
744.9	35.14	169.8
744.9	35.19	170.2
744.9	35.24	170.6
744.9	35.29	171.1
744.9	35.34	171.5
744.9	35.39	171.9
744.9	35.44	172.4
744.9	35.49	172.8
744.9	35.54	173.2
744.9	35.59	173.7
744.9	35.64	174.1
744.9	35.69	174.5
744.9	35.74	175
744.9	35.79	175.4
744.9	35.84	175.9
744.9	35.89	176.3
744.9	35.94	176.7
744.9	35.99	177.2
744.9	36.04	177.6
744.9	36.09	178.1
744.9	36.14	178.5
744.9	36.19	179
744.9	36.24	179.4
744.9	36.29	179.9
744.9	36.34	180.3
744.9	36.39	180.8
744.9	36.44	181.2
744.9	36.49	181.7
744.9	36.54	182.1
744.9	36.59	182.6
744.9	36.64	183
744.9	36.69	183.5
744.9	36.74	183.9
744.9	36.79	184.4
744.9	36.84	184.9
744.9	36.89	185.3
744.9	36.94	185.8
744.9	36.99	186.2
744.9	37.04	186.7
744.9	37.09	187.2
744.9	37.14	187.6
744.9	37.19	188.1
744.9	37.24	188.6
744.9	37.29	189
744.9	37.34	189.5
744.9	37.39	190
744.9	37.44	190.4
744.9	37.49	190.9
744.9	37.54	191.4
744.9	37.59	191.8
744.9	37.64	192.3
744.9	37.69	192.8
744.9	37.74	193.3
744.9	37.79	193.7
744.9	37.84	194.2
744.9	37.89	194.7
744.9	37.94	195.2
744.9	37.99	195.7
744.9	38.04	196.1
744.9	38.09	196.6
744.9	38.14	197.1
744.9	38.19	197.6
744.9	38.24	198.1
744.9	38.29	198.6
744.9	38.34	199
744.9	38.39	199.5
744.9	38.44	200
744.9	38.49	200.5
744.9	38.54	201
744.9	38.59	201.5
744.9	38.64	202
744.9	38.69	202.5
744.9	38.74	203
744.9	38.79	203.4
744.9	38.84	203.9
744.9	38.89	204.4
744.9	38.94	204.9
744.9	38.99	205.4
744.9	39.04	205.9
744.9	39.09	206.4
744.9	39.14	206.9
744.9	39.19	207.4
744.9	39.24	207.9
744.9	39.29	208.4
744.9	39.34	208.9
744.9	39.39	209.4
744.9	39.44	209.9
744.9	39.49	210.4
744.9	39.54	210.9
744.9	39.59	211.5
744.9	39.64	212
744.9	39.69	212.5
744.9	39.74	213
744.9	39.79	213.5
744.9	39.84	214
744.9	39.89	214.5
744.9	39.94	215
744.9	39.99	215.5
744.9	40.04	216
744.9	40.09	216.6
744.9	40.14	217.1
744.9	40.19	217.6
744.9	40.24	218.1
744.9	40.29	218.6
744.9	40.34	219.1
744.9	40.39	219.7
744.9	40.44	220.2
744.9	40.49	220.7
744.9	40.54	221.2
744.9	40.59	221.7
744.9	40.64	222.3
744.9	40.69	222.8
744.9	40.74	223.3
744.9	40.79	223.8
744.9	40.84	224.4
744.9	40.89	224.9
744.9	40.94	225.4
744.9	40.99	225.9
744.9	41.04	226.5
744.9	41.09	227
744.9	41.14	227.5
744.9	41.19	228.1
744.9	41.24	228.6
744.9	41.29	229.1
744.9	41.34	229.7
744.9	41.39	230.2
744.9	41.44	230.7
744.9	41.49	231.3
744.9	41.54	231.8
744.9	41.59	232.3
744.9	41.64	232.9
744.9	41.69	233.4
744.9	41.74	233.9
744.9	41.79	234.5
744.9	41.84	235
744.9	41.89	235.6
744.9	41.94	236.1
744.9	41.99	236.6
744.9	42.04	237.2
744.9	42.09	237.7
744.9	42.14	238.3
744.9	42.19	238.8
744.9	42.24	239.3
744.9	42.29	239.9
744.9	42.34	240.4
744.9	42.39	241
744.9	42.44	241.5
744.9	42.49	242.1
744.9	42.54	242.6
744.9	42.59	243.2
744.9	42.64	243.7
744.9	42.69	244.3
744.9	42.74	244.8
744.9	42.79	245.3
744.9	42.84	245.9
744.9	42.89	246.4
744.9	42.94	247
744.9	42.99	247.5
744.9	43.04	248.1
744.9	43.09	248.6
744.9	43.14	249.2
744.9	43.19	249.7
744.9	43.24	250.3
744.9	43.29	250.8
744.9	43.34	251.4
744.9	43.39	252
744.9	43.44	252.5
744.9	43.49	253.1
744.9	43.54	253.6
744.9	43.59	254.2
744.9	43.64	254.7
744.9	43.69	255.3
744.9	43.74	255.8
744.9	43.79	256.4
744.9	43.84	256.9
744.9	43.89	257.5
744.9	43.94	258.1
744.9	43.99	258.6
744.9	44.04	259.2
744.9	44.09	259.7
744.9	44.14	260.3
744.9	44.19	260.8
744.9	44.24	261.4
744.9	44.29	262
744.9	44.34	262.5
744.9	44.39	263.1
744.9	44.44	263.6
744.9	44.49	264.2
744.9	44.54	264.8
744.9	44.59	265.3
744.9	44.64	265.9
744.9	44.69	266.4
744.9	44.74	267
744.9	44.79	267.5
744.9	44.84	268.1
744.9	44.89	268.7
744.9	44.95	269.2
744.9	45	269.8
744.9	45.05	270.3
744.9	45.1	270.9
744.9	45.15	271.5
744.9	45.2	272
744.9	45.25	272.6
744.9	45.3	273.1
744.9	45.35	273.7
744.9	45.4	274.3
744.9	45.45	274.8
744.9	45.5	275.4
744.9	45.55	275.9
744.9	45.6	276.5
744.9	45.65	277.1
744.9	45.7	277.6
744.9	45.75	278.2
744.9	45.8	278.7
744.9	45.85	279.3
744.9	45.9	279.9
744.9	45.95	280.4
744.9	46	281
744.9	46.05	281.5
744.9	46.1	282.1
744.9	46.15	282.7
744.9	46.2	283.2
744.9	46.25	283.8
744.9	46.3	284.3
744.9	46.35	284.9
744.9	46.4	285.5
744.9	46.45	286
744.9	46.5	286.6
744.9	46.55	287.1
744.9	46.6	287.7
744.9	46.65	288.2
744.9	46.7	288.8
744.9	46.75	289.4
744.9	46.8	289.9
744.9	46.85	290.5
744.9	46.9	291
744.9	46.95	291.6
744.9	47	292.1
744.9	47.05	292.7
744.9	47.1	293.3
744.9	47.15	293.8
744.9	47.2	294.4
744.9	47.25	294.9
744.9	47.3	295.5
744.9	47.35	296
744.9	47.4	296.6
744.9	47.45	297.1
744.9	47.5	297.7
744.9	47.55	298.2
744.9	47.6	298.8
744.9	47.65	299.3
744.9	47.7	299.9
744.9	47.75	300.4
744.9	47.8	301
744.9	47.85	301.5
744.9	47.9	302.1
744.9	47.95	302.6
744.9	48	303.2
744.9	48.05	303.7
744.9	48.1	304.3
744.9	48.15	304.8
744.9	48.2	305.4
744.9	48.25	305.9
744.9	48.3	306.5
744.9	48.35	307
744.9	48.4	307.6
744.9	48.45	308.1
744.9	48.5	308.7
744.9	48.55	309.2
744.9	48.6	309.8
744.9	48.65	310.3
744.9	48.7	310.8
744.9	48.75	311.4
744.9	48.8	311.9
744.9	48.85	312.5
744.9	48.9	313
744.9	48.95	313.5
744.9	49	314.1
744.9	49.05	314.6
744.9	49.1	315.2
744.9	49.15	315.7
744.9	49.2	316.2
744.9	49.25	316.8
744.9	49.3	317.3
744.9	49.35	317.8
744.9	49.4	318.4
744.9	49.45	318.9
744.9	49.5	319.4
744.9	49.55	320
744.9	49.6	320.5
744.9	49.65	321
744.9	49.7	321.6
744.9	49.75	322.1
744.9	49.8	322.6
744.9	49.85	323.2
744.9	49.9	323.7
744.9	49.95	324.2
744.9	50	324.8
762.6	0.001	0.002841
762.6	0.05105	0.1451
762.6	0.1011	0.2875
762.6	0.1511	0.43
762.6	0.2012	0.5726
762.6	0.2512	0.7153
762.6	0.3013	0.8581
762.6	0.3513	1.001
762.6	0.4014	1.144
762.6	0.4514	1.287
762.6	0.5015	1.431
762.6	0.5515	1.574
762.6	0.6016	1.717
762.6	0.6516	1.861
762.6	0.7017	2.005
762.6	0.7517	2.149
762.6	0.8018	2.293
762.6	0.8518	2.437
762.6	0.9019	2.581
762.6	0.9519	2.725
762.6	1.002	2.87
762.6	1.052	3.014
762.6	1.102	3.159
762.6	1.152	3.304
762.6	1.202	3.449
762.6	1.252	3.594
762.6	1.302	3.739
762.6	1.352	3.884
762.6	1.402	4.03
762.6	1.452	4.175
762.6	1.502	4.321
762.6	1.553	4.467
762.6	1.603	4.613
762.6	1.653	4.759
762.6	1.703	4.905
762.6	1.753	5.051
762.6	1.803	5.198
762.6	1.853	5.344
762.6	1.903	5.491
762.6	1.953	5.637
762.6	2.003	5.784
762.6	2.053	5.931
762.6	2.103	6.079
762.6	2.153	6.226
762.6	2.203	6.373
762.6	2.253	6.521
762.6	2.303	6.668
762.6	2.353	6.816
762.6	2.403	6.964
762.6	2.453	7.112
762.6	2.503	7.26
762.6	2.554	7.408
762.6	2.604	7.557
762.6	2.654	7.705
762.6	2.704	7.854
762.6	2.754	8.003
762.6	2.804	8.152
762.6	2.854	8.301
762.6	2.904	8.45
762.6	2.954	8.599
762.6	3.004	8.749
762.6	3.054	8.898
762.6	3.104	9.048
762.6	3.154	9.198
762.6	3.204	9.348
762.6	3.254	9.498
762.6	3.304	9.648
762.6	3.354	9.798
762.6	3.404	9.949
762.6	3.454	10.1
762.6	3.504	10.25
762.6	3.554	10.4
762.6	3.605	10.55
762.6	3.655	10.7
762.6	3.705	10.85
762.6	3.755	11.01
762.6	3.805	11.16
762.6	3.855	11.31
762.6	3.905	11.46
762.6	3.955	11.61
762.6	4.005	11.76
762.6	4.055	11.92
762.6	4.105	12.07
762.6	4.155	12.22
762.6	4.205	12.37
762.6	4.255	12.53
762.6	4.305	12.68
762.6	4.355	12.83
762.6	4.405	12.99
762.6	4.455	13.14
762.6	4.505	13.29
762.6	4.555	13.45
762.6	4.606	13.6
762.6	4.656	13.75
762.6	4.706	13.91
762.6	4.756	14.06
762.6	4.806	14.22
762.6	4.856	14.37
762.6	4.906	14.53
762.6	4.956	14.68
762.6	5.006	14.84
762.6	5.056	14.99
762.6	5.106	15.15
762.6	5.156	15.3
762.6	5.206	15.46
762.6	5.256	15.61
762.6	5.306	15.77
762.6	5.356	15.92
762.6	5.406	16.08
762.6	5.456	16.24
762.6	5.506	16.39
762.6	5.556	16.55
762.6	5.606	16.7
762.6	5.657	16.86
762.6	5.707	17.02
762.6	5.757	17.18
762.6	5.807	17.33
762.6	5.857	17.49
762.6	5.907	17.65
762.6	5.957	17.81
762.6	6.007	17.96
762.6	6.057	18.12
762.6	6.107	18.28
762.6	6.157	18.44
762.6	6.207	18.6
762.6	6.257	18.75
762.6	6.307	18.91
762.6	6.357	19.07
762.6	6.407	19.23
762.6	6.457	19.39
762.6	6.507	19.55
762.6	6.557	19.71
762.6	6.607	19.87
762.6	6.658	20.03
762.6	6.708	20.19
762.6	6.758	20.35
762.6	6.808	20.51
762.6	6.858	20.67
762.6	6.908	20.83
762.6	6.958	20.99
762.6	7.008	21.15
762.6	7.058	21.31
762.6	7.108	21.47
762.6	7.158	21.63
762.6	7.208	21.8
762.6	7.258	21.96
762.6	7.308	22.12
762.6	7.358	22.28
762.6	7.408	22.44
762.6	7.458	22.6
762.6	7.508	22.77
762.6	7.558	22.93
762.6	7.608	23.09
762.6	7.659	23.26
762.6	7.709	23.42
762.6	7.759	23.58
762.6	7.809	23.75
762.6	7.859	23.91
762.6	7.909	24.07
762.6	7.959	24.24
762.6	8.009	24.4
762.6	8.059	24.56
762.6	8.109	24.73
762.6	8.159	24.89
762.6	8.209	25.06
762.6	8.259	25.22
762.6	8.309	25.39
762.6	8.359	25.55
762.6	8.409	25.72
762.6	8.459	25.88
762.6	8.509	26.05
762.6	8.559	26.22
762.6	8.609	26.38
762.6	8.659	26.55
762.6	8.71	26.71
762.6	8.76	26.88
762.6	8.81	27.05
762.6	8.86	27.21
762.6	8.91	27.38
762.6	8.96	27.55
762.6	9.01	27.72
762.6	9.06	27.88
762.6	9.11	28.05
762.6	9.16	28.22
762.6	9.21	28.39
762.6	9.26	28.56
762.6	9.31	28.72
762.6	9.36	28.89
762.6	9.41	29.06
762.6	9.46	29.23
762.6	9.51	29.4
762.6	9.56	29.57
762.6	9.61	29.74
762.6	9.66	29.91
762.6	9.711	30.08
762.6	9.761	30.25
762.6	9.811	30.42
762.6	9.861	30.59
762.6	9.911	30.76
762.6	9.961	30.93
762.6	10.01	31.1
762.6	10.06	31.27
762.6	10.11	31.44
762.6	10.16	31.61
762.6	10.21	31.79
762.6	10.26	31.96
762.6	10.31	32.13
762.6	10.36	32.3
762.6	10.41	32.47
762.6	10.46	32.65
762.6	10.51	32.82
762.6	10.56	32.99
762.6	10.61	33.17
762.6	10.66	33.34
762.6	10.71	33.51
762.6	10.76	33.69
762.6	10.81	33.86
762.6	10.86	34.03
762.6	10.91	34.21
762.6	10.96	34.38
762.6	11.01	34.56
762.6	11.06	34.73
762.6	11.11	34.91
762.6	11.16	35.08
762.6	11.21	35.26
762.6	11.26	35.43
762.6	11.31	35.61
762.6	11.36	35.79
762.6	11.41	35.96
762.6	11.46	36.14
762.6	11.51	36.31
762.6	11.56	36.49
762.6	11.61	36.67
762.6	11.66	36.85
762.6	11.71	37.02
762.6	11.76	37.2
762.6	11.81	37.38
762.6	11.86	37.56
762.6	11.91	37.73
762.6	11.96	37.91
762.6	12.01	38.09
762.6	12.06	38.27
762.6	12.11	38.45
762.6	12.16	38.63
762.6	12.21	38.81
762.6	12.26	38.99
762.6	12.31	39.17
762.6	12.36	39.35
762.6	12.41	39.53
762.6	12.46	39.71
762.6	12.51	39.89
762.6	12.56	40.07
762.6	12.61	40.25
762.6	12.66	40.43
762.6	12.71	40.61
762.6	12.76	40.79
762.6	12.81	40.97
762.6	12.86	41.16
762.6	12.91	41.34
762.6	12.96	41.52
762.6	13.01	41.7
762.6	13.06	41.89
762.6	13.11	42.07
762.6	13.16	42.25
762.6	13.21	42.44
762.6	13.26	42.62
762.6	13.31	42.8
762.6	13.36	42.99
762.6	13.41	43.17
762.6	13.46	43.36
762.6	13.51	43.54
762.6	13.56	43.73
762.6	13.61	43.91
762.6	13.66	44.1
762.6	13.71	44.28
762.6	13.76	44.47
762.6	13.81	44.65
762.6	13.86	44.84
762.6	13.91	45.03
762.6	13.96	45.21
762.6	14.01	45.4
762.6	14.06	45.59
762.6	14.11	45.77
762.6	14.16	45.96
762.6	14.21	46.15
762.6	14.26	46.34
762.6	14.32	46.53
762.6	14.37	46.71
762.6	14.42	46.9
762.6	14.47	47.09
762.6	14.52	47.28
762.6	14.57	47.47
762.6	14.62	47.66
762.6	14.67	47.85
762.6	14.72	48.04
762.6	14.77	48.23
762.6	14.82	48.42
762.6	14.87	48.61
762.6	14.92	48.8
762.6	14.97	48.99
762.6	15.02	49.18
762.6	15.07	49.38
762.6	15.12	49.57
762.6	15.17	49.76
762.6	15.22	49.95
762.6	15.27	50.14
762.6	15.32	50.34
762.6	15.37	50.53
762.6	15.42	50.72
762.6	15.47	50.92
762.6	15.52	51.11
762.6	15.57	51.3
762.6	15.62	51.5
762.6	15.67	51.69
762.6	15.72	51.89
762.6	15.77	52.08
762.6	15.82	52.28
762.6	15.87	52.47
762.6	15.92	52.67
762.6	15.97	52.86
762.6	16.02	53.06
762.6	16.07	53.26
762.6	16.12	53.45
762.6	16.17	53.65
762.6	16.22	53.85
762.6	16.27	54.04
762.6	16.32	54.24
762.6	16.37	54.44
762.6	16.42	54.64
762.6	16.47	54.84
762.6	16.52	55.04
762.6	16.57	55.23
762.6	16.62	55.43
762.6	16.67	55.63
762.6	16.72	55.83
762.6	16.77	56.03
762.6	16.82	56.23
762.6	16.87	56.43
762.6	16.92	56.63
762.6	16.97	56.83
762.6	17.02	57.03
762.6	17.07	57.24
762.6	17.12	57.44
762.6	17.17	57.64
762.6	17.22	57.84
762.6	17.27	58.04
762.6	17.32	58.25
762.6	17.37	58.45
762.6	17.42	58.65
762.6	17.47	58.86
762.6	17.52	59.06
762.6	17.57	59.26
762.6	17.62	59.47
762.6	17.67	59.67
762.6	17.72	59.88
762.6	17.77	60.08
762.6	17.82	60.29
762.6	17.87	60.49
762.6	17.92	60.7
762.6	17.97	60.9
762.6	18.02	61.11
762.6	18.07	61.32
762.6	18.12	61.52
762.6	18.17	61.73
762.6	18.22	61.94
762.6	18.27	62.15
762.6	18.32	62.35
762.6	18.37	62.56
762.6	18.42	62.77
762.6	18.47	62.98
762.6	18.52	63.19
762.6	18.57	63.4
762.6	18.62	63.61
762.6	18.67	63.82
762.6	18.72	64.03
762.6	18.77	64.24
762.6	18.82	64.45
762.6	18.87	64.66
762.6	18.92	64.87
762.6	18.97	65.08
762.6	19.02	65.29
762.6	19.07	65.51
762.6	19.12	65.72
762.6	19.17	65.93
762.6	19.22	66.14
762.6	19.27	66.36
762.6	19.32	66.57
762.6	19.37	66.78
762.6	19.42	67
762.6	19.47	67.21
762.6	19.52	67.43
762.6	19.57	67.64
762.6	19.62	67.86
762.6	19.67	68.07
762.6	19.72	68.29
762.6	19.77	68.5
762.6	19.82	68.72
762.6	19.87	68.94
762.6	19.92	69.15
762.6	19.97	69.37
762.6	20.02	69.59
762.6	20.07	69.81
762.6	20.12	70.03
762.6	20.17	70.24
762.6	20.22	70.46
762.6	20.27	70.68
762.6	20.32	70.9
762.6	20.37	71.12
762.6	20.42	71.34
762.6	20.47	71.56
762.6	20.52	71.78
762.6	20.57	72
762.6	20.62	72.22
762.6	20.67	72.45
762.6	20.72	72.67
762.6	20.77	72.89
762.6	20.82	73.11
762.6	20.87	73.33
762.6	20.92	73.56
762.6	20.97	73.78
762.6	21.02	74
762.6	21.07	74.23
762.6	21.12	74.45
762.6	21.17	74.68
762.6	21.22	74.9
762.6	21.27	75.13
762.6	21.32	75.35
762.6	21.37	75.58
762.6	21.42	75.8
762.6	21.47	76.03
762.6	21.52	76.26
762.6	21.57	76.49
762.6	21.62	76.71
762.6	21.67	76.94
762.6	21.72	77.17
762.6	21.77	77.4
762.6	21.82	77.63
762.6	21.87	77.85
762.6	21.92	78.08
762.6	21.97	78.31
762.6	22.02	78.54
762.6	22.07	78.77
762.6	22.12	79
762.6	22.17	79.24
762.6	22.22	79.47
762.6	22.27	79.7
762.6	22.32	79.93
762.6	22.37	80.16
762.6	22.42	80.4
762.6	22.47	80.63
762.6	22.52	80.86
762.6	22.57	81.1
762.6	22.62	81.33
762.6	22.67	81.56
762.6	22.72	81.8
762.6	22.77	82.03
762.6	22.82	82.27
762.6	22.87	82.51
762.6	22.92	82.74
762.6	22.97	82.98
762.6	23.02	83.21
762.6	23.07	83.45
762.6	23.12	83.69
762.6	23.17	83.93
762.6	23.22	84.17
762.6	23.27	84.4
762.6	23.32	84.64
762.6	23.37	84.88
762.6	23.42	85.12
762.6	23.47	85.36
762.6	23.52	85.6
762.6	23.57	85.84
762.6	23.62	86.08
762.6	23.67	86.32
762.6	23.72	86.57
762.6	23.77	86.81
762.6	23.82	87.05
762.6	23.87	87.29
762.6	23.92	87.54
762.6	23.97	87.78
762.6	24.02	88.02
762.6	24.07	88.27
762.6	24.12	88.51
762.6	24.17	88.76
762.6	24.22	89
762.6	24.27	89.25
762.6	24.32	89.49
762.6	24.37	89.74
762.6	24.42	89.99
762.6	24.47	90.23
762.6	24.53	90.48
762.6	24.58	90.73
762.6	24.63	90.98
762.6	24.68	91.23
762.6	24.73	91.48
762.6	24.78	91.72
762.6	24.83	91.97
762.6	24.88	92.22
762.6	24.93	92.47
762.6	24.98	92.73
762.6	25.03	92.98
762.6	25.08	93.23
762.6	25.13	93.48
762.6	25.18	93.73
762.6	25.23	93.99
762.6	25.28	94.24
762.6	25.33	94.49
762.6	25.38	94.75
762.6	25.43	95
762.6	25.48	95.26
762.6	25.53	95.51
762.6	25.58	95.77
762.6	25.63	96.02
762.6	25.68	96.28
762.6	25.73	96.53
762.6	25.78	96.79
762.6	25.83	97.05
762.6	25.88	97.31
762.6	25.93	97.56
762.6	25.98	97.82
762.6	26.03	98.08
762.6	26.08	98.34
762.6	26.13	98.6
762.6	26.18	98.86
762.6	26.23	99.12
762.6	26.28	99.38
762.6	26.33	99.65
762.6	26.38	99.91
762.6	26.43	100.2
762.6	26.48	100.4
762.6	26.53	100.7
762.6	26.58	101
762.6	26.63	101.2
762.6	26.68	101.5
762.6	26.73	101.8
762.6	26.78	102
762.6	26.83	102.3
762.6	26.88	102.5
762.6	26.93	102.8
762.6	26.98	103.1
762.6	27.03	103.3
762.6	27.08	103.6
762.6	27.13	103.9
762.6	27.18	104.2
762.6	27.23	104.4
762.6	27.28	104.7
762.6	27.33	105
762.6	27.38	105.2
762.6	27.43	105.5
762.6	27.48	105.8
762.6	27.53	106
762.6	27.58	106.3
762.6	27.63	106.6
762.6	27.68	106.9
762.6	27.73	107.1
762.6	27.78	107.4
762.6	27.83	107.7
762.6	27.88	108
762.6	27.93	108.2
762.6	27.98	108.5
762.6	28.03	108.8
762.6	28.08	109.1
762.6	28.13	109.3
762.6	28.18	109.6
762.6	28.23	109.9
762.6	28.28	110.2
762.6	28.33	110.4
762.6	28.38	110.7
762.6	28.43	111
762.6	28.48	111.3
762.6	28.53	111.6
762.6	28.58	111.8
762.6	28.63	112.1
762.6	28.68	112.4
762.6	28.73	112.7
762.6	28.78	113
762.6	28.83	113.3
762.6	28.88	113.5
762.6	28.93	113.8
762.6	28.98	114.1
762.6	29.03	114.4
762.6	29.08	114.7
762.6	29.13	115
762.6	29.18	115.2
762.6	29.23	115.5
762.6	29.28	115.8
762.6	29.33	116.1
762.6	29.38	116.4
762.6	29.43	116.7
762.6	29.48	117
762.6	29.53	117.3
762.6	29.58	117.6
762.6	29.63	117.8
762.6	29.68	118.1
762.6	29.73	118.4
762.6	29.78	118.7
762.6	29.83	119
762.6	29.88	119.3
762.6	29.93	119.6
762.6	29.98	119.9
762.6	30.03	120.2
762.6	30.08	120.5
762.6	30.13	120.8
762.6	30.18	121.1
762.6	30.23	121.4
762.6	30.28	121.7
762.6	30.33	122
762.6	30.38	122.3
762.6	30.43	122.5
762.6	30.48	122.8
762.6	30.53	123.1
762.6	30.58	123.4
762.6	30.63	123.7
762.6	30.68	124
762.6	30.73	124.3
762.6	30.78	124.6
762.6	30.83	125
762.6	30.88	125.3
762.6	30.93	125.6
762.6	30.98	125.9
762.6	31.03	126.2
762.6	31.08	126.5
762.6	31.13	126.8
762.6	31.18	127.1
762.6	31.23	127.4
762.6	31.28	127.7
762.6	31.33	128
762.6	31.38	128.3
762.6	31.43	128.6
762.6	31.48	128.9
762.6	31.53	129.2
762.6	31.58	129.5
762.6	31.63	129.8
762.6	31.68	130.2
762.6	31.73	130.5
762.6	31.78	130.8
762.6	31.83	131.1
762.6	31.88	131.4
762.6	31.93	131.7
762.6	31.98	132
762.6	32.03	132.3
762.6	32.08	132.7
762.6	32.13	133
762.6	32.18	133.3
762.6	32.23	133.6
762.6	32.28	133.9
762.6	32.33	134.2
762.6	32.38	134.6
762.6	32.43	134.9
762.6	32.48	135.2
762.6	32.53	135.5
762.6	32.58	135.8
762.6	32.63	136.2
762.6	32.68	136.5
762.6	32.73	136.8
762.6	32.78	137.1
762.6	32.83	137.4
762.6	32.88	137.8
762.6	32.93	138.1
762.6	32.98	138.4
762.6	33.03	138.7
762.6	33.08	139.1
762.6	33.13	139.4
762.6	33.18	139.7
762.6	33.23	140
762.6	33.28	140.4
762.6	33.33	140.7
762.6	33.38	141
762.6	33.43	141.3
762.6	33.48	141.7
762.6	33.53	142
762.6	33.58	142.3
762.6	33.63	142.7
762.6	33.68	143
762.6	33.73	143.3
762.6	33.78	143.7
762.6	33.83	144
762.6	33.88	144.3
762.6	33.93	144.7
762.6	33.98	145
762.6	34.03	145.3
762.6	34.08	145.7
762.6	34.13	146
762.6	34.18	146.3
762.6	34.23	146.7
762.6	34.28	147
762.6	34.33	147.4
762.6	34.38	147.7
762.6	34.43	148
762.6	34.48	148.4
762.6	34.53	148.7
762.6	34.58	149.1
762.6	34.63	149.4
762.6	34.68	149.7
762.6	34.74	150.1
762.6	34.79	150.4
762.6	34.84	150.8
762.6	34.89	151.1
762.6	34.94	151.5
762.6	34.99	151.8
762.6	35.04	152.2
762.6	35.09	152.5
762.6	35.14	152.8
762.6	35.19	153.2
762.6	35.24	153.5
762.6	35.29	153.9
762.6	35.34	154.2
762.6	35.39	154.6
762.6	35.44	154.9
762.6	35.49	155.3
762.6	35.54	155.6
762.6	35.59	156
762.6	35.64	156.4
762.6	35.69	156.7
762.6	35.74	157.1
762.6	35.79	157.4
762.6	35.84	157.8
762.6	35.89	158.1
762.6	35.94	158.5
762.6	35.99	158.8
762.6	36.04	159.2
762.6	36.09	159.6
762.6	36.14	159.9
762.6	36.19	160.3
762.6	36.24	160.6
762.6	36.29	161
762.6	36.34	161.4
762.6	36.39	161.7
762.6	36.44	162.1
762.6	36.49	162.4
762.6	36.54	162.8
762.6	36.59	163.2
762.6	36.64	163.5
762.6	36.69	163.9
762.6	36.74	164.3
762.6	36.79	164.6
762.6	36.84	165
762.6	36.89	165.4
762.6	36.94	165.7
762.6	36.99	166.1
762.6	37.04	166.5
762.6	37.09	166.8
762.6	37.14	167.2
762.6	37.19	167.6
762.6	37.24	168
762.6	37.29	168.3
762.6	37.34	168.7
762.6	37.39	169.1
762.6	37.44	169.5
762.6	37.49	169.8
762.6	37.54	170.2
762.6	37.59	170.6
762.6	37.64	171
762.6	37.69	171.3
762.6	37.74	171.7
762.6	37.79	172.1
762.6	37.84	172.5
762.6	37.89	172.8
762.6	37.94	173.2
762.6	37.99	173.6
762.6	38.04	174
762.6	38.09	174.4
762.6	38.14	174.7
762.6	38.19	175.1
762.6	38.24	175.5
762.6	38.29	175.9
762.6	38.34	176.3
762.6	38.39	176.7
762.6	38.44	177.1
762.6	38.49	177.4
762.6	38.54	177.8
762.6	38.59	178.2
762.6	38.64	178.6
762.6	38.69	179
762.6	38.74	179.4
762.6	38.79	179.8
762.6	38.84	180.2
762.6	38.89	180.5
762.6	38.94	180.9
762.6	38.99	181.3
762.6	39.04	181.7
762.6	39.09	182.1
762.6	39.14	182.5
762.6	39.19	182.9
762.6	39.24	183.3
762.6	39.29	183.7
762.6	39.34	184.1
762.6	39.39	184.5
762.6	39.44	184.9
762.6	39.49	185.3
762.6	39.54	185.7
762.6	39.59	186.1
762.6	39.64	186.5
762.6	39.69	186.9
762.6	39.74	187.3
762.6	39.79	187.7
762.6	39.84	188.1
762.6	39.89	188.5
762.6	39.94	188.9
762.6	39.99	189.3
762.6	40.04	189.7
762.6	40.09	190.1
762.6	40.14	190.5
762.6	40.19	190.9
762.6	40.24	191.3
762.6	40.29	191.7
762.6	40.34	192.1
762.6	40.39	192.5
762.6	40.44	192.9
762.6	40.49	193.3
762.6	40.54	193.8
762.6	40.59	194.2
762.6	40.64	194.6
762.6	40.69	195
762.6	40.74	195.4
762.6	40.79	195.8
762.6	40.84	196.2
762.6	40.89	196.6
762.6	40.94	197.1
762.6	40.99	197.5
762.6	41.04	197.9
762.6	41.09	198.3
762.6	41.14	198.7
762.6	41.19	199.1
762.6	41.24	199.5
762.6	41.29	200
762.6	41.34	200.4
762.6	41.39	200.8
762.6	41.44	201.2
762.6	41.49	201.6
762.6	41.54	202.1
762.6	41.59	202.5
762.6	41.64	202.9
762.6	41.69	203.3
762.6	41.74	203.7
762.6	41.79	204.2
762.6	41.84	204.6
762.6	41.89	205
762.6	41.94	205.4
762.6	41.99	205.9
762.6	42.04	206.3
762.6	42.09	206.7
762.6	42.14	207.1
762.6	42.19	207.6
762.6	42.24	208
762.6	42.29	208.4
762.6	42.34	208.9
762.6	42.39	209.3
762.6	42.44	209.7
762.6	42.49	210.1
762.6	42.54	210.6
762.6	42.59	211
762.6	42.64	211.4
762.6	42.69	211.9
762.6	42.74	212.3
762.6	42.79	212.7
762.6	42.84	213.2
762.6	42.89	213.6
762.6	42.94	214
762.6	42.99	214.5
762.6	43.04	214.9
762.6	43.09	215.3
762.6	43.14	215.8
762.6	43.19	216.2
762.6	43.24	216.6
762.6	43.29	217.1
762.6	43.34	217.5
762.6	43.39	218
762.6	43.44	218.4
762.6	43.49	218.8
762.6	43.54	219.3
762.6	43.59	219.7
762.6	43.64	220.1
762.6	43.69	220.6
762.6	43.74	221
762.6	43.79	221.5
762.6	43.84	221.9
762.6	43.89	222.4
762.6	43.94	222.8
762.6	43.99	223.2
762.6	44.04	223.7
762.6	44.09	224.1
762.6	44.14	224.6
762.6	44.19	225
762.6	44.24	225.5
762.6	44.29	225.9
762.6	44.34	226.4
762.6	44.39	226.8
762.6	44.44	227.2
762.6	44.49	227.7
762.6	44.54	228.1
762.6	44.59	228.6
762.6	44.64	229
762.6	44.69	229.5
762.6	44.74	229.9
762.6	44.79	230.4
762.6	44.84	230.8
762.6	44.89	231.3
762.6	44.95	231.7
762.6	45	232.2
762.6	45.05	232.6
762.6	45.1	233.1
762.6	45.15	233.5
762.6	45.2	234
762.6	45.25	234.4
762.6	45.3	234.9
762.6	45.35	235.3
762.6	45.4	235.8
762.6	45.45	236.3
762.6	45.5	236.7
762.6	45.55	237.2
762.6	45.6	237.6
762.6	45.65	238.1
762.6	45.7	238.5
762.6	45.75	239
762.6	45.8	239.4
762.6	45.85	239.9
762.6	45.9	240.3
762.6	45.95	240.8
762.6	46	241.3
762.6	46.05	241.7
762.6	46.1	242.2
762.6	46.15	242.6
762.6	46.2	243.1
762.6	46.25	243.5
762.6	46.3	244
762.6	46.35	244.5
762.6	46.4	244.9
762.6	46.45	245.4
762.6	46.5	245.8
762.6	46.55	246.3
762.6	46.6	246.8
762.6	46.65	247.2
762.6	46.7	247.7
762.6	46.75	248.1
762.6	46.8	248.6
762.6	46.85	249.1
762.6	46.9	249.5
762.6	46.95	250
762.6	47	250.4
762.6	47.05	250.9
762.6	47.1	251.4
762.6	47.15	251.8
762.6	47.2	252.3
762.6	47.25	252.8
762.6	47.3	253.2
762.6	47.35	253.7
762.6	47.4	254.1
762.6	47.45	254.6
762.6	47.5	255.1
762.6	47.55	255.5
762.6	47.6	256
762.6	47.65	256.5
762.6	47.7	256.9
762.6	47.75	257.4
762.6	47.8	257.8
762.6	47.85	258.3
762.6	47.9	258.8
762.6	47.95	259.2
762.6	48	259.7
762.6	48.05	260.2
762.6	48.1	260.6
762.6	48.15	261.1
762.6	48.2	261.6
762.6	48.25	262
762.6	48.3	262.5
762.6	48.35	262.9
762.6	48.4	263.4
762.6	48.45	263.9
762.6	48.5	264.3
762.6	48.55	264.8
762.6	48.6	265.3
762.6	48.65	265.7
762.6	48.7	266.2
762.6	48.75	266.7
762.6	48.8	267.1
762.6	48.85	267.6
762.6	48.9	268.1
762.6	48.95	268.5
762.6	49	269
762.6	49.05	269.5
762.6	49.1	269.9
762.6	49.15	270.4
762.6	49.2	270.8
762.6	49.25	271.3
762.6	49.3	271.8
762.6	49.35	272.2
762.6	49.4	272.7
762.6	49.45	273.2
762.6	49.5	273.6
762.6	49.55	274.1
762.6	49.6	274.6
762.6	49.65	275
762.6	49.7	275.5
762.6	49.75	276
762.6	49.8	276.4
762.6	49.85	276.9
762.6	49.9	277.4
762.6	49.95	277.8
762.6	50	278.3
780.3	0.001	0.002777
780.3	0.05105	0.1418
780.3	0.1011	0.2809
780.3	0.1511	0.4202
780.3	0.2012	0.5595
780.3	0.2512	0.6989
780.3	0.3013	0.8385
780.3	0.3513	0.9781
780.3	0.4014	1.118
780.3	0.4514	1.258
780.3	0.5015	1.398
780.3	0.5515	1.538
780.3	0.6016	1.678
780.3	0.6516	1.818
780.3	0.7017	1.959
780.3	0.7517	2.099
780.3	0.8018	2.24
780.3	0.8518	2.38
780.3	0.9019	2.521
780.3	0.9519	2.662
780.3	1.002	2.803
780.3	1.052	2.944
780.3	1.102	3.085
780.3	1.152	3.226
780.3	1.202	3.368
780.3	1.252	3.509
780.3	1.302	3.651
780.3	1.352	3.793
780.3	1.402	3.935
780.3	1.452	4.077
780.3	1.502	4.219
780.3	1.553	4.361
780.3	1.603	4.503
780.3	1.653	4.645
780.3	1.703	4.788
780.3	1.753	4.931
780.3	1.803	5.073
780.3	1.853	5.216
780.3	1.903	5.359
780.3	1.953	5.502
780.3	2.003	5.645
780.3	2.053	5.788
780.3	2.103	5.932
780.3	2.153	6.075
780.3	2.203	6.219
780.3	2.253	6.363
780.3	2.303	6.506
780.3	2.353	6.65
780.3	2.403	6.794
780.3	2.453	6.938
780.3	2.503	7.083
780.3	2.554	7.227
780.3	2.604	7.372
780.3	2.654	7.516
780.3	2.704	7.661
780.3	2.754	7.806
780.3	2.804	7.951
780.3	2.854	8.096
780.3	2.904	8.241
780.3	2.954	8.386
780.3	3.004	8.531
780.3	3.054	8.677
780.3	3.104	8.823
780.3	3.154	8.968
780.3	3.204	9.114
780.3	3.254	9.26
780.3	3.304	9.406
780.3	3.354	9.552
780.3	3.404	9.699
780.3	3.454	9.845
780.3	3.504	9.992
780.3	3.554	10.14
780.3	3.605	10.29
780.3	3.655	10.43
780.3	3.705	10.58
780.3	3.755	10.73
780.3	3.805	10.87
780.3	3.855	11.02
780.3	3.905	11.17
780.3	3.955	11.32
780.3	4.005	11.46
780.3	4.055	11.61
780.3	4.105	11.76
780.3	4.155	11.91
780.3	4.205	12.06
780.3	4.255	12.2
780.3	4.305	12.35
780.3	4.355	12.5
780.3	4.405	12.65
780.3	4.455	12.8
780.3	4.505	12.95
780.3	4.555	13.1
780.3	4.606	13.25
780.3	4.656	13.39
780.3	4.706	13.54
780.3	4.756	13.69
780.3	4.806	13.84
780.3	4.856	13.99
780.3	4.906	14.14
780.3	4.956	14.29
780.3	5.006	14.44
780.3	5.056	14.59
780.3	5.106	14.74
780.3	5.156	14.89
780.3	5.206	15.05
780.3	5.256	15.2
780.3	5.306	15.35
780.3	5.356	15.5
780.3	5.406	15.65
780.3	5.456	15.8
780.3	5.506	15.95
780.3	5.556	16.1
780.3	5.606	16.25
780.3	5.657	16.41
780.3	5.707	16.56
780.3	5.757	16.71
780.3	5.807	16.86
780.3	5.857	17.02
780.3	5.907	17.17
780.3	5.957	17.32
780.3	6.007	17.47
780.3	6.057	17.63
780.3	6.107	17.78
780.3	6.157	17.93
780.3	6.207	18.08
780.3	6.257	18.24
780.3	6.307	18.39
780.3	6.357	18.55
780.3	6.407	18.7
780.3	6.457	18.85
780.3	6.507	19.01
780.3	6.557	19.16
780.3	6.607	19.32
780.3	6.658	19.47
780.3	6.708	19.62
780.3	6.758	19.78
780.3	6.808	19.93
780.3	6.858	20.09
780.3	6.908	20.24
780.3	6.958	20.4
780.3	7.008	20.55
780.3	7.058	20.71
780.3	7.108	20.87
780.3	7.158	21.02
780.3	7.208	21.18
780.3	7.258	21.33
780.3	7.308	21.49
780.3	7.358	21.65
780.3	7.408	21.8
780.3	7.458	21.96
780.3	7.508	22.11
780.3	7.558	22.27
780.3	7.608	22.43
780.3	7.659	22.59
780.3	7.709	22.74
780.3	7.759	22.9
780.3	7.809	23.06
780.3	7.859	23.22
780.3	7.909	23.37
780.3	7.959	23.53
780.3	8.009	23.69
780.3	8.059	23.85
780.3	8.109	24.01
780.3	8.159	24.16
780.3	8.209	24.32
780.3	8.259	24.48
780.3	8.309	24.64
780.3	8.359	24.8
780.3	8.409	24.96
780.3	8.459	25.12
780.3	8.509	25.28
780.3	8.559	25.44
780.3	8.609	25.6
780.3	8.659	25.76
780.3	8.71	25.92
780.3	8.76	26.08
780.3	8.81	26.24
780.3	8.86	26.4
780.3	8.91	26.56
780.3	8.96	26.72
780.3	9.01	26.88
780.3	9.06	27.04
780.3	9.11	27.2
780.3	9.16	27.36
780.3	9.21	27.53
780.3	9.26	27.69
780.3	9.31	27.85
780.3	9.36	28.01
780.3	9.41	28.17
780.3	9.46	28.34
780.3	9.51	28.5
780.3	9.56	28.66
780.3	9.61	28.82
780.3	9.66	28.99
780.3	9.711	29.15
780.3	9.761	29.31
780.3	9.811	29.48
780.3	9.861	29.64
780.3	9.911	29.8
780.3	9.961	29.97
780.3	10.01	30.13
780.3	10.06	30.3
780.3	10.11	30.46
780.3	10.16	30.62
780.3	10.21	30.79
780.3	10.26	30.95
780.3	10.31	31.12
780.3	10.36	31.28
780.3	10.41	31.45
780.3	10.46	31.61
780.3	10.51	31.78
780.3	10.56	31.95
780.3	10.61	32.11
780.3	10.66	32.28
780.3	10.71	32.44
780.3	10.76	32.61
780.3	10.81	32.78
780.3	10.86	32.94
780.3	10.91	33.11
780.3	10.96	33.28
780.3	11.01	33.44
780.3	11.06	33.61
780.3	11.11	33.78
780.3	11.16	33.95
780.3	11.21	34.11
780.3	11.26	34.28
780.3	11.31	34.45
780.3	11.36	34.62
780.3	11.41	34.79
780.3	11.46	34.95
780.3	11.51	35.12
780.3	11.56	35.29
780.3	11.61	35.46
780.3	11.66	35.63
780.3	11.71	35.8
780.3	11.76	35.97
780.3	11.81	36.14
780.3	11.86	36.31
780.3	11.91	36.48
780.3	11.96	36.65
780.3	12.01	36.82
780.3	12.06	36.99
780.3	12.11	37.16
780.3	12.16	37.33
780.3	12.21	37.5
780.3	12.26	37.67
780.3	12.31	37.84
780.3	12.36	38.02
780.3	12.41	38.19
780.3	12.46	38.36
780.3	12.51	38.53
780.3	12.56	38.7
780.3	12.61	38.88
780.3	12.66	39.05
780.3	12.71	39.22
780.3	12.76	39.39
780.3	12.81	39.57
780.3	12.86	39.74
780.3	12.91	39.91
780.3	12.96	40.09
780.3	13.01	40.26
780.3	13.06	40.43
780.3	13.11	40.61
780.3	13.16	40.78
780.3	13.21	40.96
780.3	13.26	41.13
780.3	13.31	41.31
780.3	13.36	41.48
780.3	13.41	41.66
780.3	13.46	41.83
780.3	13.51	42.01
780.3	13.56	42.18
780.3	13.61	42.36
780.3	13.66	42.54
780.3	13.71	42.71
780.3	13.76	42.89
780.3	13.81	43.06
780.3	13.86	43.24
780.3	13.91	43.42
780.3	13.96	43.6
780.3	14.01	43.77
780.3	14.06	43.95
780.3	14.11	44.13
780.3	14.16	44.31
780.3	14.21	44.48
780.3	14.26	44.66
780.3	14.32	44.84
780.3	14.37	45.02
780.3	14.42	45.2
780.3	14.47	45.38
780.3	14.52	45.56
780.3	14.57	45.73
780.3	14.62	45.91
780.3	14.67	46.09
780.3	14.72	46.27
780.3	14.77	46.45
780.3	14.82	46.63
780.3	14.87	46.81
780.3	14.92	46.99
780.3	14.97	47.18
780.3	15.02	47.36
780.3	15.07	47.54
780.3	15.12	47.72
780.3	15.17	47.9
780.3	15.22	48.08
780.3	15.27	48.26
780.3	15.32	48.45
780.3	15.37	48.63
780.3	15.42	48.81
780.3	15.47	48.99
780.3	15.52	49.18
780.3	15.57	49.36
780.3	15.62	49.54
780.3	15.67	49.73
780.3	15.72	49.91
780.3	15.77	50.09
780.3	15.82	50.28
780.3	15.87	50.46
780.3	15.92	50.65
780.3	15.97	50.83
780.3	16.02	51.02
780.3	16.07	51.2
780.3	16.12	51.39
780.3	16.17	51.57
780.3	16.22	51.76
780.3	16.27	51.94
780.3	16.32	52.13
780.3	16.37	52.32
780.3	16.42	52.5
780.3	16.47	52.69
780.3	16.52	52.88
780.3	16.57	53.06
780.3	16.62	53.25
780.3	16.67	53.44
780.3	16.72	53.62
780.3	16.77	53.81
780.3	16.82	54
780.3	16.87	54.19
780.3	16.92	54.38
780.3	16.97	54.57
780.3	17.02	54.75
780.3	17.07	54.94
780.3	17.12	55.13
780.3	17.17	55.32
780.3	17.22	55.51
780.3	17.27	55.7
780.3	17.32	55.89
780.3	17.37	56.08
780.3	17.42	56.27
780.3	17.47	56.46
780.3	17.52	56.65
780.3	17.57	56.85
780.3	17.62	57.04
780.3	17.67	57.23
780.3	17.72	57.42
780.3	17.77	57.61
780.3	17.82	57.8
780.3	17.87	58
780.3	17.92	58.19
780.3	17.97	58.38
780.3	18.02	58.58
780.3	18.07	58.77
780.3	18.12	58.96
780.3	18.17	59.16
780.3	18.22	59.35
780.3	18.27	59.54
780.3	18.32	59.74
780.3	18.37	59.93
780.3	18.42	60.13
780.3	18.47	60.32
780.3	18.52	60.52
780.3	18.57	60.71
780.3	18.62	60.91
780.3	18.67	61.1
780.3	18.72	61.3
780.3	18.77	61.5
780.3	18.82	61.69
780.3	18.87	61.89
780.3	18.92	62.09
780.3	18.97	62.28
780.3	19.02	62.48
780.3	19.07	62.68
780.3	19.12	62.88
780.3	19.17	63.08
780.3	19.22	63.27
780.3	19.27	63.47
780.3	19.32	63.67
780.3	19.37	63.87
780.3	19.42	64.07
780.3	19.47	64.27
780.3	19.52	64.47
780.3	19.57	64.67
780.3	19.62	64.87
780.3	19.67	65.07
780.3	19.72	65.27
780.3	19.77	65.47
780.3	19.82	65.67
780.3	19.87	65.87
780.3	19.92	66.07
780.3	19.97	66.28
780.3	20.02	66.48
780.3	20.07	66.68
780.3	20.12	66.88
780.3	20.17	67.09
780.3	20.22	67.29
780.3	20.27	67.49
780.3	20.32	67.69
780.3	20.37	67.9
780.3	20.42	68.1
780.3	20.47	68.31
780.3	20.52	68.51
780.3	20.57	68.72
780.3	20.62	68.92
780.3	20.67	69.12
780.3	20.72	69.33
780.3	20.77	69.54
780.3	20.82	69.74
780.3	20.87	69.95
780.3	20.92	70.15
780.3	20.97	70.36
780.3	21.02	70.57
780.3	21.07	70.77
780.3	21.12	70.98
780.3	21.17	71.19
780.3	21.22	71.4
780.3	21.27	71.6
780.3	21.32	71.81
780.3	21.37	72.02
780.3	21.42	72.23
780.3	21.47	72.44
780.3	21.52	72.65
780.3	21.57	72.86
780.3	21.62	73.07
780.3	21.67	73.28
780.3	21.72	73.49
780.3	21.77	73.7
780.3	21.82	73.91
780.3	21.87	74.12
780.3	21.92	74.33
780.3	21.97	74.54
780.3	22.02	74.75
780.3	22.07	74.96
780.3	22.12	75.18
780.3	22.17	75.39
780.3	22.22	75.6
780.3	22.27	75.82
780.3	22.32	76.03
780.3	22.37	76.24
780.3	22.42	76.46
780.3	22.47	76.67
780.3	22.52	76.88
780.3	22.57	77.1
780.3	22.62	77.31
780.3	22.67	77.53
780.3	22.72	77.74
780.3	22.77	77.96
780.3	22.82	78.17
780.3	22.87	78.39
780.3	22.92	78.61
780.3	22.97	78.82
780.3	23.02	79.04
780.3	23.07	79.26
780.3	23.12	79.47
780.3	23.17	79.69
780.3	23.22	79.91
780.3	23.27	80.13
780.3	23.32	80.35
780.3	23.37	80.57
780.3	23.42	80.78
780.3	23.47	81
780.3	23.52	81.22
780.3	23.57	81.44
780.3	23.62	81.66
780.3	23.67	81.88
780.3	23.72	82.1
780.3	23.77	82.32
780.3	23.82	82.55
780.3	23.87	82.77
780.3	23.92	82.99
780.3	23.97	83.21
780.3	24.02	83.43
780.3	24.07	83.65
780.3	24.12	83.88
780.3	24.17	84.1
780.3	24.22	84.32
780.3	24.27	84.55
780.3	24.32	84.77
780.3	24.37	85
780.3	24.42	85.22
780.3	24.47	85.44
780.3	24.53	85.67
780.3	24.58	85.89
780.3	24.63	86.12
780.3	24.68	86.35
780.3	24.73	86.57
780.3	24.78	86.8
780.3	24.83	87.02
780.3	24.88	87.25
780.3	24.93	87.48
780.3	24.98	87.71
780.3	25.03	87.93
780.3	25.08	88.16
780.3	25.13	88.39
780.3	25.18	88.62
780.3	25.23	88.85
780.3	25.28	89.08
780.3	25.33	89.31
780.3	25.38	89.54
780.3	25.43	89.77
780.3	25.48	90
780.3	25.53	90.23
780.3	25.58	90.46
780.3	25.63	90.69
780.3	25.68	90.92
780.3	25.73	91.15
780.3	25.78	91.38
780.3	25.83	91.62
780.3	25.88	91.85
780.3	25.93	92.08
780.3	25.98	92.32
780.3	26.03	92.55
780.3	26.08	92.78
780.3	26.13	93.02
780.3	26.18	93.25
780.3	26.23	93.49
780.3	26.28	93.72
780.3	26.33	93.96
780.3	26.38	94.19
780.3	26.43	94.43
780.3	26.48	94.66
780.3	26.53	94.9
780.3	26.58	95.14
780.3	26.63	95.37
780.3	26.68	95.61
780.3	26.73	95.85
780.3	26.78	96.09
780.3	26.83	96.33
780.3	26.88	96.56
780.3	26.93	96.8
780.3	26.98	97.04
780.3	27.03	97.28
780.3	27.08	97.52
780.3	27.13	97.76
780.3	27.18	98
780.3	27.23	98.24
780.3	27.28	98.49
780.3	27.33	98.73
780.3	27.38	98.97
780.3	27.43	99.21
780.3	27.48	99.45
780.3	27.53	99.7
780.3	27.58	99.94
780.3	27.63	100.2
780.3	27.68	100.4
780.3	27.73	100.7
780.3	27.78	100.9
780.3	27.83	101.2
780.3	27.88	101.4
780.3	27.93	101.6
780.3	27.98	101.9
780.3	28.03	102.1
780.3	28.08	102.4
780.3	28.13	102.6
780.3	28.18	102.9
780.3	28.23	103.1
780.3	28.28	103.4
780.3	28.33	103.6
780.3	28.38	103.9
780.3	28.43	104.1
780.3	28.48	104.4
780.3	28.53	104.6
780.3	28.58	104.9
780.3	28.63	105.1
780.3	28.68	105.4
780.3	28.73	105.6
780.3	28.78	105.9
780.3	28.83	106.1
780.3	28.88	106.4
780.3	28.93	106.6
780.3	28.98	106.9
780.3	29.03	107.1
780.3	29.08	107.4
780.3	29.13	107.6
780.3	29.18	107.9
780.3	29.23	108.1
780.3	29.28	108.4
780.3	29.33	108.6
780.3	29.38	108.9
780.3	29.43	109.2
780.3	29.48	109.4
780.3	29.53	109.7
780.3	29.58	109.9
780.3	29.63	110.2
780.3	29.68	110.4
780.3	29.73	110.7
780.3	29.78	110.9
780.3	29.83	111.2
780.3	29.88	111.5
780.3	29.93	111.7
780.3	29.98	112
780.3	30.03	112.2
780.3	30.08	112.5
780.3	30.13	112.8
780.3	30.18	113
780.3	30.23	113.3
780.3	30.28	113.5
780.3	30.33	113.8
780.3	30.38	114.1
780.3	30.43	114.3
780.3	30.48	114.6
780.3	30.53	114.8
780.3	30.58	115.1
780.3	30.63	115.4
780.3	30.68	115.6
780.3	30.73	115.9
780.3	30.78	116.2
780.3	30.83	116.4
780.3	30.88	116.7
780.3	30.93	117
780.3	30.98	117.2
780.3	31.03	117.5
780.3	31.08	117.8
780.3	31.13	118
780.3	31.18	118.3
780.3	31.23	118.6
780.3	31.28	118.8
780.3	31.33	119.1
780.3	31.38	119.4
780.3	31.43	119.6
780.3	31.48	119.9
780.3	31.53	120.2
780.3	31.58	120.4
780.3	31.63	120.7
780.3	31.68	121
780.3	31.73	121.2
780.3	31.78	121.5
780.3	31.83	121.8
780.3	31.88	122.1
780.3	31.93	122.3
780.3	31.98	122.6
780.3	32.03	122.9
780.3	32.08	123.2
780.3	32.13	123.4
780.3	32.18	123.7
780.3	32.23	124
780.3	32.28	124.2
780.3	32.33	124.5
780.3	32.38	124.8
780.3	32.43	125.1
780.3	32.48	125.4
780.3	32.53	125.6
780.3	32.58	125.9
780.3	32.63	126.2
780.3	32.68	126.5
780.3	32.73	126.7
780.3	32.78	127
780.3	32.83	127.3
780.3	32.88	127.6
780.3	32.93	127.9
780.3	32.98	128.1
780.3	33.03	128.4
780.3	33.08	128.7
780.3	33.13	129
780.3	33.18	129.3
780.3	33.23	129.5
780.3	33.28	129.8
780.3	33.33	130.1
780.3	33.38	130.4
780.3	33.43	130.7
780.3	33.48	131
780.3	33.53	131.2
780.3	33.58	131.5
780.3	33.63	131.8
780.3	33.68	132.1
780.3	33.73	132.4
780.3	33.78	132.7
780.3	33.83	132.9
780.3	33.88	133.2
780.3	33.93	133.5
780.3	33.98	133.8
780.3	34.03	134.1
780.3	34.08	134.4
780.3	34.13	134.7
780.3	34.18	135
780.3	34.23	135.2
780.3	34.28	135.5
780.3	34.33	135.8
780.3	34.38	136.1
780.3	34.43	136.4
780.3	34.48	136.7
780.3	34.53	137
780.3	34.58	137.3
780.3	34.63	137.6
780.3	34.68	137.9
780.3	34.74	138.2
780.3	34.79	138.5
780.3	34.84	138.7
780.3	34.89	139
780.3	34.94	139.3
780.3	34.99	139.6
780.3	35.04	139.9
780.3	35.09	140.2
780.3	35.14	140.5
780.3	35.19	140.8
780.3	35.24	141.1
780.3	35.29	141.4
780.3	35.34	141.7
780.3	35.39	142
780.3	35.44	142.3
780.3	35.49	142.6
780.3	35.54	142.9
780.3	35.59	143.2
780.3	35.64	143.5
780.3	35.69	143.8
780.3	35.74	144.1
780.3	35.79	144.4
780.3	35.84	144.7
780.3	35.89	145
780.3	35.94	145.3
780.3	35.99	145.6
780.3	36.04	145.9
780.3	36.09	146.2
780.3	36.14	146.5
780.3	36.19	146.8
780.3	36.24	147.1
780.3	36.29	147.4
780.3	36.34	147.7
780.3	36.39	148
780.3	36.44	148.4
780.3	36.49	148.7
780.3	36.54	149
780.3	36.59	149.3
780.3	36.64	149.6
780.3	36.69	149.9
780.3	36.74	150.2
780.3	36.79	150.5
780.3	36.84	150.8
780.3	36.89	151.1
780.3	36.94	151.4
780.3	36.99	151.7
780.3	37.04	152.1
780.3	37.09	152.4
780.3	37.14	152.7
780.3	37.19	153
780.3	37.24	153.3
780.3	37.29	153.6
780.3	37.34	153.9
780.3	37.39	154.2
780.3	37.44	154.6
780.3	37.49	154.9
780.3	37.54	155.2
780.3	37.59	155.5
780.3	37.64	155.8
780.3	37.69	156.1
780.3	37.74	156.5
780.3	37.79	156.8
780.3	37.84	157.1
780.3	37.89	157.4
780.3	37.94	157.7
780.3	37.99	158
780.3	38.04	158.4
780.3	38.09	158.7
780.3	38.14	159
780.3	38.19	159.3
780.3	38.24	159.6
780.3	38.29	160
780.3	38.34	160.3
780.3	38.39	160.6
780.3	38.44	160.9
780.3	38.49	161.3
780.3	38.54	161.6
780.3	38.59	161.9
780.3	38.64	162.2
780.3	38.69	162.5
780.3	38.74	162.9
780.3	38.79	163.2
780.3	38.84	163.5
780.3	38.89	163.8
780.3	38.94	164.2
780.3	38.99	164.5
780.3	39.04	164.8
780.3	39.09	165.2
780.3	39.14	165.5
780.3	39.19	165.8
780.3	39.24	166.1
780.3	39.29	166.5
780.3	39.34	166.8
780.3	39.39	167.1
780.3	39.44	167.5
780.3	39.49	167.8
780.3	39.54	168.1
780.3	39.59	168.4
780.3	39.64	168.8
780.3	39.69	169.1
780.3	39.74	169.4
780.3	39.79	169.8
780.3	39.84	170.1
780.3	39.89	170.4
780.3	39.94	170.8
780.3	39.99	171.1
780.3	40.04	171.4
780.3	40.09	171.8
780.3	40.14	172.1
780.3	40.19	172.5
780.3	40.24	172.8
780.3	40.29	173.1
780.3	40.34	173.5
780.3	40.39	173.8
780.3	40.44	174.1
780.3	40.49	174.5
780.3	40.54	174.8
780.3	40.59	175.2
780.3	40.64	175.5
780.3	40.69	175.8
780.3	40.74	176.2
780.3	40.79	176.5
780.3	40.84	176.9
780.3	40.89	177.2
780.3	40.94	177.5
780.3	40.99	177.9
780.3	41.04	178.2
780.3	41.09	178.6
780.3	41.14	178.9
780.3	41.19	179.3
780.3	41.24	179.6
780.3	41.29	179.9
780.3	41.34	180.3
780.3	41.39	180.6
780.3	41.44	181
780.3	41.49	181.3
780.3	41.54	181.7
780.3	41.59	182
780.3	41.64	182.4
780.3	41.69	182.7
780.3	41.74	183.1
780.3	41.79	183.4
780.3	41.84	183.8
780.3	41.89	184.1
780.3	41.94	184.5
780.3	41.99	184.8
780.3	42.04	185.2
780.3	42.09	185.5
780.3	42.14	185.9
780.3	42.19	186.2
780.3	42.24	186.6
780.3	42.29	186.9
780.3	42.34	187.3
780.3	42.39	187.6
780.3	42.44	188
780.3	42.49	188.3
780.3	42.54	188.7
780.3	42.59	189
780.3	42.64	189.4
780.3	42.69	189.7
780.3	42.74	190.1
780.3	42.79	190.5
780.3	42.84	190.8
780.3	42.89	191.2
780.3	42.94	191.5
780.3	42.99	191.9
780.3	43.04	192.2
780.3	43.09	192.6
780.3	43.14	193
780.3	43.19	193.3
780.3	43.24	193.7
780.3	43.29	194
780.3	43.34	194.4
780.3	43.39	194.7
780.3	43.44	195.1
780.3	43.49	195.5
780.3	43.54	195.8
780.3	43.59	196.2
780.3	43.64	196.6
780.3	43.69	196.9
780.3	43.74	197.3
780.3	43.79	197.6
780.3	43.84	198
780.3	43.89	198.4
780.3	43.94	198.7
780.3	43.99	199.1
780.3	44.04	199.5
780.3	44.09	199.8
780.3	44.14	200.2
780.3	44.19	200.6
780.3	44.24	200.9
780.3	44.29	201.3
780.3	44.34	201.7
780.3	44.39	202
780.3	44.44	202.4
780.3	44.49	202.8
780.3	44.54	203.1
780.3	44.59	203.5
780.3	44.64	203.9
780.3	44.69	204.2
780.3	44.74	204.6
780.3	44.79	205
780.3	44.84	205.3
780.3	44.89	205.7
780.3	44.95	206.1
780.3	45	206.4
780.3	45.05	206.8
780.3	45.1	207.2
780.3	45.15	207.6
780.3	45.2	207.9
780.3	45.25	208.3
780.3	45.3	208.7
780.3	45.35	209.1
780.3	45.4	209.4
780.3	45.45	209.8
780.3	45.5	210.2
780.3	45.55	210.5
780.3	45.6	210.9
780.3	45.65	211.3
780.3	45.7	211.7
780.3	45.75	212
780.3	45.8	212.4
780.3	45.85	212.8
780.3	45.9	213.2
780.3	45.95	213.6
780.3	46	213.9
780.3	46.05	214.3
780.3	46.1	214.7
780.3	46.15	215.1
780.3	46.2	215.4
780.3	46.25	215.8
780.3	46.3	216.2
780.3	46.35	216.6
780.3	46.4	217
780.3	46.45	217.3
780.3	46.5	217.7
780.3	46.55	218.1
780.3	46.6	218.5
780.3	46.65	218.9
780.3	46.7	219.2
780.3	46.75	219.6
780.3	46.8	220
780.3	46.85	220.4
780.3	46.9	220.8
780.3	46.95	221.1
780.3	47	221.5
780.3	47.05	221.9
780.3	47.1	222.3
780.3	47.15	222.7
780.3	47.2	223.1
780.3	47.25	223.4
780.3	47.3	223.8
780.3	47.35	224.2
780.3	47.4	224.6
780.3	47.45	225
780.3	47.5	225.4
780.3	47.55	225.7
780.3	47.6	226.1
780.3	47.65	226.5
780.3	47.7	226.9
780.3	47.75	227.3
780.3	47.8	227.7
780.3	47.85	228.1
780.3	47.9	228.4
780.3	47.95	228.8
780.3	48	229.2
780.3	48.05	229.6
780.3	48.1	230
780.3	48.15	230.4
780.3	48.2	230.8
780.3	48.25	231.2
780.3	48.3	231.5
780.3	48.35	231.9
780.3	48.4	232.3
780.3	48.45	232.7
780.3	48.5	233.1
780.3	48.55	233.5
780.3	48.6	233.9
780.3	48.65	234.3
780.3	48.7	234.7
780.3	48.75	235
780.3	48.8	235.4
780.3	48.85	235.8
780.3	48.9	236.2
780.3	48.95	236.6
780.3	49	237
780.3	49.05	237.4
780.3	49.1	237.8
780.3	49.15	238.2
780.3	49.2	238.6
780.3	49.25	239
780.3	49.3	239.3
780.3	49.35	239.7
780.3	49.4	240.1
780.3	49.45	240.5
780.3	49.5	240.9
780.3	49.55	241.3
780.3	49.6	241.7
780.3	49.65	242.1
780.3	49.7	242.5
780.3	49.75	242.9
780.3	49.8	243.3
780.3	49.85	243.7
780.3	49.9	244.1
780.3	49.95	244.5
780.3	50	244.8
798	0.001	0.002715
798	0.05105	0.1387
798	0.1011	0.2747
798	0.1511	0.4108
798	0.2012	0.547
798	0.2512	0.6834
798	0.3013	0.8198
798	0.3513	0.9562
798	0.4014	1.093
798	0.4514	1.23
798	0.5015	1.366
798	0.5515	1.503
798	0.6016	1.64
798	0.6516	1.777
798	0.7017	1.914
798	0.7517	2.052
798	0.8018	2.189
798	0.8518	2.326
798	0.9019	2.464
798	0.9519	2.601
798	1.002	2.739
798	1.052	2.877
798	1.102	3.015
798	1.152	3.153
798	1.202	3.291
798	1.252	3.429
798	1.302	3.567
798	1.352	3.706
798	1.402	3.844
798	1.452	3.983
798	1.502	4.121
798	1.553	4.26
798	1.603	4.399
798	1.653	4.538
798	1.703	4.677
798	1.753	4.816
798	1.803	4.955
798	1.853	5.094
798	1.903	5.234
798	1.953	5.373
798	2.003	5.513
798	2.053	5.653
798	2.103	5.793
798	2.153	5.932
798	2.203	6.072
798	2.253	6.213
798	2.303	6.353
798	2.353	6.493
798	2.403	6.633
798	2.453	6.774
798	2.503	6.914
798	2.554	7.055
798	2.604	7.196
798	2.654	7.337
798	2.704	7.478
798	2.754	7.619
798	2.804	7.76
798	2.854	7.901
798	2.904	8.043
798	2.954	8.184
798	3.004	8.326
798	3.054	8.468
798	3.104	8.609
798	3.154	8.751
798	3.204	8.893
798	3.254	9.035
798	3.304	9.178
798	3.354	9.32
798	3.404	9.462
798	3.454	9.605
798	3.504	9.747
798	3.554	9.89
798	3.605	10.03
798	3.655	10.18
798	3.705	10.32
798	3.755	10.46
798	3.805	10.61
798	3.855	10.75
798	3.905	10.89
798	3.955	11.04
798	4.005	11.18
798	4.055	11.32
798	4.105	11.47
798	4.155	11.61
798	4.205	11.75
798	4.255	11.9
798	4.305	12.04
798	4.355	12.19
798	4.405	12.33
798	4.455	12.48
798	4.505	12.62
798	4.555	12.77
798	4.606	12.91
798	4.656	13.06
798	4.706	13.2
798	4.756	13.35
798	4.806	13.49
798	4.856	13.64
798	4.906	13.78
798	4.956	13.93
798	5.006	14.07
798	5.056	14.22
798	5.106	14.37
798	5.156	14.51
798	5.206	14.66
798	5.256	14.81
798	5.306	14.95
798	5.356	15.1
798	5.406	15.24
798	5.456	15.39
798	5.506	15.54
798	5.556	15.69
798	5.606	15.83
798	5.657	15.98
798	5.707	16.13
798	5.757	16.27
798	5.807	16.42
798	5.857	16.57
798	5.907	16.72
798	5.957	16.87
798	6.007	17.01
798	6.057	17.16
798	6.107	17.31
798	6.157	17.46
798	6.207	17.61
798	6.257	17.76
798	6.307	17.9
798	6.357	18.05
798	6.407	18.2
798	6.457	18.35
798	6.507	18.5
798	6.557	18.65
798	6.607	18.8
798	6.658	18.95
798	6.708	19.1
798	6.758	19.25
798	6.808	19.4
798	6.858	19.55
798	6.908	19.7
798	6.958	19.85
798	7.008	20
798	7.058	20.15
798	7.108	20.3
798	7.158	20.45
798	7.208	20.6
798	7.258	20.75
798	7.308	20.9
798	7.358	21.05
798	7.408	21.2
798	7.458	21.36
798	7.508	21.51
798	7.558	21.66
798	7.608	21.81
798	7.659	21.96
798	7.709	22.11
798	7.759	22.27
798	7.809	22.42
798	7.859	22.57
798	7.909	22.72
798	7.959	22.88
798	8.009	23.03
798	8.059	23.18
798	8.109	23.33
798	8.159	23.49
798	8.209	23.64
798	8.259	23.79
798	8.309	23.95
798	8.359	24.1
798	8.409	24.25
798	8.459	24.41
798	8.509	24.56
798	8.559	24.72
798	8.609	24.87
798	8.659	25.03
798	8.71	25.18
798	8.76	25.33
798	8.81	25.49
798	8.86	25.64
798	8.91	25.8
798	8.96	25.95
798	9.01	26.11
798	9.06	26.26
798	9.11	26.42
798	9.16	26.57
798	9.21	26.73
798	9.26	26.89
798	9.31	27.04
798	9.36	27.2
798	9.41	27.35
798	9.46	27.51
798	9.51	27.67
798	9.56	27.82
798	9.61	27.98
798	9.66	28.14
798	9.711	28.29
798	9.761	28.45
798	9.811	28.61
798	9.861	28.77
798	9.911	28.92
798	9.961	29.08
798	10.01	29.24
798	10.06	29.4
798	10.11	29.55
798	10.16	29.71
798	10.21	29.87
798	10.26	30.03
798	10.31	30.19
798	10.36	30.35
798	10.41	30.51
798	10.46	30.66
798	10.51	30.82
798	10.56	30.98
798	10.61	31.14
798	10.66	31.3
798	10.71	31.46
798	10.76	31.62
798	10.81	31.78
798	10.86	31.94
798	10.91	32.1
798	10.96	32.26
798	11.01	32.42
798	11.06	32.58
798	11.11	32.74
798	11.16	32.9
798	11.21	33.06
798	11.26	33.23
798	11.31	33.39
798	11.36	33.55
798	11.41	33.71
798	11.46	33.87
798	11.51	34.03
798	11.56	34.19
798	11.61	34.36
798	11.66	34.52
798	11.71	34.68
798	11.76	34.84
798	11.81	35.01
798	11.86	35.17
798	11.91	35.33
798	11.96	35.49
798	12.01	35.66
798	12.06	35.82
798	12.11	35.98
798	12.16	36.15
798	12.21	36.31
798	12.26	36.48
798	12.31	36.64
798	12.36	36.8
798	12.41	36.97
798	12.46	37.13
798	12.51	37.3
798	12.56	37.46
798	12.61	37.63
798	12.66	37.79
798	12.71	37.96
798	12.76	38.12
798	12.81	38.29
798	12.86	38.45
798	12.91	38.62
798	12.96	38.79
798	13.01	38.95
798	13.06	39.12
798	13.11	39.28
798	13.16	39.45
798	13.21	39.62
798	13.26	39.78
798	13.31	39.95
798	13.36	40.12
798	13.41	40.28
798	13.46	40.45
798	13.51	40.62
798	13.56	40.79
798	13.61	40.95
798	13.66	41.12
798	13.71	41.29
798	13.76	41.46
798	13.81	41.63
798	13.86	41.8
798	13.91	41.96
798	13.96	42.13
798	14.01	42.3
798	14.06	42.47
798	14.11	42.64
798	14.16	42.81
798	14.21	42.98
798	14.26	43.15
798	14.32	43.32
798	14.37	43.49
798	14.42	43.66
798	14.47	43.83
798	14.52	44
798	14.57	44.17
798	14.62	44.34
798	14.67	44.51
798	14.72	44.68
798	14.77	44.86
798	14.82	45.03
798	14.87	45.2
798	14.92	45.37
798	14.97	45.54
798	15.02	45.71
798	15.07	45.89
798	15.12	46.06
798	15.17	46.23
798	15.22	46.4
798	15.27	46.58
798	15.32	46.75
798	15.37	46.92
798	15.42	47.1
798	15.47	47.27
798	15.52	47.44
798	15.57	47.62
798	15.62	47.79
798	15.67	47.97
798	15.72	48.14
798	15.77	48.31
798	15.82	48.49
798	15.87	48.66
798	15.92	48.84
798	15.97	49.01
798	16.02	49.19
798	16.07	49.37
798	16.12	49.54
798	16.17	49.72
798	16.22	49.89
798	16.27	50.07
798	16.32	50.24
798	16.37	50.42
798	16.42	50.6
798	16.47	50.77
798	16.52	50.95
798	16.57	51.13
798	16.62	51.31
798	16.67	51.48
798	16.72	51.66
798	16.77	51.84
798	16.82	52.02
798	16.87	52.19
798	16.92	52.37
798	16.97	52.55
798	17.02	52.73
798	17.07	52.91
798	17.12	53.09
798	17.17	53.27
798	17.22	53.45
798	17.27	53.62
798	17.32	53.8
798	17.37	53.98
798	17.42	54.16
798	17.47	54.34
798	17.52	54.52
798	17.57	54.7
798	17.62	54.89
798	17.67	55.07
798	17.72	55.25
798	17.77	55.43
798	17.82	55.61
798	17.87	55.79
798	17.92	55.97
798	17.97	56.15
798	18.02	56.34
798	18.07	56.52
798	18.12	56.7
798	18.17	56.88
798	18.22	57.07
798	18.27	57.25
798	18.32	57.43
798	18.37	57.62
798	18.42	57.8
798	18.47	57.98
798	18.52	58.17
798	18.57	58.35
798	18.62	58.53
798	18.67	58.72
798	18.72	58.9
798	18.77	59.09
798	18.82	59.27
798	18.87	59.46
798	18.92	59.64
798	18.97	59.83
798	19.02	60.01
798	19.07	60.2
798	19.12	60.39
798	19.17	60.57
798	19.22	60.76
798	19.27	60.94
798	19.32	61.13
798	19.37	61.32
798	19.42	61.5
798	19.47	61.69
798	19.52	61.88
798	19.57	62.07
798	19.62	62.25
798	19.67	62.44
798	19.72	62.63
798	19.77	62.82
798	19.82	63.01
798	19.87	63.2
798	19.92	63.38
798	19.97	63.57
798	20.02	63.76
798	20.07	63.95
798	20.12	64.14
798	20.17	64.33
798	20.22	64.52
798	20.27	64.71
798	20.32	64.9
798	20.37	65.09
798	20.42	65.28
798	20.47	65.47
798	20.52	65.67
798	20.57	65.86
798	20.62	66.05
798	20.67	66.24
798	20.72	66.43
798	20.77	66.62
798	20.82	66.82
798	20.87	67.01
798	20.92	67.2
798	20.97	67.39
798	21.02	67.59
798	21.07	67.78
798	21.12	67.97
798	21.17	68.17
798	21.22	68.36
798	21.27	68.56
798	21.32	68.75
798	21.37	68.94
798	21.42	69.14
798	21.47	69.33
798	21.52	69.53
798	21.57	69.72
798	21.62	69.92
798	21.67	70.11
798	21.72	70.31
798	21.77	70.51
798	21.82	70.7
798	21.87	70.9
798	21.92	71.09
798	21.97	71.29
798	22.02	71.49
798	22.07	71.69
798	22.12	71.88
798	22.17	72.08
798	22.22	72.28
798	22.27	72.48
798	22.32	72.67
798	22.37	72.87
798	22.42	73.07
798	22.47	73.27
798	22.52	73.47
798	22.57	73.67
798	22.62	73.87
798	22.67	74.07
798	22.72	74.27
798	22.77	74.47
798	22.82	74.67
798	22.87	74.87
798	22.92	75.07
798	22.97	75.27
798	23.02	75.47
798	23.07	75.67
798	23.12	75.87
798	23.17	76.07
798	23.22	76.28
798	23.27	76.48
798	23.32	76.68
798	23.37	76.88
798	23.42	77.09
798	23.47	77.29
798	23.52	77.49
798	23.57	77.69
798	23.62	77.9
798	23.67	78.1
798	23.72	78.31
798	23.77	78.51
798	23.82	78.71
798	23.87	78.92
798	23.92	79.12
798	23.97	79.33
798	24.02	79.53
798	24.07	79.74
798	24.12	79.95
798	24.17	80.15
798	24.22	80.36
798	24.27	80.56
798	24.32	80.77
798	24.37	80.98
798	24.42	81.18
798	24.47	81.39
798	24.53	81.6
798	24.58	81.81
798	24.63	82.01
798	24.68	82.22
798	24.73	82.43
798	24.78	82.64
798	24.83	82.85
798	24.88	83.06
798	24.93	83.26
798	24.98	83.47
798	25.03	83.68
798	25.08	83.89
798	25.13	84.1
798	25.18	84.31
798	25.23	84.52
798	25.28	84.73
798	25.33	84.95
798	25.38	85.16
798	25.43	85.37
798	25.48	85.58
798	25.53	85.79
798	25.58	86
798	25.63	86.22
798	25.68	86.43
798	25.73	86.64
798	25.78	86.85
798	25.83	87.07
798	25.88	87.28
798	25.93	87.49
798	25.98	87.71
798	26.03	87.92
798	26.08	88.14
798	26.13	88.35
798	26.18	88.56
798	26.23	88.78
798	26.28	88.99
798	26.33	89.21
798	26.38	89.43
798	26.43	89.64
798	26.48	89.86
798	26.53	90.07
798	26.58	90.29
798	26.63	90.51
798	26.68	90.72
798	26.73	90.94
798	26.78	91.16
798	26.83	91.38
798	26.88	91.59
798	26.93	91.81
798	26.98	92.03
798	27.03	92.25
798	27.08	92.47
798	27.13	92.69
798	27.18	92.91
798	27.23	93.13
798	27.28	93.35
798	27.33	93.57
798	27.38	93.79
798	27.43	94.01
798	27.48	94.23
798	27.53	94.45
798	27.58	94.67
798	27.63	94.89
798	27.68	95.11
798	27.73	95.33
798	27.78	95.56
798	27.83	95.78
798	27.88	96
798	27.93	96.22
798	27.98	96.45
798	28.03	96.67
798	28.08	96.89
798	28.13	97.12
798	28.18	97.34
798	28.23	97.57
798	28.28	97.79
798	28.33	98.02
798	28.38	98.24
798	28.43	98.47
798	28.48	98.69
798	28.53	98.92
798	28.58	99.14
798	28.63	99.37
798	28.68	99.6
798	28.73	99.82
798	28.78	100
798	28.83	100.3
798	28.88	100.5
798	28.93	100.7
798	28.98	101
798	29.03	101.2
798	29.08	101.4
798	29.13	101.6
798	29.18	101.9
798	29.23	102.1
798	29.28	102.3
798	29.33	102.6
798	29.38	102.8
798	29.43	103
798	29.48	103.3
798	29.53	103.5
798	29.58	103.7
798	29.63	103.9
798	29.68	104.2
798	29.73	104.4
798	29.78	104.6
798	29.83	104.9
798	29.88	105.1
798	29.93	105.3
798	29.98	105.6
798	30.03	105.8
798	30.08	106
798	30.13	106.3
798	30.18	106.5
798	30.23	106.7
798	30.28	107
798	30.33	107.2
798	30.38	107.4
798	30.43	107.7
798	30.48	107.9
798	30.53	108.2
798	30.58	108.4
798	30.63	108.6
798	30.68	108.9
798	30.73	109.1
798	30.78	109.3
798	30.83	109.6
798	30.88	109.8
798	30.93	110
798	30.98	110.3
798	31.03	110.5
798	31.08	110.8
798	31.13	111
798	31.18	111.2
798	31.23	111.5
798	31.28	111.7
798	31.33	112
798	31.38	112.2
798	31.43	112.4
798	31.48	112.7
798	31.53	112.9
798	31.58	113.2
798	31.63	113.4
798	31.68	113.6
798	31.73	113.9
798	31.78	114.1
798	31.83	114.4
798	31.88	114.6
798	31.93	114.9
798	31.98	115.1
798	32.03	115.3
798	32.08	115.6
798	32.13	115.8
798	32.18	116.1
798	32.23	116.3
798	32.28	116.6
798	32.33	116.8
798	32.38	117.1
798	32.43	117.3
798	32.48	117.5
798	32.53	117.8
798	32.58	118
798	32.63	118.3
798	32.68	118.5
798	32.73	118.8
798	32.78	119
798	32.83	119.3
798	32.88	119.5
798	32.93	119.8
798	32.98	120
798	33.03	120.3
798	33.08	120.5
798	33.13	120.8
798	33.18	121
798	33.23	121.3
798	33.28	121.5
798	33.33	121.8
798	33.38	122
798	33.43	122.3
798	33.48	122.5
798	33.53	122.8
798	33.58	123
798	33.63	123.3
798	33.68	123.5
798	33.73	123.8
798	33.78	124
798	33.83	124.3
798	33.88	124.5
798	33.93	124.8
798	33.98	125.1
798	34.03	125.3
798	34.08	125.6
798	34.13	125.8
798	34.18	126.1
798	34.23	126.3
798	34.28	126.6
798	34.33	126.8
798	34.38	127.1
798	34.43	127.4
798	34.48	127.6
798	34.53	127.9
798	34.58	128.1
798	34.63	128.4
798	34.68	128.6
798	34.74	128.9
798	34.79	129.2
798	34.84	129.4
798	34.89	129.7
798	34.94	129.9
798	34.99	130.2
798	35.04	130.5
798	35.09	130.7
798	35.14	131
798	35.19	131.2
798	35.24	131.5
798	35.29	131.8
798	35.34	132
798	35.39	132.3
798	35.44	132.5
798	35.49	132.8
798	35.54	133.1
798	35.59	133.3
798	35.64	133.6
798	35.69	133.9
798	35.74	134.1
798	35.79	134.4
798	35.84	134.6
798	35.89	134.9
798	35.94	135.2
798	35.99	135.4
798	36.04	135.7
798	36.09	136
798	36.14	136.2
798	36.19	136.5
798	36.24	136.8
798	36.29	137
798	36.34	137.3
798	36.39	137.6
798	36.44	137.8
798	36.49	138.1
798	36.54	138.4
798	36.59	138.6
798	36.64	138.9
798	36.69	139.2
798	36.74	139.5
798	36.79	139.7
798	36.84	140
798	36.89	140.3
798	36.94	140.5
798	36.99	140.8
798	37.04	141.1
798	37.09	141.3
798	37.14	141.6
798	37.19	141.9
798	37.24	142.2
798	37.29	142.4
798	37.34	142.7
798	37.39	143
798	37.44	143.3
798	37.49	143.5
798	37.54	143.8
798	37.59	144.1
798	37.64	144.4
798	37.69	144.6
798	37.74	144.9
798	37.79	145.2
798	37.84	145.5
798	37.89	145.7
798	37.94	146
798	37.99	146.3
798	38.04	146.6
798	38.09	146.8
798	38.14	147.1
798	38.19	147.4
798	38.24	147.7
798	38.29	147.9
798	38.34	148.2
798	38.39	148.5
798	38.44	148.8
798	38.49	149.1
798	38.54	149.3
798	38.59	149.6
798	38.64	149.9
798	38.69	150.2
798	38.74	150.5
798	38.79	150.7
798	38.84	151
798	38.89	151.3
798	38.94	151.6
798	38.99	151.9
798	39.04	152.2
798	39.09	152.4
798	39.14	152.7
798	39.19	153
798	39.24	153.3
798	39.29	153.6
798	39.34	153.9
798	39.39	154.1
798	39.44	154.4
798	39.49	154.7
798	39.54	155
798	39.59	155.3
798	39.64	155.6
798	39.69	155.9
798	39.74	156.1
798	39.79	156.4
798	39.84	156.7
798	39.89	157
798	39.94	157.3
798	39.99	157.6
798	40.04	157.9
798	40.09	158.2
798	40.14	158.4
798	40.19	158.7
798	40.24	159
798	40.29	159.3
798	40.34	159.6
798	40.39	159.9
798	40.44	160.2
798	40.49	160.5
798	40.54	160.8
798	40.59	161.1
798	40.64	161.3
798	40.69	161.6
798	40.74	161.9
798	40.79	162.2
798	40.84	162.5
798	40.89	162.8
798	40.94	163.1
798	40.99	163.4
798	41.04	163.7
798	41.09	164
798	41.14	164.3
798	41.19	164.6
798	41.24	164.9
798	41.29	165.2
798	41.34	165.5
798	41.39	165.8
798	41.44	166.1
798	41.49	166.3
798	41.54	166.6
798	41.59	166.9
798	41.64	167.2
798	41.69	167.5
798	41.74	167.8
798	41.79	168.1
798	41.84	168.4
798	41.89	168.7
798	41.94	169
798	41.99	169.3
798	42.04	169.6
798	42.09	169.9
798	42.14	170.2
798	42.19	170.5
798	42.24	170.8
798	42.29	171.1
798	42.34	171.4
798	42.39	171.7
798	42.44	172
798	42.49	172.3
798	42.54	172.6
798	42.59	172.9
798	42.64	173.2
798	42.69	173.5
798	42.74	173.9
798	42.79	174.2
798	42.84	174.5
798	42.89	174.8
798	42.94	175.1
798	42.99	175.4
798	43.04	175.7
798	43.09	176
798	43.14	176.3
798	43.19	176.6
798	43.24	176.9
798	43.29	177.2
798	43.34	177.5
798	43.39	177.8
798	43.44	178.1
798	43.49	178.4
798	43.54	178.7
798	43.59	179
798	43.64	179.4
798	43.69	179.7
798	43.74	180
798	43.79	180.3
798	43.84	180.6
798	43.89	180.9
798	43.94	181.2
798	43.99	181.5
798	44.04	181.8
798	44.09	182.1
798	44.14	182.5
798	44.19	182.8
798	44.24	183.1
798	44.29	183.4
798	44.34	183.7
798	44.39	184
798	44.44	184.3
798	44.49	184.6
798	44.54	184.9
798	44.59	185.3
798	44.64	185.6
798	44.69	185.9
798	44.74	186.2
798	44.79	186.5
798	44.84	186.8
798	44.89	187.1
798	44.95	187.5
798	45	187.8
798	45.05	188.1
798	45.1	188.4
798	45.15	188.7
798	45.2	189
798	45.25	189.4
798	45.3	189.7
798	45.35	190
798	45.4	190.3
798	45.45	190.6
798	45.5	190.9
798	45.55	191.3
798	45.6	191.6
798	45.65	191.9
798	45.7	192.2
798	45.75	192.5
798	45.8	192.9
798	45.85	193.2
798	45.9	193.5
798	45.95	193.8
798	46	194.1
798	46.05	194.5
798	46.1	194.8
798	46.15	195.1
798	46.2	195.4
798	46.25	195.7
798	46.3	196.1
798	46.35	196.4
798	46.4	196.7
798	46.45	197
798	46.5	197.3
798	46.55	197.7
798	46.6	198
798	46.65	198.3
798	46.7	198.6
798	46.75	199
798	46.8	199.3
798	46.85	199.6
798	46.9	199.9
798	46.95	200.3
798	47	200.6
798	47.05	200.9
798	47.1	201.2
798	47.15	201.6
798	47.2	201.9
798	47.25	202.2
798	47.3	202.5
798	47.35	202.9
798	47.4	203.2
798	47.45	203.5
798	47.5	203.8
798	47.55	204.2
798	47.6	204.5
798	47.65	204.8
798	47.7	205.2
798	47.75	205.5
798	47.8	205.8
798	47.85	206.1
798	47.9	206.5
798	47.95	206.8
798	48	207.1
798	48.05	207.5
798	48.1	207.8
798	48.15	208.1
798	48.2	208.4
798	48.25	208.8
798	48.3	209.1
798	48.35	209.4
798	48.4	209.8
798	48.45	210.1
798	48.5	210.4
798	48.55	210.8
798	48.6	211.1
798	48.65	211.4
798	48.7	211.7
798	48.75	212.1
798	48.8	212.4
798	48.85	212.7
798	48.9	213.1
798	48.95	213.4
798	49	213.7
798	49.05	214.1
798	49.1	214.4
798	49.15	214.7
798	49.2	215.1
798	49.25	215.4
798	49.3	215.7
798	49.35	216.1
798	49.4	216.4
798	49.45	216.7
798	49.5	217.1
798	49.55	217.4
798	49.6	217.8
798	49.65	218.1
798	49.7	218.4
798	49.75	218.8
798	49.8	219.1
798	49.85	219.4
798	49.9	219.8
798	49.95	220.1
798	50	220.4
815.7	0.001	0.002656
815.7	0.05105	0.1357
815.7	0.1011	0.2687
815.7	0.1511	0.4019
815.7	0.2012	0.5351
815.7	0.2512	0.6684
815.7	0.3013	0.8019
815.7	0.3513	0.9353
815.7	0.4014	1.069
815.7	0.4514	1.203
815.7	0.5015	1.336
815.7	0.5515	1.47
815.7	0.6016	1.604
815.7	0.6516	1.738
815.7	0.7017	1.872
815.7	0.7517	2.006
815.7	0.8018	2.14
815.7	0.8518	2.275
815.7	0.9019	2.409
815.7	0.9519	2.544
815.7	1.002	2.678
815.7	1.052	2.813
815.7	1.102	2.948
815.7	1.152	3.082
815.7	1.202	3.217
815.7	1.252	3.352
815.7	1.302	3.487
815.7	1.352	3.622
815.7	1.402	3.758
815.7	1.452	3.893
815.7	1.502	4.028
815.7	1.553	4.164
815.7	1.603	4.3
815.7	1.653	4.435
815.7	1.703	4.571
815.7	1.753	4.707
815.7	1.803	4.843
815.7	1.853	4.979
815.7	1.903	5.115
815.7	1.953	5.251
815.7	2.003	5.387
815.7	2.053	5.524
815.7	2.103	5.66
815.7	2.153	5.797
815.7	2.203	5.933
815.7	2.253	6.07
815.7	2.303	6.207
815.7	2.353	6.344
815.7	2.403	6.481
815.7	2.453	6.618
815.7	2.503	6.755
815.7	2.554	6.892
815.7	2.604	7.029
815.7	2.654	7.167
815.7	2.704	7.304
815.7	2.754	7.442
815.7	2.804	7.579
815.7	2.854	7.717
815.7	2.904	7.855
815.7	2.954	7.993
815.7	3.004	8.131
815.7	3.054	8.269
815.7	3.104	8.407
815.7	3.154	8.546
815.7	3.204	8.684
815.7	3.254	8.823
815.7	3.304	8.961
815.7	3.354	9.1
815.7	3.404	9.239
815.7	3.454	9.377
815.7	3.504	9.516
815.7	3.554	9.655
815.7	3.605	9.794
815.7	3.655	9.934
815.7	3.705	10.07
815.7	3.755	10.21
815.7	3.805	10.35
815.7	3.855	10.49
815.7	3.905	10.63
815.7	3.955	10.77
815.7	4.005	10.91
815.7	4.055	11.05
815.7	4.105	11.19
815.7	4.155	11.33
815.7	4.205	11.47
815.7	4.255	11.61
815.7	4.305	11.75
815.7	4.355	11.89
815.7	4.405	12.03
815.7	4.455	12.17
815.7	4.505	12.31
815.7	4.555	12.46
815.7	4.606	12.6
815.7	4.656	12.74
815.7	4.706	12.88
815.7	4.756	13.02
815.7	4.806	13.16
815.7	4.856	13.3
815.7	4.906	13.44
815.7	4.956	13.59
815.7	5.006	13.73
815.7	5.056	13.87
815.7	5.106	14.01
815.7	5.156	14.15
815.7	5.206	14.3
815.7	5.256	14.44
815.7	5.306	14.58
815.7	5.356	14.72
815.7	5.406	14.86
815.7	5.456	15.01
815.7	5.506	15.15
815.7	5.556	15.29
815.7	5.606	15.44
815.7	5.657	15.58
815.7	5.707	15.72
815.7	5.757	15.87
815.7	5.807	16.01
815.7	5.857	16.15
815.7	5.907	16.3
815.7	5.957	16.44
815.7	6.007	16.58
815.7	6.057	16.73
815.7	6.107	16.87
815.7	6.157	17.01
815.7	6.207	17.16
815.7	6.257	17.3
815.7	6.307	17.45
815.7	6.357	17.59
815.7	6.407	17.74
815.7	6.457	17.88
815.7	6.507	18.02
815.7	6.557	18.17
815.7	6.607	18.31
815.7	6.658	18.46
815.7	6.708	18.6
815.7	6.758	18.75
815.7	6.808	18.89
815.7	6.858	19.04
815.7	6.908	19.19
815.7	6.958	19.33
815.7	7.008	19.48
815.7	7.058	19.62
815.7	7.108	19.77
815.7	7.158	19.91
815.7	7.208	20.06
815.7	7.258	20.21
815.7	7.308	20.35
815.7	7.358	20.5
815.7	7.408	20.65
815.7	7.458	20.79
815.7	7.508	20.94
815.7	7.558	21.09
815.7	7.608	21.23
815.7	7.659	21.38
815.7	7.709	21.53
815.7	7.759	21.67
815.7	7.809	21.82
815.7	7.859	21.97
815.7	7.909	22.12
815.7	7.959	22.26
815.7	8.009	22.41
815.7	8.059	22.56
815.7	8.109	22.71
815.7	8.159	22.86
815.7	8.209	23
815.7	8.259	23.15
815.7	8.309	23.3
815.7	8.359	23.45
815.7	8.409	23.6
815.7	8.459	23.75
815.7	8.509	23.9
815.7	8.559	24.05
815.7	8.609	24.19
815.7	8.659	24.34
815.7	8.71	24.49
815.7	8.76	24.64
815.7	8.81	24.79
815.7	8.86	24.94
815.7	8.91	25.09
815.7	8.96	25.24
815.7	9.01	25.39
815.7	9.06	25.54
815.7	9.11	25.69
815.7	9.16	25.84
815.7	9.21	25.99
815.7	9.26	26.14
815.7	9.31	26.29
815.7	9.36	26.44
815.7	9.41	26.59
815.7	9.46	26.74
815.7	9.51	26.9
815.7	9.56	27.05
815.7	9.61	27.2
815.7	9.66	27.35
815.7	9.711	27.5
815.7	9.761	27.65
815.7	9.811	27.8
815.7	9.861	27.96
815.7	9.911	28.11
815.7	9.961	28.26
815.7	10.01	28.41
815.7	10.06	28.56
815.7	10.11	28.72
815.7	10.16	28.87
815.7	10.21	29.02
815.7	10.26	29.17
815.7	10.31	29.33
815.7	10.36	29.48
815.7	10.41	29.63
815.7	10.46	29.79
815.7	10.51	29.94
815.7	10.56	30.09
815.7	10.61	30.25
815.7	10.66	30.4
815.7	10.71	30.55
815.7	10.76	30.71
815.7	10.81	30.86
815.7	10.86	31.02
815.7	10.91	31.17
815.7	10.96	31.32
815.7	11.01	31.48
815.7	11.06	31.63
815.7	11.11	31.79
815.7	11.16	31.94
815.7	11.21	32.1
815.7	11.26	32.25
815.7	11.31	32.41
815.7	11.36	32.56
815.7	11.41	32.72
815.7	11.46	32.87
815.7	11.51	33.03
815.7	11.56	33.18
815.7	11.61	33.34
815.7	11.66	33.5
815.7	11.71	33.65
815.7	11.76	33.81
815.7	11.81	33.97
815.7	11.86	34.12
815.7	11.91	34.28
815.7	11.96	34.43
815.7	12.01	34.59
815.7	12.06	34.75
815.7	12.11	34.91
815.7	12.16	35.06
815.7	12.21	35.22
815.7	12.26	35.38
815.7	12.31	35.53
815.7	12.36	35.69
815.7	12.41	35.85
815.7	12.46	36.01
815.7	12.51	36.17
815.7	12.56	36.32
815.7	12.61	36.48
815.7	12.66	36.64
815.7	12.71	36.8
815.7	12.76	36.96
815.7	12.81	37.12
815.7	12.86	37.28
815.7	12.91	37.43
815.7	12.96	37.59
815.7	13.01	37.75
815.7	13.06	37.91
815.7	13.11	38.07
815.7	13.16	38.23
815.7	13.21	38.39
815.7	13.26	38.55
815.7	13.31	38.71
815.7	13.36	38.87
815.7	13.41	39.03
815.7	13.46	39.19
815.7	13.51	39.35
815.7	13.56	39.51
815.7	13.61	39.67
815.7	13.66	39.83
815.7	13.71	40
815.7	13.76	40.16
815.7	13.81	40.32
815.7	13.86	40.48
815.7	13.91	40.64
815.7	13.96	40.8
815.7	14.01	40.96
815.7	14.06	41.13
815.7	14.11	41.29
815.7	14.16	41.45
815.7	14.21	41.61
815.7	14.26	41.77
815.7	14.32	41.94
815.7	14.37	42.1
815.7	14.42	42.26
815.7	14.47	42.42
815.7	14.52	42.59
815.7	14.57	42.75
815.7	14.62	42.91
815.7	14.67	43.08
815.7	14.72	43.24
815.7	14.77	43.41
815.7	14.82	43.57
815.7	14.87	43.73
815.7	14.92	43.9
815.7	14.97	44.06
815.7	15.02	44.23
815.7	15.07	44.39
815.7	15.12	44.55
815.7	15.17	44.72
815.7	15.22	44.88
815.7	15.27	45.05
815.7	15.32	45.21
815.7	15.37	45.38
815.7	15.42	45.54
815.7	15.47	45.71
815.7	15.52	45.88
815.7	15.57	46.04
815.7	15.62	46.21
815.7	15.67	46.37
815.7	15.72	46.54
815.7	15.77	46.71
815.7	15.82	46.87
815.7	15.87	47.04
815.7	15.92	47.21
815.7	15.97	47.37
815.7	16.02	47.54
815.7	16.07	47.71
815.7	16.12	47.87
815.7	16.17	48.04
815.7	16.22	48.21
815.7	16.27	48.38
815.7	16.32	48.54
815.7	16.37	48.71
815.7	16.42	48.88
815.7	16.47	49.05
815.7	16.52	49.22
815.7	16.57	49.39
815.7	16.62	49.55
815.7	16.67	49.72
815.7	16.72	49.89
815.7	16.77	50.06
815.7	16.82	50.23
815.7	16.87	50.4
815.7	16.92	50.57
815.7	16.97	50.74
815.7	17.02	50.91
815.7	17.07	51.08
815.7	17.12	51.25
815.7	17.17	51.42
815.7	17.22	51.59
815.7	17.27	51.76
815.7	17.32	51.93
815.7	17.37	52.1
815.7	17.42	52.27
815.7	17.47	52.44
815.7	17.52	52.61
815.7	17.57	52.79
815.7	17.62	52.96
815.7	17.67	53.13
815.7	17.72	53.3
815.7	17.77	53.47
815.7	17.82	53.64
815.7	17.87	53.82
815.7	17.92	53.99
815.7	17.97	54.16
815.7	18.02	54.33
815.7	18.07	54.51
815.7	18.12	54.68
815.7	18.17	54.85
815.7	18.22	55.03
815.7	18.27	55.2
815.7	18.32	55.37
815.7	18.37	55.55
815.7	18.42	55.72
815.7	18.47	55.89
815.7	18.52	56.07
815.7	18.57	56.24
815.7	18.62	56.42
815.7	18.67	56.59
815.7	18.72	56.77
815.7	18.77	56.94
815.7	18.82	57.12
815.7	18.87	57.29
815.7	18.92	57.47
815.7	18.97	57.64
815.7	19.02	57.82
815.7	19.07	57.99
815.7	19.12	58.17
815.7	19.17	58.34
815.7	19.22	58.52
815.7	19.27	58.7
815.7	19.32	58.87
815.7	19.37	59.05
815.7	19.42	59.23
815.7	19.47	59.4
815.7	19.52	59.58
815.7	19.57	59.76
815.7	19.62	59.93
815.7	19.67	60.11
815.7	19.72	60.29
815.7	19.77	60.47
815.7	19.82	60.65
815.7	19.87	60.82
815.7	19.92	61
815.7	19.97	61.18
815.7	20.02	61.36
815.7	20.07	61.54
815.7	20.12	61.72
815.7	20.17	61.9
815.7	20.22	62.07
815.7	20.27	62.25
815.7	20.32	62.43
815.7	20.37	62.61
815.7	20.42	62.79
815.7	20.47	62.97
815.7	20.52	63.15
815.7	20.57	63.33
815.7	20.62	63.51
815.7	20.67	63.69
815.7	20.72	63.87
815.7	20.77	64.06
815.7	20.82	64.24
815.7	20.87	64.42
815.7	20.92	64.6
815.7	20.97	64.78
815.7	21.02	64.96
815.7	21.07	65.14
815.7	21.12	65.33
815.7	21.17	65.51
815.7	21.22	65.69
815.7	21.27	65.87
815.7	21.32	66.06
815.7	21.37	66.24
815.7	21.42	66.42
815.7	21.47	66.6
815.7	21.52	66.79
815.7	21.57	66.97
815.7	21.62	67.15
815.7	21.67	67.34
815.7	21.72	67.52
815.7	21.77	67.71
815.7	21.82	67.89
815.7	21.87	68.07
815.7	21.92	68.26
815.7	21.97	68.44
815.7	22.02	68.63
815.7	22.07	68.81
815.7	22.12	69
815.7	22.17	69.18
815.7	22.22	69.37
815.7	22.27	69.56
815.7	22.32	69.74
815.7	22.37	69.93
815.7	22.42	70.11
815.7	22.47	70.3
815.7	22.52	70.49
815.7	22.57	70.67
815.7	22.62	70.86
815.7	22.67	71.05
815.7	22.72	71.23
815.7	22.77	71.42
815.7	22.82	71.61
815.7	22.87	71.8
815.7	22.92	71.98
815.7	22.97	72.17
815.7	23.02	72.36
815.7	23.07	72.55
815.7	23.12	72.74
815.7	23.17	72.92
815.7	23.22	73.11
815.7	23.27	73.3
815.7	23.32	73.49
815.7	23.37	73.68
815.7	23.42	73.87
815.7	23.47	74.06
815.7	23.52	74.25
815.7	23.57	74.44
815.7	23.62	74.63
815.7	23.67	74.82
815.7	23.72	75.01
815.7	23.77	75.2
815.7	23.82	75.39
815.7	23.87	75.58
815.7	23.92	75.77
815.7	23.97	75.97
815.7	24.02	76.16
815.7	24.07	76.35
815.7	24.12	76.54
815.7	24.17	76.73
815.7	24.22	76.92
815.7	24.27	77.12
815.7	24.32	77.31
815.7	24.37	77.5
815.7	24.42	77.69
815.7	24.47	77.89
815.7	24.53	78.08
815.7	24.58	78.27
815.7	24.63	78.47
815.7	24.68	78.66
815.7	24.73	78.86
815.7	24.78	79.05
815.7	24.83	79.24
815.7	24.88	79.44
815.7	24.93	79.63
815.7	24.98	79.83
815.7	25.03	80.02
815.7	25.08	80.22
815.7	25.13	80.41
815.7	25.18	80.61
815.7	25.23	80.8
815.7	25.28	81
815.7	25.33	81.2
815.7	25.38	81.39
815.7	25.43	81.59
815.7	25.48	81.78
815.7	25.53	81.98
815.7	25.58	82.18
815.7	25.63	82.37
815.7	25.68	82.57
815.7	25.73	82.77
815.7	25.78	82.97
815.7	25.83	83.16
815.7	25.88	83.36
815.7	25.93	83.56
815.7	25.98	83.76
815.7	26.03	83.96
815.7	26.08	84.16
815.7	26.13	84.36
815.7	26.18	84.55
815.7	26.23	84.75
815.7	26.28	84.95
815.7	26.33	85.15
815.7	26.38	85.35
815.7	26.43	85.55
815.7	26.48	85.75
815.7	26.53	85.95
815.7	26.58	86.15
815.7	26.63	86.35
815.7	26.68	86.55
815.7	26.73	86.75
815.7	26.78	86.96
815.7	26.83	87.16
815.7	26.88	87.36
815.7	26.93	87.56
815.7	26.98	87.76
815.7	27.03	87.96
815.7	27.08	88.17
815.7	27.13	88.37
815.7	27.18	88.57
815.7	27.23	88.77
815.7	27.28	88.98
815.7	27.33	89.18
815.7	27.38	89.38
815.7	27.43	89.59
815.7	27.48	89.79
815.7	27.53	90
815.7	27.58	90.2
815.7	27.63	90.4
815.7	27.68	90.61
815.7	27.73	90.81
815.7	27.78	91.02
815.7	27.83	91.22
815.7	27.88	91.43
815.7	27.93	91.63
815.7	27.98	91.84
815.7	28.03	92.04
815.7	28.08	92.25
815.7	28.13	92.46
815.7	28.18	92.66
815.7	28.23	92.87
815.7	28.28	93.08
815.7	28.33	93.28
815.7	28.38	93.49
815.7	28.43	93.7
815.7	28.48	93.91
815.7	28.53	94.11
815.7	28.58	94.32
815.7	28.63	94.53
815.7	28.68	94.74
815.7	28.73	94.95
815.7	28.78	95.15
815.7	28.83	95.36
815.7	28.88	95.57
815.7	28.93	95.78
815.7	28.98	95.99
815.7	29.03	96.2
815.7	29.08	96.41
815.7	29.13	96.62
815.7	29.18	96.83
815.7	29.23	97.04
815.7	29.28	97.25
815.7	29.33	97.46
815.7	29.38	97.67
815.7	29.43	97.88
815.7	29.48	98.09
815.7	29.53	98.31
815.7	29.58	98.52
815.7	29.63	98.73
815.7	29.68	98.94
815.7	29.73	99.15
815.7	29.78	99.37
815.7	29.83	99.58
815.7	29.88	99.79
815.7	29.93	100
815.7	29.98	100.2
815.7	30.03	100.4
815.7	30.08	100.6
815.7	30.13	100.9
815.7	30.18	101.1
815.7	30.23	101.3
815.7	30.28	101.5
815.7	30.33	101.7
815.7	30.38	101.9
815.7	30.43	102.1
815.7	30.48	102.4
815.7	30.53	102.6
815.7	30.58	102.8
815.7	30.63	103
815.7	30.68	103.2
815.7	30.73	103.4
815.7	30.78	103.7
815.7	30.83	103.9
815.7	30.88	104.1
815.7	30.93	104.3
815.7	30.98	104.5
815.7	31.03	104.7
815.7	31.08	105
815.7	31.13	105.2
815.7	31.18	105.4
815.7	31.23	105.6
815.7	31.28	105.8
815.7	31.33	106.1
815.7	31.38	106.3
815.7	31.43	106.5
815.7	31.48	106.7
815.7	31.53	106.9
815.7	31.58	107.1
815.7	31.63	107.4
815.7	31.68	107.6
815.7	31.73	107.8
815.7	31.78	108
815.7	31.83	108.2
815.7	31.88	108.5
815.7	31.93	108.7
815.7	31.98	108.9
815.7	32.03	109.1
815.7	32.08	109.4
815.7	32.13	109.6
815.7	32.18	109.8
815.7	32.23	110
815.7	32.28	110.2
815.7	32.33	110.5
815.7	32.38	110.7
815.7	32.43	110.9
815.7	32.48	111.1
815.7	32.53	111.4
815.7	32.58	111.6
815.7	32.63	111.8
815.7	32.68	112
815.7	32.73	112.3
815.7	32.78	112.5
815.7	32.83	112.7
815.7	32.88	112.9
815.7	32.93	113.2
815.7	32.98	113.4
815.7	33.03	113.6
815.7	33.08	113.8
815.7	33.13	114.1
815.7	33.18	114.3
815.7	33.23	114.5
815.7	33.28	114.7
815.7	33.33	115
815.7	33.38	115.2
815.7	33.43	115.4
815.7	33.48	115.6
815.7	33.53	115.9
815.7	33.58	116.1
815.7	33.63	116.3
815.7	33.68	116.6
815.7	33.73	116.8
815.7	33.78	117
815.7	33.83	117.2
815.7	33.88	117.5
815.7	33.93	117.7
815.7	33.98	117.9
815.7	34.03	118.2
815.7	34.08	118.4
815.7	34.13	118.6
815.7	34.18	118.8
815.7	34.23	119.1
815.7	34.28	119.3
815.7	34.33	119.5
815.7	34.38	119.8
815.7	34.43	120
815.7	34.48	120.2
815.7	34.53	120.5
815.7	34.58	120.7
815.7	34.63	120.9
815.7	34.68	121.2
815.7	34.74	121.4
815.7	34.79	121.6
815.7	34.84	121.9
815.7	34.89	122.1
815.7	34.94	122.3
815.7	34.99	122.6
815.7	35.04	122.8
815.7	35.09	123
815.7	35.14	123.3
815.7	35.19	123.5
815.7	35.24	123.7
815.7	35.29	124
815.7	35.34	124.2
815.7	35.39	124.4
815.7	35.44	124.7
815.7	35.49	124.9
815.7	35.54	125.1
815.7	35.59	125.4
815.7	35.64	125.6
815.7	35.69	125.8
815.7	35.74	126.1
815.7	35.79	126.3
815.7	35.84	126.6
815.7	35.89	126.8
815.7	35.94	127
815.7	35.99	127.3
815.7	36.04	127.5
815.7	36.09	127.7
815.7	36.14	128
815.7	36.19	128.2
815.7	36.24	128.5
815.7	36.29	128.7
815.7	36.34	128.9
815.7	36.39	129.2
815.7	36.44	129.4
815.7	36.49	129.7
815.7	36.54	129.9
815.7	36.59	130.1
815.7	36.64	130.4
815.7	36.69	130.6
815.7	36.74	130.9
815.7	36.79	131.1
815.7	36.84	131.3
815.7	36.89	131.6
815.7	36.94	131.8
815.7	36.99	132.1
815.7	37.04	132.3
815.7	37.09	132.6
815.7	37.14	132.8
815.7	37.19	133
815.7	37.24	133.3
815.7	37.29	133.5
815.7	37.34	133.8
815.7	37.39	134
815.7	37.44	134.3
815.7	37.49	134.5
815.7	37.54	134.7
815.7	37.59	135
815.7	37.64	135.2
815.7	37.69	135.5
815.7	37.74	135.7
815.7	37.79	136
815.7	37.84	136.2
815.7	37.89	136.5
815.7	37.94	136.7
815.7	37.99	137
815.7	38.04	137.2
815.7	38.09	137.4
815.7	38.14	137.7
815.7	38.19	137.9
815.7	38.24	138.2
815.7	38.29	138.4
